"page_key","level2","file_path","url_path","title","description","why_interesting","rank","use_count"
"After_Surrender_Custody_Timeline","After","After/Sept_11_Surrender_And_Custody.mdx","/After/Sept_11_Surrender_And_Custody","Sept 11 Surrender and Custody Timeline","Timestamp-by-timestamp map of Tyler Robinson's September 11, 2025 surrender, Miranda timing, Discord messages, and custody-chain disputes.","Bates 003996-R2 bodycam reportedly shows Robinson Mirandized at 6:25 PM — about two hours BEFORE the 8:02 PM call that supposedly first identified him, and before his ~7:57 PM Discord ""confession"" messages.","1","5"
"After_Crime_Scene_Paved","After","After/Site_Changes_And_Crime_Scene_Handling.mdx","/After/Site_Changes_And_Crime_Scene_Handling","Site Changes and Crime-Scene Handling After the UVU Event","Claims that the UVU tent area where Charlie Kirk was struck was torn up and paved within days, destroying trace evidence.","Registry threads claim Hardscape Specialties LLC was dormant ~20 years and revived February 2025, months before the shooting; a work order reportedly issued two days after, no public bidding, finish-by-Monday.","2","5"
"After_FBI_Delete_Request","After","After/Media_Narratives_And_Censorship_After.mdx","/After/Media_Narratives_And_Censorship_After","Media Narratives and Censorship Concerns After the UVU Event","How mainstream and citizen narratives diverged after Sept 10, plus allegations that footage, accounts, and records were deleted or suppressed.","Witness Ryne Simmons says he recorded 4K/60fps UVU footage, sent it to the FBI, and was asked to delete it — a request he says he refused; officials have neither confirmed nor denied it.","3","5"
"After_Gag_Order_Secrecy","After","After/Legal_Process_Gag_Orders_And_Secrecy.mdx","/After/Legal_Process_Gag_Orders_And_Secrecy","Legal Process, Gag Orders, and Hearing Secrecy","Gag orders, closed hearings, sealed ATF ballistics, and discovery fights in State v. Tyler Robinson, case 251403576.","Reporting cited here says the ATF comparison of the autopsy bullet jacket to the Mauser 98 came back INCONCLUSIVE — and the defense moved in March 2026 to seal that report, opposed by a press coalition.","4","5"
"After_Institutional_Resignations","After","After/Institutional_Resignations.mdx","/After/Institutional_Resignations","Institutional Resignations After the Shooting","Leadership departures after September 10, 2025 — sheriff, UVU president, judges, FBI SAC, hospital CEO — and the timing questions raised.","Former NCTC director Joe Kent has said the foreign-nexus review was halted around October 28, 2025 before its leads were exhausted; the sheriff and UVU's president both resigned in 2026.","5","5"
"After_Israel_Trends_Spike","After","After/overview.mdx","/After/overview","After Events","Hub for everything after 12:23 PM Sept 10, 2025, including the W 925 S block thread and the Israel-region Google Trends claim.","A Google Trends chart for ""645 W 925 S"" filtered to the region Israel is reportedly flat for five years except one spike to 100 in April 2022 — for a house on the same Orem block.","6","5"
"After_House_Staging_Site","After","After/house/overview.mdx","/After/house/overview","The House at 691 W 925 S, Orem (Alleged Staging Site)","Hub page for the citizen allegation that the attack was planned or staged from a house just north of the UVU campus.","The house at the center of the staging allegation is owned outright by Utah Valley University itself — the very institution hosting the event — not by a private family.","7","5"
"After_Ring_Challenger_Court","After","After/house/w-925-south-block.mdx","/After/house/w-925-south-block","West 925 South Block — Neighbors, Ring Video & Court Record","Maps the 600–700 block of West 925 South: court-admitted Ring video, the Palantir rumor, and the UVU-owned house.","Court-admitted Ring/Nest video from 680 W 925 S reportedly shows a grey Dodge Challenger parking across the street at 00:30:08 on Sept 11 — the same block as the alleged staging house.","8","5"
"After_Tactical_Comms_Mast","After","After/house/comms-antenna-mast.mdx","/After/house/comms-antenna-mast","The RETCON13 5G Comms Mast at the UVU Construction Site","An unverified citizen claim that the mast at the UVU construction site on Sept 10 is a police/military tactical communications antenna.","A citizen investigator claims the telescoping mast standing at the UVU construction site on the day of the assassination matches the RETCON13 5G antenna sold for police and military special-operations vehicles.","9","5"
"After_Staging_Allegation","After","After/house/staging-allegation.mdx","/After/house/staging-allegation","The Staging Allegation — 691 W 925 S","States the staging claim verbatim, marks it unverified, and lists exactly what would confirm or kill it.","The entire allegation is a single unsourced line in the master investigation file — no date, no evidence, no chain of custody — yet the address sits a quarter-mile from the shooting site.","10","5"
"After_UVU_Bought_House","After","After/house/ownership.mdx","/After/house/ownership","691 W 925 S — Ownership on Record","Board and county records showing Utah Valley University purchased the house in 2019 for $900,000 from the Theobald family.","UVU's own board called the house ""contiguous to campus"" and paid $900,000 — above the $755,000 assessed value — saying it could be used for ""hosting events or housing campus visitors.""","11","5"
"After_Neighborhood_Cameras","After","After/house/neighborhood-reports.mdx","/After/house/neighborhood-reports","691 W 925 S — Neighborhood, Cameras & Witness Reports","The ATF/police door-to-door Ring canvass, the homeowner whose camera caught the suspect, and three separate grey Challenger claims.","Three different grey Dodge Challenger sightings get merged in commentary — an 8:29 a.m. campus arrival, court-admitted 00:30 Ring video at 680 W, and an unproduced citizen clip at the alleged staging house.","12","5"
"After_Command_Center_Video","After","After/house/citizen-investigation-coverage.mdx","/After/house/citizen-investigation-coverage","691 W 925 S — Citizen Investigation Coverage","Log of citizen posts and videos alleging the Orem house was a command center, with the skeptical replies recorded alongside.","A widely shared walkthrough claims box trucks and a dumpster formed a barricade at the property the morning of 9/10, and that the site has a clear line of sight to the Losee Center roof.","13","5"
"After_GRAMA_Requests","After","After/house/records-requests.mdx","/After/house/records-requests","691 W 925 S — Records You Can Request (GRAMA)","Ready-to-file Utah GRAMA request templates that would confirm or kill the staging lead, with addresses and deadlines.","Because the alleged staging house is owned by a public university, its lease, key-issuance, and occupancy records for September 2025 are legally requestable by any citizen within 10 business days.","14","5"
"After_Visa_Revocations","After","After/Visa-Revocation-Celebrations.mdx","/After/Visa-Revocation-Celebrations","Visa Revocations After Online Celebrations","Documented pattern of visa revocations, deportations, and firings targeting people who celebrated Charlie Kirk's death online.","Reuters reportedly counted 600-plus workplace actions over Kirk-related posts, alongside State Department visa revocations — an enforcement wave with little public record of its criteria.","15","5"
"After_Investigation_Index","After","After/Investigation_Index.mdx","/After/Investigation_Index","After Investigation Index","Routing index of every post-shooting thread with condensed timelines for the first evening, the custody chain, and the trial arc.","Lead investigator Hull reportedly testified at the preliminary hearing that he was never consulted about paving over the courtyard where Charlie Kirk was struck.","16","5"
"After_House_Deed_Chain","After","After/house/deed-chain.mdx","/After/house/deed-chain","691 W 925 S — Full Deed Chain","Every recorded title instrument for the parcel, from the Broderick era through the May 24, 2019 warranty deed to UVU.","Earlier investigators were reading an obsolete parcel serial (36:214:0001, dead since 1993); the live serial 36:443:0006 names Utah Valley University as owner of record with a campus mailing address.","17","5"
"After_House_Location_Facts","After","After/house/location-and-property.mdx","/After/house/location-and-property","691 W 925 S — Location and the Property Itself","Physical facts about the alleged staging house and its true distance from the UVU campus.","The house is about a quarter-mile from campus, not the three miles aggregators imply — UVU's board itself called the 7,486 sq ft, six-bedroom property ""contiguous to campus.""","18","5"
"After_House_Rental_History","After","After/house/rental-listings.mdx","/After/house/rental-listings","691 W 925 S — Rental and Listing History","Whether the house ever appeared as a rental or short-term listing — the most testable part of the staging claim.","No Airbnb, Vrbo, KSL, or Apartments.com listing was found for the address, but expired short-term listings are routinely deleted, so absence proves nothing either way.","19","5"
"After_House_Prior_Owners","After","After/house/prior-owners.mdx","/After/house/prior-owners","691 W 925 S — Prior Owners and Connected People","The Broderick, Markides, and Theobald owners behind the deed chain, with alive/deceased status and public-records sourcing.","A construction firm was registered at the house's address in 1991, and one early owner died days after the property closed to UVU in May 2019 — recorded as coincidence, with no case connection found.","20","5"
"After_House_Tax_Values","After","After/house/tax-and-values.mdx","/After/house/tax-and-values","691 W 925 S — Tax History and Assessed Values","Utah County assessed values and tax payments for the parcel, used as an occupancy detector before and after UVU bought it.","The county market value sat at $755,000 in 2019 while UVU paid $900,000, and the tax roll goes quiet after the university takes title — the property stops behaving like a private home.","21","5"
"After_House_Search_Log","After","After/house/web-search-log.mdx","/After/house/web-search-log","691 W 925 S — Web Search Log","An open notebook of the exact web queries run on the address, the useful hits, and the dead ends, so research is reproducible.","The single query that broke the case for this section surfaced a Utah Board of Regents agenda revealing UVU had quietly bought the alleged staging house for $900,000 in 2019.","22","5"
"Amfest_Candace_Invitation","Amfest","Amfest/candace-invitation.mdx","/Amfest/candace-invitation","September 9: The Candace Invitation","Charlie Kirk reportedly texted on September 9, 2025 that he would invite Candace Owens to speak at AmFest.","One day before he was killed, Kirk reportedly texted that he would bring Candace Owens back to AmFest; Owens says three separate sources told her Kirk feared 'they' would kill him.","1","5"
"Amfest_Tucker_Invitation_Fight","Amfest","Amfest/tucker-invitation-fight.mdx","/Amfest/tucker-invitation-fight","The Fight Over Tucker's Invitation","Allegation that Kirk was pressed at an August 2025 donor weekend to rescind Tucker Carlson's AmFest invitation, and refused.","Grayzone reporting, citing five sources, says a Bridgehampton donor weekend 'went off the rails'; an attendee described Kirk afterward as 'hammered,' 'horrified,' and worried about 'blackmail.'","2","5"
"Amfest_Donor_Pressure","Amfest","Amfest/donor-pressure-bookings.mdx","/Amfest/donor-pressure-bookings","Donor Pressure on the Lineup","How alleged donor pressure and publicized private texts shaped who Kirk was allowed to book at AmFest.","Texts publicized by Candace Owens attribute to Kirk, roughly 48 hours before September 10, that he lost a major donor for refusing to cancel Carlson and was left 'no choice but to leave the pro-Israel cause.'","3","5"
"Amfest_Go_Max_Tucker","Amfest","Amfest/go-max-tucker.mdx","/Amfest/go-max-tucker","""Go Max"": Kirk's Instruction to Tucker","Kirk's reported backstage instruction telling Tucker Carlson to 'go max' before his July 2025 TPUSA stage appearance.","Megyn Kelly says she captured Kirk backstage telling Carlson 'Go max…' — amplified as Kirk wanting Carlson to hit hard on Epstein and Israel, reaching roughly 962,000 views on one post.","4","5"
"Amfest_July_20_Anchor_Week","Amfest","Amfest/july-20-2025-amfest-week.mdx","/Amfest/july-20-2025-amfest-week","The July 20, 2025 AmFest Week","Why the week of July 20, 2025 is treated as the anchor date of the case, including an alleged military-intelligence meeting.","July 20, 2025 is exactly two months before September 10, and researchers allege a military/intelligence meeting that date — the same week that carries the first Timpanogos emergency-surgeon search spikes.","5","5"
"Amfest_2024_Tucker_Epstein","Amfest","Amfest/amfest-2024-tucker-epstein.mdx","/Amfest/amfest-2024-tucker-epstein","AmFest 2024: Tucker on Epstein","AmericaFest 2024, where Tucker Carlson closed the first night reportedly discussing Epstein and foreign intelligence blackmail.","Nine months before Kirk died, his own main stage hosted Carlson reportedly describing Jeffrey Epstein's alleged role in a blackmail operation possibly run for foreign intelligence services.","6","6"
"Amfest_SAS_Tampa_Debate","Amfest","Amfest/sas-2025-tampa.mdx","/Amfest/sas-2025-tampa","July 2025 Summit: Smith vs Hammer","TPUSA's July 2025 Tampa Student Action Summit, where a staged debate covered Israel, Epstein, and Mossad.","Kirk personally approved a July 13, 2025 main-stage debate on the United States, Israel, Epstein and Mossad; a podcast titled 'Inside the Turning Point USA Fallout' dropped three days later.","7","5"
"Amfest_Tent_Replica","Amfest","Amfest/murder-tent-replica.mdx","/Amfest/murder-tent-replica","The ""Prove Me Wrong"" Tent Replica","TPUSA reportedly rebuilt a replica of the debate tent from the UVU shooting at AmericaFest 2025.","Attendees reportedly lined up for selfies at a re-staged replica of the tent Kirk was killed under; critics called it trauma reenactment and jokes noted the replica was 'missing the camera.'","8","5"
"Amfest_August_25_Flyer","Amfest","Amfest/august-25-flyer.mdx","/Amfest/august-25-flyer","The August 25, 2025 AmFest Flyer","The December AmericaFest promotional flyer released sixteen days before Kirk was killed, and how its layout is read.","Released sixteen days before his death, the flyer placed Carlson prominently beside Kirk, rotated to face him — read as Kirk publicly refusing the alleged demand to drop Carlson.","9","5"
"Amfest_MTG_AIPAC_Invite","Amfest","Amfest/mtg-aipac-amfest.mdx","/Amfest/mtg-aipac-amfest","MTG, AIPAC, and the AmFest Invite Claim","Circulating claims that Kirk invited Marjorie Taylor Greene to debate AIPAC at AmFest shortly before his death.","Viral posts claim Kirk invited Greene to AmFest on AIPAC after she demanded AIPAC register under FARA — then allege a post-death AIPAC meeting about screening 'isolationist' Republicans.","10","5"
"Amfest_Murder_Motive_X","Amfest","Amfest/murder-motive-amfest-x.mdx","/Amfest/murder-motive-amfest-x","Murder Motive and AmFest on X","Archive of X discourse tying Kirk's murder to AmFest lineup fights, AIPAC, and donor pressure, with attribution.","Catalogs the competing motive theories circulating on X, including the claim that Kirk planned to convert TPUSA from pro-Israel to an 'anti-Zionist America Only' organization before he was killed.","11","5"
"Amfest_Year_Timeline","Amfest","Amfest/amfest-year-timeline.mdx","/Amfest/amfest-year-timeline","Year-by-Year AmFest Timeline","Chronology of every AmericaFest and TPUSA summit the investigation touches, from 2023 through the 2026 succession disputes.","Buried in the 2024 entries: Google Trends screenshots reportedly show a one-week search spike in December 2024 for Kathryn Nester — who would later become Tyler Robinson's court-appointed defense attorney.","12","5"
"Amfest_Candace_Block_Pressure","Amfest","Amfest/candace-amfest-block-pressure.mdx","/Amfest/candace-amfest-block-pressure","Candace Owens: AmFest Block Pressure","Claims that pro-Israel donors and influencers wanted Candace Owens kept off TPUSA's flagship stage.","Grades each claim: the September 9 invite text is a claimed private message, while the absence of any formal AmFest 2025 invitation to Owens after Kirk's death is itself treated as a data point.","13","5"
"Amfest_Bannon_Israel_First","Amfest","Amfest/bannon-amfest-israel-first.mdx","/Amfest/bannon-amfest-israel-first","Bannon at AmFest: Israel First Contention","Steve Bannon's AmFest remarks naming 'Greater Israel' and 'Israel First' as the movement's central fight.","Bannon reportedly said on the AmFest stage that Kirk worked with people around the Vice President to head off a land war or decapitation path on Iran, described in his telling as Netanyahu's plan.","14","5"
"Amfest_Shapiro_Names_Names","Amfest","Amfest/shapiro-amfest-2025.mdx","/Amfest/shapiro-amfest-2025","Shapiro Names Carlson and Kelly","Ben Shapiro's AmericaFest 2025 remarks attacking Carlson and Kelly for not denouncing Candace Owens's theories.","On the first AmFest without Kirk, Shapiro reportedly called silence about Owens's theories 'cowardice' — a day after Kirk had reportedly criticized Israel to Shapiro's face on his own show.","15","5"
"Amfest_Tucker_AIPAC_Speech","Amfest","Amfest/tucker-aipac-speech.mdx","/Amfest/tucker-aipac-speech","Tucker's AIPAC Remarks on Stage","Carlson's AmericaFest 2025 remarks calling AIPAC money America-last and rejecting the antisemitism label for AIPAC criticism.","Carlson used Kirk's own stage to say taking AIPAC money is America-last and that Kirk had been falsely branded antisemitic for the exact criticism Carlson was repeating.","16","5"
"Amfest_Megyn_Kelly","Amfest","Amfest/megyn-kelly-amfest.mdx","/Amfest/megyn-kelly-amfest","Megyn Kelly, AmFest, and Donor Pressure","Megyn Kelly's role across the AmFest record — the GO MAX capture, Kirk's donor-pressure interview, and Shapiro's attack.","On August 6, 2025, days after the alleged Hamptons confrontation, Kirk went on Kelly's show and publicly lashed out about donors pressuring him and about texts calling him an antisemite.","17","5"
"Amfest_Dave_Smith_Pressure","Amfest","Amfest/dave-smith-booking-pressure.mdx","/Amfest/dave-smith-booking-pressure","Dave Smith: Stage Booking and Donor Ire","Dave Smith's July 2025 Israel debate against Josh Hammer and the donor anger it reportedly produced.","Recap accounts claim both live and online audiences favored Smith and that donors were irate with Kirk for it; Hammer reportedly appeared at an Ackman Hamptons weekend soon after.","18","5"
"Amfest_X_Speaker_Pressure","Amfest","Amfest/x-speaker-pressure-discourse.mdx","/Amfest/x-speaker-pressure-discourse","X Discourse: Pro-Israel Speaker Pressure","Raw archive of X posts about donor and influencer pressure over who was allowed on the AmFest stage.","Preserves the widely recycled claim that Kirk meant to pair Candace with Tucker at AmFest to make TPUSA 'anti-Zionist America Only' — plus the later 'Erika has now replaced Tucker with Ben Shapiro' variant.","19","5"
"Amfest_AI_Voice_Memorial","Amfest","Amfest/ai-voice-and-memorial-tech.mdx","/Amfest/ai-voice-and-memorial-tech","AI Voice and Memorial Tech","How TPUSA AI voice cloning of Kirk and memorial-scale phone tracking changed the authentication standard for audio evidence.","TPUSA-adjacent programming reportedly used AI voice cloning to produce 'Charlie from beyond the grave' content — meaning any leaked Kirk audio now needs cryptographic provenance, not a vibe check.","20","5"
"Amfest_Who_Runs_Amfest","Amfest","Amfest/who-runs-amfest.mdx","/Amfest/who-runs-amfest","Who Actually Runs AmFest","Operational control of AmericaFest — TPUSA events leadership and the outside live-production vendor.","Booking politics get the attention, but a senior TPUSA events executive and outside vendor Mosaic Pro Events control load-in, AV, camera angles and security interfaces — the functions that decide what gets recorded.","21","5"
"Amfest_Bannon_At_War","Amfest","Amfest/bannon-we-are-at-war.mdx","/Amfest/bannon-we-are-at-war","Bannon: We Are At War","Steve Bannon's December 19, 2025 AmericaFest remarks framing Kirk's death in war and martyr language.","Bannon reportedly told the first AmFest without Kirk 'We are at war' and ranked Kirk among the greatest Americans since the Revolution — war framing that can crowd out forensic investigation.","22","5"
"Amfest_2025_December","Amfest","Amfest/amfest-2025-december.mdx","/Amfest/amfest-2025-december","AmericaFest December 2025","The first AmericaFest held without Charlie Kirk, in Phoenix, and the main-stage fights that defined it.","The conference Kirk programmed sixteen days before his death ran anyway with roughly 30,000-plus attendees, broadcasting AIPAC criticism, war rhetoric and purity policing from one stage.","23","5"
"Amfest_Open_Questions","Amfest","Amfest/open-questions-checklist.mdx","/Amfest/open-questions-checklist","Open Questions and Checklist","Documentary work order listing the contracts, transcripts and extractions that would settle the AmFest claims.","Names the exact documents nobody has produced: any written veto or rescind request for Carlson, the flyer's design revision history, and a device-level export rather than screenshots of the publicized texts.","24","5"
"Amfest_Speakers_Index","Amfest","Amfest/speakers-index.mdx","/Amfest/speakers-index","AmFest Speaker Index by Year","Year-by-year list of who spoke at AmericaFest and TPUSA summits, sourced to published lineups.","Documents from TPUSA's own YouTube playlists that Carlson closed AmFest 2024's first night and Bannon closed the event with a 'Victory or Death!' call to action.","25","5"
"Amfest_Booking_As_Policy","Amfest","Amfest/booking-as-policy.mdx","/Amfest/booking-as-policy","Booking a Speaker as Policy","The method behind treating conference invitations as falsifiable public policy signals rather than crime evidence.","Argues bookings are a published, falsifiable record — so a sustained post-death inversion of Kirk's last known speaker preferences would be a measurable signal, not a vibe.","26","5"
"Amfest_Debra_Carlson_Search","Amfest","Amfest/debra-carlson-amfest.mdx","/Amfest/debra-carlson-amfest","Debra Carlson Name Search (AmFest)","A negative research result: no public material found linking a Debra or Deborah Carlson to the AmFest record.","A rare published negative: a dedicated 2026 search across X, the master file and the site found zero hits, recorded so nobody later invents a role for an unmatched name.","27","5"
"Amfest_What_Is_Americafest","Amfest","Amfest/what-is-americafest.mdx","/Amfest/what-is-americafest","What AmericaFest Actually Is","Background on AmericaFest — TPUSA's multi-day December Phoenix conference, its scale, format and function.","Explains why a conference schedule lands in a homicide file: AmFest is a recruiting funnel, content studio and donor floor, with separate VIP areas and continuous main-stage clip production.","28","5"
"Amfest_Overview","Amfest","Amfest/overview.mdx","/Amfest/overview","AmFest (AmericaFest)","Index page for the AmFest section, linking every speaker-fight, timeline and donor-pressure page.","Frames AmericaFest as the single stage recurring most often in the whole investigation, and routes to the September 9 Candace text and the August 25 flyer.","29","5"
"AnalysisDoc_Overview","analysis_documentation","analysis_documentation/overview.mdx","/analysis_documentation/overview","Analysis Documentation","Hub page for evidence synthesis and research findings, with forensic bullet-engraving photos and links to proposed disclosure laws.","Links to forensic lab photos of engraved rifle cartridges and notes that the full FBI Form 302 reports, the complete autopsy, and UVU cell-tower dumps remain unreleased.","1","5"
"Before_Campus_Warnings","Before","Before/Free-Speech-Campus-Issues.mdx","/Before/Free-Speech-Campus-Issues","Free Speech and Campus Event Context","Covers UVU pre-event security records, GRAMA-released September 9 communications, staffing levels, and the campus alert failures.","Two unidentified men reportedly walked into a UVU office at 10:35 PM on Sept 9 asking to tell police about ""a plan""; the first campus alert falsely said ""suspect in custody"" and names are redacted.","1","5"
"Before_Death_Warning_Texts","Before","Before/Political_Pressure_And_Meetings_2025.mdx","/Before/Political_Pressure_And_Meetings_2025","2025 Political Pressure and Key Meetings Before UVU (Claims)","Chronology of 2025 donor pressure, White House and Hamptons meetings, and reported private texts before the UVU event.","Charlie reportedly texted Dan Flood the night of Sept 9 that he would be ""executed tomorrow,"" and ~48 hours earlier wrote donor pressure was forcing him to leave the pro-Israel cause.","2","5"
"Before_Recon_Searches","Before","Before/PreEvent_Searches_And_Recon.mdx","/Before/PreEvent_Searches_And_Recon","Reported Pre-Event Searches and Reconnaissance (Claims)","Catalogs Google Trends and OSINT claims of search spikes for UVU layouts, surgeons, attorneys, and people in Kirk's orbit.","A reported July 2025 spike in searches for six named Timpanogos surgeons, plus December 2024 interest in defense attorney Kathryn Nester — months before any shooting or arrest.","3","5"
"Before_Aircraft_Escalation","Before","Before/Heightened-Political-Tensions.mdx","/Before/Heightened-Political-Tensions","Heightened Political Tensions Before UVU","Maps July-September 2025 escalation: donor friction, warning statements, aircraft movements, and TPUSA governance and insurance claims.","Egyptian aircraft SU-BTT reportedly departed Utah at 7:08 MT the morning of Sept 10, and a GGLF 2023 LLC policy on Kirk allegedly carried an estimated $20M-$50M payout.","4","5"
"Before_Diplomatic_Travel","Before","Before/State-Department-Response.mdx","/Before/State-Department-Response","State Department and Diplomatic Response (Claims)","Examines State Department condemnation, visa revocations, and pre-event Egyptian diplomatic flights into Provo with DOD-liaison narratives.","Egyptian jet SU-BTT reportedly made Provo stops September 4-10 under DOD-liaison contractor narratives, while State revoked visas of foreigners who celebrated the death.","5","5"
"Before_July31_Frame","Before","Before/Woke-Right-Defamation.mdx","/Before/Woke-Right-Defamation","Woke-Right Defamation Frame (July 31 Context)","Explains the ""woke-right"" label, the July 31 White House session framing, and the Hamptons attendee roster claims.","An off-record July 31 White House session was reportedly organized around ""woke-right defamation"" of Israel — with TPUSA, Kirk's own organization, notably absent from the room.","6","5"
"Before_Neutralize_Rhetoric","Before","Before/Political-Violence-Debate.mdx","/Before/Political-Violence-Debate","Political Violence Debates (2024-2025 Context)","Surveys the 2024-2025 political violence backdrop, competing post-shooting narratives, and hostile rhetoric circulating before the UVU event.","Commentary compilations report a public call for Tucker Carlson to be ""neutralized,"" and rhetoric about applying pager-operation ""energy"" against Americans, weeks before September 10.","7","5"
"Before_Antisemitism_Split","Before","Before/MAGA-Antisemitism-Debate.mdx","/Before/MAGA-Antisemitism-Debate","MAGA Movement and Antisemitism Debate (2025)","Lays out the competing frames in the 2025 MAGA antisemitism argument and Kirk's reported position going into the Hamptons meetings.","Kirk's reported refusal to deplatform critical voices put him on the wrong side of the donor-aligned frame just weeks before the August 4-6 Hamptons ""intervention.""","8","5"
"Before_Overview_Timeline","Before","Before/overview.mdx","/Before/overview","Before Events","Section overview summarizing the August 4 to September 10 pressure, reconnaissance, and aircraft threads before the UVU event.","Ties the Sept 9 all-caps text ""THEY ARE GOING TO KILL ME"" to the same window as May-July Google Trends spikes for UVU rooftops and parking.","9","5"
"Before_Index_Hub","Before","Before/Before_Investigation_Index.mdx","/Before/Before_Investigation_Index","Before Investigation Index","Routing hub mapping pre-September 10 research questions to the Level 3 pages covering meetings, recon, aircraft, and campus warnings.","A question-routing table treats donor meetings, Google Trends recon, and pre-event aircraft as parallel open investigative lanes rather than settled background.","10","5"
"Cameras_Canon_XA55_Audio","cameras","cameras/Canon_XA55_Broadcast.mdx","/cameras/Canon_XA55_Broadcast","Canon XA55 Broadcast Camera","Uncompressed four-channel broadcast audio recorded 46 meters from the tent and the acoustic events analysts say it separates.","Analysts say the uncompressed track separates three low-frequency events, with the loudest at +321 ms originating at the stage itself, plus 733 supersonic N-wave signatures versus 123 on the best phone.","1","6"
"Cameras_Tyler_Placeholder","cameras","cameras/Tyler_Placeholder.mdx","/cameras/Tyler_Placeholder","Tyler as a Placeholder Figure","The contested argument that the figure on September 10 cameras was identified by caption and inference rather than any facial match.","The government's own affidavit notes the accused surrendered not wearing clothing consistent with the surveillance figure, and commentators reportedly contrast a morning waif-like figure with linebacker-shouldered enhanced stairwell stills.","2","5"
"Cameras_Eyewitness_Mobile_Video","cameras","cameras/Eyewitness_Mobile_Video.mdx","/cameras/Eyewitness_Mobile_Video","Eyewitness & Mobile Video","Crowd phone footage, the 4K close-up witnesses say federal agents asked be deleted, and multi-angle shirt analysis.","Witness Ryne Simmons reportedly gave the FBI a 4K 60fps close-up and says federal investigators called repeatedly to confirm he deleted it; Jon Bray argues the shirt motion is incompatible with a .30-06 impact.","3","6"
"Cameras_UVU_Surveillance","cameras","cameras/UVU_Surveillance.mdx","/cameras/UVU_Surveillance","UVU Campus Surveillance","The institutional campus CCTV behind the probable-cause affidavit, its rooftop stills, and the disputes over what it does not show.","Testimony reportedly conceded the rooftop figure lacks identifiable facial features; one account alleges stairwell camera labels flip between ""level 2 NE"" and ""level 1 NE"" over the same parked white car.","4","5"
"Cameras_Tyler_On_Cameras","cameras","cameras/Tyler_On_Cameras.mdx","/cameras/Tyler_On_Cameras","Tyler on Surveillance Cameras","Master table of every camera sighting the released timeline attributes to the accused across September 10 and 11.","The whole chain hinges on an unrecorded outfit change, and high-engagement posts ask how one person is shown running through the UVU courtyard and on the Losee rooftop at the same 12:23 p.m. second.","5","5"
"Cameras_Merchant_Travel_CCTV","cameras","cameras/Merchant_And_Travel_CCTV.mdx","/cameras/Merchant_And_Travel_CCTV","Merchant & Travel CCTV","Dairy Queen, Cedar City Maverik, and sheriff lobby cameras that test the afternoon and evening movements.","Commentary alleges the Washington County Sheriff lobby CCTV of the surrender is gone and no intake bodycam exists — a ""double deletion"" that would otherwise test the disputed 7:57 p.m. Discord message.","6","5"
"Cameras_Overview_Hub","cameras","cameras/overview.mdx","/cameras/overview","Surveillance Cameras","Hub page summarizing every camera thread, plus the witness account of being told to erase his footage.","A witness says an FBI contact advised him to erase his video because it would only give him PTSD, then called back to confirm — so he published it and copied it across many drives instead.","7","5"
"Cameras_WYZE_880_South","cameras","cameras/WYZE.mdx","/cameras/WYZE","WYZE Cameras","Two WYZE neighborhood camera sightings on W 880 S — driving at 8:23 a.m. and walking at 9:57 a.m.","These two timestamps are load-bearing for the ""one continuous person"" morning chain, and Baron Coleman's shadow analysis reportedly argues the doorbell-timeline clock does not match the sun angles.","8","5"
"Cameras_Investigation_Index","cameras","cameras/Investigation_Index.mdx","/cameras/Investigation_Index","Cameras Investigation Index","Routing index mapping every lens that may have recorded September 10 to its dedicated page.","Its priority watch list flags crime-scene camera handling — alleged SD card removal and a flash-drive-versus-original chain-of-custody question — as an open thread alongside withheld TPUSA angles.","9","5"
"CampusUni_UVU_Crime_Scene","campus_university","campus_university/overview.mdx","/campus_university/overview","Campus & University","Hub page on UVU as both campus and crime scene: CCTV, rooftop access, event security, and evidence handling.","At the July 2026 preliminary hearing, Agent David Hull was reportedly cross-examined on the rooftop search and the absence of a shell casing; commentators also note TPUSA media drones flew while security drones were denied.","1","5"
"CauseDeath_Overview","Cause_of_Death","Cause_of_Death/overview.mdx","/Cause_of_Death/overview","Cause of Death","States what citizen investigators concluded killed Charlie Kirk and why the .30-06 rifle account is rejected.","The state's own ATF exam reportedly could not match the recovered fragment to the recovered rifle; witnesses near the stage described a chest event, and the autopsy remains unreleased.","1","5"
"Censorship_FBI_Delete_Video","Censorship","Censorship/Ryne_Simmons_FBI_Video.mdx","/Censorship/Ryne_Simmons_FBI_Video","Ryne Simmons — FBI Video Deletion","Witness who filmed the assassination in close-up says federal FBI contacts repeatedly told him to delete the footage.","Simmons reportedly captured 4K 60fps close-up video, sent it to the FBI, and says national-level agents called multiple times to ensure it was erased; he says he kept a copy.","1","5"
"Censorship_Witness_Footage_Pressure","Censorship","Censorship/Witness_Footage_Pressure.mdx","/Censorship/Witness_Footage_Pressure","Witness Footage Pressure","Attendee accounts of phone video vanishing or being edited, deletion requests, and an SD card reportedly removed before police secured the area.","An executive who reportedly removed an SD card had allegedly never attended another university event; attendees say clips were missing or altered by the time they got home.","2","5"
"Censorship_Court_Gag_Orders","Censorship","Censorship/Court_Gag_Orders.mdx","/Censorship/Court_Gag_Orders","Court Gag Orders","Judicial gag orders in State v. Robinson and the judge-swap timing that investigators say silenced witnesses and counsel.","Judge Tony Graf reportedly issued a gag order on his own motion December 16 2025 — neither side asked for it — weeks after the prior judge retired August 1 and Graf took over August 4.","3","5"
"Censorship_TPUSA_Legal_Threats","Censorship","Censorship/TPUSA_Legal_Threats.mdx","/Censorship/TPUSA_Legal_Threats","TPUSA Legal Threats","Reported cease-and-desist letters and private legal pressure aimed at citizen investigators publishing drone and donor material.","TPUSA reportedly later admitted a media production drone flew before the event while the security team's counter-drone request was denied — after legal threats over drone-footage contradictions.","4","5"
"Censorship_Candace_Engagement_Bans","Censorship","Censorship/X_Candace_Engagement_Bans.mdx","/Censorship/X_Candace_Engagement_Bans","X — Candace Owens Engagement Bans","Reported mass X suspensions and shadowbans triggered simply by liking or replying to Candace Owens posts about the assassination.","@ProjectConstitu reports thousands of accounts suspended, locked, or flagged ""limited visibility"" for merely liking or reposting Kirk-related Candace Owens threads on maroon shirts and foreign money.","5","5"
"Censorship_Google_Trends_Scrubbing","Censorship","Censorship/Google_Search_Trends_Scrubbing.mdx","/Censorship/Google_Search_Trends_Scrubbing","Google Search & Trends Scrubbing","Claims that Google Trends records of pre-event UVU searches were deleted and that investigation sites are hard to find.","Investigators allege deletion of Trends data showing May–July 2025 spikes for ""UVU Rooftop"", ""Losee Center"", parking and CCTV layout — apparent scouting searches — plus unverified Israeli-IP searches on the judges.","6","5"
"Censorship_X_Poll_Blocked","Censorship","Censorship/X_Poll_Blocked_Kirk_Narrative.mdx","/Censorship/X_Poll_Blocked_Kirk_Narrative","X — Poll About Kirk Narrative Reportedly Blocked","Two X accounts report that a poll asking whether people still believe the .30-06 narrative would not publish as a poll.","On August 2 2026 @QueenOfRespawn said her poll ""failed to send and goes to drafts""; @SwordTruth said the same text posted with no poll attached — screenshot of the loaded composer included.","7","5"
"Censorship_X_Deboosting","Censorship","Censorship/X_Deboosting_Investigators.mdx","/Censorship/X_Deboosting_Investigators","X — Deboosting Investigators","Reported algorithmic reach suppression on X for accounts posting ballistics, FBI, and foreign-nexus threads about the case.","Investigators report impressions collapsing right after posting on ballistics or intelligence topics, while official UVU posts stayed visible — soft suppression that leaves posts technically up but unspread.","8","5"
"Censorship_EU_DSA_Fine","Censorship","Censorship/X_EU_DSA_Fine.mdx","/Censorship/X_EU_DSA_Fine","X — EU €120M DSA Fine","The European Commission's first-ever Digital Services Act fine against X, and why regulators over that platform matter to this case.","On December 5 2025 the Commission fined X €120 million (~$140M) — its first DSA penalty — over blue-check design, the ad repository, and researcher data access; the platform where nearly all citizen investigation lives.","9","5"
"Censorship_YouTube_Meta","Censorship","Censorship/Platform_YouTube_Meta.mdx","/Censorship/Platform_YouTube_Meta","Platform — YouTube & Meta","Reported age restrictions, demonetization, and strikes on long-form Kirk investigation video, plus Meta violence-policy removals.","Multi-hour ballistics and timeline breakdowns are reportedly hit with ""harmful misinformation"" strikes and demonetization at rates creators say exceed ordinary political content, pushing evidence to Rumble, BitChute, and IPFS.","10","5"
"Censorship_Investigation_Index","Censorship","Censorship/Censorship_Investigation_Index.mdx","/Censorship/Censorship_Investigation_Index","Censorship Investigation Index","Working memo routing every suppression thread by channel — platforms, courts, witnesses — plus preservation counter-measures.","Investigators treat censorship as an explanation for gaps in the record rather than proof itself, and answer it with IPFS pinning of evidence files that cannot be taken down from any single host.","11","5"
"Censorship_Overview","Censorship","Censorship/overview.mdx","/Censorship/overview","Censorship","Section overview tying platform bans, court gag orders, legal threats, and witness pressure into one suppression picture.","Former NCTC director Joe Kent has said on the record that his center's parallel review of possible foreign ties to the case was ordered to stop before its leads were exhausted.","12","5"
"Charlie_Star_Witness","Charlie","Charlie/Star_Witness_Own_Words.mdx","/Charlie/Star_Witness_Own_Words","Star Witness In His Own Words","Sam Parker's August 2026 post arguing Charlie Kirk's own private communications are the case's strongest untapped evidence.","Parker lists a chain: private kill-me statements, public bullying complaint, a Sept 9 declaration he was leaving the pro-Israel cause, a Zoom call, then ""They're going to kill me"" that evening.","1","5"
"Charlie_Sept9_All_Caps","Charlie","Charlie/Text_Messages/kill-me-07-sept-9-all-caps.mdx","/Charlie/Text_Messages/kill-me-07-sept-9-all-caps","KM-07 — THEY ARE GOING TO KILL ME","The all-caps September 9 2025 message reportedly sent during or after a combative high-pressure meeting.","The single most-quoted line in the case has never been produced: no screenshot, no carrier record, no law-enforcement filing authenticating it as a Kirk SMS, Signal, or Telegram export.","2","5"
"Charlie_Epstein_Files_Push","Charlie","Charlie/Epstein_Files_Push.mdx","/Charlie/Epstein_Files_Push","Epstein Files Push","Claims Kirk pressed for Epstein files release and refused a reported July 12 2025 order from Trump to back off.","Compiled notes allege Trump phoned Kirk on July 12, 2025 reprimanding his Epstein coverage and ordering him to stop; Kirk reportedly refused. He was killed under two months later.","3","5"
"Charlie_Phone_Surveillance","Charlie","Charlie/Phone_Surveillance_Claims.mdx","/Charlie/Phone_Surveillance_Claims","Phone Surveillance Claims","Allegations Kirk's phone was surveilled, a donor threatened him, and a Hamptons intervention followed.","An unnamed TPUSA mega-donor, voice digitally altered, reportedly warned Kirk he ""won't make it to Christmas."" Kirk described an overheating phone, call feedback, and a second SIM he never installed.","4","5"
"Charlie_Netanyahu_Iran_Call","Charlie","Charlie/Phone_Calls/netanyahu-iran-call.mdx","/Charlie/Phone_Calls/netanyahu-iran-call","Netanyahu / Iran Intervention Call","Attributed claims that Kirk's final high-pressure call involved Netanyahu-aligned pressure to back war with Iran.","Candace Owens and large amplifiers claim Kirk's last major call was an intervention pushing U.S. war footing on Iran, which he refused; TPUSA messaging allegedly flipped pro-war after his death.","5","5"
"Charlie_SUV_911_Audio","Charlie","Charlie/Phone_Calls/suv-911-audio.mdx","/Charlie/Phone_Calls/suv-911-audio","SUV 911 and Get That Off of Him","Claims about audio from the security vehicle after the shot, including two circulating spoken lines.","Circulating audio tips include ""We got him"" and ""Get that off of him.""","6","5"
"Charlie_Missing_911","Charlie","Charlie/Phone_Calls/missing-911-harpole.mdx","/Charlie/Phone_Calls/missing-911-harpole","Missing 911 / Harpole Claims","A records dispute over a 911 call Kirk's security contractor says he made that has not been produced.","Kirk's security contractor reportedly told Shawn Ryan he called 911, yet no matching government call record has surfaced — framed online as either a misstatement or withheld records, ""both terrible options.""","7","5"
"Charlie_Three_People_Warned","Charlie","Charlie/Text_Messages/kill-me-09-three-people-warned.mdx","/Charlie/Text_Messages/kill-me-09-three-people-warned","KM-09 — Three People Warned","The claim Kirk told three separate people on September 9 that he thought they were going to kill him.","None of the three has ever been publicly identified and none has produced a message; Owens has declined to name one, described as a TPUSA staffer. The site marks this as where documentation stops.","10","4"
"Charlie_Kill_Me_Index","Charlie","Charlie/Text_Messages/they-are-going-to-kill-me.mdx","/Charlie/Text_Messages/they-are-going-to-kill-me","They Are Going to Kill Me","Master index of the alleged September 9 2025 texts warning that he would be killed.","Investigators catalogue thirteen numbered distinct kill-me statements with conflicting wording, recipients, and platforms — Signal and Telegram claims sit beside a gap where no public screenshot exists.","11","5"
"Charlie_Donor_WhatsApp","Charlie","Charlie/Text_Messages/leave-pro-israel-whatsapp.mdx","/Charlie/Text_Messages/leave-pro-israel-whatsapp","Leave Pro-Israel WhatsApp Chat","The September 2025 donor WhatsApp chat attributed to Kirk, publicly authenticated by TPUSA's spokesman.","This is the rare item TPUSA spokesman Andrew Kolvet publicly confirmed as real: Kirk reportedly lost a large donor over Tucker Carlson and wrote he was leaving the pro-Israel cause days before dying.","12","5"
"Charlie_Flood_Executed_Tomorrow","Charlie","Charlie/Text_Messages/dan-flood-security-texts.mdx","/Charlie/Text_Messages/dan-flood-security-texts","Dan Flood Security Texts","Claims Kirk texted his security lead the night before UVU saying he would be killed or executed tomorrow.","The alleged recipient of ""they will execute me tomorrow"" was reportedly Kirk's own head of security, who was in day-of proximity at UVU — a warning to the person responsible for preventing it.","13","5"
"Charlie_Kolvet_Kill_Me","Charlie","Charlie/Text_Messages/kill-me-08-kolvet-they-will-kill-me.mdx","/Charlie/Text_Messages/kill-me-08-kolvet-they-will-kill-me","KM-08 — Kolvet They Will Kill Me","The short September 9 2025 ""they will kill me"" message reportedly sent to Andrew Kolvet.","The same TPUSA spokesman who publicly authenticated the donor WhatsApp chat is also the reported recipient of a ""they will kill me"" message the day before the assassination.","14","5"
"Charlie_Sept9_Kill_Cluster","Charlie","Charlie/Fear_Kill_Warnings/Other_Fear_Channels/sept-9-kill-me-cluster.mdx","/Charlie/Fear_Kill_Warnings/Other_Fear_Channels/sept-9-kill-me-cluster","September 9 Kill-Me Cluster","The set of alleged September 9 2025 warnings, their recipients, Signal claims, and the widow's denial.","Multiple named commentators place fear messages on the exact day before the shooting, reportedly sent over Signal rather than iMessage — a channel choice that would leave the family phone clean.","15","5"
"Charlie_Break_Away_Quote","Charlie","Charlie/Fear_Kill_Warnings/August_13_Break_Away/break-away-quote.mdx","/Charlie/Fear_Kill_Warnings/August_13_Break_Away/break-away-quote","They Will Kill Me If I Break Away","The August 13 2025 line attributed to Kirk about being killed for breaking with pro-Israel politics.","Nearly a month before the assassination Kirk reportedly said ""They will kill me if I break away from being pro-Israel"" — a dated, indexed statement predicting the manner of his own death.","16","5"
"Charlie_Harrison_Smith_Post","Charlie","Charlie/Fear_Kill_Warnings/August_13_Break_Away/harrison-smith-x-post.mdx","/Charlie/Fear_Kill_Warnings/August_13_Break_Away/harrison-smith-x-post","Harrison Smith August 13 X Post","A contemporaneous public X post from August 13 2025 relaying Kirk's fear of being killed.","Unlike most kill-me claims, this one was posted publicly on August 13, 2025 — 28 days before the shooting — so it is timestamped and cannot have been invented afterward.","17","5"
"Charlie_Go_Against_Israel","Charlie","Charlie/Fear_Kill_Warnings/August_16_Go_Against_Israel/go-against-israel-quote.mdx","/Charlie/Fear_Kill_Warnings/August_16_Go_Against_Israel/go-against-israel-quote","If I Go Against Israel Quote","The August 16 2025 line ""Hey, if I go against Israel, I think they will kill me"" and its date conflict.","Two separately indexed statements, August 13 and August 16, carry nearly identical meaning — investigators track whether they are one event misdated or Kirk repeating the fear to different people.","18","5"
"Charlie_Turek_Want_Me_Dead","Charlie","Charlie/Fear_Kill_Warnings/Other_Fear_Channels/frank-turek-want-me-dead.mdx","/Charlie/Fear_Kill_Warnings/Other_Fear_Channels/frank-turek-want-me-dead","Frank Turek — They Want Me Dead","Messages Kirk's Christian mentor says he received: ""I know they want me dead… please pray for me.""","Kirk's own apologetics mentor states on the record that Kirk wrote ""I know they want me dead… under the gun… please pray for me"" — a named adult witness, not an anonymous screenshot.","19","4"
"Charlie_Flood_Fear_Channel","Charlie","Charlie/Fear_Kill_Warnings/Other_Fear_Channels/dan-flood-executed-tomorrow.mdx","/Charlie/Fear_Kill_Warnings/Other_Fear_Channels/dan-flood-executed-tomorrow","Dan Flood — Executed Tomorrow","Owens reporting that Kirk told his head of security he would be executed the next day.","The word reportedly used was ""executed"" — not shot or attacked — language implying a planned, sanctioned killing rather than a random lone gunman.","20","5"
"Charlie_Donor_Stereotypes_Line","Charlie","Charlie/Fear_Kill_Warnings/Sept_48_Hours_Donor_Texts/jewish-donors-stereotypes-line.mdx","/Charlie/Fear_Kill_Warnings/Sept_48_Hours_Donor_Texts/jewish-donors-stereotypes-line","Donors Play Into Stereotypes Line","The alleged WhatsApp line about donor bullying sent roughly 48 hours before the assassination.","""I cannot and will not be bullied like this"" was reportedly written about 48 hours before he was killed — and unlike most quotes in the case, the chat it sits in was publicly confirmed authentic.","21","5"
"Charlie_Kolvet_Authentication","Charlie","Charlie/Fear_Kill_Warnings/Sept_48_Hours_Donor_Texts/candace-kolvet-authentication.mdx","/Charlie/Fear_Kill_Warnings/Sept_48_Hours_Donor_Texts/candace-kolvet-authentication","Candace and Kolvet Authentication","How Owens published the donor WhatsApp material and how TPUSA's spokesman publicly confirmed it.","TPUSA's own spokesman confirmed on the record that the leaked donor chat was genuine — meaning the organization has conceded Kirk was under donor pressure days before he died.","22","5"
"Charlie_Leave_Pro_Israel_Line","Charlie","Charlie/Fear_Kill_Warnings/Sept_48_Hours_Donor_Texts/leave-pro-israel-cause-line.mdx","/Charlie/Fear_Kill_Warnings/Sept_48_Hours_Donor_Texts/leave-pro-israel-cause-line","Leaving The Pro-Israel Cause Line","The alleged message roughly 48 hours before death announcing a political break with the pro-Israel cause.","Investigators treat this as the motive hinge: a message reportedly telling donor-side recipients he was leaving the cause, sent about two days before he was assassinated.","23","5"
"Charlie_Sept9_Shapiro","Charlie","Charlie/Comments/sept-9-shapiro-appearance.mdx","/Charlie/Comments/sept-9-shapiro-appearance","September 9 Shapiro Appearance","Kirk's publicly recorded September 9 2025 appearance showing Israel-policy friction the day before UVU.","This is verifiable on video, not hearsay: the day before he was killed Kirk appeared on Ben Shapiro's show displaying open Israel-policy friction with an allied host.","24","5"
"Charlie_Iran_War_Opposition","Charlie","Charlie/Comments/iran-war-opposition.mdx","/Charlie/Comments/iran-war-opposition","Iran War Opposition","Kirk's 2025 public and reported private opposition to a U.S. war with Iran during the Midnight Hammer period.","Kirk was actively lobbying against a U.S.–Iran war in 2025 — putting him against the most powerful foreign-policy push of the year in the weeks before he was killed.","25","5"
"Charlie_Joe_Kent_Last","Charlie","Charlie/Phone_Calls/joe-kent-last-conversation.mdx","/Charlie/Phone_Calls/joe-kent-last-conversation","Joe Kent Last Conversation","A senior counterterrorism official's account of Kirk's final message to him.","Joe Kent, a sitting U.S. counterterrorism official, says Kirk's last message to him was to stop a war with Iran — placing anti-war lobbying in Kirk's final communications.","26","5"
"Charlie_AIPAC_Comments","Charlie","Charlie/Comments/aipac-lobby-comments.mdx","/Charlie/Comments/aipac-lobby-comments","AIPAC Lobby Comments","Public comments attributed to Kirk about AIPAC and lobbying pressure, including circulated treason framing.","Kirk reportedly used ""treason"" framing about foreign-lobby pressure on U.S. politics — the kind of statement investigators treat as the pressure surface that made him a target.","27","6"
"Charlie_Gaza_Remarks","Charlie","Charlie/Comments/gaza-remarks.mdx","/Charlie/Comments/gaza-remarks","Gaza Remarks","Circulated comments in which Kirk allegedly warned about ethnic cleansing in Gaza and questioned official narratives.","A newcomer expecting an unwavering pro-Israel activist finds Kirk reportedly warning about ethnic cleansing in Gaza and openly questioning the official narrative.","28","5"
"Charlie_Israel_Break_Rhetoric","Charlie","Charlie/Comments/israel-break-public-rhetoric.mdx","/Charlie/Comments/israel-break-public-rhetoric","Israel Break Public Rhetoric","Synthesis of Kirk's 2025 public rhetorical shift on Israel across show clips and campus Q&A.","The break was not private: investigators assemble dated show clips and campus Q&A showing Kirk publicly moving away from his own movement's Israel line during 2025.","29","5"
"Charlie_Donor_Pressure_On_Air","Charlie","Charlie/Comments/donor-pressure-on-air.mdx","/Charlie/Comments/donor-pressure-on-air","Donor Pressure On Air","Public comments where Kirk addressed donor bullying, funding threats, and refusing to cancel allies.","Kirk described donor bullying and funding threats on air — the public mirror of the private WhatsApp chat, meaning the pressure story is corroborated in two independent channels.","30","5"
"Charlie_Signal_Telegram","Charlie","Charlie/Text_Messages/signal-telegram-channels.mdx","/Charlie/Text_Messages/signal-telegram-channels","Signal and Telegram Channels","Why investigators say Kirk used Signal and Telegram for sensitive threat messages, and the forensic consequence.","If the warning messages went over Signal and Telegram rather than iMessage, a family member holding the iPhone could truthfully say she sees nothing while the messages still existed.","31","5"
"Charlie_Security_Call_Chain","Charlie","Charlie/Phone_Calls/security-detail-call-chain.mdx","/Charlie/Phone_Calls/security-detail-call-chain","Security Detail Call Chain","Map of claimed day-of phone traffic among Kirk's security detail, outside teams, and 911.","The day-of call chain reconstruction shows outside security teams reportedly on the line during the critical minutes, with the carrier call-detail records still never produced.","32","5"
"Charlie_Shapiro_Security_Call","Charlie","Charlie/Phone_Calls/shapiro-security-call.mdx","/Charlie/Phone_Calls/shapiro-security-call","Shapiro Security Call","Claims Ben Shapiro's security team was on the phone with Kirk's team during hospital transport.","Investigators report that another commentator's private security team was allegedly on the line with Kirk's team during the ambulance run — an odd party to the most critical minutes.","33","5"
"Charlie_Wiped_Out_Premonition","Charlie","Charlie/Fear_Kill_Warnings/Other_Fear_Channels/wiped-out-premonition.mdx","/Charlie/Fear_Kill_Warnings/Other_Fear_Channels/wiped-out-premonition","Wiped Out Premonition","Longer-running premonition language attributed to Kirk, including revolution texts to Candace Owens.","Well before the Israel-specific quotes, Kirk reportedly wrote that he could be ""wiped out at any time"" — showing the fear predated the 2025 donor fight.","34","5"
"Charlie_Candace_Private_Texts","Charlie","Charlie/Text_Messages/candace-owens-private-texts.mdx","/Charlie/Text_Messages/candace-owens-private-texts","Candace Owens Private Texts","Private texts between Kirk and Candace Owens including the revolution quote and 2023 defense messages.","Private threads show Kirk defending Owens against pressure as far back as 2023 and inviting her to AmFest on September 9 — the day before he died.","35","5"
"Charlie_Authenticity_Fakes","Charlie","Charlie/Text_Messages/authenticity-and-fakes.mdx","/Charlie/Text_Messages/authenticity-and-fakes","Authenticity and Fakes","How to separate confirmed WhatsApp material from meme screenshots and mislabeled-app fabrications.","The site itself flags that many viral kill-me screenshots are mislabeled or fabricated — a rare self-policing map showing exactly which items survive scrutiny and which do not.","36","5"
"Charlie_Pre_Event_Timeline","Charlie","Charlie/Pre_Event_Timeline.mdx","/Charlie/Pre_Event_Timeline","Pre-Event Timeline","Chronology from July through September 9 2025 of meetings, reported warnings, and final texts.","Laid end to end, July to September 9 shows a compressed escalation: a reprimand call, a Hamptons intervention, a donor break, and warning texts — all inside eight weeks.","37","5"
"Charlie_Reported_Warnings","Charlie","Charlie/Reported_Quotes_and_Warnings.mdx","/Charlie/Reported_Quotes_and_Warnings","Reported Quotes and Warnings","Catalogue of alleged fear-of-death statements before September 10 2025 with sources and contradictions.","More than a dozen separate people-and-date pairings have Kirk predicting his own killing in the weeks before it happened, tracked here with each source's contradictions exposed.","38","5"
"Charlie_Platform_Mixups","Charlie","Charlie/Discord_Messages/platform-mixups.mdx","/Charlie/Discord_Messages/platform-mixups","Platform Mix-Ups","How viral posts confuse WhatsApp, Signal, SMS, and Discord, and why the label changes authentication.","Mislabeling which app a message came from quietly destroys its authentication path — a mechanism by which real evidence gets dismissed as fake and fake evidence gets treated as real.","39","5"
"Charlie_Investigation_Index","Charlie","Charlie/Charlie_Investigation_Index.mdx","/Charlie/Charlie_Investigation_Index","Charlie Investigation Index","Working memo on the victim-and-motive angle: pre-event pressure, warnings, and security posture.","The friction checklist stacks a reported refused $150M donation, a DOGE audit order about a week before the shooting, and a board removal eight days prior into one motive picture.","40","5"
"CompaniesOrgs_Entity_Index","Companies_Organizations","Companies_Organizations/overview.mdx","/Companies_Organizations/overview","Companies & Organizations","Master index of every company, LLC, non-profit, U.S. agency, and foreign intelligence body profiled in the investigation.","Lists explosives maker Accurate Energetic Systems under the exploding-mic theory alongside Mossad, the CIA, and a web of TPUSA-linked LLCs including aviation entity LASAI Aviation II, operator of N1098L (Claims).","1","5"
"ConsciousCtl_CIA_DARPA_DEW","Consciousness_Control","Consciousness_Control/cia-darpa-havana-mind-control.mdx","/Consciousness_Control/cia-darpa-havana-mind-control","CIA, DARPA and DEW Mind Control","Separates documented patents, an Air Force volume and DARPA programs from the assertions layered on top in a July 2026 compilation.","A genuine 1994 Air Force ""New World Vistas"" passage describes pulsed electromagnetic energy to ""control emotions and thus actions"" and ""transmit suggestions""; researcher Nick Begich says such weapons leave ""no entry or exit wound.""","1","4"
"ConsciousCtl_Havana_Syndrome","Consciousness_Control","Consciousness_Control/havana-syndrome.mdx","/Consciousness_Control/havana-syndrome","Havana Syndrome","Anomalous Health Incidents, the contradictory 2020 and 2023 official findings, Pentagon device testing, and July 2026 whistleblower claims.","The 2020 National Academies named pulsed RF the most plausible mechanism, yet a 2023 seven-agency review called foreign attack ""very unlikely"" — while CBS reported in January 2026 the Pentagon had been testing such a device for over a year.","2","5"
"ConsciousCtl_Directed_Energy","Consciousness_Control","Consciousness_Control/directed-energy-weapons.mdx","/Consciousness_Control/directed-energy-weapons","Directed Energy Weapons","Fielded lasers, high-power microwave, Active Denial and pulsed RF systems versus alleged behavior-control claims circulating about the case.","The Active Denial System already projects a 95 GHz beam to create sensation in a human at range, and the Frey microwave-hearing effect has been replicated physics since 1961 — the acknowledged floor is far above public assumption.","3","5"
"ConsciousCtl_Brain_To_Brain","Consciousness_Control","Consciousness_Control/brain-to-brain-communications.mdx","/Consciousness_Control/brain-to-brain-communications","Brain-to-Brain Communications","Published brain-to-brain interface experiments and their hard limits, against alleged operational intelligence systems named in whistleblower testimony.","Peer-reviewed brain-to-brain links are real: BrainNet (2018) moved a decision between three people at roughly 81% accuracy via EEG and TMS-induced phosphenes — though bandwidth was about one bit.","4","4"
"ConsciousCtl_Covert_Comms","Consciousness_Control","Consciousness_Control/covert-communications.mdx","/Consciousness_Control/covert-communications","Covert Communications","Conventional tradecraft for unattributable message-passing, and the competing implant/nanotech usage of the same phrase in whistleblower claims.","Ordinary tradecraft — dead drops, numbers stations, cut-outs, Discord — already produces the exact public appearance of a self-motivated lone shooter, with no exotic physics needed to hide a handler.","5","5"
"ConsciousCtl_Consciousness_Comm","Consciousness_Control","Consciousness_Control/communication-by-consciousness.mdx","/Consciousness_Control/communication-by-consciousness","Communication by Consciousness","Declassified Stargate-era remote viewing funding and why documented intelligence interest is not proof of any capability used at UVU.","U.S. intelligence funded remote viewing for 23 years under SCANATE, Grill Flame, Center Lane, Sun Streak and Stargate; the 1995 CIA-commissioned review split, with statistician Jessica Utts finding a significant effect.","8","4"
"ConsciousCtl_Section_Overview","Consciousness_Control","Consciousness_Control/overview.mdx","/Consciousness_Control/overview","Consciousness Control","Section entry page mapping technologies that touch perception and behavior, and the question of whether the accused acted alone.","States the section's core thesis outright: capabilities exist that can make a political shooter look like a lone ""crazy person,"" and public discourse often runs years ahead of declassification.","13","5"
"Court_Custody_Fake_Confession","court","court/mirandize/custody-timeline-fake-confession.mdx","/court/mirandize/custody-timeline-fake-confession","6:25 PM Custody & the Discord Confession","How the 6:25 PM Miranda timestamp on exhibit Bates 003996-R2 collides with the 7:57 PM Discord confession attributed to Tyler Robinson.","A defense filing quotes video exhibit Bates 003996-R2: Robinson Mirandized 6:25 PM Sept 11 and asking for counsel at 6:26 PM — 90 minutes before the ""It was me"" Discord messages he allegedly typed.","1","5"
"Court_Bodycam_GRAMA_None","court","court/mirandize/bodycam-grama-no-footage.mdx","/court/mirandize/bodycam-grama-no-footage","Missing Bodycam & the GRAMA 'No Footage' Admission","A public-records appeal in which Washington County reportedly stated no bodycam footage of Robinson's surrender exists at all.","At a GRAMA hearing with Scripps News, the county's representative reportedly said ""there was a search made for body cam footage and there was none"" — after lobby CCTV of the surrender had also reportedly gone missing.","2","5"
"Court_Coleman_Early_Turnin","court","court/mirandize/baron-coleman-early-turn-in.mdx","/court/mirandize/baron-coleman-early-turn-in","Baron Coleman: Early Turn-In & the Refused Surrender Video","Attorney Baron Coleman's argument that Robinson surrendered in the early afternoon and that surrender video was refused to a news outlet.","Coleman says he has heard Robinson turned himself in ""as early as three p.m."" — and that when a news organization requested the surrender footage, Washington County reportedly refused to provide it.","3","5"
"Court_Mirandize_Hub","court","court/mirandize/overview.mdx","/court/mirandize/mirandize-overview","Mirandizing — Court Evidence","Hub for the custody-timing dispute: when Robinson was taken into custody and when his phone was seized.","Washington County protocol seizes a suspect's phone at Mirandizing; if that happened at 6:25 PM, the record that would settle authorship of the confession — unedited custody video and phone-seizure logs — is precisely what has not been released.","4","5"
"Court_Ballistics_ATF_Inconclusive","court","court/ballistics-atf-cbla.mdx","/court/ballistics-atf-cbla","Ballistics — ATF Inconclusive & CBLA","The ATF laboratory comparison of the autopsy bullet jacket fragment to the seized Mauser rifle and its inconclusive result.","The ATF report on autopsy Exhibit 6A could neither identify nor exclude the seized Mauser 98 — the rifling was consistent with ""numerous makes and models,"" leaving no bullet-to-rifle link at all.","5","5"
"Court_Cellebrite_Israeli_Firm","court","court/Cellebrite.mdx","/court/Cellebrite","Cellebrite — Israeli Forensics Firm","The Israeli digital-forensics company named in sworn testimony as the tool used to extract Lance Twiggs' phone data.","Courtroom testimony reportedly confirmed an Israeli company, Cellebrite, produced the phone forensics in a U.S. capital case in which commentators treat Israeli involvement as an open investigative question.","6","5"
"Court_Phone_Extraction_Contradiction","court","court/Phone_Extraction.mdx","/court/Phone_Extraction","Forensic Phone Extraction","Testimony describing a completed Cellebrite extraction of Twiggs' phone, against the prosecution's filed position on forensic extractions.","A prosecution filing reportedly said the state ""does not intend to offer evidence obtained through forensic extractions"" — then an agent testified in open court to reviewing exactly such an extraction.","7","5"
"Court_Prelim_Day_4","court","court/Preliminary_Hearing/Day_4.mdx","/court/Preliminary_Hearing/Day_4","Preliminary Hearing — Day 4","Full transcript: the Twiggs immunized interview, the confession texts, rifle recovery, and ATF ballistics testimony.","Verbatim transcript of the day the defense's own ATF examiner testified the autopsy bullet jacket could not be matched to the recovered rifle — in the same session the ""confession"" texts were read aloud.","8","5"
"Court_Discord_Evidence","court","court/discord-evidence-court.mdx","/court/discord-evidence-court","Discord Evidence in Court","The Discord messages attributed to Robinson and the custody-timing questions about who could have typed them.","A government document reportedly logs 8:04 PM sheriff-to-sheriff calls and a 10:00 PM booking-sheet arrest time, while the police database records 4:00 AM Sept 12 — three different arrest times in one record set.","9","5"
"Court_Prelim_Day_1","court","court/Preliminary_Hearing/Day_1.mdx","/court/Preliminary_Hearing/Day_1","Preliminary Hearing — Day 1 (July 2026)","Full color-coded transcript of day one: rooftop testimony from Officer Bagley and Agent Hull on surveillance and autopsy.","A 5,300-line verbatim transcript in which the judge turns off counsel microphones for security and the officer who found the ""sniper pad"" says his body camera stopped recording as he arrived.","10","5"
"Court_Testimony_Overview","court","court/testimony.mdx","/court/testimony","Testimony","What witnesses said under oath at the 2026 preliminary hearing, what is contested, and where the record has gaps.","No video exists of the rooftop scene at all — the record of the disturbed gravel and the red-and-black screwdriver rests on one officer's recollection months later, with a badge-carrier beside him whose name he never obtained.","11","5"
"Court_Discovery_Brady","court","court/discovery-brady-disputes.mdx","/court/discovery-brady-disputes","Discovery & Brady Disputes","FBI and ATF materials the defense says were withheld, plus the reported 600,000-file production.","Citizen investigators allege the state ""drowned"" the defense in roughly 600,000 files while ballistics scans, DNA mixture data and chain-of-custody logs held since September 2025 reportedly stayed unproduced.","12","5"
"Court_Twiggs_Phone","court","court/Twiggs_Phone.mdx","/court/Twiggs_Phone","Lance Twiggs' Phone","The roommate's device that produced the alleged Robinson–Twiggs texts, and the authentication questions around it.","The confession-style texts came off a third party's phone, not Robinson's — and were reportedly released as photographs of messages rather than the device data itself.","13","5"
"Court_Prelim_Day_2","court","court/Preliminary_Hearing/Day_2.mdx","/court/Preliminary_Hearing/Day_2","Preliminary Hearing — Day 2","Full transcript: Agent Hull's surveillance walk-through, Cellebrite extractions, and Michael Burt's chain-of-custody cross.","Verbatim record of the surveillance montage the state used to identify Robinson, cross-examined line by line on chain of custody by a capital defender who also handled the Menendez retrial.","14","5"
"Court_Judge_Tony_Graf","court","court/judge-tony-graf.mdx","/court/judge-tony-graf","Judge Tony F. Graf Jr.","The presiding judge's appointment timeline, gag order, closed hearings, and the contempt finding against a prosecutor.","Graf was sworn in weeks before the shooting and the case is reportedly his first on the bench — the same window in which Salt Lake City's FBI field office reportedly changed leadership, per attributed commentary.","15","5"
"Court_Gag_Orders_Sealing","court","court/gag-orders-sealing.mdx","/court/gag-orders-sealing","Gag Orders & Sealing","The December 2025 gag order, closed hearings, and the March 2026 fight over sealing the ATF report.","The judge reportedly issued a broad gag order on his own motion — neither side asked for it — and the defense then moved to seal a 4-page ATF report it simultaneously called exculpatory.","16","5"
"Court_Prelim_Day_3","court","court/Preliminary_Hearing/Day_3.mdx","/court/Preliminary_Hearing/Day_3","Preliminary Hearing — Day 3","Full transcript: Agent Davis on the surrender and booking, and the fight over broadcasting the Twiggs interview.","Verbatim record including testimony about a live .223 round found on a rooftop — a caliber unrelated to the .30-06 narrative — and an extended fight over whether the public could see the Twiggs video.","17","5"
"Court_Robinson_Devices","court","court/Robinson_Phone_Devices.mdx","/court/Robinson_Phone_Devices","Tyler Robinson's Phone & Devices","What is and is not established about the defendant's own seized electronics and extractions.","The public record on the defendant's own phone is thinner than for his roommate's — commentators called the screenshot-only exhibit presentation ""weird"" and no full extraction report has surfaced.","18","5"
"Court_Prelim_Day_5_Rests","court","court/Days_in_Court/2026-07-10-prelim-day-5.mdx","/court/Days_in_Court/2026-07-10-prelim-day-5","07/10/2026 — Preliminary Hearing Day 5","Final prelim day: ATF DNA statistics, the State resting, and the September 1 bind-over argument.","Under cross, the ATF DNA section chief reportedly conceded lab policy bars calling DNA infallible or zero-error-rate and that third-party transfer of DNA is possible.","19","5"
"Court_Grok_Miranda_Analysis","court","court/mirandize/grok-analysis.mdx","/court/mirandize/grok-analysis","Grok AI Analysis: Mirandizing Date","Hosted AI analysis PDF of the Bates 003996-R2 exhibit and the September 11 versus September 12 Miranda question.","Hosts the full analysis PDF arguing any Discord or text package timed after 6:25 PM Sept 11 must be authenticated against custody and phone-seizure records that have not been released.","20","5"
"Court_Sept11_Grok_Screenshot","court","court/mirandize/sept-11-grok-image.mdx","/court/mirandize/sept-11-grok-image","Image: Sept 11 Grok Screenshot — Bates 003996-R2 Analysis","Screenshot and OCR of an AI analysis identifying what the Bates 003996-R2 discovery exhibit is.","The OCR'd analysis states Robinson was already in custody, Mirandized and had invoked counsel hours before the official ""surrender"" narrative and before the Discord confession attributed to him.","21","4"
"Court_Mirandized_Sept11_Image","court","court/mirandize/mirandized-sept-11-image.mdx","/court/mirandize/mirandized-sept-11-image","Image: Mirandized Sept 11 — Bates 003996-R2 Reference","Screenshot with OCR documenting the Bates exhibit timestamp and the separate official arrest record.","The same records set logs two different events: a Miranda encounter the evening of September 11 and a formal arrest recorded at 4:00 AM September 12 — roughly ten hours apart.","22","5"
"Court_Ballard_Contempt","court","court/Days_in_Court/2026-06-ballard-contempt.mdx","/court/Days_in_Court/2026-06-ballard-contempt","06/2026 — Ballard Contempt","The civil contempt finding against a Utah County deputy attorney for pretrial publicity.","A sitting prosecutor was reportedly held in civil contempt for publicly talking up case strength after the inconclusive ATF report — and the state was ordered to pay defense fees.","23","6"
"Court_Jaxson_Fox_Informant","court","court/jaxson-fox-informant-order.mdx","/court/jaxson-fox-informant-order","Jaxson Fox — Informant Transport Order","A transport order for an inmate held in the same jail as Robinson, and the jailhouse-informant theories around it.","Judge Graf reportedly ordered the transport of an inmate facing unrelated child-related charges who is housed in Robinson's jail; commentators infer an informant role, which is their theory, not a court finding.","24","5"
"Court_Investigative_Hold_Counter","court","court/mirandize/investigative-hold-counterpoint.mdx","/court/mirandize/investigative-hold-counterpoint","Counterpoint: The 24-Hour Investigative Hold","The strongest counterargument to the Miranda-timing claim, and why investigators say it misses the point.","Even granting that a 14.5-hour delay before formal Miranda is legal under an investigative hold, that rule answers whether the delay was lawful — not who physically typed the 7:57 PM confession.","25","5"
"Court_Seal_Motion_ATF","court","court/Days_in_Court/2026-03-10-seal-motion.mdx","/court/Days_in_Court/2026-03-10-seal-motion","03/10/2026 — Seal Motion / ATF Fight","The March 2026 sealing fight over the inconclusive ATF ballistics report and the media coalition's opposition.","A media coalition argued the obvious: if the defense calls the ATF material exculpatory, why seal it? The report was later unsealed and remained inconclusive while the capital prosecution continued.","26","4"
"Court_Prelim_Day_2_Summary","court","court/Days_in_Court/2026-07-07-prelim-day-2.mdx","/court/Days_in_Court/2026-07-07-prelim-day-2","07/07/2026 — Preliminary Hearing Day 2","Day two summary: surveillance walk-through, rifle in a towel, and the FBI DNA examiner called by the defense.","Testimony reportedly acknowledged the crime scene was paved over — with the case agent saying he learned of it via news — and described an unfired round on another roof attributed to an officer's rifle.","27","5"
"Court_Utah_County_Jail","court","court/utah-county-jail-custody.mdx","/court/utah-county-jail-custody","Utah County Jail & Custody","Booking, restricted housing, and the arrest-time discrepancy between the booking sheet and the police database.","The inmate booking sheet reportedly lists a 10:00 PM September 11 arrest while the police database records 04:00 September 12 — a six-hour discrepancy on the same booking number 460956.","28","5"
"Court_Prelim_Day_4_Summary","court","court/Days_in_Court/2026-07-09-prelim-day-4.mdx","/court/Days_in_Court/2026-07-09-prelim-day-4","07/09/2026 — Preliminary Hearing Day 4","Day four summary: the Twiggs recorded interview, the confession texts and note, rifle recovery, and inconclusive ballistics.","The defense, not the prosecution, called the ATF examiner who testified the autopsy jacket fragment could not be identified or excluded as coming from the seized rifle.","29","5"
"Court_Witness_Stand_Roster","court","court/people-on-witness-stand.mdx","/court/people-on-witness-stand","People on Witness Stand","Complete roster of live sworn witnesses, Rule 1102 recordings, and statements admitted through agents.","Exactly seven people took the live stand — and the only FBI witness of the entire week was called by the defense, not the prosecution. An unidentified badge-carrier on the roof never testified.","30","5"
"Court_Prosecution_Team","court","court/prosecution-team.mdx","/court/prosecution-team","Prosecution Team — Utah County","The Utah County Attorney's Office roster, its evidence theory, and the contempt ruling against one deputy.","The same office that produced the Bates 003996-R2 Miranda exhibit is reported to be moving the autopsy fragment to FBI Virtual Comparison Microscopy after ATF returned inconclusive.","31","5"
"Court_Prelim_Motions","court","court/preliminary-hearing-motions.mdx","/court/preliminary-hearing-motions","Preliminary Hearing & Motions","Scheduling, delay motions, camera fights, and roommate-testimony disputes ahead of the July 2026 hearing.","A prosecution filing reportedly indicated it might not offer full forensic extractions from seized electronics at the preliminary hearing — the same category of evidence testimony later relied on.","32","5"
"Court_Prelim_Day_1_Summary","court","court/Days_in_Court/2026-07-06-prelim-day-1.mdx","/court/Days_in_Court/2026-07-06-prelim-day-1","07/06/2026 — Preliminary Hearing Day 1","Day one summary: rooftop testimony, the body-cam gap, and the unidentified second badge-carrier.","The officer who reached the roof at 12:44 p.m. reportedly found an empty pistol holster in the grass, and his body-worn camera stopped recording — with a second badge-carrier beside him never identified.","33","5"
"Court_Defense_Team","court","court/defense-team.mdx","/court/defense-team","Defense Team — Tyler Robinson","Lead counsel Kathryn Nester and co-counsel, their filings, and the projected cost of the capital defense.","Co-counsel includes the editor of California's Death Penalty Defense Manual and Menendez retrial counsel; research notes project $750,000+ for defense alone and roughly $1.3 million total.","34","5"
"Court_PC_Affidavit","court","court/mirandize/probable-cause-affidavit.mdx","/court/mirandize/probable-cause-affidavit","Probable Cause Affidavit (Police Booking)","The full police probable-cause affidavit PDF and how its custody language is read against the Miranda timeline.","The affidavit's ""early morning hours of September 12"" language describes a later Utah County encounter after a multi-hour drive — not the 6:25 PM September 11 Miranda reading in the video exhibit.","35","5"
"Court_Prelim_Day_3_Summary","court","court/Days_in_Court/2026-07-08-prelim-day-3.mdx","/court/Days_in_Court/2026-07-08-prelim-day-3","07/08/2026 — Preliminary Hearing Day 3","Day three summary: surrender and booking testimony plus the fight over publishing the Twiggs interview.","Testimony reportedly covered a rooftop .223 round and a family friend's handwritten Rule 1102 statement, while the parties argued under Estes v. Texas over broadcasting the roommate's recorded interview.","36","5"
"Court_Gag_Order_Day","court","court/Days_in_Court/2025-12-16-gag-order.mdx","/court/Days_in_Court/2025-12-16-gag-order","12/16/2025 — Gag Order","The day the court restricted public commentary by every participant in the case.","The gag order was reportedly entered on the court's own motion — the legal hinge after which lawyers, witnesses and staff could no longer speak publicly about the assassination prosecution.","37","5"
"Court_Camera_Access_Motions","court","court/Days_in_Court/2026-05-08-camera-access.mdx","/court/Days_in_Court/2026-05-08-camera-access","05/08/2026 — Camera Access Motions","The May 2026 fight over courtroom cameras that shaped what the public could see of the July hearing.","This is why the public's view of the prelim is pool clips and partial exhibits rather than a complete video archive — the camera presence was highly managed with day-of fights over each exhibit.","38","5"
"Court_Judge_Lunnen_Vacancy","court","court/judge-robert-lunnen.mdx","/court/judge-robert-lunnen","Judge Robert Lunnen — Prior Bench Vacancy","The retirement that created the vacancy filled just before the capital case landed on the docket.","Lunnen left the bench August 1, 2025 — weeks before the shooting; unverified Google Trends claims allege searches for his name from Israeli IPs on May 15, 2025, before the assassination.","39","5"
"Court_Case_Overview","court","court/case-overview.mdx","/court/case-overview","Case Overview — State v. Robinson","Caption, charges, custody, and pretrial posture in Case No. 251403576.","The baseline reference: capital aggravated-murder charges, no bail, booking #460956, and a defense whose central attack is the inconclusive ATF comparison on the autopsy bullet fragment.","40","5"
"CoverUp_FBI_Delete_Video","CoverUp","CoverUp/FBI_Asked_Delete_Video.mdx","/CoverUp/FBI_Asked_Delete_Video","FBI Asked a Witness to Delete Their Video (Claims)","Witness Ryne Simmons says he sent close-up shooting video to the FBI and was then told to delete it.","Simmons reportedly says the FBI told him to erase his close-up footage ""to avoid PTSD"" and phoned back to confirm he had. The FBI has not publicly confirmed this account.","1","5"
"CoverUp_Dirt_Removed","CoverUp","CoverUp/Dirt_Removed.mdx","/CoverUp/Dirt_Removed","10 in. of dirt removed","Claim that roughly ten inches of soil was stripped from the UVU scene within about a day of the shooting.","Reportedly an unidentified team removed inches of soil before contractor Dan Merrell laid pavers under a claimed Governor/FBI ""by Monday"" deadline — a crime scene resurfaced within days.","2","5"
"CoverUp_Mic_Explosive","CoverUp","CoverUp/Mic_Explosive.mdx","/CoverUp/Mic_Explosive","The Exploding Microphone Theory (Claims)","The contested theory that an explosive at or in Kirk's microphone, not a rifle round, caused the fatal wound.","Citizen investigators argue the wound geometry fits a small charge at the mic rather than a distant .30-06 round, and say this possibility was never publicly tested.","3","5"
"CoverUp_Videos_Deleted_Remotely","CoverUp","CoverUp/Videos_Deleted_Remotely.mdx","/CoverUp/Videos_Deleted_Remotely","Witness Videos Deleted Remotely From Phones (Claims)","Attendees reportedly found their own shooting footage missing or altered on their phones before reaching home.","Multiple attendees reportedly say video they shot vanished or changed on their own phones the same day, with nobody in the household deleting it — an unverified but repeatedly told account.","4","5"
"CoverUp_Ballistics_Sealed","CoverUp","CoverUp/Ballistics_Sealed_CBLA.mdx","/CoverUp/Ballistics_Sealed_CBLA","Inconclusive Ballistics, Sealed Report, and a Banned Test Revived (Claims)","The ATF ballistics report reportedly could not match the recovered fragment to the seized rifle, and was sealed.","An ATF lab report dated September 17, 2025 reportedly could neither match nor exclude the Mauser; critics say the state then sought new methods, including CBLA, a test the FBI abandoned in 2005.","5","5"
"CoverUp_Rifle_After_Feds","CoverUp","CoverUp/Rifle_Found_After_Feds.mdx","/CoverUp/Rifle_Found_After_Feds","Rifle Found Only After a Federal Redirect (Claims)","The rifle reportedly surfaced only on a repeat search ordered by federal agents after earlier searches found nothing.","An arm-to-arm sweep and a K-9 pass reportedly found no gun; only after federal agents told junior local officers to re-search did a towel-wrapped rifle appear.","6","5"
"CoverUp_SUV_Destroyed","CoverUp","CoverUp/SUV_Destroyed.mdx","/CoverUp/SUV_Destroyed","Transport SUV Destroyed and Melted Down (Claims)","Claim that the SUV that carried Kirk to hospital was scrapped and melted before any independent forensic testing.","A primary forensic surface — blood-spatter geometry, tissue, possible device fragments — was reportedly ""chopped into a thousand pieces"" and melted down rather than preserved.","7","5"
"CoverUp_Rooftop_Video_Trimmed","CoverUp","CoverUp/Rooftop_Video_Trimmed.mdx","/CoverUp/Rooftop_Video_Trimmed","Rooftop-View Video Reportedly Trimmed and Withheld (Claims)","Critics say the released rooftop clip was cut to begin at 12:23:34 pm, after a runner was already sprinting.","The clip reportedly starts at 12:23:34 pm with the ""runner"" already 60 feet from the perch — timing critics argue makes the official rooftop shot impossible, with earlier seconds unreleased.","8","5"
"CoverUp_Forensic_Tests_Skipped","CoverUp","CoverUp/Forensic_Tests_Skipped.mdx","/CoverUp/Forensic_Tests_Skipped","Standard Forensic Tests Reportedly Skipped (Claims)","Basic forensic steps including gunshot-residue testing and bomb dogs were reportedly bypassed at the scene.","No gunshot-residue test on the accused despite a same-clothes manhunt claim, bomb-sniffing dogs reportedly kept away, and an EMS crew reportedly turned away — steps that would have detected an explosive.","9","5"
"CoverUp_Hospital_Footage_NDAs","CoverUp","CoverUp/Hospital_Footage_And_NDAs.mdx","/CoverUp/Hospital_Footage_And_NDAs","Hospital Footage Seized, ER Cleared, Staff NDAs (Claims)","Claims that FBI took Timpanogos hospital cameras, the ER was oddly empty, and staff signed NDAs.","Kirk was reportedly taken to Timpanogos (2.6 miles) rather than the larger Utah Valley Hospital; no footage from that day has surfaced and staff were reportedly made to sign NDAs.","10","5"
"CoverUp_CIA_Blocked","CoverUp","CoverUp/CIA_Blocked.mdx","/CoverUp/CIA_Blocked","CIA Reportedly Blocked From the Investigation (Claims)","Claim that FBI physically blocked CIA personnel from advancing the Charlie Kirk investigation.","Mike Glover said on the Mike Ritland Podcast (Ep. 270) that a high-level CIA official told him CIA agents were turned around at an airport and stopped from continuing their mission.","11","5"
"CoverUp_WhiteHouse_Halt_IC","CoverUp","CoverUp/WhiteHouse_Halt_IC.mdx","/CoverUp/WhiteHouse_Halt_IC","White House Escalation Halts Intelligence Leads (Claims)","Reported claims that foreign-nexus intelligence follow-up was escalated to a tense White House meeting and then stopped.","Per NYT and Daily Mail reporting cited here, intelligence work on foreign leads was reportedly blocked, escalated into a tense White House confrontation, and then ended without resolution.","12","5"
"CoverUp_Joe_Kent_Halt","CoverUp","CoverUp/Joe_Kent_Halt.mdx","/CoverUp/Joe_Kent_Halt","FBI Halt of Joe Kent's Counterterrorism Leads (Claims)","Claim that NCTC director Joe Kent's foreign-nexus counterterrorism review was directed to stop.","Kent, NCTC director under DNI Tulsi Gabbard, reportedly opened a review into possible foreign involvement or foreknowledge — and that review was reportedly halted before he could run out his leads.","13","5"
"CoverUp_Bagley_Bodycam_Gap","CoverUp","CoverUp/Bagley_Bodycam_Gap.mdx","/CoverUp/Bagley_Bodycam_Gap","Officer's Body Camera Died on the Roof (Claims)","UVU Officer Chris Bagley's only body-cam recording reportedly ended exactly as he reached the Losee Center roof.","His single 27:35 recording reportedly ended on the roof before crime-scene tape went up — battery ""must have died"" — so no footage exists of the alleged sniper's nest or the DNA-linked screwdriver.","14","5"
"CoverUp_Enhanced_Suspect_Photos","CoverUp","CoverUp/Enhanced_Suspect_Photos.mdx","/CoverUp/Enhanced_Suspect_Photos","FBI Admitted Enhancing the Suspect Photos (Claims)","Claim that FBI released digitally enhanced BOLO photos after the suspect was already in custody.","A second set of stairwell images was reportedly pushed out as a public BOLO after Robinson was already in custody, and critics say morning and afternoon photos appear to show different people.","15","5"
"CoverUp_Personnel_Swaps","CoverUp","CoverUp/Pre_Event_Personnel_Swaps.mdx","/CoverUp/Pre_Event_Personnel_Swaps","Key Officials Swapped in the Weeks Before the Event (Claims)","Judge, FBI field office head, and hospital CEO reportedly all changed in the weeks before September 10, 2025.","The presiding judge, the Salt Lake City FBI field-office head, and the treating hospital's CEO reportedly all took their posts in the weeks just before the shooting — the CEO reportedly joining surgery days later.","16","5"
"CoverUp_AES_Tennessee","CoverUp","CoverUp/AES_Tennessee_Explosion.mdx","/CoverUp/AES_Tennessee_Explosion","AES Tennessee Explosives Factory Explosion (Claims)","A Tennessee explosives plant blew up weeks after investigators tied a DoD munitions contract there to the case.","Accurate Energetic Systems in Humphreys County, Tennessee exploded October 10, 2025 — weeks after online investigators linked a Defense Department munitions contract there to the exploding-mic theory.","17","5"
"CoverUp_Autopsy_Sealed","CoverUp","CoverUp/Autopsy_Sealed_Examiner.mdx","/CoverUp/Autopsy_Sealed_Examiner","Autopsy Sealed and the Performing Examiner Kept Out of View (Claims)","The autopsy remains sealed and the pathologist who performed it has reportedly never been publicly named.","At the July 2026 preliminary hearing a DPS agent, not the pathologist, testified to the cause of death; the defense objected as hearsay because the examiner who did the autopsy was never called.","18","5"
"CoverUp_Utah_Autopsy_Law","CoverUp","CoverUp/Utah_Autopsy_Law.mdx","/CoverUp/Utah_Autopsy_Law","Utah Law Banning Public Sharing of Autopsy Photos and Video (Claims)","Utah S.B. 82 criminalized public sharing of non-public autopsy imagery four months before the assassination.","Utah S.B. 82 took effect May 7, 2025 — roughly four months before September 10 — making it a crime to publicly share non-public autopsy photographs and video.","19","5"
"CoverUp_Cellebrite_Contradiction","CoverUp","CoverUp/Cellebrite_Extraction_Contradiction.mdx","/CoverUp/Cellebrite_Extraction_Contradiction","Phone-Extraction Filing Contradicts Courtroom Testimony (Claims)","A prosecution filing disclaimed forensic-extraction evidence the state later relied on in court testimony.","The state's written filing reportedly said it did ""not intend to offer evidence obtained through forensic extractions"" — the same category as the publicly released message trail described later in testimony.","20","5"
"CoverUp_SD_Cards_Removed","CoverUp","CoverUp/SD_Cards_And_Cameras_Removed.mdx","/CoverUp/SD_Cards_And_Cameras_Removed","Cameras and SD Cards Removed From the Scene (Claims)","Event production staff, not police, reportedly pulled camera SD cards before any law-enforcement evidence seal.","TPUSA production staff reportedly secured or extracted recording media rather than preserving the scene, and Charlie Kirk's own microphone audio has reportedly never been released.","21","5"
"CoverUp_Witness_Interviews_Blocked","CoverUp","CoverUp/Witness_Interviews_Blocked.mdx","/CoverUp/Witness_Interviews_Blocked","Local Police Reportedly Told Not to Interview Witnesses (Claims)","Claim that local officers were directed not to interview witnesses and were diverted to a distant location.","Based on police-radio traffic, proponents allege officers were told to stand down from interviewing and tied up at a decoy site, so untainted first-hand witness statements never entered the record.","22","5"
"CoverUp_Black_Clad_Suspect","CoverUp","CoverUp/Black_Clad_Suspect_Dropped.mdx","/CoverUp/Black_Clad_Suspect_Dropped","Black-Clad Rooftop Suspect Dropped From the Narrative (Claims)","An early all-black-clad suspect in dispatch, eyewitness accounts, and rooftop footage reportedly disappeared from the case.","The day's earliest suspect description was a man dressed entirely in black, corroborated by an eyewitness and the only known rooftop footage — a lead that reportedly vanished once federal agents took over.","23","5"
"CoverUp_Therapy_Intimidation","CoverUp","CoverUp/Therapy_Intimidation.mdx","/CoverUp/Therapy_Intimidation","Free Trauma Counseling Used to Intimidate a Witness (Claims)","One witness's account that counseling offered exclusively to assassination witnesses became an intimidation session.","A UVU student who says he stood about 20 feet away reportedly accepted ""free trauma counseling"" advertised only to witnesses, and says the session turned into threats rather than therapy.","24","5"
"CoverUp_Archive_Is_Purge","CoverUp","CoverUp/Archive_Is_Purge.mdx","/CoverUp/Archive_Is_Purge","Archive.today","The FBI subpoenaed the registrar behind Archive.today fifty days after the killing, and the timing questions raised.","On October 30, 2025 — twenty days after the AES plant blast and fifty days after the killing — the FBI subpoenaed the registrar behind the one major web archive that is hard to delete from.","25","5"
"CoverUp_UVU_HD_Footage","CoverUp","CoverUp/UVU_HD_Footage_Withheld.mdx","/CoverUp/UVU_HD_Footage_Withheld","UVU HD Surveillance Never Publicly Released (Claims)","UVU's HD CCTV anchors the probable-cause affidavit yet only grainy re-encoded clips have been released.","The affidavit tracks a suspect across campus from ~11:50 am to 12:23 pm almost entirely on UVU cameras — while conceding that footage ""does not capture the act of firing."" Originals stay withheld.","26","5"
"CoverUp_Sheriff_Video_Withheld","CoverUp","CoverUp/Sheriff_Video_Withheld.mdx","/CoverUp/Sheriff_Video_Withheld","Tyler Robinson Surrender Video Not Publicly Released (Claims)","Washington County Sheriff reportedly returned ""no records"" for surrender and booking video of Robinson.","KUTV 2News reports the sheriff's office returned ""no records"" for any surrender or booking footage — despite intake, dispatch, and body-worn systems that would normally capture those hours.","27","5"
"CoverUp_Airborne_Surveillance","CoverUp","CoverUp/Airborne_Surveillance_Records.mdx","/CoverUp/Airborne_Surveillance_Records","Airborne Surveillance Records Over UVU Withheld (Claims)","Army ISR jet passes and drone activity over UVU mean imagery may exist, but records are unproduced.","A U.S. Army HADES ISR jet, tail number N1098L, callsign AXLE10, is documented making low passes near the UVU corridor before and after the shooting; crew, tasking, and FAA records remain unreleased.","28","5"
"CoverUp_Huachuca_Records","CoverUp","CoverUp/Huachuca_Records_Withheld.mdx","/CoverUp/Huachuca_Records_Withheld","Fort Huachuca Records and JTF Reportedly Silenced (Claims)","A signals-intelligence lead at Fort Huachuca is kept untestable by withheld manifests, FOIA denials, and a recusal.","Commentators allege a signals-capable meeting at the Army's Intelligence Center of Excellence days before September 10 — with flight manifests withheld, FOIA denied, a Joint Task Force reassigned, and a judge recused.","29","5"
"CoverUp_Railroading_Defense","CoverUp","CoverUp/Railroading_Defense.mdx","/CoverUp/Railroading_Defense","Volunteer Defenders Reportedly Blocked, Jailhouse Informant Positioned (Claims)","Claims that volunteer attorneys were refused and an unrelated inmate was moved near the defendant.","Commentators say high-priced attorneys volunteering for the defense were turned away, and that a transport order moved inmate Jaxson Thomas Fox — with no documented case connection — into position as a possible informant.","30","5"
"CoverUp_Prosecutor_Conflict","CoverUp","CoverUp/Prosecutor_Conflict.mdx","/CoverUp/Prosecutor_Conflict","Prosecutor's Daughter Was a Rally Witness (Claims)","A defense motion reports a senior Utah County prosecutor had a family member present at the rally.","A defense motion reportedly states the Chief Deputy County Attorney's family member was at the rally where Kirk was shot; the County Attorney declined an outside conflict screening. All presumed innocent.","31","5"
"CoverUp_Confession_Fabrication","CoverUp","CoverUp/Confession_Fabrication.mdx","/CoverUp/Confession_Fabrication","Questions About How the Discord Confession Was Produced (Claims)","Provenance questions about the Discord confession, which surfaced as photos of a roommate's phone screen.","The ""confession"" reportedly first appeared as still photographs of someone else's phone screen, drip-released over months, never as an exportable log from a seized device or a sworn statement.","32","5"
"CoverUp_Discovery_Dump","CoverUp","CoverUp/Discovery_Document_Dump.mdx","/CoverUp/Discovery_Document_Dump","600,000-File Document Dump and Withheld Raw Data (Claims)","A 600,000-file discovery production reportedly buried the defense while contested raw data stayed withheld.","The defense reportedly received a 600,000-file production while the FBI and ATF withheld the contested raw DNA, ballistics, and chain-of-custody data that would actually test the case.","33","5"
"CoverUp_FARA_Salem_Capture","CoverUp","CoverUp/FARA_Salem_Capture.mdx","/CoverUp/FARA_Salem_Capture","Foreign-Agent Capture of the Kirk Show's Distribution (Claims)","Claims a FARA filing eight days after the killing covered messaging integration into the show's distributor.","A FARA filing tied to Brad Parscale's Clock Tower X LLC, reportedly dated September 18, 2025 — eight days after the killing — is said to cover Israeli-government work including ""messaging integration into Salem Media properties.""","34","5"
"CoverUp_UVU_GRAMA_Records","CoverUp","CoverUp/UVU_GRAMA_Records.mdx","/CoverUp/UVU_GRAMA_Records","UVU Records Redacted and Pre-Event Warnings Buried (Claims)","A GRAMA release reportedly shows pre-event warnings and an alert failure, with names redacted.","A Daily Caller News Foundation GRAMA request reportedly returned about 50 documents / 112 pages containing two pre-event flags and an alert breakdown — with identifying details redacted and more withheld.","35","5"
"CoverUp_Foreign_Flight_Records","CoverUp","CoverUp/Foreign_Flight_Records.mdx","/CoverUp/Foreign_Flight_Records","Foreign-Nexus Flight Records Withheld (Claims)","Foreign flight leads rest on public ADS-B tracks because manifests and security waivers are undisclosed.","Trackers can see tail numbers, routes, and times — but manifests, cargo logs, visas, and security-exception waivers have not been disclosed, so the foreign leads can be neither confirmed nor killed.","36","5"
"CoverUp_Purge_600_Fired","CoverUp","CoverUp/Purge_600_Fired.mdx","/CoverUp/Purge_600_Fired","600+ Americans Punished for Kirk Comments (Claims)","A rapid wave of firings and suspensions reportedly punished 600+ people for posts about Kirk's death.","Teachers, nurses, flight attendants, and office workers — 600+ reportedly fired or suspended within weeks for social-media comments, a speed and volume critics say chilled discussion of the investigation itself.","37","5"
"CoverUp_Narrative_Psyop","CoverUp","CoverUp/Narrative_Psyop.mdx","/CoverUp/Narrative_Psyop","Online Narrative-Control Operations (Claims)","Allegations that coordinated accounts, bots, and trolls steered online conversation about the assassination.","Investigators allege coordinated inauthentic accounts surged on the case's key threads, shaping which explanations spread and which were swarmed — presented as attributed, unproven allegations.","38","5"
"CoverUp_Censorship_Investigators","CoverUp","CoverUp/Censorship_Investigators.mdx","/CoverUp/Censorship_Investigators","Censorship of Charlie Kirk Citizen Investigators (Claims)","Independent researchers report shadowbans, throttling, demonetization, and removals of their Kirk posts.","Researchers document reach collapsing on posts about the case specifically — not their other content — which they read as targeted throttling; ordinary moderation explanations are also given.","39","5"
"CoverUp_Antisemitism_Branding","CoverUp","CoverUp/Antisemitism_Branding.mdx","/CoverUp/Antisemitism_Branding","Blood Libel Branding Used to Kill Foreign Leads (Claims)","Claim that labeling foreign-nexus questions antisemitic functioned as rhetorical closure deterring records requests.","Questions about Israeli-registered phones near the venue or reported donor pressure were reportedly answered with the labels ""antisemite"" or ""blood libel"" rather than on the merits, deterring reporters from pressing.","40","5"
"Defamation_Harpole_v_Owens","Defamation","Defamation/Brian_Harpole_Candace_Defemation.mdx","/Defamation/Brian_Harpole_Candace_Defemation","Brian Harpole v. Candace Owens","Covers the defamation suit by Kirk's security chief against Candace Owens, the reported mass judicial recusal, and the public-figure dispute.","Journalist Grace Ashford reported July 10, 2026 that every district and magistrate judge in Tennessee's Middle District recused from the case, reportedly forcing the Sixth Circuit to import an outside judge.","1","5"
"Defamation_Section_Overview","Defamation","Defamation/overview.mdx","/Defamation/overview","Defamation","Section overview of defamation lawsuits tied to the Charlie Kirk investigation and how discovery could force facts into the open.","A private defamation suit can reach subpoena and deposition power before any federal disclosure law does, potentially putting Kirk's September 10 security arrangements under oath.","2","4"
"Distraction_Black_Clothing_Suspect","distraction_people","distraction_people/Black_Clothing_Figure.mdx","/distraction_people/Black_Clothing_Figure","Black Clothing Figure — Top Rooftop Suspect (Unidentified)","The unidentified all-black tactical figure described by dispatch, a construction crew, and the only pre-shooting rooftop video.","Construction worker Dylan Hope reportedly says the black-clad man admitted someone had been shot before sirens started; crews say the sheriff's suspect photo did not match the FBI's released image.","1","5"
"Distraction_Kennington_Court_Records","distraction_people","distraction_people/Russell_Kennington.mdx","/distraction_people/Russell_Kennington","Russell Kennington — Scene-Tampering Report","Conflicting records over whether a man was arrested inside the taped-off UVU crime scene the day after the shooting.","A GRAMA response reportedly said nobody was arrested, yet circulated Provo court documents show arrest at 11:30 AM Sept 11, release order signed 3:35 PM, booked out 6:16 PM.","2","5"
"Distraction_Do_Not_Interview","distraction_people","distraction_people/SMBB_Break_Man.mdx","/distraction_people/SMBB_Break_Man","SMBB Break Man","An unidentified man who reportedly said an APB was out on him for the UVU shooting, surfacing on police radio near Salt Lake.","Circulated radio audio reportedly carries the line ""As per SBI and FBI, we've been given clear direction NOT to interview"" — officers told to stand by roughly two hours without taking a statement.","3","4"
"Distraction_Qureshi_Released","distraction_people","distraction_people/Zachariah_Qureshi.mdx","/distraction_people/Zachariah_Qureshi","Zachariah Qureshi — Detained and Released","A man detained near the UVU event and released within hours, never charged, named in early federal custody statements.","Federal leadership reportedly named him in custody then released him about 90 minutes later; commentary notes his father's firm Bilt Inc. reportedly drew roughly $8M in Air Force contracts in June 2025.","4","4"
"Distraction_Zinn_Shoot_Me","distraction_people","distraction_people/George_Zinn.mdx","/distraction_people/George_Zinn","George Zinn — the ""Shoot Me"" Man","The first person arrested after the shooting, who police say falsely claimed responsibility, and his later obstruction plea.","Police say Zinn, 71, shouted ""I shot him, now shoot me"" and later admitted he did it to draw attention away from the real shooter — an on-record distraction, then pleaded to felony obstruction.","5","4"
"Distraction_Kozak_Last_Question","distraction_people","distraction_people/Hunter_Kozak.mdx","/distraction_people/Hunter_Kozak","Hunter Kozak — Last Question","The student who reportedly asked the final audience question moments before Charlie Kirk was shot.","Commentary alleges his father is reportedly a director on the Jimmy Kimmel show, that his group's event credentials had reportedly been revoked, and that in a Sept 12 interview he mentioned ""MIC"" then said he didn't know the term.","6","5"
"Distraction_Jailhouse_Informant","distraction_people","distraction_people/Jaxson_Thomas_Fox.mdx","/distraction_people/Jaxson_Thomas_Fox","Jaxson Thomas Fox — Jailhouse Informant","A jail inmate reportedly transported into the Tyler Robinson case as an informant amid closed hearings.","A judge reportedly issued a transport order for an inmate with no known connection to the case, alongside closed-door hearings and a sua sponte gag order; a commentator reports Google Trends interest in his name from Israel dating to November 2023.","7","4"
"Distraction_Cutler_Camera","distraction_people","distraction_people/Rick_Cutler.mdx","/distraction_people/Rick_Cutler","Rick Cutler — Citizen Threads","A named figure whom citizen footage places near Charlie Kirk and the transport SUV.","A presence-only record of a named person on scene — frame interpretation, not any official finding.","8","4"
"Distraction_Lyman_Shot_Origin","distraction_people","distraction_people/Phil_Lyman.mdx","/distraction_people/Phil_Lyman","Phil Lyman — Early Shot-Origin Claim","A Utah public figure who made an early public statement about the shot's origin, and the questions commentators raise.","Commentary alleges he was first to name a shot origin despite being inside the building, while two women outside said there were two shots from elsewhere; notes claim he was one of only 37 commenters on a pre-event MK-Ultra Discord post.","9","4"
"Distraction_Timeline_Sept_10","distraction_people","distraction_people/Distraction_Timeline.mdx","/distraction_people/Distraction_Timeline","Distraction Timeline — Sept 10–11","Chronological map of detentions, false alerts, and diverted responders in the hours after the shooting.","About 19 minutes after the shot, a campus alert reportedly announced a ""suspect in custody"" that was false, while roughly 10,000 students stayed on campus and the actual shooter was still unlocated.","10","4"
"Distraction_Beau_Mason_DPS","distraction_people","distraction_people/Beau_Mason.mdx","/distraction_people/Beau_Mason","Beau Mason — DPS Commissioner","The Utah DPS commissioner who announced early case developments, including clearing George Zinn and the rifle recovery.","He was appointed only weeks before the assassination and released enhanced stairwell and rooftop imagery while raw UVU camera feeds stayed restricted — the selective-transparency complaint at the center of the camera debate.","11","5"
"Distraction_Pellet_Gun_Man","distraction_people","distraction_people/Pellet_Gun_Man.mdx","/distraction_people/Pellet_Gun_Man","Pellet Gun Man (Provo)","An unidentified man reported biking through Provo with an air rifle in the hours after the shooting.","Scanner traffic described a man openly carrying a Ruger Yukon Magnum .177 break-barrel air rifle through downtown Provo miles from the scene during the manhunt window; he was reportedly never identified.","12","4"
"Distraction_Badge_Man","distraction_people","distraction_people/Fake_Cop_Badge_Man.mdx","/distraction_people/Fake_Cop_Badge_Man","Badge Man — the 'Fake Cop' Claim","An unidentified scene figure who, per image-analysis posts, appeared to wear a clip-on badge and then remove it.","Image-analysis posters claim a man at the scene wore a clip-on badge and then removed it, raising the question of who present was actually law enforcement — a single uncorroborated claim the page itself calls the thinnest entry.","13","5"
"Distraction_USA_Chant_Man","distraction_people","distraction_people/USA_Chant_Man.mdx","/distraction_people/USA_Chant_Man","USA-Chant Man — Crowd Figure","The man filmed chanting ""USA"" in the seconds after the shooting, and his reported explanation.","The video may look like he pumped his fist in the air seconds after Charlie Kirk was hit, but he says he did not cheer — and reportedly chanted to create a calming distraction in the panicking crowd.","15","4"
"Distraction_Piskadlo_South_Door","distraction_people","distraction_people/Andrew_Piskadlo.mdx","/distraction_people/Andrew_Piskadlo","Andrew Piskadlo — South-Door Photographer","A photographer reportedly positioned near a south door at the UVU event who appears in citizen discussion.","The page's open question is the striking part: nobody has publicly established what images or footage the south-door photographer captured, or whether any of it was ever turned over to investigators.","19","4"
"Distraction_Investigation_Index","distraction_people","distraction_people/Investigation_Index.mdx","/distraction_people/Investigation_Index","Distraction People — Investigation Index","Working memo cataloguing documented and alleged distraction figures around the UVU event.","It names the exact disclosure targets citizens want subpoenaed — booking and release logs, FBI 302s, dispatch audio, GRAMA confirmations, and informant agreements for every person detained Sept 10–14.","20","4"
"Distraction_Section_Overview","distraction_people","distraction_people/overview.mdx","/distraction_people/overview","Possible Distraction People","Hub page listing every figure who drew police or media attention at the UVU event.","The section's organizing fact: police say one man admitted shouting that he shot Charlie Kirk specifically to draw attention from the real shooter — proof that on-scene distraction happened, not merely a theory.","21","4"
"Drones_N1098L_Air_Launched","Drones","Drones/N1098L_Air_Launched_Drones.mdx","/Drones/N1098L_Air_Launched_Drones","N1098L Air-Launched Drones","The claim that N1098L launched drones near UVU, and why the plane very likely did not.","N1098L very likely did not launch drones — it may have been a training plane, not built out for it, possibly there to waste investigators' time. If the people who planned for it to be there knew the crime would happen, that is a path to foreknowledge worth investigating; we do not claim it is true.","1","4"
"Drones_TPUSA_Production_Drone","Drones","Drones/TPUSA_Production_Drone.mdx","/Drones/TPUSA_Production_Drone","TPUSA Production Drone","TPUSA denied drones overhead, then published birthday-tribute B-roll shot from a drone at the Sept 10 event.","A TPUSA counsel cease-and-desist letter reportedly admitted a media drone flew for B-roll before the event while security was denied drone overwatch; Turek reportedly warned Charlie about building exposure.","2","4"
"Drones_Military_On_Video","Drones","Drones/Military_Drones_On_Video.mdx","/Drones/Military_Drones_On_Video","Military Drones on Video","Citizen phone-video claims of fast low objects over UVU, including a 16-drone thread and a post-shot unknown object.","Blake Bednarz reportedly counted 16 drones over UVU; a 150 mph pass at 50 m lasts under one second, which is offered to explain why eyewitness counts range from zero to many.","4","4"
"Drones_UVU_Security_None","Drones","Drones/UVU_Security_No_Drones.mdx","/Drones/UVU_Security_No_Drones","UVU Security & No Drones","Documents that UVU campus police deployed no preventive drones, only six officers on crowd control.","UVU runs its own campus drone program yet reportedly engaged no drones that day; six officers — a quarter of the department — covered perimeter only, not rooftop inspection.","5","4"
"Drones_Butler_PA_Parallel","Drones","Drones/Butler_PA_Drone_Parallel.mdx","/Drones/Butler_PA_Drone_Parallel","Butler PA Drone Parallel","Compares unexplained drone reporting at the 2024 Butler Trump rally with UVU, including an NCTC same-group allegation.","Notes from a reported 45-minute call summarize an alleged NCTC working theory that the same sophisticated group used ''the same drones, apparently'' at Butler and UVU, blaming a local patsy.","6","4"
"Drones_Butch_Hibbs_Crowd","Drones","Drones/Butch_Hibbs_Crowd_Drones.mdx","/Drones/Butch_Hibbs_Crowd_Drones","Butch Hibbs & Crowd Drones","Citizen posts placing a veteran Utah drone operator in the crowd near Charlie Kirk.","A white-bearded veteran Utah drone operator was photographed near Charlie; the object in his front pocket looks about the size of a Rode wireless mic receiver. We do not claim it is one, that he knew ahead of time, or that he was involved — only that it could continue to be investigated.","8","4"
"Drones_Investigation_Index","Drones","Drones/Investigation_Index.mdx","/Drones/Investigation_Index","Drones — Investigation Index","Working memo routing all drone threads: military ISR, event camera drones, weaponized theories, and disclosure gaps.","It flags Counter-UAS testing at Provo Airport by Egyptian contractors between Sept 4 and Sept 10 — the same week — as an open disclosure target alongside FAA authorizations for UVU airspace.","9","4"
"Drones_Section_Overview","Drones","Drones/overview.mdx","/Drones/overview","Drones","Hub page framing airspace over UVU as evidence and separating documented flight data from disputed weaponized theories.","It states plainly that if any small UAS provided overwatch, strike capability, or acoustic cover on Sept 10, the rooftop .30-06 story may be incomplete.","10","4"
"Electro_Resonant_Site_Prep","Electrocution","Electrocution/resonant-site-preparation.mdx","/Electrocution/resonant-site-preparation","Resonant Site Preparation","Examines claims that the UVU courtyard itself was prepared and then altered afterward, against what the investigation has actually documented.","Soil under the tent was reportedly removed by two separate companies and the ground resurfaced with concrete pavers, destroying any later forensic comparison of the scene.","1","4"
"Electro_BFRC_Full_Text","Electrocution","Electrocution/bfrc-hypothesis.mdx","/Electrocution/bfrc-hypothesis","The BFRC Hypothesis (Full Text)","Full unedited text of a citizen physics hypothesis posted July 15, 2026, plus an assessment of what it does and does not establish.","The post asserts internal injuries were inconsistent with ballistic trauma, and points to an IR camera and box mounted on the tent truss directly behind Charlie Kirk's head.","2","4"
"Electro_Fort_Huachuca","Electrocution","Electrocution/fort-huachuca-em-expertise.mdx","/Electrocution/fort-huachuca-em-expertise","Fort Huachuca EM Expertise","Examines the claim naming the Army's electromagnetic and electronic-warfare proving ground as the source of expertise, and why capability is not involvement.","A named US Army electronic-warfare proving ground in Cochise County, Arizona is invoked by the poster as the operation's technical source, with no document, name, or record offered.","3","4"
"Electro_Overview","Electrocution","Electrocution/overview.mdx","/Electrocution/overview","Electrocution — The B-Field Resonant Cascade Hypothesis","Section landing page presenting an unverified citizen hypothesis alongside the exploding-mic theory and the official rifle account.","A cross-section diagram claims the stage sat over a below-grade service cavity with an electrical tap, and that the .30-06 story is the cover.","4","4"
"FBI_Rigged_Mic_Anomalies","FBI","FBI/Rigged_Mic_Explains_Anomalies.mdx","/FBI/Rigged_Mic_Explains_Anomalies","Would a Rigged Mic Explain the Anomalies? (Claims)","Argues one hypothesis, a rigged RODE mic carrying a shaped charge, would account for six separate case anomalies at once.","Six oddities reportedly line up under one explanation: bomb dogs kept away, soil excavated, feds hunting Kirk's necklace, no Losee-building shooter seen, no GSR test done.","1","4"
"FBI_Bomb_Dogs","FBI","FBI/Bomb_Dogs.mdx","/FBI/Bomb_Dogs","Bomb Dogs Standdown","Documents the reported claim that federal authorities kept bomb-sniffing K-9 units away from certain zones of the UVU crime scene.","Candace Owens reportedly says the FBI did not want bomb dogs in certain areas — the one tool that would detect explosive residue at a scene later paved over.","2","4"
"FBI_Crime_Scene_Paving","FBI","FBI/Crime_Scene_Paving.mdx","/FBI/Crime_Scene_Paving","Crime Scene Paving","Contractor Dan Merrell's account that he paved over the UVU killing site four days later, citing governor and FBI orders.","Pavers reportedly went in September 14 — four days after the killing — on a Sunday in Utah County, with over-excavation of the soil that would carry explosive residue.","3","4"
"FBI_Foreign_Leads","FBI","FBI/Foreign_Leads.mdx","/FBI/Foreign_Leads","Foreign Leads Blocked","Covers the reported FBI shutdown of NCTC's foreign-nexus counterterrorism inquiry and Benny Johnson's state-actor remarks.","NCTC director Joe Kent went on record: multiple people had pre-knowledge of the assassination and the FBI shut down his investigation before he could run down all leads.","4","4"
"FBI_Enhanced_Suspect_Photos","FBI","FBI/Enhanced_Suspect_Photos.mdx","/FBI/Enhanced_Suspect_Photos","Enhanced Suspect Photos","Examines the stairwell suspect photos released September 11, their timing versus custody, and Kash Patel's ""enhanced"" description.","Robinson was reportedly Mirandized at 6:25 PM, yet ""enhanced"" stairwell photos were released around 7:58 PM — after he was already in custody, so not to find him.","5","4"
"FBI_Evidence_Footage","FBI","FBI/Evidence_Footage.mdx","/FBI/Evidence_Footage","Evidence & Footage Preservation","Tracks cropped video, withheld 4K campus archives, witness deletion requests, and the reported destruction of the transport SUV.","The record alleges the SUV that carried Kirk to the hospital was chopped up, melted down and disposed of — erasing blood evidence, fragments and telematics data.","6","4"
"FBI_Ballistics_Forensics","FBI","FBI/Ballistics_Forensics.mdx","/FBI/Ballistics_Forensics","Ballistics & Forensics","Reviews the ATF summary report, CBLA allegations, Virtual Comparison Microscopy, DNA mixtures, and denied defense access.","Only one bullet jacket fragment and four lead fragments were recovered at autopsy, matched to the rifle by ""class characteristics"" — not an individual identification.","7","5"
"FBI_Witness_Coordination","FBI","FBI/Witness_Coordination.mdx","/FBI/Witness_Coordination","Witnesses & Local Coordination","Reported directives that local police not interview witnesses and that eyewitnesses delete their own phone footage.","A circulated recording quotes the directive: ""As per SBI and FBI, we've been given clear direction NOT to interview."" Witness Ryne Simmons says the FBI phoned repeatedly to confirm he deleted 4K footage.","8","4"
"FBI_CIA_Block","FBI","FBI/CIA_Block.mdx","/FBI/CIA_Block","CIA–FBI Conflict","Mike Glover's reported account that CIA personnel were blocked by the FBI from working the Charlie Kirk case.","Glover says a high-level CIA contact told him agents were physically turned around at the airport, and that the block was relayed to the Oval Office with no corrective action.","9","4"
"FBI_Security_Clothing_Seized","FBI","FBI/Security_Team_Clothing_Seized.mdx","/FBI/Security_Team_Clothing_Seized","Security Team Clothing Seized","Candace Owens' July 2026 report that the FBI took Charlie Kirk's security detail's clothing down to their underwear.","Agents reportedly stripped the detail ""down to their boxer briefs"" for evidence — while, per separate claims, the transport SUV was released, cleaned and prepared for resale.","10","4"
"FBI_SLC_Field_Office","FBI","FBI/SLC_Field_Office.mdx","/FBI/SLC_Field_Office","Salt Lake City Field Office","Charts the August 2025 SAC leadership change at the Utah field office weeks before the assassination.","SAC Mehtab Syed was reportedly forced out in August 2025 and replaced by Robert Bohls weeks before September 10 — and Bohls led the first press conference on the killing.","11","4"
"FBI_Official_Narrative","FBI","FBI/Official_Narrative.mdx","/FBI/Official_Narrative","Official Narrative Claims","Lists the most-cited official narrative elements citizen investigators say do not match the documentary record.","Robinson's father reportedly said the stairwell and roof footage did not look like his son — contradicting the official story that the father identified him from it.","12","4"
"FBI_Black_Clothing_Photo","FBI","FBI/Black_Clothing_Photo.mdx","/FBI/Black_Clothing_Photo","Black Clothing Photo Discrepancy","Eyewitness descriptions of an all-black-clad man and the reported mismatch between local and FBI-released suspect photos.","Electrician Dylan Hope described a man in black trench coat, mask and long greasy hair — and says the photo sheriffs showed the crew Wednesday differed from what the FBI released Thursday.","13","5"
"FBI_Kash_Patel_Briefings","FBI","FBI/Kash_Patel_Briefings.mdx","/FBI/Kash_Patel_Briefings","Kash Patel Press Briefings","Analyzes what FBI Director Kash Patel said and omitted in the post-assassination press briefings.","Patel's repeated ""33 hours to justice"" figure lands near 9:23 PM September 11 — roughly three hours after Robinson was reportedly already Mirandized at 6:25 PM.","14","4"
"FBI_Discovery_Delays","FBI","FBI/Discovery_Delays.mdx","/FBI/Discovery_Delays","Discovery & Access Delays","Tracks the defense fight for FBI and ATF ballistics, DNA and chain-of-custody material in State v. Robinson.","The defense was reportedly denied permission to photograph the jacket fragment or watch Virtual Comparison Microscopy testing done with pliers, and faces a reported 600,000-document dump.","15","4"
"FBI_Hospital_Footage_Seizure","FBI","FBI/Hospital_Footage_Seizure.mdx","/FBI/Hospital_Footage_Seizure","Hospital Footage Seizure","Reported FBI seizure of Timpanogos Regional Hospital interior surveillance while the manhunt was still active outside.","The FBI reportedly seized interior hospital video during an active manhunt, and the hospital's new CEO — appointed weeks earlier on August 19, 2025 — reportedly treated Kirk himself.","16","4"
"FBI_Gag_Orders","FBI","FBI/Gag_Orders.mdx","/FBI/Gag_Orders","Gag Orders & Public Silence","Documents court gag orders, closed hearings, hospital NDAs and informal pressure on witnesses not to speak.","Judge Tony Graf was sworn in August 4, 2025 — reportedly the same day the SLC FBI SAC was replaced — and commentators allege Israeli-IP searches on both judges' names months before the killing.","17","4"
"FBI_Connecticut","FBI","FBI/Connecticut.mdx","/FBI/Connecticut","FBI Connecticut","Examines claims that the FBI's Connecticut office, not just Salt Lake City, played a role in the Utah investigation.","The research record claims an eastern field office worked a Utah homicide, and that the FBI Connecticut building reportedly shares a floor with the ADL.","18","4"
"FBI_Investigation_Memo","FBI","FBI/FBI_Investigation.mdx","/FBI/FBI_Investigation","FBI Investigation","Working investigative memo synthesizing the FBI's role, evidence-access questions and open lines of inquiry.","Digital forensics from Robinson's devices were reportedly sealed until March 2026 — six months of the case's core evidence kept out of public and defense view.","19","4"
"FBI_Section_Overview","FBI","FBI/overview.mdx","/FBI/overview","FBI","Index page for the FBI section, linking every federal-posture thread from briefings and ballistics to witness silencing.","Serves as the map of twenty-plus separate FBI anomalies — briefings, blocked foreign leads, seized footage, paved crime scene — collected in one place.","20","4"
"Fix_Digital_Evidence","Fix","Fix/Digital_Evidence.mdx","/Fix/Digital_Evidence","Digital Evidence Preservation","Proposed law forcing automatic preservation of phone, cloud, venue and platform footage the moment a major incident occurs.","Witness Ryne Simmons reportedly says FBI pressed him to delete his 4K event video, and camera memory cards were allegedly pulled before police secured them.","1","5"
"Fix_Whistleblower","Fix","Fix/Whistleblower.mdx","/Fix/Whistleblower","Whistleblower Protections","Proposed protections for insiders reporting stand-down orders, suppressed leads, or retaliation in the Kirk investigation.","Former NCTC director Joe Kent has said on the record his center's foreign-ties review was ordered stopped while leads were still open; local officers were allegedly told not to interview.","2","4"
"Fix_Foreign_Influence","Fix","Fix/Foreign_Influence.mdx","/Fix/Foreign_Influence","Foreign Influence Transparency","Proposed FARA modernization and disclosure rules covering foreign funding of U.S. non-profits and political advertising.","Joe Kent reportedly says the FBI shut down foreign-nexus leads before they were exhausted, and Benny Johnson's on-air 'state actors' remark was followed by an abrupt hard stop.","3","4"
"Fix_Medical_Transparency","Fix","Fix/Medical_Transparency.mdx","/Fix/Medical_Transparency","Medical Examiner Transparency","Proposed law requiring structured public autopsy summaries and independent expert access in high-profile deaths.","Hospital interior footage was reportedly seized with NDA claims at the Timpanogos-class facility, and no public ME summary exists to settle disputes over wound trajectory and energy.","4","4"
"Fix_Event_Security","Fix","Fix/Event_Security.mdx","/Fix/Event_Security","Event Security Standards","Proposed published baseline standards, transparent contracting, counter-drone planning, and public after-action reviews for public events.","Citizen accounts say the roof was watched for minutes with no interdiction and that there were no bomb dogs or roof protection; private security reportedly flagged those gaps beforehand.","5","4"
"Fix_Discovery_Rights","Fix","Fix/Discovery_Rights.mdx","/Fix/Discovery_Rights","Discovery Rights Reform","Proposed reform closing the custodial gap that lets federal agencies withhold material evidence from state prosecutions and defense teams.","Preliminary-hearing video was shown to the family but never broadcast, and ATF fragment and CBLA materials are debated publicly without the full exhibits ever being released.","6","5"
"Fix_Vote_Out_Politicians","Fix","Fix/Politicans.mdx","/Fix/Politicans","Vote out Cover-Up Politicians","How voters can evaluate elected officials on transparency, oversight, and evidence-preservation conduct in the Kirk case.","X threads reportedly allege that officials authorized weekend alteration and paving of the crime scene; oversight hearings have still produced no lead lists or paving authorizations.","7","4"
"Fix_Evidence_Thresholds","Fix","Fix/Conclusion_Logic.mdx","/Fix/Conclusion_Logic","Conclusion Logic: Evidence Thresholds","A ladder of legal, intelligence, and military confidence standards for judging claims in the research corpus.","ATF's fragment-to-rifle comparison reportedly came back inconclusive — meaning the physical link between the recovered rifle and the fragments was never established either way.","8","4"
"Fix_TPUSA_Reform","Fix","Fix/TSUSA.mdx","/Fix/TSUSA","TSUSA: Ethically Aligned with Charlie Kirk","Proposed governance, audit, security after-action, and whistleblower reforms for the organization Charlie Kirk led.","Commentators including Elijah Schaffer discuss reported Hamptons donor-pressure meetings and tension between donor preferences and Kirk's evolving public positions before his death.","9","4"
"Fix_Media_Reform","Fix","Fix/Media_Reform.mdx","/Fix/Media_Reform","Media and Journalism Transparency","Proposed federal shield law, anti-SLAPP protection, and standing for citizen-investigators covering the case.","Citizen investigators report shadowbans, legal threats and platform friction specifically when posting Kirk threads, while independent witnesses describe gag pressure and informal silencing.","10","4"
"Fix_Victim_Family_Rights","Fix","Fix/Victim_Family_Rights.mdx","/Fix/Victim_Family_Rights","Victim Family Rights","Proposed law giving victims' families liaison access, timely forensic briefings, and a role in charging decisions.","The family was allowed to view hearing video the public is locked out of, and Erika Kirk's counsel reportedly moved for a timely ruling after the preliminary hearing adjourned.","11","4"
"Fix_Law2_Intelligence","Fix","Fix/disabled/Law2.mdx","/Fix/disabled/Law2","Law 2: Intelligence Disclosure","Draft law forcing intelligence agencies to disclose products, foreign-liaison traffic, and search methodology tied to the case.","It would force agencies to describe exactly which systems they searched, because 'no responsive records' findings have reportedly been returned in other cases where records demonstrably existed.","12","4"
"Fix_Law3_Mandate","Fix","Fix/disabled/Law3.mdx","/Fix/disabled/Law3","Law 3: Mandate the Investigation","Draft law compelling a funded, independent, multi-agency investigation with a protected budget and minimum duration.","Agencies can release boxes of records while assigning almost nobody to follow the leads inside them — disclosure without investigation, plus quietly narrowed mandates that exclude sensitive leads.","13","4"
"Fix_Law1_Disclosure","Fix","Fix/disabled/Law1.mdx","/Fix/disabled/Law1","Law 1: Force Information Disclosure","Draft FBI and DOJ disclosure law covering autopsy, ballistics, camera footage, flights, and drone activity.","It includes a duty to log destroyed or missing evidence, driven by open questions about deleted videos, aircraft tail numbers, and alleged drone activity around the event.","14","4"
"Fix_Law4_Trusted","Fix","Fix/disabled/Law4.mdx","/Fix/disabled/Law4","Law 4: Trusted Investigators","Draft law embedding outside trusted investigators with full file access and independent public-release authority.","It gives outsiders authority to publish what was asked and refused — because today the public only sees what an agency chose to release, never what it declined to answer.","15","4"
"Fix_Churches","Fix","Fix/Churches.mdx","/Fix/Churches","Ask Churches to Ensure Justice Happens","How faith communities can support families and press for transparency without incitement or unfair accusation.","Congregations hosting memorials reportedly cannot verify basic facts from primary sources because gag orders and sealed filings block access to the paving and ballistics record.","16","5"
"Fix_Overview","Fix","Fix/overview.mdx","/Fix/overview","New Laws (Fix)","Index of the four proposed federal disclosure laws plus companion reform plans across medical, security, and media transparency.","The reform agenda is built around four federal laws modeled on the Epstein Files Act, implying the existing legal machinery cannot compel disclosure on its own.","17","4"
"GoogleSearch_Kathryn_Nester","GoogleSearches","GoogleSearches/kathryn-nester-searches.mdx","/GoogleSearches/kathryn-nester-searches","Kathryn Nester — Dec 2024 Israel Spike","Claims that Tyler Robinson's future defense attorney drew an Israel-only Google Trends surge in December 2024.","Researchers report a Dec 8-14, 2024 search surge peaking at 100, attributed to Israeli geography, for the Utah attorney who would defend the accused shooter nine months later.","1","4"
"GoogleSearch_Judges_Graf_Lunnen","GoogleSearches","GoogleSearches/judges-graf-lunnen-searches.mdx","/GoogleSearches/judges-graf-lunnen-searches","Judges Graf & Lunnen — Search Patterns","Claims that both Utah judges on the case were searched from Israel months before the shooting, with zero Utah searches.","Reportedly Judge Lunnen was searched May 15 and Judge Graf July 26, 2025 from Israeli geography — with zero Utah searches for either name until after Kirk died.","2","4"
"GoogleSearch_Timpanogos_Surgeons","GoogleSearches","GoogleSearches/timpanogos-medical-searches.mdx","/GoogleSearches/timpanogos-medical-searches","Timpanogos, Examiner & Surgeon Searches","Google Trends claims covering the receiving hospital, the medical examiner, seven named surgeons, and Utah's autopsy-photo law.","Seven Provo-area surgeons were reportedly searched from Israel between July 14-30, 2025, and medical examiner Deirdre Amaro on June 30 — the day before she started full-time.","3","4"
"GoogleSearch_Crane_Demolition_Contract","GoogleSearches","GoogleSearches/crane-search-patterns.mdx","/GoogleSearches/crane-search-patterns","Crane — Search Result Claims","The NSWC Crane thread: a Navy miniaturized demolition charge contract and its link to the exploding-microphone theory.","Navy award N0016425PJ538 bought $440,494 of ''miniaturized-XS demolition charges'' from Accurate Energetic Systems, delivery Aug 25, 2025 — sixteen days before the assassination.","4","5"
"GoogleSearch_Tyler_Lance","GoogleSearches","GoogleSearches/tyler-robinson-lance-twiggs-searches.mdx","/GoogleSearches/tyler-robinson-lance-twiggs-searches","Tyler Robinson & Lance Twiggs — Search Patterns","Trends claims that the accused shooter, his partner, and their St. George address were searched for months beforehand.","Compilations claim the string ''Tyler Robinson Discord/Reddit/FBI/LDS/TPUSA/Israel'' shows interest from June-November 2024, and nonstop interest in the St. George address from Dec 2024.","5","4"
"GoogleSearch_Fort_Huachuca_Wiped","GoogleSearches","GoogleSearches/fort-huachuca-image-searches.mdx","/GoogleSearches/fort-huachuca-image-searches","Fort Huachuca Image Search Results (Claims)","Stew Peters' claim that Google image results vanished for every figure his show named in the Fort Huachuca thread.","Peters reportedly found image results gone for several people the day after naming them — while people he did not name still appeared.","6","4"
"GoogleSearch_UVU_Campus","GoogleSearches","GoogleSearches/uvu-campus-location-searches.mdx","/GoogleSearches/uvu-campus-location-searches","UVU Campus & Location Searches","Trends claims that UVU buildings, rooftops, CCTV, and the Losee Center were researched online long before the event.","''Utah Valley University buildings'' reportedly drew Israel-attributed interest in August 2024, with rooftop, CCTV, and Losee Center strings May-July 2025 — and N888KG searched in Utah on Sept 9.","7","4"
"GoogleSearch_Huachuca_Sept9","GoogleSearches","GoogleSearches/fort-huachuca-sept-9-searches.mdx","/GoogleSearches/fort-huachuca-sept-9-searches","Fort Huachuca 9/9/2025 — Pre-Sept 9 Search Spikes (Claims)","The original claim of geo-specific image-search spikes for DIA, CENTCOM, Crane, and Kirk security figures before Sept 9, 2025.","Peters claimed spikes clustered on exactly the people who would need escort and ID at the Army's premier intelligence base — the day SAM-702 flew in, one day before Kirk died.","8","4"
"GoogleSearch_Trends_Deletion","GoogleSearches","GoogleSearches/trends-deletion-suppression.mdx","/GoogleSearches/trends-deletion-suppression","Trends Deletion & Suppression Claims","Allegations that Google Trends data for case-linked terms disappeared after investigators published screenshots.","A researcher reportedly watched a June 20, 2025 spike for Precision Marble & Granite LLC show on mobile, read zero on desktop, then vanish from mobile entirely.","9","4"
"GoogleSearch_Planes_Tails","GoogleSearches","GoogleSearches/planes-search-patterns.mdx","/GoogleSearches/planes-search-patterns","Planes — N1098L & N888KG Search Patterns","Trends claims for two aircraft tail numbers searched from Israel and Utah in the weeks before Sept 10, 2025.","The Army HADES surveillance jet N1098L reportedly drew an Israel-attributed search spike on Aug 8, 2025 — 32 days before the shooting; tail numbers are near-unique search strings.","10","4"
"GoogleSearch_Israel_IP","GoogleSearches","GoogleSearches/israel-ip-search-patterns.mdx","/GoogleSearches/israel-ip-search-patterns","Israel IP Search Patterns (Claims)","Master list of subjects allegedly showing Israeli-geography search spikes back to 2023, plus the counterarguments.","The same commentators note Israeli software inside the case itself — Cellebrite authenticating the texts and BriefCam reportedly tracking the suspect on UVU cameras.","11","4"
"GoogleSearch_July_20_Anchor","GoogleSearches","GoogleSearches/july-20-2025-anchor.mdx","/GoogleSearches/july-20-2025-anchor","July 20, 2025 — Anchor Window","Why commentators treat the week of July 20, 2025 as the planning-phase window for pre-event search activity.","That single week reportedly held the Egyptian jet SU-BTT's first U.S. trip, a foreign-leaders military meeting on U.S. soil, Beau Mason's DPS appointment, and a two-week surgeon search frenzy.","12","4"
"GoogleSearch_CENTCOM","GoogleSearches","GoogleSearches/centcom-search-patterns.mdx","/GoogleSearches/centcom-search-patterns","CENTCOM — Search Result Claims","The CENTCOM thread inside the image-search claim, including the Sept 8 2025 El-Sisi meeting and the ''Admiral Cooper'' query.","Egypt's presidency website logged President El-Sisi meeting the CENTCOM commander on Sept 8, 2025 — two days before the assassination; the page stresses this is proximity, not evidence.","13","5"
"GoogleSearch_FBI_DPS","GoogleSearches","GoogleSearches/fbi-dps-law-enforcement-searches.mdx","/GoogleSearches/fbi-dps-law-enforcement-searches","FBI, DPS & Law Enforcement Searches","Trends claims covering the FBI Salt Lake leadership transition and Utah's incoming public safety commissioner.","Beau Mason was reportedly searched from Washington DC on July 16, 2025 — the day before he was appointed Utah DPS commissioner; incoming FBI SAC Robert Bohls on Sept 1.","14","4"
"GoogleSearch_DIA","GoogleSearches","GoogleSearches/dia-search-patterns.mdx","/GoogleSearches/dia-search-patterns","DIA — Search Result Claims","What the Defense Intelligence Agency is, why it surfaces in the Fort Huachuca thread, and the limits of the search claim.","Why the Defense Intelligence Agency surfaces in the Fort Huachuca search claims, and the limits of those claims.","15","4"
"GoogleSearch_TPUSA_Political","GoogleSearches","GoogleSearches/tpusa-political-figures-searches.mdx","/GoogleSearches/tpusa-political-figures-searches","TPUSA Insiders & Political Figures — Searches","Trends claims that Charlie Kirk's inner circle and Utah political figures were searched from Israel and DC in July-August 2025.","Hunter Kozak — the man who asked Kirk the last question before he died — was reportedly the subject of an Israel-attributed search on Aug 3, 2025.","16","4"
"GoogleSearch_Misc_Figures","GoogleSearches","GoogleSearches/misc-figures-searches.mdx","/GoogleSearches/misc-figures-searches","Misc Figures — Fox, Merrell, Zinn, Vasquez","Low-frequency names pulled out of large Israel/DC search compilations so researchers do not lose them.","Jailhouse informant Jaxson Thomas Fox reportedly shows Israel-attributed search interest as far back as November 2023, years before his post-arrest role.","17","4"
"GoogleSearch_DC_Metro","GoogleSearches","GoogleSearches/dc-metro-search-patterns.mdx","/GoogleSearches/dc-metro-search-patterns","DC & Metro Search Patterns (Claims)","Washington DC and federal-corridor search claims for the hospital, DPS, and Tyler Robinson before Sept 10, 2025.","Timpanogos Regional Hospital reportedly drew DC-attributed search spikes on June 28, July 3 and July 16 — plus a day-before spike on Sept 9, 2025.","18","4"
"GoogleSearch_Investigation_Index","GoogleSearches","GoogleSearches/investigation-index.mdx","/GoogleSearches/investigation-index","Google Searches — Investigation Index","Routing hub for every search-pattern cluster, with the methodology limits stated up front.","It names what disclosure would actually settle this: subscriber identities behind the geographic buckets and Google's legal-process returns, forced out by the proposed investigation laws.","19","4"
"GoogleSearch_Overview","GoogleSearches","GoogleSearches/overview.mdx","/GoogleSearches/overview","Google Searches","Section landing page summarizing the pre-event Google Trends claims across people, places, planes, and institutions.","It gathers the whole pattern in one place: names that mattered only later in court — the defense attorney, the judges, the tail numbers — reportedly searched before anyone could have known.","20","4"
"Gov_Evidence_Handling","gov","gov/overview.mdx","/gov/overview","Government Evidence","Covers claims that government entities lost, destroyed, or withheld physical, digital, and records evidence in the Charlie Kirk case.","Reportedly the crime scene was paved over during post-incident construction and eyewitness phone videos were remotely wiped, while FBI/ATF raw DNA, ballistics, autopsy records and camera originals stay sealed.","1","4"
"GovMindCtl_Discord_Confession_Timing","Gov_Mind_Control","Gov_Mind_Control/discord-confession-timing.mdx","/Gov_Mind_Control/discord-confession-timing","Discord Confession Timing","Compares Tyler Robinson's custody and Miranda times against the timestamps on the Discord messages treated as his confession.","Citizen reconstruction puts Robinson mirandized at ~6:25 PM Sept 11, yet the ""confession"" Discord posts appear at ~7:57 PM — Baron Coleman and Candace Owens argue they were inserted.","1","5"
"GovMindCtl_Artichoke_Assassin_Memo","Gov_Mind_Control","Gov_Mind_Control/project-artichoke-memo.mdx","/Gov_Mind_Control/project-artichoke-memo","Project Artichoke — Involuntary Assassin Memo","The declassified January 22, 1954 CIA memo studying whether a drugged, hypnotized subject could be induced to attempt assassination.","A real CIA document dated January 22, 1954 evaluates drugging a heavy-drinking 35-year-old's cocktail during one social encounter to make him later attempt an assassination — American officials named as fallback target.","2","5"
"GovMindCtl_Frey_Effect_V2K","Gov_Mind_Control","Gov_Mind_Control/frey-effect-v2k.mdx","/Gov_Mind_Control/frey-effect-v2k","Frey Effect / V2K (Microwave Hearing)","Microwave auditory effect and voice-to-skull claims, with a demonstration video of beamed, head-localized audio.","U.S. patent US4877027A describes beaming intelligible words into a skull by pulsed microwave; a FOIA'd 2022 IC panel cited intersecting beams inside the head, then later reports reportedly dropped it.","3","5"
"GovMindCtl_MKUltra_Program","Gov_Mind_Control","Gov_Mind_Control/mkultra-program.mdx","/Gov_Mind_Control/mkultra-program","MKUltra Behavioral-Control Program","Declassified CIA behavioral-control research as the factual baseline, plus its claimed modern algorithmic successor.","A widely shared thread claims the Buffalo and Uvalde shooters belonged to the same Discord group ""reportedly run by a former FBI agent""; Utah's Phil Lyman was reportedly one of only 37 commenters on that thread two weeks pre-assassination.","4","4"
"GovMindCtl_Hypnosis_Patsy","Gov_Mind_Control","Gov_Mind_Control/hypnosis-programmed-patsy.mdx","/Gov_Mind_Control/hypnosis-programmed-patsy","Hypnosis & the Programmed-Patsy Question","Former CIA officer John Kiriakou's account of an MKUltra-era hypnosis session, and what it does and does not imply here.","Ex-CIA officer John Kiriakou says agency psychologists held a London walk-in under hypnosis for roughly three hours with his arm involuntarily raised, extracting details he could not consciously recall.","5","5"
"GovMindCtl_Patsy_Framework","Gov_Mind_Control","Gov_Mind_Control/tyler-robinson-patsy-framework.mdx","/Gov_Mind_Control/tyler-robinson-patsy-framework","Tyler Robinson — Patsy Framework","Sorts patsy theories into behavioral control, narrative control, and physical-frame branches around the charged suspect.","Former NCTC director Joe Kent has said on the record that his center's parallel review of potential foreign ties was ordered stopped once Robinson was in custody, before those leads were exhausted.","6","4"
"GovMindCtl_Shooter_Playbook","Gov_Mind_Control","Gov_Mind_Control/making-a-shooter-playbook.mdx","/Gov_Mind_Control/making-a-shooter-playbook","Making a Shooter — Playbook (Theoretical)","A five-layer theoretical model of how a lone-shooter appearance could be manufactured, plus what disclosure would settle each layer.","A reported call summary claims the same sophisticated group behind Butler 2024 used a drone-plus-patsy method with collateral damage deemed acceptable — described as third-hand and not independently verified.","7","4"
"GovMindCtl_MKUltra_2_Digital","Gov_Mind_Control","Gov_Mind_Control/mkultra-2-digital-engineering.mdx","/Gov_Mind_Control/mkultra-2-digital-engineering","MKUltra 2.0 — Digital Social Engineering","Argues platforms and private chat groups now perform MKUltra's selection, reinforcement, and triggering functions at scale.","Whistleblower Joshua Peterson's June 2026 video reportedly describes new TPUSA hires taken to Arizona bars in ""stripper vans"" and asked Israel/Mossad loyalty questions.","8","4"
"GovMindCtl_Radicalization_Psyop","Gov_Mind_Control","Gov_Mind_Control/radicalization-psyop-claims.mdx","/Gov_Mind_Control/radicalization-psyop-claims","Radicalization vs Psyop Claims","Two incompatible readings of the same online artifacts: ordinary Discord radicalization versus deliberately cultivated ideology networks.","Google Trends screenshots reportedly show searches for ""Tyler Robinson Discord/Reddit/FBI/LDS/TPUSA/Israel"" months before the shooting, with search spikes attributed to Israeli IPs — authentication disputed.","9","4"
"GovMindCtl_Investigation_Index","Gov_Mind_Control","Gov_Mind_Control/investigation-index.mdx","/Gov_Mind_Control/investigation-index","Gov Mind Control — Investigation Index","Maps documented behavioral programs against case-specific patsy and handler claims and lists the disclosure targets.","It frames the whole section as five testable questions, including whether the 7:57 PM Discord posts are timeline-coherent with custody — and names the handler-network threads (Saltz, Peterson, McCoy).","10","4"
"GovMindCtl_Section_Overview","Gov_Mind_Control","Gov_Mind_Control/overview.mdx","/Gov_Mind_Control/overview","Gov Mind Control","Landing page for the section asking whether the public story about the accused reflects government or intelligence tradecraft.","It states the section's premise bluntly: MKUltra and Project Artichoke are declassified and the Frey Effect is lab-proven, so ""could he have been guided"" is not dismissed out of hand.","11","4"
"GovOrgs_Agency_Map","government_organizations","government_organizations/overview.mdx","/government_organizations/overview","Government Organizations","Maps the federal, state and local agencies involved in the Charlie Kirk case and where each one's conduct is examined.","Former National Counterterrorism Center director Joe Kent reportedly says NCTC's charter-mandated review of possible foreign ties to the assassination was halted once a suspect was in custody, before those leads were exhausted.","1","4"
"GunBullet_ATF_Fragment_Inconclusive","Gun_Bullet","Gun_Bullet/ATF_Fragment_Inconclusive.mdx","/Gun_Bullet/ATF_Fragment_Inconclusive","ATF Fragment — Inconclusive Match","The state's own ATF lab report could not link the autopsy bullet jacket fragment to the seized Mauser rifle.","The September 17, 2025 ATF report reportedly states the fragment ""could not be identified or excluded"" as fired from the seized Mauser; rifling matched ""numerous makes and models"" — the state's own science fails to tie rifle to wound.","1","5"
"GunBullet_Barrel_Dust_Diameter","Gun_Bullet","Gun_Bullet/Barrel_Dust_And_Diameter.mdx","/Gun_Bullet/Barrel_Dust_And_Diameter","Barrel Dust & Bullet Diameter","Sworn July 2026 preliminary-hearing testimony on dust inside the seized rifle's barrel and the fragment's .286-.301 inch diameter.","ATF examiner Samantha Karner testified dust and debris — not combustion fouling — were observed inside the barrel of the supposed murder weapon, and the jacket fragment measured .286 to .301 inches.","2","4"
"GunBullet_Wound_Trajectory_Angle","Gun_Bullet","Gun_Bullet/Wound_Trajectory_Angle.mdx","/Gun_Bullet/Wound_Trajectory_Angle","Wound Trajectory & Angle","Geometry and acoustic arguments that the wound track cannot match a .30-06 fired from the Losee rooftop.","Sound and impact appear simultaneous on video, which analysts say puts the origin near 50 yards, not the official 150; a 5-9 degree downward shot should have struck face or jaw, not between larynx and trachea.","3","4"
"GunBullet_Energy_Mismatch","Gun_Bullet","Gun_Bullet/Thirty_06_Energy_Mismatch.mdx","/Gun_Bullet/Thirty_06_Energy_Mismatch",".30-06 Energy Mismatch","Argument that a ~3,950 Joule .30-06 round would not produce the restrained wound profile publicly described.","A .30-06 carries roughly 3,950 Joules versus 482 J for 9mm — over 8x. Commentators argue that energy into the cervical spine means catastrophic destruction and back-spatter, not the injury pattern described.","4","4"
"GunBullet_Engraved_Bullets_Towel","Gun_Bullet","Gun_Bullet/Engraved_Bullets_Towel_Implausibility.mdx","/Gun_Bullet/Engraved_Bullets_Towel_Implausibility","The Engraved Bullets in a Towel — Why the Story Does Not Hold","Sam Parker's viral argument that engraving messages onto cartridges and then hiding them in bushes is self-contradictory behavior.","Per @BasedSamParker, the account requires someone to spend hours engraving messages meant to be read, then hide those same rounds in a towel — while keeping the backpack and pants. Ammunition was the only thing left behind.","5","4"
"GunBullet_Rifle_Fingerprints","Gun_Bullet","Gun_Bullet/Rifle_Fingerprints_Mismatch.mdx","/Gun_Bullet/Rifle_Fingerprints_Mismatch","Rifle Fingerprints & Mismatch","Multiple prints on the recovered rifle, a rooftop filmmaker's mismatch claim, and the missing gunshot-residue test.","Candace Owens reports Tyler Robinson's prints were not the only set on the rifle, that no video shows anyone firing, and that he reportedly was never given a standard GSR test despite being taken in wearing the same clothes.","6","4"
"GunBullet_Alternative_Calibers","Gun_Bullet","Gun_Bullet/Alternative_Calibers_Weapons.mdx","/Gun_Bullet/Alternative_Calibers_Weapons","Alternative Calibers & Weapons","Proposed alternatives to the .30-06 rooftop story — CornerShot 9mm, suppressed .22-250, shaped charges, and device theories.","Investigators propose an Israeli CornerShot-style hinged 9mm +P system fired from inside the tent or grey van, with a casing ejected downward near the tent — plus shaped-charge and microphone/pendant device mechanisms.","7","5"
"GunBullet_Mauser_Provenance","Gun_Bullet","Gun_Bullet/Mauser_30_06_Rifle.mdx","/Gun_Bullet/Mauser_30_06_Rifle","Mauser .30-06 Rifle — Official Narrative","The scoped Mauser Model 98 attributed to the shooting, its grandfather provenance story, and stock-photo questions.","Commentators note M98 Mausers were never factory-chambered in .30-06 in WWI, undercutting the grandfather-heirloom lineage, and allege a widely circulated photo of the ""recovered"" rifle may have been a stock image.","8","4"
"GunBullet_Scope_Zero","Gun_Bullet","Gun_Bullet/Scope_Zero_And_Concealment.mdx","/Gun_Bullet/Scope_Zero_And_Concealment","Scope Zero & Pants-Leg Concealment","A gun owner's video argues that even if the rifle fit down a trouser leg, its scope could no longer hold zero.","The demonstrator says he would not trust the rifle to shoot a deer after sliding it down his jeans — a scope jostled or disassembled loses zero, so the concealment debate misses that a precision shot becomes implausible.","9","4"
"GunBullet_Kia_Soul_Turnaround","Gun_Bullet","Gun_Bullet/Rifle_Site_Kia_Soul_Turnaround.mdx","/Gun_Bullet/Rifle_Site_Kia_Soul_Turnaround","Rifle Site — White Kia Soul Turnaround (Claims)","Aerial imagery marking the wooded lot where the rifle was reportedly recovered, and a claimed vehicle sighting there that morning.","@DiligentDenizen claims imagery from the morning of September 10, 2025 shows a white Kia Soul turning around at the exact wooded spot where the rifle was later recovered; no plate, VIN, or ownership link is published.","10","4"
"GunBullet_Stage_Wood_Bullet","Gun_Bullet","Gun_Bullet/Bullet_Stage_Wood.mdx","/Gun_Bullet/Bullet_Stage_Wood","Bullet Lodged in Stage Wood","A reported claim that a bullet embedded in the wooden stage was removed before independent documentation.","The investigation file records a claim that a bullet was lodged in the wooden stage and was removed — a separate projectile from ATF Exhibit 6A that appears in no public ATF summary, alongside a reported crime-scene tampering arrest.","11","4"
"GunBullet_Gun_Dropped_Location","Gun_Bullet","Gun_Bullet/Gun_Dropped_Location.mdx","/Gun_Bullet/Gun_Dropped_Location","Gun Dropped Location","Questions about where the gun was reportedly dropped, the flanking buildings, and gaps in the suspect's official timeline.","The official account reportedly has the suspect parking at UVU at 8:29am but never states when he left the lot, and no cell-tower ping timeline has been released despite the technology being routine.","12","4"
"GunBullet_Investigation_Index","Gun_Bullet","Gun_Bullet/Gun_Bullet_Investigation_Index.mdx","/Gun_Bullet/Gun_Bullet_Investigation_Index","Gun & Bullet Investigation Index","Working memo mapping every weapon and ballistics thread into three evidence lanes with source tiers.","The memo lays out the state's required chain — Mauser to Losee rooftop to fatal wound — and argues each link separately fails on filings, physics, or wound morphology, including revived CBLA analysis the FBI discontinued in 2005.","13","4"
"GunBullet_Section_Overview","Gun_Bullet","Gun_Bullet/overview.mdx","/Gun_Bullet/overview","Gun & Bullet Analysis","Section landing page summarizing the ballistics case against the official .30-06 rooftop narrative.","Summarizes the strongest forensic gap: the ATF could not match Exhibit 6A to Exhibit 1, and commentary alleges the FBI may fall back on CBLA lead analysis the Bureau itself discontinued in 2005.","14","4"
"Influencers_Miranda_Discord_Gap","Influencers","Influencers/x/stevecameronpr1.mdx","/Influencers/x/stevecameronpr1","Steve Cameron — X Posts","Compiled posts on the Tyler Robinson custody timeline and the withheld surrender video.","Reportedly Robinson was Mirandized at 6:25 PM while the Discord ""confession"" is timestamped 7:57 PM — a 92-minute inversion, with the surrender video still withheld.","1","7"
"Influencers_Witness_Videos_Deleted","Influencers","Influencers/x/in2thinair.mdx","/Influencers/x/in2thinair","In2ThinAir — X Posts","Covers the viral October 2025 allegation that witness phone videos were remotely deleted, plus stage-side clips.","An October 13, 2025 post alleging witnesses' own phone videos of the shooting were remotely wiped — not confiscated, deleted off the devices, according to the account.","2","7"
"Influencers_Rooftop_Video_Withheld","Influencers","Influencers/x/sarahiscensored.mdx","/Influencers/x/sarahiscensored","SarahisCensored — X Posts","July 2026 hearing coverage on rooftop video shown privately to the Kirk family but never broadcast.","Reportedly the rooftop video was played for the Kirk family in court but Judge Graf limited public playback — the key footage exists and the public still cannot see it.","3","7"
"Influencers_Hull_No_Features","Influencers","Influencers/x/zeeemedia.mdx","/Influencers/x/zeeemedia","Zeee Media — X Posts","Hearing reports that the FBI agent conceded the rooftop figure has no identifiable features.","Reportedly Agent Hull conceded under questioning that the rooftop figure in the footage lacks identifiable features — the identification rests on enhancement, not on an HD image.","4","7"
"Influencers_C2_Geometry_Impossible","Influencers","Influencers/x/starforcehh.mdx","/Influencers/x/starforcehh","STARFORCEHH — X Posts","Argues the reported C2 neck wound track cannot be produced from the Losee Center rooftop.","Argues the reported C2-level neck entry is geometrically impossible from the Losee Center roof — the stated shooting position and the stated wound track cannot both be true.","5","8"
"Influencers_AES_Procurement_Blast","Influencers","Influencers/x/richtidwell.mdx","/Influencers/x/richtidwell","richtidwell — X Posts","Traces the AES explosives-manufacturer chain, a DoD procurement figure, and the Tennessee plant explosion.","Posts tie a roughly $425k DoD procurement to Accurate Energetic Systems, then note the McEwen, Tennessee plant exploded in October 2025 with a reported 16 dead.","6","8"
"Influencers_SUV_Carpet_Removed","Influencers","Influencers/x/thedibsterx.mdx","/Influencers/x/thedibsterx","TheDibsterX — X Posts","Allegations that the transport SUV's carpet was removed and the vehicle sold out of state.","Alleges the transport SUV's carpet — said to hold mic particles or residue — was removed and the vehicle sold or shipped to a random California car lot.","7","7"
"Influencers_Hospital_Footage_Seized","Influencers","Influencers/x/adamemedia.mdx","/Influencers/x/adamemedia","AdameMedia — X Posts","Donor-text timeline for Sept 8-10 plus claims the FBI took all hospital surveillance.","Amplifies the claim that the FBI seized every camera feed inside and outside Timpanogos Regional Hospital, alongside a ""they are going to kill me"" donor text chain.","8","7"
"Influencers_Security_Firm_Deleted","Influencers","Influencers/x/shaffergroup.mdx","/Influencers/x/shaffergroup","Shaffer Security Group (@ShafferGroup) — X Posts","Preserves a security firm's since-deleted September 2025 posts about who was guarding the event.","The firm posted — then deleted — a denial that it was in Utah on 9/10, and named Rockhouse Integrity Group as TPUSA's contracted security instead.","9","7"
"Influencers_GRAMA_Paving_Texts","Influencers","Influencers/x/camelotjack1963.mdx","/Influencers/x/camelotjack1963","Camelot Jack (CamelotJack1963) — X Posts","The citizen who filed Utah GRAMA public-records requests on UVU paving and camera footage.","His GRAMA requests surfaced internal UVU texts about paving the courtyard, and the requests for camera footage came back denied.","10","7"
"Influencers_Soil_Dug_Repaved","Influencers","Influencers/x/gillx-af.mdx","/Influencers/x/gillx-af","Gillx_AF — X Posts","Focuses on excavation and repaving of the ground at the UVU shooting site.","Points out the scene ground was dug roughly 10 inches down and rapidly repaved — physical evidence removal that no rifle-from-a-rooftop account requires.","11","7"
"Influencers_N888KG_Went_Dark","Influencers","Influencers/x/stellarman22.mdx","/Influencers/x/stellarman22","Stellar Man — X Posts","ADS-B analysis of the private jet N888KG departing Provo shortly after the shooting.","Tracks N888KG leaving Provo about an hour after the shooting and then dropping off ADS-B tracking entirely — a departure that stops being followable mid-flight.","12","7"
"Influencers_Egyptian_Jet_SUBTT","Influencers","Influencers/x/borrowed7time.mdx","/Influencers/x/borrowed7time","Johnny Gemini (Borrowed7Time) — X Posts","Same-day aviation OSINT tracking Egyptian aircraft SU-BTT and later rotations.","Same-day tracking of Egyptian jet SU-BTT flying Paris to Omaha, the thread that seeded the wider Egyptian-aircraft question around the Provo airfield.","13","8"
"Influencers_Egyptian_Five_Planes","Influencers","Influencers/x/weare-theelite.mdx","/Influencers/x/weare-theelite","WeAre_TheElite — X Posts","Raw flight-log screenshots behind the multi-aircraft Egyptian ""armada"" thread.","Raw logs for SU-BTU, SU-BTV and SU-BGM with Provo touch dates — a named five-jet foreign fleet at a small Utah airfield, tail number by tail number.","14","8"
"Influencers_HADES_Low_Passes","Influencers","Influencers/x/josh89220.mdx","/Influencers/x/josh89220","Josh89220 — X Posts","Cites FAA and transponder logs placing an Army ISR jet in low passes near UVU.","Cites FAA/transponder logs showing the Army HADES-class surveillance jet N1098L, callsign AXLE10, making low passes near the UVU campus.","15","7"
"Influencers_SAM_Huachuca_Legs","Influencers","Influencers/x/hurtfeelingzday.mdx","/Influencers/x/hurtfeelingzday","hurtfeelingzday — X Posts","Flight-tracking threads on SAM 99-0404, Fort Huachuca legs, and N1098L loops over Orem.","Logs SAM 99-0404 legs into Fort Huachuca — the Army intelligence post — plus an alleged overflight of the AES explosives plant and N1098L looping over Orem on 9/10/2025.","17","7"
"Influencers_Leaked_Aerial_Imagery","Influencers","Influencers/x/universehop00.mdx","/Influencers/x/universehop00","universehop00 — Posts","An anonymous account's alleged leaked aerial imagery of the UVU courtyard from a survey flight.","An anonymous account posted what it says is leaked aerial imagery of the UVU courtyard captured by survey aircraft N59906 — imagery never released officially.","18","7"
"Influencers_N59906_Ownership","Influencers","Influencers/x/leahfiles.mdx","/Influencers/x/leahfiles","leahfiles — X Posts","TPUSA financial filings, the N59906 surveillance-plane ownership chain, and a domain-registration thread.","Traces who owns the N59906 survey plane and flags the vancekirk2028.com domain chain — a political-succession domain registered in the orbit of the case.","19","7"
"Influencers_Sam_Parker","Influencers","Influencers/sam-parker.mdx","/Influencers/sam-parker","Sam Parker","Profile of the investigator behind the second-by-second UVU evacuation clock and Israeli-IP search-trend graphics.","Built a second-by-second evacuation clock for UVU and published Google Trends graphics showing searches spiking from Israeli IPs, arguing an Israel-linked motive.","20","7"
"Influencers_Netanyahu_150_Million","Influencers","Influencers/x/afpost.mdx","/Influencers/x/afpost","AF Post — X Posts","Carries the alleged Netanyahu cash-offer claim and leaked Kirk-Owens text screenshots.","Carries an allegation that Netanyahu offered Kirk $150 million in cash to shift pro-Israel and that Kirk refused — attributed, unverified, and archived here.","21","7"
"Influencers_Kent_Blocked_Probe","Influencers","Influencers/podcasts-tucker-carlson.mdx","/Influencers/podcasts-tucker-carlson","Tucker Carlson Podcast","Carlson's Kirk coverage, including the March 2026 interview with a departed counterterrorism official.","Former National Counterterrorism Center Director Joe Kent told Carlson, in his first post-resignation interview, that he was blocked from investigating foreign involvement in the killing.","22","7"
"Influencers_Patel_Probe_Halt","Influencers","Influencers/x/generalmcnews.mdx","/Influencers/x/generalmcnews","The General — X Posts","Threads on a blocked flight-tracking tail number and the reported halt of the foreign-nexus probe.","Summarizes the Kash Patel / Joe Kent probe-halt account and notes tail number N708JH is blocked from public flight tracking.","23","7"
"Influencers_Gabbard_Kent_Blocked","Influencers","Influencers/x/realtheforce.mdx","/Influencers/x/realtheforce","RealTheForce — X Posts","Rigged-mic language plus the expanded claim about who was barred from the foreign inquiry.","Expands the shutdown claim beyond Kent: alleges Tulsi Gabbard was also blocked from pursuing the foreign nexus — two intelligence principals, same reported wall.","24","7"
"Influencers_Twelve_Israeli_Phones","Influencers","Influencers/x/censoredhumans.mdx","/Influencers/x/censoredhumans","CensoredHumans — X Posts","Amplification of the allegation about foreign cell phones present at the UVU event.","Amplifies the allegation that 12 Israeli cell phones were geolocated at UVU on the day — presented as an attributed claim, not a finding.","25","7"
"Influencers_Eleven_Phones_Comms","Influencers","Influencers/x/cayla-patricia.mdx","/Influencers/x/cayla-patricia","Cayla_Patricia — X Posts","Pairs a foreign-phone count at UVU with day-of security communication allegations.","Pairs an ""11 Israeli phones at UVU"" count with allegations about security radio traffic that day — note the count itself differs from other versions of the same claim.","26","8"
"Influencers_Censorship_Investigators","Influencers","Influencers/Censorship_of_Investigators.mdx","/Influencers/Censorship_of_Investigators","Censorship of Investigators","Catalogs reported suppression of citizen investigators covering the case.","Documents reported X shadowbans triggered simply by engaging Candace Owens' posts, deletion of witness video, and legal threats aimed at researchers.","27","8"
"Influencers_Shaped_Charge_Pendant","Influencers","Influencers/x/cletus-jethro.mdx","/Influencers/x/cletus-jethro","cletus_jethro — X Posts","A self-described explosives breacher's shaped-charge theory about the pendant Kirk wore.","A self-described former USMC explosive breacher argues the crucifix pendant could have housed a shaped charge — a trained-demolition read of the wound, not a rifle read.","28","7"
"Influencers_PETN_Mic_Wire","Influencers","Influencers/x/aldamu-jo.mdx","/Influencers/x/aldamu-jo","aldamu_jo — X Posts","PETN-in-mic-wire video, SUV glass-shard posts, and autopsy-secrecy claims.","A high-engagement January 2026 video claims PETN was hidden in the mic wire with remote activation, pairing neck-motion frames against the rifle account.","29","7"
"Influencers_Physics_Rebuttal","Influencers","Influencers/x/alexboge.mdx","/Influencers/x/alexboge","alexboge — X Posts","The most detailed physics rebuttal of the exploding-mic mechanism.","The strongest counter-argument on the site: a ~32 g RØDE Wireless Pro clipped to fabric would rocket away under Newton's third law instead of driving a stable shaped-charge jet.","30","7"
"Influencers_3006_Exit_Behavior","Influencers","Influencers/x/angertab.mdx","/Influencers/x/angertab","Matt Tardio — X Posts","Veteran ammunition commentary on .30-06 exit behavior and mic-theory physics.","A veteran's ammunition argument about what a .30-06 does on exit — used on both sides, because the observed wound does not match the expected exit behavior.","31","8"
"Influencers_ONeill_Holt_Exploded","Influencers","Influencers/x/jamiburns45.mdx","/Influencers/x/jamiburns45","jamiburns45 — X Posts","Circulated the Newsmax segment where two former military figures described an explosion.","Preserves the Newsmax segment with Rob O'Neill and Gen. Blaine Holt: ""That looks like an explosion to me"" — two military voices saying it on cable, not anonymous posters.","32","7"
"Influencers_4K_Shirt_Tracking","Influencers","Influencers/x/matt82704417.mdx","/Influencers/x/matt82704417","Matthew St Baker — X Posts","June 2026 4K frame-tracking of the shirt, plus shaped-charge and shard claims.","Frame-by-frame 4K shirt tracking is framed by the account as visual proof of ""an INTERNAL EXPLOSION"" — outward motion where a rifle round would drive inward.","33","8"
"Influencers_Autopsy_Signed_Early","Influencers","Influencers/x/lindseey-loo.mdx","/Influencers/x/lindseey-loo","lindseey_loo — X Posts","Secondhand autopsy-process allegation and an alternate mic-device model.","Relays a secondhand allegation that the autopsy was signed off before it was finished — an attributed claim about the document the whole official account rests on.","34","8"
"Influencers_Burnt_SUV_Interior","Influencers","Influencers/x/kaysu00.mdx","/Influencers/x/kaysu00","KaySu00 — X Posts","Analysis of transport-SUV interior photos and the burned-material question.","Asks why the transport SUV interior appears burned and charred — combustion damage a rifle round passing through a body would not produce.","35","8"
"Influencers_Auction_Photo_Burnt","Influencers","Influencers/x/michael-vina27.mdx","/Influencers/x/michael-vina27","michael_vina27 — X Posts","Source of the auto-auction photograph showing a burnt object inside the transport SUV.","The transport SUV turned up at a public auto auction, and the auction listing photo of a burnt object inside it became the base image for the mic-transmitter analysis.","36","8"
"Influencers_Trauma_Center_Bypass","Influencers","Influencers/x/mjtruthultra.mdx","/Influencers/x/mjtruthultra","MJTruthUltra — X Posts","Merrell paving interview, trauma-center bypass claim, and N888KG flight analysis.","Raises that Kirk was reportedly driven past a closer trauma center, and interviews the paving contractor tied to the courtyard resurfacing.","37","7"
"Influencers_34_Second_Timeline","Influencers","Influencers/x/imbreckworsham.mdx","/Influencers/x/imbreckworsham","ThePatrioticBlonde — X Posts","Raw-DNA-data disputes, the White House intel-halt roundtable, and a rooftop timing critique.","Argues a 34-second rooftop window cannot accommodate the shot, the disassembly, and the descent the official account requires.","38","8"
"Influencers_Dairy_Queen_Clock","Influencers","Influencers/x/spencerhakimian.mdx","/Influencers/x/spencerhakimian","SpencerHakimian — X Posts","Case study in how a viral misreading of a timestamp propagated through the timeline.","A viral post misread the Dairy Queen still as 17 minutes after the shot — a documented example of the case's public clocks mutating as they spread.","39","8"
"Influencers_Manhunt_Clock_Psyop","Influencers","Influencers/x/theckfiles1.mdx","/Influencers/x/theckfiles1","TheCKFiles1 — X Posts","Manhunt clock reconstruction, FBI process critiques, and a counter-theory about the mic story.","Argues from inside the explosive camp that the exploding-mic story may itself be a planted distraction — ""they might have even blown up AES"" — while still rejecting the rifle account.","40","7"
"Intelligence_Joe_Kent_NCTC_Halt","intelligence","intelligence/Joe_Kent_Dorey_Interview.mdx","/intelligence/Joe_Kent_Dorey_Interview","Joe Kent: NCTC Pulled Off Foreign Ties","Former NCTC director Joe Kent's on-record podcast account, with full transcript, of being ordered to stop the foreign-ties review.","Kent says NCTC was told ""stop what you're doing"" once Tyler Robinson was in custody — despite people posting online beforehand that Kirk would die that day, and his Israel-donor dispute leads unexamined.","1","4"
"Intelligence_Foreign_Phones_UVU","intelligence","intelligence/Foreign_Phones_UVU.mdx","/intelligence/Foreign_Phones_UVU","Foreign Phones at UVU (Sept 10, 2025)","Claims that 44 foreign-registered cellphones, including 16 Israeli, were detected beside Charlie Kirk at UVU on September 10, 2025.","Analyst Tony Seruga reportedly logged 44 foreign-registered phones at the kill zone — 16 Israeli, 13 Chinese, 12 Russian, 3 Iranian — and says NSA's Bluffdale ""Bumblehive"" could unmask every owner.","2","5"
"Intelligence_Islamabad_Serena","intelligence","intelligence/Islamabad_Serena_Link.mdx","/intelligence/Islamabad_Serena_Link","Islamabad Serena Link (Foreign Intel)","Claims four Israeli-registered phones from UVU later surfaced at the Islamabad Serena Hotel during April 2026 US–Iran talks.","Four of the 16 Israeli-registered devices allegedly at the UVU murder scene reportedly reappeared months later inside a secured US–Iran negotiation hotel in Pakistan — a coincidence investigators call statistically implausible.","3","4"
"Intelligence_Egyptian_Jets_Provo","intelligence","intelligence/Egyptian_Foreign_Ops.mdx","/intelligence/Egyptian_Foreign_Ops","Egyptian Foreign Operations — Provo (2025)","Egyptian Air Force government jets logged at Provo Municipal Airport in the days surrounding the assassination.","Egyptian Air Force Falcon 7X SU-BTT reportedly sat at Provo from Sept 4 and departed at roughly 7:08 AM the morning of the killing; SU-BND's transponder was on but never took off.","4","5"
"Intelligence_Foreign_Search_IPs","intelligence","intelligence/Foreign_Search_IP_Patterns.mdx","/intelligence/Foreign_Search_IP_Patterns","Foreign Search IP Patterns (Claims)","Claims of Israeli and DC IP addresses searching UVU layout, judges, and surgeons weeks before the shooting.","Threads allege foreign IPs searched ""UVU Rooftop,"" ""Losee Center,"" seven Timpanogos surgeons, and Judge Tony Graf on July 26 — before Graf was ever assigned the case.","5","4"
"Intelligence_French_Legion_Claims","intelligence","intelligence/French_Foreign_Legion_Claims.mdx","/intelligence/French_Foreign_Legion_Claims","French Foreign Legion Claims","Candace Owens' attributed French-source claims of Legion training behind the killing and Macron-linked threats.","Owens says a French official told her the actual shooter trained with the Legion's 13th Brigade and Robinson never set foot on campus; France reportedly denied only that Robinson served in the Legion.","7","4"
"Intelligence_TPUSA_Recruitment","intelligence","intelligence/TPUSA_Foreign_Recruitment.mdx","/intelligence/TPUSA_Foreign_Recruitment","TPUSA Foreign Recruitment Claims","Whistleblower allegation that TPUSA new hires were vetted on their views of Mossad and Israeli forces.","Former TPUSA representative Joshua Peterson alleges recruits were taken to Arizona bars in rented ""stripper vans"" and quizzed on Mossad — which, if true, implies long-term access to Kirk's organization.","8","4"
"Intelligence_Mossad_Overview","intelligence","intelligence/Mossad.mdx","/intelligence/Mossad","Mossad","Organization page collecting attributed Mossad-linkage claims: motive, UVU phones, Egyptian logistics, TPUSA access, CornerShot.","Researchers tie Kirk's pre-death refusal of Netanyahu-linked funding and his Epstein-as-Mossad commentary to the killing, alongside freshly paved crime scene and withheld HD campus CCTV as tradecraft markers.","9","4"
"Intelligence_Other_Nation_Phones","intelligence","intelligence/Chinese_Russian_Iranian_Presence.mdx","/intelligence/Chinese_Russian_Iranian_Presence","Chinese, Russian & Iranian Presence Claims","Breakdown of the non-Israeli 28 phones in the claimed 44-device UVU set, plus related flight threads.","Beyond the Israeli devices, 13 Chinese, 12 Russian and 3 Iranian registrations are claimed at the scene, and a Utah Chinese Civic Center-linked plane reportedly flew three Page, Arizona round trips on the murder day.","10","4"
"Intelligence_Section_Overview","intelligence","intelligence/overview.mdx","/intelligence/overview","Intelligence Services","Landing page for the foreign-intelligence section, summarizing phones, jets, Mossad motive, and the halted NCTC review.","Carries the site's core claim that a shape charge, not a bullet, killed Charlie Kirk, mapped against the Medical Examiner injuries quoted in the July 2026 court filing.","11","4"
"Intelligence_Investigation_Index","intelligence","intelligence/Investigation_Index.mdx","/intelligence/Investigation_Index","Foreign Intelligence Investigation Index","Working index routing every foreign-intelligence thread: phones, jets, search spikes, recruitment claims, inquiry-halt reporting.","Consolidates the whole foreign-nexus map in one table and flags which threads the NCTC review was reportedly halted before running down, all targeted by proposed Fix Law 2 disclosure.","12","4"
"Iran_Exploding_Mic_Mossad","Iran","Iran/mossad-files-exploding-mic.mdx","/Iran/mossad-files-exploding-mic","'Mossad Files' & the Exploding-Mic Theory","Documents the claim Charlie Kirk was killed by a shaped charge hidden in his RODE Wireless PRO microphone rather than a rifle.","Analyst Jon Bray reportedly isolated a sound with a rise time 5x faster than ballistic impact from the mic area, and black shards with white 'RODE' lettering were reportedly photographed in the transport SUV.","1","5"
"Iran_Truman_Show_Bubble","Iran","Iran/truman-show-bubble.mdx","/Iran/truman-show-bubble","The ""Truman Show"" Bubble Around Trump","Former NCTC director Joe Kent's on-camera account of an information echo chamber that he says shaped Trump's Iran red line.","Kent, the ex-National Counterterrorism Center director, reportedly says Israeli officials bypassed the intelligence community to reach Trump directly, and that coordinated media repetition moved his red line from 'no nuclear weapon' to 'no enrichment.'","2","4"
"Iran_Joe_Kent_Cartel","Iran","Iran/joe-kent-cartel.mdx","/Iran/joe-kent-cartel","Joe Kent & the ""Murderous Cartel"" Framing","Statements attributed to former CIA officer Joe Kent that Kirk was silenced over Iran, plus the claim a foreign-involvement inquiry was refused.","Kash Patel reportedly rebuffed Joe Kent's offer to investigate foreign involvement in Kirk's death, and Kent reportedly stepped down partly to speak about information he says is being withheld.","3","5"
"Iran_Funding_Rejection","Iran","Iran/funding-rejection-claims.mdx","/Iran/funding-rejection-claims","Rejected Israeli Funding (Claims)","Reported claims that Kirk refused Israeli-linked funding for TPUSA and broke with the pro-Israel cause days before his death.","Multiple accounts claim Kirk sent messages roughly 48 hours before the shooting saying he was leaving the pro-Israel cause; The Grayzone reportedly framed it as rejecting a Netanyahu bid to flood TPUSA with money.","4","5"
"Iran_Charlie_Anti_War","Iran","Iran/charlie-anti-iran-war.mdx","/Iran/charlie-anti-iran-war","Charlie's Stand Against the Iran War","Reported record of Kirk lobbying Trump against Iranian regime change, including a June 18 2025 White House visit.","The timeline states Kirk went to the White House on June 18, 2025 specifically to argue against regime change, and that Trump reportedly 'barked' back at him over Iran.","5","5"
"Iran_Kirk_Warnings_Record","Iran","Iran/kirk-warnings-quotes.mdx","/Iran/kirk-warnings-quotes","Kirk's Iran Warnings: The Record","Dated collection of Kirk's public anti-war statements from 2019 through June 2025 and the harms he warned about.","Kirk called regime change 'pathologically insane,' ran a poll where roughly 90% opposed joining Israel's war on Iran, and reportedly told a Trump counter-terrorism official 'Stop us from getting into a war with Iran.'","6","4"
"Iran_Timing_Between_Conflicts","Iran","Iran/timing-between-conflicts.mdx","/Iran/timing-between-conflicts","Assassinated Between Two Iran Conflicts","The timing argument: Kirk killed between Iran escalations, framed through the JFK-to-Vietnam analogy.","Commentators put it as 'JFK led to Vietnam, Charlie Kirk led to Iran' — arguing the lone-gunman frame stops readers asking what policy changed after the killing, with war reportedly resuming during the suspect's 2026 hearing.","7","4"
"Iran_Post_Death_Pivot","Iran","Iran/post-death-pivot.mdx","/Iran/post-death-pivot","TPUSA's Post-Death Pivot on Iran","Reported claims that Kirk's organization swung pro-war immediately after his death, reversing his final positions.","Candace Owens' account, as summarized, is that after Kirk refused a reported Netanyahu war push 'he was assassinated and his organization instantly turned pro war'; TPUSA reportedly got community-noted for reposting old Iran footage.","8","4"
"Iran_Israel_War_Push","Iran","Iran/israel-iran-war-push.mdx","/Iran/israel-iran-war-push","Israel's Push for War With Iran","Why a U.S.-Iran war is described as a top Israeli objective and how Kirk's restraint position collided with it.","Russell Brand reportedly said on air that Kirk 'had the Israel lobby on his ass because he was lobbying Trump against the Iran War during midnight hammer. A few months later, he's dead.'","9","5"
"Iran_X_Discourse_Counter","Iran","Iran/x-discourse-and-counter-narratives.mdx","/Iran/x-discourse-and-counter-narratives","The X Discourse & Counter-Narratives","Maps the viral Iran-motive claims on X alongside the rebuttals, including foreign amplification analysis.","Analysts report Iran-linked networks amplified 'Mossad killed Charlie Kirk' claims while Russia- and China-linked accounts boosted chaos angles; Netanyahu reportedly called the accusations 'insane.'","10","4"
"Iran_Midnight_Hammer_War","Iran","Iran/midnight-hammer-12-day-war.mdx","/Iran/midnight-hammer-12-day-war","The 12-Day War & Operation Midnight Hammer","Context on the June 2025 Iran-Israel 12-day war and the U.S. strikes Kirk reportedly worked to keep limited.","The 12-day war began June 13, 2025, and one account says the limited nuclear-site strikes that occurred were the restrained option Kirk pushed for — three months before September 10.","11","4"
"Iran_War_Motive_Logic","Iran","Iran/iran-war-motive.mdx","/Iran/iran-war-motive","How the Iran War Raised His Risk","Sets out the motive reasoning: Kirk's access to Trump plus his restraint position made him an obstacle to war advocates.","The friction checklist logs a specific item — a private White House back-channel on Iran regime change and Military Industrial Complex entanglement — alongside Kirk's reported belief he could be killed for breaking with Israel.","12","4"
"Iran_Section_Overview","Iran","Iran/overview.mdx","/Iran/overview","Iran War","Section index arguing Iran did not kill Kirk, but his opposition to a U.S.-Iran war created a motive the lone-gunman frame ignores.","States plainly that Iran had nothing to do with the killing — the section's thesis is the reverse, that a long-hawkish figure turned against the war and became an obstacle to its backers.","13","4"
"Israel_NSA_Cellphones_Bumblehive","Israel","Israel/NSA_Cellphones_Bumblehive.mdx","/Israel/NSA_Cellphones_Bumblehive","NSA Cellphones & Bumblehive (Claims)","Claims that NSA signals intelligence logged Israeli-registered cellphones at UVU during the shooting window, and Utah's Bumblehive data center could deanonymize them.","Researchers claim 12-16 Israeli-registered cellphones were reportedly active at UVU as Charlie Kirk was killed, later expanded to 44 foreign-registered phones — a SIGINT dataset the public case never addresses.","1","4"
"Israel_Islamabad_Serena_Tracking","Israel","Israel/Islamabad_Serena_Tracking.mdx","/Israel/Islamabad_Serena_Tracking","Islamabad Serena Tracking (Claims)","Claims that four of the Israeli-registered phones allegedly at UVU later pinged at Pakistan's Serena Hotel during April 2026 US-Iran talks.","Tony Seruga reportedly tracked four of the same alleged UVU phones to the Islamabad Serena Hotel in April 2026, during US-Iran negotiations under Pakistani security — devices supposedly moving with diplomacy, not students.","2","4"
"Israel_Joshua_Peterson_Whistleblower","Israel","Israel/Mossad_TPUSA/Joshua_Peterson.mdx","/Israel/Mossad_TPUSA/Joshua_Peterson","Joshua Peterson — Whistleblower Account (Claims)","A former Turning Point USA representative's public allegation of foreign-intelligence recruitment activity during TPUSA staff training.","Peterson alleges on camera that men on a TPUSA training trip later identified themselves as officers of a foreign intelligence service who said they had worked inside TPUSA for years — uncorroborated, and demanding investigation.","3","4"
"Israel_Russell_Brand_Cabinet","Israel","Israel/Russell_Brand_Cabinet_Claims.mdx","/Israel/Russell_Brand_Cabinet_Claims","Russell Brand Cabinet Claims","Brand's reported claim that cabinet-level sources described foreign-involvement and accomplice inquiries being shut down days after the killing.","Brand says two sources told him that six days after Charlie Kirk's death, senior officials reportedly closed off the foreign-involvement and accomplice lines of inquiry — anonymous, second-hand, and never publicly answered.","4","4"
"Israel_Israeli_Tech_Investigation","Israel","Israel/israeli-tech-in-investigation.mdx","/Israel/israeli-tech-in-investigation","Israeli Technology Inside the Investigation (Claims)","Why Israeli-made forensic software is extracting and authenticating the case evidence while Israeli interests are treated as a motive thread.","Israeli-made Cellebrite reportedly extracted and authenticated the very text messages at the heart of the case, and Israeli BriefCam parsed the video — yet the defense has never raised the conflict-of-interest.","5","4"
"Israel_Hamptons_Intervention","Israel","Israel/israel-hamptons.mdx","/Israel/israel-hamptons","Israel Hamptons","The disputed August 4-5, 2025 Bridgehampton gathering where pro-Israel figures reportedly confronted Charlie Kirk, five weeks before his death.","The Grayzone cited five sources saying the meeting 'went off the rails,' with Kirk left 'horrified' and afterward worried about Israeli 'blackmail'; Ackman and Natasha Hausdorff categorically deny that account.","6","4"
"Israel_Bibi_Replaced_TPUSA_Done","Israel","Israel/bibi-replacement-tpusa-cost.mdx","/Israel/bibi-replacement-tpusa-cost","""Bibi Replaced, TPUSA Done""","Two July 2026 posts claiming Charlie Kirk weighed calling for Netanyahu's replacement and knew it would destroy TPUSA.","Carrie Prejean Boller says Seth Dillon told her Kirk believed calling for Netanyahu to step down would end TPUSA; Dan Bilzerian's account says Kirk tested that exact question in the Hamptons.","7","5"
"Israel_Tucker_Carlson_Statement","Israel","Israel/Tucker_Carlson_Israel.mdx","/Israel/Tucker_Carlson_Israel","Tucker Carlson on Evolving Israel Views","Tucker Carlson's on-record statement that Kirk's friends believe he was killed over his changing views on Israel.","Carlson — who appeared on Kirk's show under 24 hours before UVU — says on camera that Charlie's own friends believe he was murdered over Israel, not culture-war politics.","8","4"
"Israel_Google_Trends_Address","Israel","Israel/israel-google-trends-645-w-925-s.mdx","/Israel/israel-google-trends-645-w-925-s","Israel Google Trends Spike for ""645 W 925 S""","A Google Trends screenshot showing search interest in an Orem address registering a single regional spike from Israel.","A posted Trends chart shows the Orem address '645 W 925 S' — the block of the alleged staging house — spiking from the region Israel in April 2022, years before the shooting.","9","5"
"Israel_Israelis_At_UVU","Israel","Israel/israelis-at-uvu.mdx","/Israel/israelis-at-uvu","Israelis at UVU","Alleged Israeli presence and signals activity on or near the UVU campus on September 10, 2025.","Former NCTC director Joe Kent says on the record that his center was ordered to stop its foreign-nexus inquiry the moment a suspect was in custody — the exact lead that would have tested these claims.","10","4"
"Israel_Charlie_Quotes","Israel","Israel/Charlie_Quotes_Israel.mdx","/Israel/Charlie_Quotes_Israel","Reported Charlie Kirk Quotes About Israel and Donors (Claims)","Compilation of widely circulated quotes attributed to Charlie Kirk about Israel, donors, and personal risk.","Kirk is reported to have said some version of 'If I go against Israel, they will kill me,' and to have written that donors were leaving him no choice but to leave the pro-Israel cause.","11","5"
"Israel_Foreign_Leads","Israel","Israel/foreign-leads.mdx","/Israel/foreign-leads","Israel Foreign Leads","Open investigative leads pointing outside the United States — actors, communications, travel, and SIGINT data never publicly run down.","The top foreign lead is not a suspect but a question: whether federal investigators ever ran down the Israel-related SIGINT, travel, and funding data at all before closing the case as domestic.","12","5"
"Israel_Threat_Western_Politicians","Israel","Israel/threat-to-western-politicians-iran-war.mdx","/Israel/threat-to-western-politicians-iran-war","Threat to Western Politicians Over Iran War","A resurfaced television clip in which a pro-Israel speaker warns Western politicians obstructing action against Iran will fall.","In an older interview replayed on X in July 2026, a pro-Israel speaker says Western politicians who get in the way of destroying Iran's nuclear program 'are going to fall' — read differently after Kirk's death.","13","4"
"Israel_Mossad_TPUSA_Overview","Israel","Israel/Mossad_TPUSA/overview.mdx","/Israel/Mossad_TPUSA/overview","Mossad and TPUSA","Overview of the allegation that foreign-intelligence operatives were embedded inside Turning Point USA and vetted new staff.","The claim is not about the shooting at all — it is that a foreign service reportedly had people inside Kirk's own organization for years, screening who got hired, according to one former representative.","14","4"
"Israel_Ian_Carroll_History","Israel","Israel/ian-carroll-israel-assassination-history.mdx","/Israel/ian-carroll-israel-assassination-history","Ian Carroll: Israel's Assassination History","Ian Carroll's attributed argument linking Israel's targeted-killing record to Kirk's 2025 friction with pro-Israel donors.","Carroll cites an April 3, 2025 message attributed to Kirk warning against a 'regime change war against Iran,' and contends TPUSA was built by donors who would not tolerate too many questions.","15","4"
"Israel_Friction_Checklist","Israel","Israel/Charlie_Israel_Friction.mdx","/Israel/Charlie_Israel_Friction","Charlie–Israel Friction Checklist (Claims)","Enumerated list of reported 2025 friction points between Charlie Kirk and pro-Israel donors and officials.","The checklist stacks Epstein files, refused funding offers, platforming decisions, and internal TPUSA audits into one 2025 pressure window — and Joe Kent has pointed on the record to exactly this cluster.","16","5"
"Israel_Search_Patterns","Israel","Israel/Israeli_Search_Patterns_Claims.mdx","/Israel/Israeli_Search_Patterns_Claims","Reported Israeli Search-Pattern and IP Activity (Claims)","Claims of Google Trends spikes and search activity from Israeli IP ranges around case-related names and places.","Researchers report elevated search interest from Israeli IP ranges spiking around case-related attorneys, officials, and commentators in 2024-2025 — before the events those searches would normally follow.","17","4"
"Israel_Presence_Connectivity","Israel","Israel/Israeli_Presence_And_Connectivity_Claims.mdx","/Israel/Israeli_Presence_And_Connectivity_Claims","Alleged Israeli Presence and Connectivity at UVU and in the Case (Claims)","Summary of claims about Israeli individuals, devices, or institutions connected to the UVU event.","The presence claims rest on device registration data rather than sightings — an evidentiary category no official filing in the case has ever publicly addressed or ruled out.","18","4"
"Israel_Motivation","Israel","Israel/motivation.mdx","/Israel/motivation","Israel's Motivation to Kill Charlie","Collected motive narratives tying Israel-aligned actors to Charlie Kirk's death.","Kirk was described as the key non-Jewish ally of pro-Israel advocacy in MAGA — which is why his reported 2025 turn on Gaza and donor influence is argued to carry outsized cost.","19","4"
"Israel_PM_Statements","Israel","Israel/israel-pm.mdx","/Israel/israel-pm","Israel PM","Statements, reported pre-event outreach, and post-event reactions attributed to the Israeli Prime Minister's office.","Beyond the public condolences, commentators allege pre-September-10 outreach from the PM's office to Kirk, and separately that a former Netanyahu bodyguard turns up in the security-detail thread.","20","4"
"Israel_Operation_Grim_Beeper","Israel","Israel/Operation_Grim_Beeper.mdx","/Israel/Operation_Grim_Beeper","Operation Grim Beeper (Claims)","The September 2024 pager and walkie-talkie attack on Hezbollah, cited as a capability reference in the Kirk case.","Thousands of pagers detonated simultaneously across Lebanon and Syria on September 17-18, 2024 after explosives were reportedly built into them during manufacture — a supply chain compromised months in advance.","21","4"
"Israel_Beepers_Weapons","Israel","Israel/Beepers.mdx","/Israel/Beepers","Beepers & Walkie-Talkies as Weapons (Claims)","How ordinary pagers were reportedly turned into synchronized bombs, and why the method is cited in Kirk theories.","Hezbollah switched to low-tech pagers precisely to defeat phone surveillance — and that switch was reportedly anticipated, with the Gold Apollo supply chain allegedly tampered with before delivery.","22","5"
"Israel_PETN_Explosive","Israel","Israel/petn.mdx","/Israel/petn","PETN — The Explosive in the Devices (Claims)","What PETN is and how it was reportedly concealed inside pager batteries in the 2024 attack.","PETN can be molded into slivers thin enough to hide in a pager battery compartment without changing how the device looks or works — and is difficult to detect.","23","4"
"Israel_Mossad_Capability","Israel","Israel/Mossad.mdx","/Israel/Mossad","Mossad (Capability Context)","Background on Israel's intelligence service and why its capabilities are invoked in Charlie Kirk theories.","The page records the blunt line driving the whole capability argument: after the pager operation, one commentator wrote, 'One man killed by a bullet? That's child's play for Mossad.'","24","4"
"Israel_Hezbollah_Context","Israel","Israel/Hezbollah.mdx","/Israel/Hezbollah","Hezbollah — The Grim Beeper Target (Context)","Who Hezbollah is and why it was the target of the 2024 pager operation referenced in capability arguments.","Hezbollah's deliberate retreat to low-tech pagers to evade smartphone surveillance became the exact delivery mechanism used against it — the network it built for safety was the weapon.","25","4"
"Israel_Investigation_Index","Israel","Israel/Israel_Investigation_Index.mdx","/Israel/Israel_Investigation_Index","Israel Investigation Index","Working investigative memo mapping the Israel threads — motive, presence claims, SIGINT, official responses, and blocked leads.","The memo organizes the section around three recurring layers — motive, alleged presence, and blocked federal follow-up — treating the blockage itself as the finding rather than a gap.","26","4"
"Israel_Section_Overview","Israel","Israel/overview.mdx","/Israel/overview","Israel","Section landing page mapping every Israel-related thread in the Charlie Kirk investigation.","The overview turns its own premise into a question: if Israel is treated as a suspect, why is Israeli-made software extracting and authenticating the case evidence?","27","4"
"IsraelSuspect_Israelis_At_UVU","Israel_Main_Suspect","Israel_Main_Suspect/israelis-present-at-uvu.mdx","/Israel_Main_Suspect/israelis-present-at-uvu","Israelis Present at UVU","Claims that Israeli-registered cellphones were detected at Utah Valley University the moment Charlie Kirk was shot.","A reported NSA scoop alleges 12 Israeli-registered phones pinged at the shooting site; researcher Tony Seruga later puts the count at 16, reportedly relayed to a ""freaked out"" White House.","1","4"
"IsraelSuspect_Intel_Flights","Israel_Main_Suspect","Israel_Main_Suspect/israel-intel-flights-uvu.mdx","/Israel_Main_Suspect/israel-intel-flights-uvu","Israel Intel Flights & UVU","Flight-tracking claims linking Egyptian jet SU-BTT, SAM-702 and surveillance jet N1098L to the UVU timeframe.","Egyptian jet SU-BTT reportedly flew France-to-Provo Sept 4, left Utah 7:08 MT hours before the 12:23 shooting, and allegedly dropped contractors wearing ""US DoD Liaison"" badges who never flew out.","2","4"
"IsraelSuspect_Coverup_Foreign","Israel_Main_Suspect","Israel_Main_Suspect/coverup-foreign-involvement.mdx","/Israel_Main_Suspect/coverup-foreign-involvement","Cover-Up of Foreign Involvement","Allegations that the foreign-involvement angle was ruled out by fiat within days rather than investigated.","Russell Brand says cabinet-meeting sources told him Kash Patel, Tulsi Gabbard and the Vice President reportedly said ""we're not looking at foreign involvement"" and ""not looking at any accomplices domestically"" six days after.","3","4"
"IsraelSuspect_Foreign_Leads","Israel_Main_Suspect","Israel_Main_Suspect/leads-to-foreign-involvement.mdx","/Israel_Main_Suspect/leads-to-foreign-involvement","Leads to Foreign Involvement","NCTC Director Joe Kent's account that his probe was shut down before foreign-nexus leads could be run down.","Kent reportedly stated ""Multiple people had pre-knowledge of Charlie Kirk's assassination and the FBI shut down my investigation"" — and says he stepped down partly to speak about withheld information.","4","4"
"IsraelSuspect_Charlie_Kill_Warning","Israel_Main_Suspect","Israel_Main_Suspect/charlie-said-israel-would-kill-him.mdx","/Israel_Main_Suspect/charlie-said-israel-would-kill-him","Charlie Said Israel Would Kill Him","Reported statements attributed to Charlie Kirk fearing he would be killed if he broke with the pro-Israel cause.","Kirk allegedly wrote ""if I go against Israel, I think they will kill me"" around August 13, and reportedly texted in all caps ""THEY ARE GOING TO KILL ME"" after a combative September 9 meeting.","5","5"
"IsraelSuspect_Intel_Service","Israel_Main_Suspect","Israel_Main_Suspect/intelligence-service-behind.mdx","/Israel_Main_Suspect/intelligence-service-behind","Intelligence Service Behind Charlie's 9/10","Argument that tradecraft, SIGINT footprint and device sophistication point to a state service, not a lone 22-year-old.","Cites Operation Grim Beeper — thousands of Hezbollah pagers detonated via PETN embedded in the supply chain — plus an ""exploding-mic"" shaped-charge hypothesis using a small PETN charge in a worn device.","6","4"
"IsraelSuspect_Extreme_Motivation","Israel_Main_Suspect","Israel_Main_Suspect/extreme-motivation.mdx","/Israel_Main_Suspect/extreme-motivation","Extreme Motivation for Israel to Kill Charlie","Motive case built on donor pressure, rejected money offers, and the Hamptons intervention weeks before the killing.","A named donor reportedly discussed pulling roughly $2 million from TPUSA over Kirk refusing to attack Tucker Carlson, with one account placing the pull about 48 hours before the shooting.","7","4"
"IsraelSuspect_More_Israel","Israel_Main_Suspect","Israel_Main_Suspect/more-israel.mdx","/Israel_Main_Suspect/more-israel","More on Israel & 9/10","Roundup of Israel-angle threads: Mossad capability, PETN theory, the alleged $1 billion offer, Hamptons, foreign phones.","Argues Kirk may not have been struck by a .30-06 at all but by a small directional PETN charge — tied to claims the scene soil was excavated and rapidly paved over.","8","4"
"IsraelSuspect_Censorship_Extreme","Israel_Main_Suspect","Israel_Main_Suspect/censorship-extreme.mdx","/Israel_Main_Suspect/censorship-extreme","Extreme Censorship Around 9/10","Reported suspension waves and takedowns targeting posts raising the Israel and foreign-involvement angle.","Witness Ryne Simmons reportedly recorded close-up 4K 60fps video of the shooting, sent it to the FBI to help, and says he was instead instructed to delete the footage — he kept a copy.","9","5"
"IsraelSuspect_Iran_War","Israel_Main_Suspect","Israel_Main_Suspect/iran-war-charlie-vs-israel.mdx","/Israel_Main_Suspect/iran-war-charlie-vs-israel","Iran War (Charlie vs Israel)","How the 2025 Israel-Iran war put Kirk's anti-war lobbying in direct conflict with Israeli war aims.","Kirk reportedly went to the White House on June 18, 2025 specifically to advise against regime change in Iran; investigators infer a ""decision to murder"" window around July 18, weeks later.","10","4"
"IsraelSuspect_TPUSA_Before_After","Israel_Main_Suspect","Israel_Main_Suspect/tpusa-before-vs-after.mdx","/Israel_Main_Suspect/tpusa-before-vs-after","TPUSA Before vs After Charlie","Reported shifts in TPUSA leadership, board, tone and Israel posture across September 10, 2025.","A FARA filing for Brad Parscale's Clock Tower X LLC is dated exactly eight days after the killing, reportedly covering Israeli-government messaging integration into Salem Media properties that carried Kirk's show.","11","4"
"IsraelSuspect_Control_TPUSA","Israel_Main_Suspect","Israel_Main_Suspect/control-over-tpusa.mdx","/Israel_Main_Suspect/control-over-tpusa","Israel Needed Control Over TPUSA","Motive theory that removing Kirk opened a path to control the largest conservative youth organization.","Stew Peters alleged Kirk rejected a $150 million offer with reports of a $1 billion figure, and claimed that money was accepted by TPUSA immediately after his death — attributed, undocumented allegations.","12","4"
"IsraelSuspect_Control_Campuses","Israel_Main_Suspect","Israel_Main_Suspect/control-college-campuses.mdx","/Israel_Main_Suspect/control-college-campuses","Israel Needed Control Over College Campuses","Motive analysis of TPUSA's campus chapter network as a strategic pipeline shaping young Americans on Israel.","Former TPUSA representative Joshua Peterson alleges that after several days of training, former reps questioned new hires about Israel and said they were connected to a foreign intelligence service.","13","5"
"IsraelSuspect_Control_Churches","Israel_Main_Suspect","Israel_Main_Suspect/control-christian-churches.mdx","/Israel_Main_Suspect/control-christian-churches","Israel Needed Control of US Christian Churches","Motive theory on the evangelical pulpit as a Christian-Zionist channel and alleged church-targeting operations.","Cited FARA summaries allege an Israeli-underwritten group geofenced roughly 523 US churches, harvesting worshippers' phone and location data, backed by a reported NIS 2.35 billion 2026 hasbara budget.","14","5"
"IsraelSuspect_Narrative_Control","Israel_Main_Suspect","Israel_Main_Suspect/online-narrative-control.mdx","/Israel_Main_Suspect/online-narrative-control","Online Narrative Control After 9/10","Claims of coordinated post-killing narrative management: antisemitism branding, paid amplification, lone-gunman push.","One post alleges Netanyahu is ""on record"" paying US influencers $7,000-plus per post for pro-Israel, anti-Candace-Owens content — an unverified claim tied to a reported NIS 2.35 billion public-diplomacy budget.","15","4"
"IsraelSuspect_Control_Podcast","Israel_Main_Suspect","Israel_Main_Suspect/control-podcast.mdx","/Israel_Main_Suspect/control-podcast","Israel Needed Control Over the Podcast","Motive analysis of The Charlie Kirk Show as a daily editorial lever and its Salem Media distribution layer.","A FARA filing dated eight days after the killing reportedly described Israeli-government work including ""messaging integration into Salem Media properties"" — the pipeline carrying Kirk's daily show.","16","4"
"IsraelSuspect_Control_Videos","Israel_Main_Suspect","Israel_Main_Suspect/control-social-videos.mdx","/Israel_Main_Suspect/control-social-videos","Israel Needed Control of Charlie's Social Videos","Motive analysis of Kirk's short-form video pipeline into millions of under-30 viewers as a capture target.","Tucker Carlson stated ""All of us who knew Charlie Kirk, believe he was murdered because his views on Israel were changing""; citizen lists claim clips urging Iran-war skepticism were scrubbed.","17","4"
"IsraelSuspect_Control_Amfest","Israel_Main_Suspect","Israel_Main_Suspect/control-amfest-conferences.mdx","/Israel_Main_Suspect/control-amfest-conferences","Israel Needed Control Over Amfest Conferences","Motive analysis of AmericaFest's speaker lineup as the agenda-setting stage of a national youth movement.","At the December 2025 AmericaFest after the killing, Tucker Carlson reportedly told the audience that taking AIPAC money is America-last, and that Charlie was falsely branded antisemitic for saying so.","18","5"
"IsraelSuspect_Section_Overview","Israel_Main_Suspect","Israel_Main_Suspect/overview.mdx","/Israel_Main_Suspect/overview","Israel Main Suspect","Section hub summarizing motive, presence, Iran war, TPUSA control and the foreign-angle cover-up threads.","Embeds a report that Tyler Robinson's exact apartment address, down to the unit number, was Google-searched in Hebrew on April 29, 2025 while an Egyptian-registered jet sat parked in Nebraska.","19","4"
"KeyIndiv_Eyewitnesses_Workers","key_individuals","key_individuals/Eyewitnesses_And_Workers.mdx","/key_individuals/Eyewitnesses_And_Workers","Eyewitnesses & On-Site Workers","On-site witnesses and workers whose sensory accounts conflict with the official rooftop rifle narrative.","Videographer Ryne Simmons reportedly gave the FBI 4K 60fps close-up footage and was allegedly told to delete it; front-row witness ""Nick"" reported a ""loud pop"" from Charlie's right, not a rifle crack.","1","4"
"KeyIndiv_Medical_Legal","key_individuals","key_individuals/Medical_Legal_Periphery.mdx","/key_individuals/Medical_Legal_Periphery","Medical & Legal Periphery","Medical examiner, surgeons, prosecutors, defense counsel and paving contractors tied to search-spike and discovery questions.","OSINT threads claim Israeli-IP Google spikes for defense counsel Kathryn Nester in December 2024 — nine months before the shooting — and for surgeon Andrew Zenger the day before he joined the surgical team.","2","4"
"KeyIndiv_TPUSA_Sept10","key_individuals","key_individuals/TPUSA_Staff_Sept_10.mdx","/key_individuals/TPUSA_Staff_Sept_10","TPUSA Staff — September 10 Timeline","Minute-by-minute reconstruction of TPUSA staff phone calls in the 12:23–12:24 window around the shooting.","Blake Neff reportedly said he witnessed Mikey McCoy's calls to Erika Kirk and Rob McCoy, yet 12:24:02 footage cited in the case file shows McCoy alone with Neff not in frame.","3","4"
"KeyIndiv_Donor_Circle","key_individuals","key_individuals/Donor_Meeting_Circle.mdx","/key_individuals/Donor_Meeting_Circle","Donor & Pre-Event Meeting Circle","The alleged August 2025 Hamptons donor ""intervention"" over Charlie Kirk's Israel criticism and who was reportedly there.","Former NCTC director Joe Kent has said on the record that Kirk's disputes with pro-Israel donors were among the unexplored foreign-nexus leads his review was ordered to drop once a suspect was in custody.","4","4"
"KeyIndiv_Officials_LE","key_individuals","key_individuals/Officials_And_Law_Enforcement.mdx","/key_individuals/Officials_And_Law_Enforcement","Officials & Law Enforcement","Federal, state, county and judicial officials who controlled press timing, custody accounts, gag orders and foreign-lead follow-up.","The NCTC foreign-nexus inquiry was reportedly halted; a Dec 16, 2025 gag order followed; and the sheriff's 8:02 PM call sits awkwardly against Kash Patel's earlier 7:58 PM ""in custody"" press timing.","5","4"
"KeyIndiv_Central_Figures","key_individuals","key_individuals/Central_Figures.mdx","/key_individuals/Central_Figures","Central Figures — Charlie, Erika & Tyler","The victim, the widow and the accused, with the disputed threads that orbit each of the three.","Candace Owens alleges Charlie told donors, staff and security chief Dan Flood via Signal/Telegram that he feared being ""executed tomorrow"" the night before he was killed.","6","5"
"KeyIndiv_Security_Detail","key_individuals","key_individuals/Security_And_Protection.mdx","/key_individuals/Security_And_Protection","Security & Protection Personnel","The SUV close-protection detail and UVU campus police, the perimeter gaps, and unreleased CCTV questions.","UVU's police chief reportedly put only about 25% of his department on the event with no rooftop inspection and no drones — lighter coverage than prior Kirk events, per AP and investigator claims.","7","4"
"KeyIndiv_Distraction_Suspects","key_individuals","key_individuals/Distraction_And_Early_Suspects.mdx","/key_individuals/Distraction_And_Early_Suspects","Distraction & Early Suspect Figures","Decoy and early-custody figures who absorbed scanner traffic and press attention in the first hours.","George Zinn reportedly shouted that he shot Charlie Kirk specifically to draw attention from the real shooter, and a Heritage Foundation intern within ~25 feet was announced in custody then released about 90 minutes later.","8","4"
"KeyIndiv_Investigators_Media","key_individuals","key_individuals/Investigators_And_Media.mdx","/key_individuals/Investigators_And_Media","Investigators & Media Commentators","The citizen OSINT researchers and media voices who surfaced most of the non-official evidence in this case.","Tony Seruga's threads push an NSA ""Bumblehive"" data-center angle with 44 phones at UVU tracked toward Islamabad, and a Russell Brand segment cites cabinet sources saying the foreign-involvement inquiry was shut down.","9","4"
"KeyIndiv_Index","key_individuals","key_individuals/Investigation_Index.mdx","/key_individuals/Investigation_Index","Key Individuals Investigation Index","Role-based map of every person cluster in the case, from central figures to donors, decoys and medical periphery.","The case is indexed by investigative role rather than guilt — nine distinct clusters including a dedicated ""distraction/early custody"" group, which itself implies decoy suspects were part of the day.","10","4"
"KeyIndiv_Overview","key_individuals","key_individuals/overview.mdx","/key_individuals/overview","Key Individuals","Entry page grouping everyone touching the case into inner, official and peripheral rings.","Frames the case as three rings and names the halted NCTC foreign-lead thread and the 12:23–12:24 McCoy/Neff call puzzle as the two unresolved knots at the center of the roster.","11","4"
"Killer_Tyler_Robinson_Official","Killer","Killer/tyler-robinson.mdx","/Killer/tyler-robinson","Theory: Tyler Robinson — Official Suspect","Examines the official suspect account and the ballistic, acoustic and timeline objections investigators raise against it.","Analysts reportedly argue a Mauser 98 in .30-06 would produce a wound profile unlike the one described, and a TMZ clip reportedly places Robinson 0.25 miles away 31 minutes before the shot.","1","4"
"Killer_Coverup_Indicators","Killer","Killer/Coverup_Indicators.mdx","/Killer/Coverup_Indicators","Alleged Cover‑Up Indicators Relevant to the “Real Killer” Question (Claims)","Catalogs claimed crime-scene destruction, deleted witness video, withheld footage and legal secrecy affecting the real-killer question.","The tent area where Kirk was shot was reportedly paved over within days, and witnesses reportedly deleted footage after FBI contact — destroying bullet-path, residue and blood-pattern evidence before independent review.","2","5"
"Killer_US_Intelligence","Killer","Killer/us-intelligence.mdx","/Killer/us-intelligence","Theory: US Intelligence","Lays out the case that U.S. agencies or a rogue faction were involved, with aircraft, security and obstruction claims.","Investigators report a UVU security posture inconsistent with standard protective protocols, and who scheduled aircraft over Orem that day remains an open question.","3","4"
"Killer_Israel_Mossad","Killer","Killer/israel-mossad.mdx","/Killer/israel-mossad","Theory: Israel / Mossad","Presents the foreign-intelligence theory, its motive argument, and the specific claims investigators cite for it.","Candace Owens reportedly cited Israeli cellphone signal activity near Utah Valley University on September 10, and investigators allege FBI agents were directed not to pursue any foreign-state angle.","4","5"
"Killer_Patsies_Distraction_Actors","Killer","Killer/Patsies_Distraction_Actors.mdx","/Killer/Patsies_Distraction_Actors","Alleged Patsies and Distraction Actors (Claims)","Profiles on-scene figures investigators claim served as patsies or distractions drawing attention from the real shooter.","George Zinn reportedly shouted ""shoot me"" seconds after the shot and was later cleared; Zachariah Qureshi and others were detained and quietly released, with arrest records reportedly sealed.","5","4"
"Killer_More_Theories","Killer","Killer/more-theories.mdx","/Killer/more-theories","More Theories","Surveys remaining explanations: TPUSA internal conflict, non-Israel foreign states, multi-actor combinations, and staged-event claims.","Erika Kirk reportedly became TPUSA CEO within days of the assassination, and donor friction over Kirk's shifting Israel positions in the preceding months is cited as an organizational motive.","6","4"
"Killer_Real_Killer_Overview","Killer","Killer/overview.mdx","/Killer/overview","Real Killer","Hub page routing readers through every competing theory of who actually killed Charlie Kirk.","It treats the official lone-shooter account as only one of several live tracks, sitting beside foreign-intelligence and patsy theories rather than above them, and links barrel-dust and bullet-diameter analysis.","7","4"
"LawEnf_Rifle_Chain_Custody","Law_Enforcement","Law_Enforcement/rifle-chain-of-custody.mdx","/Law_Enforcement/rifle-chain-of-custody","Mauser Rifle Chain of Custody","Covers the recovered bolt-action Mauser and reported lab failures to tie the bullet fragment to that rifle.","The ATF reportedly could not match the bullet fragment to the Mauser, and the analysis was reportedly handed to the FBI for CBLA — a test the FBI itself abandoned in 2005 as scientifically invalid.","1","4"
"LawEnf_Crime_Scene_Paved","Law_Enforcement","Law_Enforcement/crime-scene-handling.mdx","/Law_Enforcement/crime-scene-handling","Crime Scene Handling","Documents the reported paving-over of the UVU courtyard where Charlie Kirk was shot, days after the event.","The courtyard was reportedly paved within four days by Hardscape Specialties LLC — a firm said to have been dormant twenty years and revived in February 2025 — with no public bidding and overnight and Sunday crews.","2","4"
"LawEnf_Court_Proceedings","Law_Enforcement","Law_Enforcement/court-proceedings.mdx","/Law_Enforcement/court-proceedings","Prosecution & Court Proceedings","Tracks State of Utah v. Tyler Robinson: judge change, the December 2025 gag order, and attributed pre-event search claims.","Judge Robert Lunnen reportedly retired August 1, 2025 — weeks before the shooting — and the case went to Tony Graf, for whom it is reportedly his first case; an unverified post claims Israeli-IP searches hit both judges beforehand.","3","4"
"LawEnf_Bagley_Bodycam","Law_Enforcement","Law_Enforcement/officer-bagley-bodycam.mdx","/Law_Enforcement/officer-bagley-bodycam","Officer Bagley — Body Cam Died on Roof","Reported courtroom testimony that a UVU officer's body camera stopped recording while he was still on the rooftop.","Officer Bagley reportedly testified his body camera stopped recording on the Losee Center roof before crime-scene tape went down, said he believed the battery died, and never restarted, recharged, or swapped it that day.","4","5"
"LawEnf_Surrender_Timeline","Law_Enforcement","Law_Enforcement/washington-county-sheriff.mdx","/Law_Enforcement/washington-county-sheriff","Washington County Sheriff & the Surrender","The tip-to-surrender chain through Sheriff Nate Brooksby, disputed custody timestamps, and his later resignation.","The booking sheet reportedly lists a 10:00 PM arrest and a 6:25 PM Miranda — both before the 8:04 PM call that supposedly started the surrender — while the federal database reportedly logs 4:00 AM the next day.","5","4"
"LawEnf_Suspect_Misidentification","Law_Enforcement","Law_Enforcement/suspect-manhunt.mdx","/Law_Enforcement/suspect-manhunt","Suspect Manhunt & Misidentification","Charging-document suspect description versus witness accounts and the early released FBI image.","Early dispatch reportedly described a man in all black with a tactical helmet and mask — matching the prone rooftop figure — not the T-shirt-and-jeans image later attached to Robinson; the charging document's stiff limp vanishes on the roof.","6","4"
"LawEnf_UVU_Campus_Police","Law_Enforcement","Law_Enforcement/uvu-campus-police.mdx","/Law_Enforcement/uvu-campus-police","UVU Campus Police","How UVU's campus police staffed the event, handled rooftops and drones, and tracked the suspect on surveillance.","Only six UVU officers reportedly covered the event; rooftops including the Losee Center were reportedly never inspected, and posts claim Chief Jeff Long denied the security team's drone request — with no counter-snipers present.","7","4"
"LawEnf_DPS_Beau_Mason","Law_Enforcement","Law_Enforcement/utah-dps-beau-mason.mdx","/Law_Enforcement/utah-dps-beau-mason","Utah DPS & Commissioner Beau Mason","Utah's DPS commissioner, the George Zinn clearance, enhanced suspect imagery, and state press conferences.","George Zinn shouted that he shot Kirk, saying it was to draw attention away from the real shooter, and was reportedly cleared as a gunman within hours by state DPS.","8","4"
"LawEnf_Official_Resignations","Law_Enforcement","Law_Enforcement/official-resignations.mdx","/Law_Enforcement/official-resignations","Official Resignations","A cluster of officials tied to the case who resigned or were replaced in the months afterward.","Sheriff Brooksby, who handled the surrender, resigned after thirty years with no stated reason on the same day the reported ATF bullet non-match surfaced; UVU's president also departed that year.","9","4"
"LawEnf_NCTC_Inquiry_Halted","Law_Enforcement","Law_Enforcement/nctc-shutdown.mdx","/Law_Enforcement/nctc-shutdown","NCTC Inquiry (See CoverUp / US Intelligence)","Pointer page on the reportedly halted National Counterterrorism Center foreign-nexus review of the killing.","NCTC director Joe Kent was reportedly probing a foreign nexus to the killing when FBI Director Kash Patel reportedly wanted the review shut down, said to be angry Kent had gone through FBI material.","10","4"
"LawEnf_Utah_County_Sheriff","Law_Enforcement","Law_Enforcement/utah-county-sheriff.mdx","/Law_Enforcement/utah-county-sheriff","Utah County Sheriff — Surrender Coordination","Sheriff Mike Smith's role in the surrender chain, the 8:04 PM call, booking records, and transport officer details.","The official document itself records a clothing mismatch, and the transport officer was reportedly already at the Washington County office — a 3.25–4 hour drive away — before the 8:04 PM call that supposedly began the surrender.","11","4"
"LawEnf_Orem_Police_Response","Law_Enforcement","Law_Enforcement/orem-police-response.mdx","/Law_Enforcement/orem-police-response","Orem PD & Local Response","Orem police and local emergency response after the shooting, including where Kirk was pronounced deceased.","Preliminary-hearing summaries list Orem PD among the investigating agencies alongside SBI, FBI, ATF and UVU police — in tension with the post-event public line that Orem PD was not involved.","12","4"
"LawEnf_FBI_Role_Pointer","Law_Enforcement","Law_Enforcement/fbi-role.mdx","/Law_Enforcement/fbi-role","FBI Role (See FBI Section)","Pointer page directing readers to the dedicated FBI section for federal conduct in the case.","Signals that the FBI's conduct is treated as a separate, substantial investigation track rather than ordinary local police work — the federal thread is deliberately kept out of the local agency pages.","13","4"
"LawEnf_Investigation_Index","Law_Enforcement","Law_Enforcement/Investigation_Index.mdx","/Law_Enforcement/Investigation_Index","Law Enforcement Investigation Index","Index of non-FBI law enforcement pages: campus police, sheriffs, DPS, prosecutors, crime scene, manhunt.","Notes that the lead investigator reportedly learned about the courtyard being paved over from the news rather than from his own agency.","14","4"
"LawEnf_Section_Overview","Law_Enforcement","Law_Enforcement/overview.mdx","/Law_Enforcement/overview","Law Enforcement","Section landing page for non-FBI police and prosecutors involved in the Charlie Kirk case.","Shows how many separate agencies — campus police, two sheriffs, Orem PD, state DPS, prosecutors — each hold a fragment of the record, with no single body owning the full timeline.","15","4"
"Laws_Worries_All_Four","laws","laws/other/Worries_By_Each_4_Laws.md","/laws/other/Worries_By_Each_4_Laws","Charlie Kirk Files Forced Disclosure — Threat Analysis & Recommended Fixes for All Four Laws","Adversarial threat model of every way agencies and courts could evade the four proposed disclosure laws.","Argues an ""Israel Exception"" defeats every disclosure law: reportedly 100,000+ JFK documents touching Israel stayed sealed 60+ years, and 12 Israeli-registered phones at UVU are named as the records agencies will fight hardest.","1","4"
"Laws_Law2_Intel_Disclosure","laws","laws/2_US_Intel/Law_2_US_Intel.md","/laws/US_Intel/Law_2_US_Intel","Law 2: Charlie Kirk Investigation - Intelligence Services Disclosure Act","Full statutory text forcing CIA, NSA, DIA and all IC agencies to disclose Charlie Kirk case intelligence within 30 days.","Names specific tail numbers Congress would be forced to explain — Egyptian aircraft SU-BTT, SU-BND, SU-BTU, SU-BGM and HADES spy plane N1098L — plus electronic jamming at UVU and the AES factory explosion of October 10, 2025.","2","4"
"Laws_Law3_Mandatory_Investigation","laws","laws/3_Require_to_Investigate/Law_3_Require_to_Investigate.md","/laws/Require_to_Investigate/Law_3_Require_to_Investigate","Law 3: Charlie Kirk Investigation - Mandatory Investigation Act","Statute compelling FBI, CIA, NSA and ODNI to each run independent good-faith investigations with public reports every six months.","Would legally require agencies to investigate the ""Exploding Microphone Theory"" as a named Section 3A investigative lead, and transfers the case to an independent commission if any covered agency turns out to be implicated.","3","4"
"Laws_Law1_DoJ_FBI_Disclosure","laws","laws/1_DoJ_FBI/Law_1_DoJ_FBI.md","/laws/DoJ_FBI/Law_1_DoJ_FBI","Law 1: Charlie Kirk Investigation - DoJ/FBI Forced Disclosure Act","Statutory text forcing DOJ, FBI, ATF, DHS, FinCEN and all law enforcement to release every Charlie Kirk file in 30 days.","Congressional findings state as grounds for the law: roughly 12 foreign-registered cell phones detected at the shooting site, foreign military aircraft delivering Defense Attache-badged personnel to Provo Airport, and a HADES surveillance aircraft circling 35 minutes before the shooting.","4","5"
"Laws_Law4_Trusted_Investigators","laws","laws/4_Trusted_Investigations/Law_4_Trusted_Investigations.md","/laws/Trusted_Investigations/Law_4_Trusted_Investigations","Law 4: Charlie Kirk Investigation - Trusted Investigators Act","Statute embedding civilian-led investigation teams inside the FBI and intelligence agencies with power to publish findings.","Would name private citizens — including Candace Owens and Tucker Carlson — as statutory investigators with teams inside the FBI and IC, and make obstructing them a 15-year federal crime.","5","4"
"Laws_Improve_Attorney_Analysis","laws","laws/other/analysis/Improve.md","/laws/other/analysis/Improve","Attorney Analysis: Improvements for the Four Charlie Kirk Disclosure Laws","Attorney critique of constitutional and enforceability weaknesses across all four proposed laws.","The four laws cite different Schedule A counts — 213, 214, 208, 208 — which an attorney warns agencies could exploit under the rule of lenity to gut the criminal enforcement provisions entirely.","6","4"
"Laws_Not_Complying_Full","laws","laws/other/analysis/Laws_Not_Complying.md","/laws/other/analysis/Laws_Not_Complying","Laws Not Complying with Charter — Comprehensive Analysis","Line-by-line attorney audit of where each of the four laws falls short of the project charter.","Documents that Law 1 imposes a 25% budget cut per month of non-compliance with no cumulative cap — a penalty that could zero out an agency's funding — while the charter described only a flat one-time 25% reduction.","7","4"
"Laws_Any_More_To_Add","laws","laws/other/analysis/Fixed/Any_more_to_Add.md","/laws/other/analysis/Fixed/Any_more_to_Add","Additional Disclosure Items to Consider (Beyond the 175) — ALL ADDED","Twenty-six new disclosure items added to Schedule A beyond the original 175, itemized and renumbered.","Adds Item #182 on Brian Harpole, described as having a foreign security background on Kirk's detail, plus items on ""fake therapy"" witness intimidation and witness suppression immediately after the shooting.","8","4"
"Laws_Challenges_Remaining","laws","laws/other/analysis/Challenges.md","/laws/other/analysis/Challenges","Factual Challenges — Remaining Unfixed Items","Tracks which factual claims in the laws could be challenged on X, and records the pushback from official-narrative accounts.","Records that Candace Owens has alleged federal discovery obstruction at director level, and preserves the counterargument that the Robinson case already has DNA and video — letting readers weigh both sides.","9","4"
"Laws_Challenges_Fixed","laws","laws/other/analysis/Fixed/Challenges.md","/laws/other/analysis/Fixed/Challenges","Factual Challenges Analysis — Fixed Items","Shows how contested claims were reframed as conditional records requests so the laws survive factual challenge.","Confirms the laws treat the mechanism of death as an open question — Items #166-170, #187-191 and #206-207 demand records on whether an exploding microphone or non-traditional weapon was involved.","10","4"
"Laws_README_Landing","laws","laws/README.md","/laws","Charlie Kirk Assassination — Forced Disclosure","Landing page for the four-law package, with links to law texts and discovery walkthrough videos.","States that former NCTC director Joe Kent has said on the record that his center's parallel review of potential foreign ties to the Kirk case was ordered stopped before the leads were exhausted.","11","4"
"Laws_Explain_All_Four","laws","laws/explain/all/overview.mdx","/laws/explain/all/overview","Four Laws to Force the Truth About Charlie Kirk","Illustrated launch article introducing all four proposed federal laws with slide graphics.","Frames the package as a deliberate upgrade on the Epstein Files Transparency Act, which passed 427-1 yet produced only ~12,285 documents out of a possible 6+ million pages.","12","5"
"Laws_Any_Problems_Fixed","laws","laws/other/analysis/Fixed/Any_Problems.md","/laws/other/analysis/Fixed/Any_Problems","Problems, Vulnerabilities, and Recommended Fixes — Fixed Items","Attorney-identified loopholes in the four laws and the specific statutory language added to close them.","Identifies ""slow rolling"" — producing records in deliberately unusable formats — as a real evasion tactic, now countered by mandatory OCR text-searchable PDFs and a 7-day re-production order.","13","4"
"Laws_List_Of_Laws_Charter","laws","laws/other/List_Of_Laws.md","/laws/other/List_Of_Laws","Charlie Kirk Files Forced Disclosure — Summary of Four Proposed Federal Laws","Project charter summarizing the scope and key provisions of each of the four laws.","Anchors the whole package to a real docket — State of Utah v. Tyler Alexander Robinson, Case No. 251403576, Fourth Judicial District Court, Utah County — and lists Schedule A at 205 expanded items.","14","4"
"Laws_Old_Charter_Detail","laws","laws/other/old/List_Of_Laws.md","/laws/other/old/List_Of_Laws","Charlie Kirk Files Forced Disclosure — Summary of Four Proposed Federal Laws (earlier draft)","Earlier, more detailed charter listing every Schedule A category by item-number range.","Breaks Schedule A into named ranges — Egyptian planes #81-86, Israeli cell phones #87-91, Provo Airport #92-97, drones #155-159, TPUSA Intel #160-165 — and would void any classification touching Israel, the IC or the military.","15","4"
"Laws_Law2_Requirements","laws","laws/2_US_Intel/more/Human_Requirements.md","/laws/US_Intel/more/Human_Requirements","Human Requirements: Law 2 - US Intelligence Services Forced Disclosure","Plain-language requirements the intelligence disclosure law must satisfy.","Cites Joe Kent, former NCTC director, saying on the record that his center's parallel hunt for foreign ties in the Kirk case was ordered to stop before those leads were exhausted.","16","4"
"Laws_Law3_Requirements","laws","laws/3_Require_to_Investigate/more/Human_Requirements.md","/laws/Require_to_Investigate/more/Human_Requirements","Human Requirements: Law 3 - Require Investigation","Plain-language requirements for a law compelling agencies to actually investigate, not merely disclose.","Makes the point that agencies are not just withholding — they reportedly refused to keep investigating once a suspect was in custody, which this law would make illegal to shut down.","17","4"
"Laws_Law4_Requirements","laws","laws/4_Trusted_Investigations/more/Human_Requirements.md","/laws/Trusted_Investigations/more/Human_Requirements","Human Requirements: Law 4 - Trusted Investigations","Plain-language requirements for embedding civilian-chosen investigation teams inside the FBI and IC.","Each named civilian would personally pick their own FBI and intelligence team members, bypassing the chain of command, and could publish conclusions with only narrow redactions.","18","4"
"Laws_Law1_Requirements","laws","laws/1_DoJ_FBI/more/Human_Requirements.md","/laws/DoJ_FBI/more/Human_Requirements","Human Requirements: Law 1 - DoJ/FBI Forced Disclosure","Plain-language requirements for the law enforcement disclosure statute, including added agencies and record types.","Explicitly demands all autopsy photos and video, all FD-302 reports, records on anyone more involved than Tyler Robinson, and records of any evidence destroyed by a covered agency.","19","4"
"Laws_Law1_Legal_Notes","laws","laws/1_DoJ_FBI/more/Notes_1_DoJ_FBI.md","/laws/DoJ_FBI/more/Notes_1_DoJ_FBI","Notes: Law 1 - DoJ/FBI Forced Disclosure","Legal research on why prior disclosure statutes failed and what enforcement teeth this one needs.","Notes the CIA and FBI reportedly persuaded Presidents Obama, Trump and Biden to keep withholding ~3,500 JFK records past the 2017 deadline, and that no official was ever prosecuted for it.","20","4"
"Laws_Law2_Legal_Notes","laws","laws/2_US_Intel/more/Notes_2_US_Intel.md","/laws/US_Intel/more/Notes_2_US_Intel","Notes: Law 2 - US Intelligence Services Forced Disclosure","Legal precedent research on intelligence-community resistance to disclosure mandates.","Warns that nearly 5% of JFK records were still redacted in 2025 and that if DOJ resisted the Epstein Act this hard, intelligence agencies will resist far harder.","21","4"
"Laws_Law3_Legal_Notes","laws","laws/3_Require_to_Investigate/more/Notes_3_Require_to_Investigate.md","/laws/Require_to_Investigate/more/Notes_3_Require_to_Investigate","Notes: Law 3 - Require Investigation","Precedent research from the Church Committee, Warren Commission and HSCA applied to a mandatory-investigation statute.","Uses the Warren Commission's predetermined conclusions — later contradicted by the HSCA — as the reason the statute must define ""good-faith investigation"" in enforceable terms.","22","4"
"Laws_Law4_Legal_Notes","laws","laws/4_Trusted_Investigations/more/Notes_4_Trusted_Investigations.md","/laws/Trusted_Investigations/more/Notes_4_Trusted_Investigations","Notes: Law 4 - Trusted Investigations","Precedent research supporting civilians leading investigations with government resources and clearances.","Argues the 9/11 Commission already proved private citizens can hold subpoena power and classified access, so agencies cannot use clearance denial to block civilian investigators.","23","4"
"Laws_Not_Complying_Fixed","laws","laws/other/analysis/Fixed/Laws_Not_Complying.md","/laws/other/analysis/Fixed/Laws_Not_Complying","Laws Not Complying with Charter — Fixed / Resolved Items","Record of charter-compliance gaps in the four laws that have since been closed.","Confirms Law 1 now criminalizes refusing to permit a forensic audit — up to 10 years — because agencies routinely claim records were ""lost"" rather than withheld.","24","4"
"Laws_Improve_Fixed","laws","laws/other/analysis/Fixed/Improve.md","/laws/other/analysis/Fixed/Improve","Attorney Analysis: Improvements for Law 1 — Fixed Items","Attorney-flagged defects in Law 1 that have been corrected, with the section numbers that fixed them.","Section 11 now flips the burden entirely: any executive privilege claim gets 14-day judicial review under a clear-and-convincing standard with a presumption against privilege, and no executive order can suspend the Act.","25","4"
"Laws_Law1_Output_Analysis","laws","laws/1_DoJ_FBI/more/Output_Analysis.md","/laws/DoJ_FBI/more/Output_Analysis","Output Analysis: Law 1 - DoJ/FBI Forced Disclosure","Requirement-by-requirement audit of whether Law 1's text delivers what was asked of it.","Shows the disclosure deadline was cut from 90 days to 30 on the Epstein model, and that retaliating against a disclosing employee carries criminal penalties plus treble damages.","26","5"
"Laws_Law2_Output_Analysis","laws","laws/2_US_Intel/more/Output_Analysis.md","/laws/US_Intel/more/Output_Analysis","Output Analysis: Law 2 - US Intelligence Services Forced Disclosure","Audit of whether the intelligence disclosure law meets each stated requirement.","Obstructing an employee's disclosure would be a 10-year federal crime ""regardless of rank"", and conclusions must be published even where the underlying source stays protected.","27","4"
"Laws_Law3_Output_Analysis","laws","laws/3_Require_to_Investigate/more/Output_Analysis.md","/laws/Require_to_Investigate/more/Output_Analysis","Output Analysis: Law 3 - Require Investigation","Audit confirming the mandatory-investigation law covers every required lead category.","Lists the eight investigation categories the FBI would be legally forced to pursue, led by the exploding microphone theory, foreign intelligence involvement and evidence of cover-up.","28","4"
"Laws_Law4_Output_Analysis","laws","laws/4_Trusted_Investigations/more/Output_Analysis.md","/laws/Trusted_Investigations/more/Output_Analysis","Output Analysis: Law 4 - Trusted Investigations","Audit confirming the Trusted Investigators law meets each of its stated requirements.","Section 9 would provide the civilian investigators personal security protection, and Section 3(c) would bar agencies from even surveilling employees' communications about joining a team.","29","4"
"Laws_Old_Law2_Intel","laws","laws/other/old/2_US_Intel/Law_2_US_Intel.md","/laws/other/old/US_Intel/Law_2_US_Intel","Law 2: Intelligence Services Disclosure Act (earlier draft)","Earlier, shorter draft of the intelligence disclosure statute with its original definitions section.","Its definition of ""covered information"" explicitly reaches anything that would reveal government foreknowledge or contradict the official investigation narrative — including foreign intelligence activity anywhere in Utah during 2025.","30","4"
"Laws_Old_Law3_Investigate","laws","laws/other/old/3_Require_to_Investigate/Law_3_Require_to_Investigate.md","/laws/other/old/Require_to_Investigate/Law_3_Require_to_Investigate","Law 3: Mandatory Investigation Act (earlier draft)","Earlier draft of the statute compelling a real investigation, built around the original 175 disclosure items.","Its ""good-faith investigation"" definition bars treating any government agency, intelligence service or foreign government as exempt from suspicion — and names evidence planting as a mandatory line of inquiry.","31","4"
"Laws_Old_Law4_Trusted","laws","laws/other/old/4_Trusted_Investigations/Law_4_Trusted_Investigations.md","/laws/other/old/Trusted_Investigations/Law_4_Trusted_Investigations","Law 4: Trusted Investigators Act (earlier draft)","Earlier draft naming three civilian investigators and defining their embedded FBI and intelligence teams.","The original draft named just three trusted investigators — Candace Owens, Dave Smith and Tucker Carlson — each getting two government teams, before the list later expanded to seventeen.","32","4"
"Laws_Old_Law1_Requirements","laws","laws/other/old/1_DoJ_FBI/more/Human_Requirements.md","/laws/other/old/DoJ_FBI/more/Human_Requirements","Human Requirements: Law 1 (earlier draft)","Earlier requirements list for the law enforcement disclosure statute.","Shows Treasury and IRS were deliberately added to the covered agencies, alongside demands for all autopsy photos and video and records of any files destroyed by a covered organization.","33","4"
"Laws_Old_Law1_Notes","laws","laws/other/old/1_DoJ_FBI/more/Notes_1_DoJ_FBI.md","/laws/other/old/DoJ_FBI/more/Notes_1_DoJ_FBI","Notes: Law 1 (earlier draft legal research)","Earlier legal-research notes on JFK and Epstein Act compliance failures.","Records that DOJ released only ~12,285 documents (125,575 pages) by the December 19 deadline and was accused of flouting a law it had just been signed under.","34","4"
"Laws_Old_Law2_Requirements","laws","laws/other/old/2_US_Intel/more/Human_Requirements.md","/laws/other/old/US_Intel/more/Human_Requirements","Human Requirements: Law 2 (earlier draft)","Earlier requirements list for the intelligence-community disclosure statute.","States it should be a crime for anyone in US intelligence to stop a government employee from releasing information that could identify the real killer.","35","4"
"Laws_Old_Law2_Notes","laws","laws/other/old/2_US_Intel/more/Notes_2_US_Intel.md","/laws/other/old/US_Intel/more/Notes_2_US_Intel","Notes: Law 2 (earlier draft legal research)","Earlier research notes on classification abuse and intelligence-agency disclosure evasion.","Argues under Executive Order 13526 agencies routinely over-classify to avoid embarrassment rather than protect security, so the statute must ban classification as a shield.","36","4"
"Laws_Old_Law3_Requirements","laws","laws/other/old/3_Require_to_Investigate/more/Human_Requirements.md","/laws/other/old/Require_to_Investigate/more/Human_Requirements","Human Requirements: Law 3 (earlier draft)","Earlier requirements list for the mandatory-investigation statute.","Frames the core problem plainly: agencies are reportedly not merely withholding information but actively refusing to investigate the death at all.","37","4"
"Laws_Old_Law3_Notes","laws","laws/other/old/3_Require_to_Investigate/more/Notes_3_Require_to_Investigate.md","/laws/other/old/Require_to_Investigate/more/Notes_3_Require_to_Investigate","Notes: Law 3 (earlier draft legal research)","Earlier precedent notes drawing on the Church Committee and special counsel framework.","Invokes the 1975 Church Committee's exposure of mass intelligence overreach as evidence congressional oversight alone has never been enough to force the truth.","38","4"
"Laws_Old_Law4_Requirements","laws","laws/other/old/4_Trusted_Investigations/more/Human_Requirements.md","/laws/other/old/Trusted_Investigations/more/Human_Requirements","Human Requirements: Law 4 (earlier draft)","Earlier requirements list for the civilian Trusted Investigators teams.","Requires that nothing be allowed to stop these civilian-led teams, and that managers blocking an employee from joining would themselves be committing an offense.","39","4"
"Laws_Old_Law4_Notes","laws","laws/other/old/4_Trusted_Investigations/more/Notes_4_Trusted_Investigations.md","/laws/other/old/Trusted_Investigations/more/Notes_4_Trusted_Investigations","Notes: Law 4 (earlier draft legal research)","Earlier precedent notes justifying handing investigative authority to non-government individuals.","Notes this goes further than any special counsel: special counsels are still government employees appointed by government officials, whereas these investigators would not be.","40","4"
"Legal_FBI_Witness_Intimidation","Legal","Legal/FBI-Witness-Intimidation.mdx","/Legal/FBI-Witness-Intimidation","FBI Witness Intimidation (Claims)","Reported allegations that eyewitnesses were asked to delete footage and steered into ""free trauma counseling"" sessions.","Ryne Simmons reportedly sent the FBI his close-up recording of the shooting, then says agents asked him to delete it, called to confirm deletion, and files later vanished from his phone.","1","4"
"Legal_Evidence_Sealing_2026","Legal","Legal/Evidence-Sealing-2026.mdx","/Legal/Evidence-Sealing-2026","Evidence Sealing 2026","Catalogs the sealed digital forensics, gag orders, closed hearings, and unreleased autopsy and FBI 302 records in the case.","Device search history, communications and location data are reportedly sealed until March 2026, the full autopsy is not public, and FBI Form 302 interview reports have never been released.","2","4"
"Legal_Parent_Attorney_Selection","Legal","Legal/Parent-Attorney-Selection.mdx","/Legal/Parent-Attorney-Selection","Parent and Attorney Selection","How Tyler Robinson's capital defense team was assembled, plus claims about pre-event search interest in his lead attorney.","Commentators cite Google Trends screenshots reportedly showing a spike in searches for defense attorney Kathryn Nester originating in Israel during December 8-14, 2024 — nine months before the shooting.","3","4"
"Legal_Official_Statements","Legal","Legal/Official-Statements.mdx","/Legal/Official-Statements","Official Statements","Timestamped log of official statements from September 10-11, 2025 onward, tracking corrections and contradictions.","FBI Director Kash Patel announced a subject in custody at 4:21 PM on September 10 and retracted it at 5:59 PM; Trump said the killer was caught ""with a high degree of certainty"" before Robinson surrendered.","4","4"
"Legal_DOJ_Prosecution_Secrecy","Legal","Legal/DOJ_Prosecution_And_Secrecy.mdx","/Legal/DOJ_Prosecution_And_Secrecy","DOJ Prosecution and Evidence Secrecy","Covers the capital prosecution alongside allegations of over-classification, sealed warrants, and unexamined foreign-involvement leads.","Digital-forensics warrants are reportedly sealed until March 2026 and commentators allege over-classification, while questions remain over whether foreign-involvement theories were investigated at all.","5","5"
"Legal_FBI_Local_Coordination","Legal","Legal/FBI-Local-Coordination.mdx","/Legal/FBI-Local-Coordination","FBI–Local Coordination","How federal and Utah agencies split jurisdiction on scene, plus reported disputes over witness access and evidence handling.","First FBI agents reportedly secured the scene at 12:39 PM — thirteen minutes after the 12:26 PM first reports — and the rooftop-jump video was released the same evening at 7:59 PM.","6","4"
"Legal_Assassination_Investigation","Legal","Legal/Assassination-Investigation.mdx","/Legal/Assassination-Investigation","Assassination Investigation","Traces the criminal investigation's timeline, agencies, evidence categories, and the open questions public reporting leaves unanswered.","The page tracks how the investigation was conducted rather than whether the official account is complete, listing evidence categories the public has still never been allowed to examine.","7","5"
"Legal_Overview","Legal","Legal/overview.mdx","/Legal/overview","Legal","Index page for the Legal section, linking the proposed Charlie Kirk disclosure laws and citizen-investigator watch items.","Frames the section around four proposed federal disclosure laws, implying the existing legal process cannot by itself surface the withheld records citizen investigators are tracking.","8","4"
"LegalInv_Sealed_Discovery_Fights","legal_investigation","legal_investigation/overview.mdx","/legal_investigation/overview","Legal Investigation","Hub tracking the Utah court case, gag orders, sealed transcripts, chain-of-custody disputes and defense discovery fights.","Commentators including Candace Owens reportedly allege federal obstruction of defense access to the weapon and phone, drawing JFK-files parallels, while transcripts of closed-door hearings stay redacted.","1","4"
"Locations_Provo_Airport","Locations","Locations/Provo_Airport.mdx","/Locations/Provo_Airport","Provo Municipal Airport (PVU)","Flight, badge-access and foreign-jet anomalies at the airfield closest to UVU.","Duncan Aviation sources reportedly say 4-6 men boarded an Egyptian Falcon (SU-BTT) on Egyptian passports wearing ""U.S. DoD Liaison"" badges; the airport badge list was reportedly modified 9/11/25.","1","4"
"Locations_Construction_Site","Locations","Locations/Construction_Site_785_College.mdx","/Locations/Construction_Site_785_College","Construction Site — 785 College Dr, Orem","Orem worksite where a worker reportedly saw a man in all-black tactical gear right after the shooting.","Worker Dylan Hope reportedly described a man in black trench coat and cargo pants matching early police dispatch ""tactical helmet and mask"" language; officers reportedly showed workers a photo that did not match Robinson.","2","5"
"Locations_Timpanogos_Hospital","Locations","Locations/Timpanogos_Regional_Hospital.mdx","/Locations/Timpanogos_Regional_Hospital","Timpanogos Regional Hospital (Orem)","Where Kirk was taken and pronounced dead, and the transport-protocol disputes that followed.","Witness threads say Kirk was driven in a black SUV, not an ambulance, to a Level IV trauma center rather than a closer, higher-capability hospital; observers also reported an unusually empty ER.","3","4"
"Locations_Wooded_Gun_Recovery","Locations","Locations/Wooded_Area_Gun_Recovery.mdx","/Locations/Wooded_Area_Gun_Recovery","Wooded Area — Gun Recovery (North of UVU)","The strip north of campus where a towel-wrapped scoped Mauser .30-06 was reportedly recovered.","The rifle central to the official story was reportedly found wrapped in a dark towel in woods; the page notes ATF ""inconclusive"" fragment testing and a screwdriver story that changed from woods to roof.","4","4"
"Locations_Valhalla_House","Locations","Locations/Valhalla.mdx","/Locations/Valhalla","Valhalla Danish House","A Utah property that shares its name with a phrase used by the FBI director at the press conference.","Kash Patel reportedly said ""I'll see you in Valhalla"" and cited a ""33-hour manhunt""; a real Valhalla Danish House sits down the road from Goat Island, reportedly Robinson's desktop photo.","5","4"
"Locations_Goat_Island","Locations","Locations/Goat_Island.mdx","/Locations/Goat_Island","Goat Island","A Utah landmark reportedly found as the desktop background on Tyler Robinson's computer.","Robinson's computer desktop photo was reportedly Goat Island — located just down the road from the Valhalla Danish House, per @MJTruthUltra, who stresses no documented proof of any connection.","6","4"
"Locations_UVU_Speaking_Event","Locations","Locations/Public-Speaking-Event-UVU.mdx","/Locations/Public-Speaking-Event-UVU","UVU Public Speaking Event (September 10, 2025)","The TPUSA courtyard event footprint, its security posture, and the rapid post-event site changes.","UVU GRAMA emails reportedly show staff discussing threat levels on September 9, the day before; posts also flag a trap door at the shot location and rapid re-paving of the courtyard afterward.","7","4"
"Locations_Palentire_Property","Locations","Locations/Palentire-House-Connection.mdx","/Locations/Palentire-House-Connection","Palantir / Palentire Property Claims","Unverified open-source claims that Palantir-linked property adjoins the gun-recovery parcel.","Researchers ask whether the parcel beside the rifle-recovery site is owned by UVU or by an entity spelled ""Palentire""/Palantir; no deed record has been produced either way.","8","4"
"Locations_Dairy_Queen_Orem","Locations","Locations/Dairy_Queen_Orem.mdx","/Locations/Dairy_Queen_Orem","Dairy Queen — Orem (813 E 800 N)","CCTV sighting of the accused at an Orem restaurant six hours after the shooting.","Robinson was reportedly on Dairy Queen CCTV at 6:38 PM the same day, calm in a maroon shirt and sunglasses, 17 minutes from campus; @RealGeorgeWebb1 alleges not all merchant footage was collected.","9","5"
"Locations_Washington_County_Sheriff","Locations","Locations/Washington_County_Sheriff.mdx","/Locations/Washington_County_Sheriff","Washington County Sheriff's Office (Surrender Site)","The Hurricane, Utah office where the accused surrendered and the custody handoff that followed.","The sheriff's office stated it never interviewed or questioned him; he reportedly sat unrestrained on a couch with water until federal and state investigators took custody around 2 a.m.","10","4"
"Locations_Robinson_Residences","Locations","Locations/Tyler_Apartment.mdx","/Locations/Tyler_Apartment","Tyler Robinson Residences (St. George & Washington City)","The two southern-Utah homes tied to the accused and the escape-route questions they raise.","A retired detective reportedly accompanied the surrender party from the parents' Washington City home with no documented stop at the St. George apartment; posts noted the home appeared blurred on Google Maps.","11","4"
"Locations_Fourth_District_Court","Locations","Locations/Fourth_District_Court_Provo.mdx","/Locations/Fourth_District_Court_Provo","Fourth District Court — Provo (Tyler Robinson Hearings)","The Provo courthouse handling State v. Robinson, its judge, and its gag-order fights.","Judge Tony Graf, appointed only four months before the killing, issued a December 16, 2025 gag order on the court's own motion, restricting what witnesses and lawyers may say publicly.","12","5"
"Locations_University_House_Ownership","Locations","Locations/University-House-Ownership.mdx","/Locations/University-House-Ownership","University House Ownership Claims","Disputed claims that UVU or another entity owns the property at the gun-drop site.","Researcher notes record the unresolved question verbatim: ""Who owns the house the gun was left at? Someone said the university owned it. Someone said Palentire owned it.""","13","4"
"Locations_Cedar_City_Maverik","Locations","Locations/Cedar_City_Maverik.mdx","/Locations/Cedar_City_Maverik","Cedar City Maverik Gas Station (I-15)","Fixed-camera surveillance pin on the I-15 southbound drive the morning after the shooting.","Surveillance reportedly caught a gray Dodge Challenger at 7:15–7:17 AM Sept 11, paying by card at the pump — a rare hard timestamp used to stress-test the official escape timeline.","14","5"
"Locations_Utah_County_Jail","Locations","Locations/Utah_County_Jail.mdx","/Locations/Utah_County_Jail","Utah County Jail (Spanish Fork)","Where the accused has been held since booking, and how he appears in court by video.","Booking #460956 followed a 250-mile overnight drive with detention formalized around 4:00 AM September 12 — the endpoint citizen analysts use to test phone-seizure and Miranda timing.","15","4"
"Locations_Investigation_Index","Locations","Locations/Investigation_Index.mdx","/Locations/Investigation_Index","Locations Investigation Index","Working index mapping confirmed record locations against reported-claim locations across the case.","Frames the whole geography as a testable question: do airport badge logs and merchant CCTV exist but remain unreleased, and do drive times and custody transfers actually match the affidavit?","16","4"
"Locations_Overview","Locations","Locations/overview.mdx","/Locations/overview","Property & Locations","Hyperlinked index of every key location — crime scene, custody chain, airports, courts, disputed parcels.","Lays out the six disputed-location clusters side by side, from the 785 College all-black eyewitness to Provo Airport's foreign-jet claims and the Valhalla/Goat Island coincidence.","17","4"
"Maps_Wooded_Rifle_Recovery","maps","maps/wooded-area-rifle-recovery.mdx","/maps/wooded-area-rifle-recovery","Wooded Area Map — Rifle Recovery and the Same-Morning Arrest","Annotated UVU aerial map placing the shot position, escape path, and the wooded strip where the rifle was announced found.","Court paperwork reportedly puts Russell Kennington's trespass arrest at 11:30 AM on 09/11/2025 — the same morning the rifle was announced found in woods a two-minute walk from the roof, missed by earlier K-9 searches.","1","4"
"Maps_Overview","maps","maps/overview.mdx","/maps/overview","Maps","Section overview explaining how campus layouts, movement routes, and flight paths are mapped to test the plausibility of official timelines.","Maps are used to test whether the claimed walking and driving routes between UVU, Dairy Queen and camera sightings are physically possible in the time allotted, and to plot N1098L and Egyptian-registered aircraft near UVU.","2","4"
"Media_Censorship_Evidence_Deletion","Media","Media/Censorship.mdx","/Media/Censorship","Media Censorship","Catalogs claims that eyewitness footage was deleted, altered, or suppressed, and that platforms removed Charlie Kirk case material.","Witness Ryne Simmons reportedly gave federal investigators close-range 4K 60fps footage, said he was asked to delete it, and described repeated calls confirming deletion; he says he kept a copy.","1","5"
"Media_Leaked_Kirk_Texts","Media","Media/Leaked-Kirk-Texts.mdx","/Media/Leaked-Kirk-Texts","Leaked Kirk Texts (Claims)","Organizes the private messages attributed to Charlie Kirk before his death and how they reached the public outside court discovery.","Messages attributed to Kirk reportedly include ""THEY ARE GOING TO KILL ME"" dated September 9, 2025, and variants tying the fear to breaking from pro-Israel donors — never authenticated as court exhibits.","2","4"
"Media_Trial_Press_Contempt","Media","Media/tyler-robinson-trial-press.mdx","/Media/tyler-robinson-trial-press","Tyler Robinson Trial Press","Traces courtroom coverage from gag orders and seal motions through the ATF unsealing, camera access, and the prosecutor contempt finding.","A prosecutor was reportedly held in contempt in June 2026 for telling TMZ, Fox, and USA Today there was ""ample evidence"" while the ATF jacket-versus-seized-rifle comparison was reported inconclusive.","3","4"
"Media_Israeli_Agenda_Criticism","Media","Media/Israeli-Agenda-Criticism.mdx","/Media/Israeli-Agenda-Criticism","Media Coverage of Israeli Agenda Criticism","Examines press handling of claims Kirk was breaking from pro-Israel donor pressure and of foreign-intelligence involvement theories.","Reporting on claims that Kirk was reportedly moving to break with pro-Israel donors, and on Mossad-involvement theories, was largely quarantined as ""conspiracy"" rather than examined as motive evidence.","4","4"
"Media_Candace_Owens_Israel","Media","Media/Candace-Owens-Israel-Controversies.mdx","/Media/Candace-Owens-Israel-Controversies","Candace Owens Israel Controversies (Media)","How outlets covered Candace Owens' disclosure of Kirk's alleged donor and Israel-related texts and the verification fight that followed.","Owens' release of alleged pre-death donor and Israel texts drew partial TPUSA confirmation, according to reporting, yet outlets covered the messenger rather than authenticating the messages.","5","5"
"Media_TPUSA_Fox_FARA","Media","Media/tpusa-replacement-fox-interview.mdx","/Media/tpusa-replacement-fox-interview","TPUSA Replacement Fox Interview","Covers the Fox interview about TPUSA leadership succession and the media and foreign-agent filings surrounding it.","A Salem Media / Clock Tower X FARA filing dated September 18, 2025 — eight days after the killing — is reported to cover Israeli government messaging, per the page's sourcing.","6","4"
"Media_Social_Platforms","Media","Media/social-media-platforms.mdx","/Media/social-media-platforms","Social Media Platforms","How X, YouTube, TikTok and others carried, throttled, or removed Charlie Kirk case footage and commentary.","Research notes allege thousands of accounts were suspended for engaging Candace Owens' claims, and an embedded clip shows a witness saying his own recording vanished off his phone.","7","4"
"Media_Vance_Mission_Domains","Media","Media/Vance-Mission-Continuation.mdx","/Media/Vance-Mission-Continuation","Vance Mission Continuation","Covers JD Vance's continuation messaging, Erika Kirk's studio address, and disputed domain-registration timeline claims.","Research notes allege memorial-related domain searches originating from Arizona and Israel before the killing, with registration on September 12, 2025 — two days after.","8","4"
"Media_Utah_Local_Press","Media","Media/utah-local-press.mdx","/Media/utah-local-press","Utah Local Press","Utah desks — Deseret, KSL, Fox 13, Utah News Dispatch — supplying names, docket numbers, and security-review detail cable missed.","Local reporting relayed the engraved-casing material, including ""O Bella ciao"" lyrics and a taunting line, reportedly found on an unfired casing rather than a spent one.","9","4"
"Media_Tabloid_Digital_Press","Media","Media/tabloid-digital-press.mdx","/Media/tabloid-digital-press","Tabloid and Digital Press","How TMZ, NY Post, and digital-native outlets covered the case and became part of the contempt record.","TMZ itself appears inside the June 2026 contempt record: Deputy County Attorney Christopher Ballard's statements to TMZ, Fox, and USA Today reportedly triggered the judge's finding.","10","4"
"Media_Mainstream_Vs_Alternative","Media","Media/Mainstream-vs-Alternative-Media.mdx","/Media/Mainstream-vs-Alternative-Media","Mainstream vs Alternative Media","Compares what legacy outlets covered against what independent investigators pursued on the same case.","Whole categories — witness delete-video allegations, flight tracking, foreign-intelligence theories, and reported pre-death texts — appeared only in alternative media, never in primetime.","11","4"
"Media_FBI_Press_Conference","Media","Media/fbi-press-conference-media.mdx","/Media/fbi-press-conference-media","FBI Press Conference Media","Analyzes FBI press statements as the citation layer under wire reporting, including the premature custody announcement.","An official ""suspect in custody"" signal was broadcast then retracted, and Salt Lake SAC Robert Bohls had replaced predecessor Mehtab Syed only weeks earlier, in August 2025.","12","5"
"Media_Timeline_Compilation","Media","Media/Media-Timeline-Compilation.mdx","/Media/Media-Timeline-Compilation","Media Timeline Compilation","A chronological reconstruction of what media reported when, from 12:23 p.m. September 10 through the 2026 court phase.","Leaked-text and Israel-agenda stories were already circulating on September 11, 2025 — the day after the killing — before any suspect had been publicly charged.","13","4"
"Media_Articles_Index","Media","Media/Media_Articles.mdx","/Media/Media_Articles","Media Articles","An annotated index of primary news articles and archives cited across the investigation.","The New York Times documented 145-plus firings and disciplinary actions against people for comments about Kirk's death — a speech crackdown running alongside the investigation.","14","5"
"Media_Fox_News_Coverage","Media","Media/fox-news-coverage.mdx","/Media/fox-news-coverage","Fox News Coverage","Reviews Fox's case coverage, from manhunt through the ATF unsealing and camera-access rulings.","Fox reported the judge unsealing the ATF report on the assassination weapon — the forensic document whose comparison findings were characterized as inconclusive.","15","5"
"Media_News_Sources_Analysis","Media","Media/News-Sources-Analysis.mdx","/Media/News-Sources-Analysis","News Sources Analysis","Grades wire services, global explainers, and reference sites on what they reliably cover and what they systematically omit.","Wire services essentially never publish sealed discovery, full message logs, or citizen flight-path work, so the ""complete"" record most readers get is structurally incomplete.","16","4"
"Media_Wikipedia_Coverage","Media","Media/Wikipedia-Coverage.mdx","/Media/Wikipedia-Coverage","Wikipedia Coverage","How Wikipedia's Assassination of Charlie Kirk article became the default single-page synthesis and what it excludes.","One continuously edited Wikipedia page became the world's default account of the case, with the disputed forensic and foreign-connection threads confined to a theories section.","17","4"
"Media_Broadcast_TV_Networks","Media","Media/broadcast-tv-networks.mdx","/Media/broadcast-tv-networks","Broadcast TV Networks","Reviews CNN, NBC, ABC, CBS, and PBS coverage from breaking news through the 2026 courtroom rulings.","Networks are credited with hour-one logistics but criticized for dropping scene-integrity stories entirely once the suspect narrative locked in, staying shallow on sealed discovery and flight data.","18","5"
"Media_Sept_10_Breaking_News","Media","Media/september-10-breaking-news.mdx","/Media/september-10-breaking-news","September 10 Breaking News","Documents the first 48 hours of coverage and the narrative template it fixed in the public mind.","The first 48 hours locked in ""rooftop shooter"" before any forensics existed, and most audiences never revised it; early timeline maps also reportedly misattributed TMZ footage.","19","4"
"Media_Media_Response","Media","Media/Media_Response.mdx","/Media/Media_Response","Media Response","Summarizes the overall press reaction to the assassination and the records journalists have not obtained.","Coordinated official messaging, FBI requests that eyewitnesses delete video, and who ordered social-media takedowns of evidence all remain unreleased records, per the page.","20","4"
"Media_Guardian_Kirk_Beliefs","Media","Media/Guardian-Kirk-Beliefs.mdx","/Media/Guardian-Kirk-Beliefs","Guardian Coverage of Kirk's Beliefs","Examines The Guardian's character-and-ideology reporting on Kirk published while the suspect search was still active.","While the shooter was still unidentified, coverage pivoted to archived Charlie Kirk Show quotes on race and affirmative action rather than to ballistics or sealed discovery.","21","4"
"Media_Medal_Of_Freedom","Media","Media/Presidential-Medal-of-Freedom.mdx","/Media/Presidential-Medal-of-Freedom","Presidential Medal of Freedom","Covers the posthumous Medal of Freedom award and how the ceremony coverage ran alongside the sealed criminal case.","The nation's highest civilian honor was conferred publicly while the full autopsy report stayed withheld, the case warrants stayed sealed, and FBI 302s were unreleased.","22","4"
"Media_Trump_Votes_Speech","Media","Media/Trump-Votes-Speech.mdx","/Media/Trump-Votes-Speech","Trump Votes Speech","Covers Trump's remarks crediting Kirk with youth-voter gains and how media framed the political tribute.","Harvard IOP's John Della Volpe credited Kirk with persuading GOP leaders to invest in young voters, and Trump had publicly credited him back in May 2025.","23","4"
"Media_National_Day_Remembrance","Media","Media/National-Day-Remembrance.mdx","/Media/National-Day-Remembrance","National Day of Remembrance","Documents the national remembrance designation and the martyrdom framing media adopted.","Official framing canonized Kirk as a ""Christian martyr"" and ""titan"" in state memorial language while gag orders and sealed discovery kept the criminal case out of view.","24","4"
"Media_Investigation_Index","Media","Media/investigation-index.mdx","/Media/investigation-index","Media Investigation Index","A structured index of the Media section's threads, from breaking news through the 2026 court press phase.","It names the open record gaps outright: witness delete-video allegations, gag-order dockets, and unreleased FBI Form 302 interview reports.","25","4"
"Media_Section_Overview","Media","Media/overview.mdx","/Media/overview","Media Overview","Entry point to the Media section, mapping every page on press coverage, censorship claims, and the court-phase reporting.","The overview foregrounds the inconclusive ATF report and the June 2026 contempt over prosecutor comments to TMZ, Fox, and USA Today as the section's core anomalies.","26","4"
"Medical_Doctors_Question_ME","Medical","Medical/doctors_question_me_report.mdx","/Medical/doctors_question_me_report","Doctors Question the Medical Examiner's Report","Two self-identified physicians publicly argue the ME injury list cannot fit a single rifle round from the Losee rooftop.","A self-described surgeon wrote the rooftop trajectory is ""NOT POSSIBLE"" because C2-C7 was obliterated on the left, requiring an upward path — consistent, she said, with a shaped charge at the left waist.","1","4"
"Medical_Trajectory_C2_C7","Medical","Medical/state_brief_trajectory_contradiction.mdx","/Medical/state_brief_trajectory_contradiction","The State's Brief: Downward Trajectory vs C2-C7 Damage","Two pages of the State's probable-cause brief state a downward bullet path while quoting obliteration of C2 through C7.","The prosecution's own filing reportedly says the round travelled downward yet destroyed the left side of the spine all the way up to C2 — critics say those two statements point in opposite directions.","2","4"
"Medical_Shape_Charge_Bullet","Medical","Medical/shape_charge_vs_bullet.mdx","/Medical/shape_charge_vs_bullet","Shape Charge vs Bullet: from Medical Examiner results","Scores the quoted ME injury pattern against a .30-06 rifle round versus a shaped charge detonating at chest level.","The ME report quoted in court lists hemopericardium, bilateral hemothorax, both lung apices bleeding and brain subarachnoid hemorrhage — chest and skull damage far beyond one neck wound.","3","4"
"Medical_Charlies_Injuries","Medical","Medical/charlies_injuries.mdx","/Medical/charlies_injuries","Charlie's Injuries","A July 2026 court filing quotes ME findings listing injuries far beyond the single neck wound the public was told about.","Blood around the heart, blood in both chest cavities, bleeding around the brain and multiple thyroid, cricoid and tracheal cartilage disruptions — none of it in the ""neck of steel"" public account.","4","5"
"Medical_ER_Cleared_Before","Medical","Medical/timpanogos_er_cleared_before_shooting.mdx","/Medical/timpanogos_er_cleared_before_shooting","Timpanogos ER Reportedly Cleared Before the Shooting (Claims)","Anonymous account relayed by Candace Owens that the receiving hospital's ER was emptied hours before Charlie Kirk was shot.","According to the tip Owens relayed, Timpanogos ER patients were moved to another wing in the 10 AM hour and shuttled out by 11:30 AM — over two hours before the 12:24 PM shot.","5","4"
"Medical_Missing_Spinal_Cord","Medical","Medical/missing_spinal_cord_question.mdx","/Medical/missing_spinal_cord_question","The Missing Spinal Cord: When Was It Removed?","A citizen post asks when the cervical spinal cord the ME calls ""traumatically absent"" actually went missing.","The poster notes Charlie kept hold of the microphone after the bang — impossible, they argue, if C2-C7 cord was already destroyed — and pairs it with a witness affidavit describing a ""dime size"" neck wound.","6","4"
"Medical_Surgeon_Warned","Medical","Medical/surgeon_warned_before_surgery.mdx","/Medical/surgeon_warned_before_surgery","Surgeon Warned Before Surgery (Claim)","Secondhand livestream claim that a Timpanogos surgeon was phoned and warned not to come in on September 10, 2025.","A neighbor reportedly relayed that a surgeon scheduled to operate that day was told ""if you come into the hospital today to do this surgery, you're not leaving for a long time.""","7","4"
"Medical_CK_File_Wrong_Hospital","Medical","Medical/charlie_kirk_medical_records_before_shooting.mdx","/Medical/charlie_kirk_medical_records_before_shooting","Charlie Kirk's ER File Sent to the Wrong Hospital (Claims)","X claim that a Kirk ER chart reached Utah Valley Hospital — where he was never treated — before he was shot.","The claim stacks two oddities: a chart at a hospital he never entered, and one reportedly existing before the 12:24 PM shot; the page separates them and notes only the timing would matter.","8","5"
"Medical_Israel_IP_Searches","Medical","Medical/israel_google_searches_medical_people.mdx","/Medical/israel_google_searches_medical_people","Israel Google Searches for Medical People","Citizen claim that the medical examiner, hospital and seven surgeons were searched from Israeli IP addresses before the shooting.","Seven named Timpanogos surgeons were reportedly searched July 14-30, 2025, with the hospital CEO searched August 27 — weeks before Kirk was taken to that exact hospital.","9","4"
"Medical_Trial_Autopsy_Report","Medical","Medical/trial_and_autopsy_report.mdx","/Medical/trial_and_autopsy_report","Trial and Autopsy Report","How the fragments recovered at autopsy intersect the Robinson capital case, the ATF result, and the disputed FBI re-testing.","The ATF lab found the recovered jacket fragment could neither be identified nor excluded as fired from the seized Mauser, and the FBI reportedly refused to let a defense expert watch or film its destructive re-exam.","10","4"
"Medical_ME_Name_Guajardo","Medical","Medical/charlie_kirk_medical_examiner_name.mdx","/Medical/charlie_kirk_medical_examiner_name","Charlie Kirk Medical Examiner Name","Who is actually named as the pathologist, the office chief, and the media commentator behind the Utah autopsy.","The only pathologist named under oath is ""Dr. Guajardo"" — spelled out by an agent from notes, never called to testify, and reportedly gone to New York by March 2026.","11","4"
"Medical_ME_Report_Exhibit11","Medical","Medical/charlie_kirk_medical_examiner_report.mdx","/Medical/charlie_kirk_medical_examiner_report","Charlie Kirk Medical Examiner Report","The single nine-page document admitted as State's Exhibit 11 and the fight over admitting it without the pathologist.","The court admitted the ME report as reliable hearsay but ordered it not published — so it is in evidence and still unreadable by the public; the defense called it an expert report with no expert present.","12","4"
"Medical_Autopsy_Report_Sealed","Medical","Medical/charlie_kirk_autopsy_report.mdx","/Medical/charlie_kirk_autopsy_report","Charlie Kirk Autopsy Report","Everything court testimony and filings say about the sealed autopsy report — timing, findings, fragments, and why it stays hidden.","The autopsy was reportedly done late on the night of the killing into September 11, produced one jacket and four lead fragments, and its nine pages remain unreleased.","13","5"
"Medical_Patients_Moved_Hospital","Medical","Medical/patients_moved_to_another_hospital.mdx","/Medical/patients_moved_to_another_hospital","Patients Moved to Another Hospital (Claims)","Claim that Timpanogos shipped its ER patients to Intermountain's Utah Valley Hospital about an hour before the shooting.","If accurate, the farther Level IV hospital emptied its emergency room at roughly 11:30 AM and then received the shooting victim about 12:50 PM.","14","4"
"Medical_Patients_Moved_Wing","Medical","Medical/patients_moved_to_another_wing.mdx","/Medical/patients_moved_to_another_wing","Patients Moved to Another Wing (Claims)","The first alleged step: ER patients directed into a different wing of Timpanogos in the 10 AM hour.","The relocation is placed more than two hours before any hospital could have been reacting to a shooting that had not yet happened.","15","4"
"Medical_Patient_Records_Moved","Medical","Medical/patient_medical_records_transferred.mdx","/Medical/patient_medical_records_transferred","Patient Medical Records Transferred (Claims)","Claim that ER patients' charts left Timpanogos with them the morning of the shooting.","Owens argued that with charts moved and cameras later seized, outsiders would struggle to prove those patients had ever been in the Timpanogos ER that morning.","16","4"
"Medical_Buses_Move_Patients","Medical","Medical/buses_to_move_patients.mdx","/Medical/buses_to_move_patients","Buses to Move Patients (Claims)","Focuses on the shuttle vehicles said to have carried Timpanogos ER patients away before the shooting.","A bus transfer leaves booking records, a driver, and a receiving dock — yet no vendor, photo, or driver for the alleged 11:30 AM shuttle run has ever surfaced.","17","5"
"Medical_Cameras_FBI_Seizure","Medical","Medical/hospital_security_cameras_removed.mdx","/Medical/hospital_security_cameras_removed","Hospital Security Cameras Removed","Asks where Timpanogos surveillance footage from September 10, 2025 is, and documents the FBI seizure claim.","Commentators allege the FBI took all interior and exterior hospital footage; separately an SD card was reportedly pulled from the camera behind Kirk's head within about five minutes of the shot.","18","5"
"Medical_Hospital_Choice","Medical","Medical/Hospital/hospital_choice_transport.mdx","/Medical/Hospital/hospital_choice_transport","Hospital Choice & Transport","Why a gunshot victim went to a farther Level IV hospital instead of the nearer Level II trauma center.","A reported bomb scare at the closer Intermountain hospital at roughly the moment of the shooting is offered as the reason the SUV drove past it to Level IV Timpanogos.","19","4"
"Medical_EMS_Blocked","Medical","Medical/Hospital/hospital_scene_ems.mdx","/Medical/Hospital/hospital_scene_ems","Hospital Scene & EMS Response","Claims that EMS were turned away at UVU, that hospital staff signed NDAs, and that the ER was already cleared.","Full-geared EMS medics reportedly pleaded ""Let us in"" and were turned back by security while untrained guards handled Kirk — and staff were allegedly made to sign NDAs afterward.","20","4"
"Medical_Events_At_Hospital","Medical","Medical/events_at_hospital.mdx","/Medical/events_at_hospital","Events at Hospital","Reported scene inside and outside Timpanogos after Kirk arrived — the OR, pronouncement, and a second SUV.","One account claims the FBI kept the treating surgeon away from the body for about two hours, and that a second SUV drove to physician parking to pick up an unidentified person.","21","4"
"Medical_Military_Staff","Medical","Medical/military_backgrounds_hospital_staff.mdx","/Medical/military_backgrounds_hospital_staff","Military Backgrounds Among Hospital Staff (Claim)","A self-described former employee describes the treating surgeon and the military service history common among ED staff.","She says the surgeon who worked on Kirk was a pediatric surgeon with a military residency, and that the higher-level trauma alternative was only about a mile farther away.","22","4"
"Medical_Ballistics_Wound","Medical","Medical/ballistics_and_wound_analysis.mdx","/Medical/ballistics_and_wound_analysis","Ballistics and Wound Analysis","Sets the official .30-06 rooftop account against wound morphology, the ATF result, and alternative mechanisms.","A rooftop shot would descend 5-9 degrees and strike face or jaw first, yet entry was reported between larynx and trachea, nearly straight on — and no blood reached the white tarp behind him.","23","5"
"Medical_Wound_Theories","Medical","Medical/Autopsy/wound_analysis_theories.mdx","/Medical/Autopsy/wound_analysis_theories","Wound Analysis & Competing Theories","The competing forensic readings of the wound, including the concealed-charge microphone thesis.","Analysts describe a rectangular wound and a black rectangular object falling out of the neck before the heaviest bleeding began — a sequence they argue no bullet produces.","24","4"
"Medical_Lapel_Mic_Audio","Medical","Medical/lapel_mic_and_audio_theories.mdx","/Medical/lapel_mic_and_audio_theories","Lapel Mic and Audio Theories","Medical-mechanism case for an explosive lavalier pack, with the audio timing evidence that accompanies it.","Audio analysis places a loud stage-level event at +321 ms about 46 m away at the tent, separate from a +202 ms report at about 120 m — two distinct events, not one shot.","25","4"
"Medical_Witness_Conflicts","Medical","Medical/Witness_Account_Conflicts.mdx","/Medical/Witness_Account_Conflicts","Witness Account Conflicts — Chest vs Neck","Catalogs on-camera witnesses who first described a chest or heart hit and later said neck.","A 20-year police veteran told cameras the wound pattern ""would have been shot from below"" — the opposite of a rooftop shot fired downward from the east.","26","4"
"Medical_Bullet_No_Exit","Medical","Medical/hospital_people_and_bullet_claims.mdx","/Medical/hospital_people_and_bullet_claims","Hospital People and Bullet Claims","Traces the ""bullet did not exit"" and ""absolute miracle"" quotes back to their second-hand relays.","No named doctor has ever gone on record saying the bullet did not exit — the quote, and the ""bones of steel"" version, reach the public only through TPUSA-affiliated relays.","27","5"
"Medical_Death_Certificate","Medical","Medical/Autopsy/death_certificate.mdx","/Medical/Autopsy/death_certificate","Death Certificate Questions","Who signed the death certificate, under what authority, and why Utah keeps it sealed.","Commentary claims a hospital physician rather than the medical examiner certified the death, and that Utah keeps certified death certificates restricted for roughly 50 years.","28","4"
"Medical_ME_Surgeons","Medical","Medical/Autopsy/medical_examiner_surgeons.mdx","/Medical/Autopsy/medical_examiner_surgeons","Medical Examiner & Surgeons","Staffing changes at the ME office and hospital, plus the reported pre-event searches of seven surgeons.","Utah's new chief medical examiner started July 1, 2025 — reportedly two weeks before the Israeli-IP search wave that swept her name and seven hospital surgeons.","29","4"
"Medical_Staff_Changes","Medical","Medical/medical_staff_changes.mdx","/Medical/medical_staff_changes","Medical Staff Changes","New appointments in key medical posts before September 10, 2025, and reported departures afterward.","Both people most tied to the autopsy record reportedly left: the pathologist named under oath moved to New York in March 2026, and the chief ME reportedly resigned by July 2026.","30","4"
"Medical_Medical_Examiner","Medical","Medical/medical_examiner.mdx","/Medical/medical_examiner","Medical Examiner","Utah's statewide ME office, the chief examiner in post, and the unverified ""signed off"" allegation.","A secondhand X claim alleges a young woman the examiner ""had never met before"" signed off on the autopsy report while it was still an editable draft.","31","4"
"Medical_Utah_Autopsy_Law","Medical","Medical/utah_autopsy_law_changes.mdx","/Medical/utah_autopsy_law_changes","Utah Autopsy Law Changes","Utah's SB0082 autopsy-photo law, its timeline, and the effective-date question investigators raise.","Sharing autopsy photos or video became a brand-new Utah crime on May 7, 2025 — four months before the killing; a common January 2026 start date would have left the images shareable.","32","4"
"Medical_Timpanogos_Facility","Medical","Medical/Timpanogos_Facility.mdx","/Medical/Timpanogos_Facility","Timpanogos Regional Hospital","Profile of the receiving hospital — ownership, trauma level, leadership timing, and the cleared-ER claims.","The for-profit HCA facility Kirk was driven to is only a Level IV trauma center, while the Level II Intermountain hospital nearby was passed over.","33","4"
"Medical_Hospital_Leader","Medical","Medical/hospital_leader.mdx","/Medical/hospital_leader","Hospital Leader","The hospital's newly appointed CEO, the false ""he treated Charlie"" claim, and the reported search timing.","The CEO started August 25, 2025, sixteen days before the shooting, and citizen notes report his name searched from an Israeli IP on August 27.","34","4"
"Medical_Construction_Paving","Medical","Medical/construction_and_site_changes.mdx","/Medical/construction_and_site_changes","Construction and Site Changes","Paving of the tent site days after the shooting and its effect on ballistic and blast trace evidence.","A contractor says he laid pavers on Sunday 9/14 after being told ""the governor and the FBI said they want this done by Monday"" — and that a prior crew had already removed about ten inches of soil.","35","4"
"Medical_Charlie_Trip_Hospital","Medical","Medical/charlie_trip_to_hospital.mdx","/Medical/charlie_trip_to_hospital","Charlie Trip to Hospital","The SUV transport from UVU, the timeline, conflicting distances, and the bomb-scare detour claim.","The Jerusalem Post reportedly published his death while, by the reconstructed timeline, he would still have been in transit or in the operating room.","36","5"
"Medical_Death_Timeline","Medical","Medical/Death_Timeline.mdx","/Medical/Death_Timeline","Death Timeline — Shot to Pronouncement","Minute-by-minute reconstruction from the ~12:23 PM shot through SUV departure, ER intake and pronouncement.","At 1:06 after the shot a bystander filming from a rock pile is already heard saying ""He's dead"" — before the SUV had finished leaving campus.","37","4"
"Medical_911_Call_Never_Came","Medical","Medical/timpanogos_911_call.mdx","/Medical/timpanogos_911_call","The 911 Call That Reportedly Never Came (Claims)","Anonymous hospital claim that no emergency pre-alert ever reached Timpanogos for Charlie Kirk.","A hospital contact told Owens no 911 call ever came through — the page notes a private-SUV self-transport would explain it, since no ambulance was ever dispatched.","38","5"
"Medical_Doctors","Medical","Medical/doctors.mdx","/Medical/doctors","Doctors","Who treated Charlie Kirk, who did not, and the surgeons reportedly searched before the shooting.","Nearly a year on, the physician who actually worked on Charlie Kirk has still never been publicly named.","39","4"
"Medical_Doctor_DC_Call","Medical","Medical/doctor_dc_phone_call.mdx","/Medical/doctor_dc_phone_call","Doctor DC Phone Call","Unverified claims tying a surgeon's phone call and a Washington DC search thread to the hospital scene.","Notes claim the treating surgeon stepped out to make a call and FBI agents would not let him back into the room until they were told to stand down.","40","4"
"Messages_UVU_GRAMA_Redacted_Email","Messages","Messages/uvu-message-to-charlie-sept-9.mdx","/Messages/uvu-message-to-charlie-sept-9","UVU: ""He Wants Us To Get A Message To Charlie Kirk""","A GRAMA-released UVU police email from Sept 9, 2025 asking that a message reach Charlie Kirk, with every identifying detail redacted.","A government record timestamped 2:23 PM Sept 9 reads ""He wants us to get a message to Charlie Kirk"" — name and number redacted; at 10:35 PM two unidentified men reportedly came in about ""a plan.""","1","4"
"Messages_Sept_9_Kill_Me","Messages","Messages/sept-9-they-are-going-to-kill-me.mdx","/Messages/sept-9-they-are-going-to-kill-me","September 9 — ""They Are Going To Kill Me""","The claim that Charlie Kirk warned at least three people the day before his death that he was about to be killed.","Five named people — Kolvet, Turek, Flood, Harrison Smith, Owens — reportedly describe the same day-before warning, yet no screenshot has ever been published and no device forensics request is publicly known.","2","4"
"Messages_Sept_8_Donor_Chat","Messages","Messages/sept-8-donor-group-chat.mdx","/Messages/sept-8-donor-group-chat","The September 8 Donor Group Chat","The nine-person WhatsApp chat of September 8, 2025 about lost donors, Tucker Carlson, and leaving the pro-Israel cause.","TPUSA's own spokesman reportedly confirmed as genuine texts in which Kirk wrote he had ""just lost another huge Jewish donor. $2 million a year because we won't cancel Tucker"" — two days before he died.","3","4"
"Messages_Dan_Flood_Warning","Messages","Messages/message-to-dan-flood.mdx","/Messages/message-to-dan-flood","The Message to Dan Flood","The reported warning to TPUSA's head of security that Kirk expected to be executed the following day.","Kirk reportedly told his own head of security he thought he would be ""executed tomorrow"" — yet UVU fielded six officers for a 3,000-person crowd, no on-site ambulance, and an unactivated Public Order Unit.","4","4"
"Messages_Owens_Threat_Claims","Messages","Messages/candace-owens-threat-claims.mdx","/Messages/candace-owens-threat-claims","Candace Owens' Threat Claims","Owens' uncorroborated public allegations of a foreign-directed plot against her life and foreign involvement in Kirk's death.","Owens says an anonymous senior French official told her a paid unit targeted her and that Kirk's assassin trained with a French legion brigade — claims she published, she said, ""in the event that something happens"" to her.","5","4"
"Messages_Signal_Not_iMessage","Messages","Messages/signal-telegram-not-imessage.mdx","/Messages/signal-telegram-not-imessage","Signal and Telegram, Not iMessage","Why the messaging channel decides whether the disputed warnings can ever be recovered or verified.","Investigation notes say the warnings went over Signal and Telegram, which vanish on timers with no server copy and no vendor to subpoena — meaning the primary evidence may already have destroyed itself.","6","4"
"Messages_Seth_Dillon_Cost","Messages","Messages/seth-dillon-text-exchange.mdx","/Messages/seth-dillon-text-exchange","Seth Dillon's Text — ""A Cost""","A July 2026 screenshot attributed to Seth Dillon, and the much stronger backstage claim built on top of it.","Carrie Prejean Boller reportedly says Dillon told her Charlie said that calling for Bibi to be replaced would mean ""TPUSA would be done"" — a claim absent from the screenshot she published.","8","4"
"Messages_Cardoza_Moore_Rebuke","Messages","Messages/laurie-cardoza-moore-message.mdx","/Messages/laurie-cardoza-moore-message","Laurie Cardoza-Moore's Message to Charlie Kirk","A circulated screenshot of a long religious rebuke reportedly sent to Kirk days before September 10, 2025.","A reportedly inbound message warns Kirk that God ""is going to lift His hand from you"" for platforming Owens and Carlson — the same two names in the authenticated donor chat about the lost $2 million donor.","9","5"
"Messages_Frank_Turek_Email","Messages","Messages/frank-turek-messages.mdx","/Messages/frank-turek-messages","Frank Turek's Text and Email","Turek's first-person account of a text and an earlier email in which Kirk said he knew people wanted him dead.","Turek says Kirk texted him ""I know they want me dead. I'm under the gun right now"" and emailed the same weeks earlier — an email with headers would be the single most obtainable piece of evidence, and it remains unpublished.","10","4"
"Messages_Go_Against_Israel","Messages","Messages/if-i-go-against-israel.mdx","/Messages/if-i-go-against-israel","""If I Go Against Israel, I Think They Will Kill Me""","The most-shared quote in the case, its four recorded variants, and its missing chain of custody.","The most viral sentence of the case exists in at least four different wordings, is dated both August 13 and August 16, and traces only to an unnamed friend Kirk reportedly told to post it online.","11","4"
"Messages_Kolvet_They_Will_Kill","Messages","Messages/message-to-andrew-kolvet.mdx","/Messages/message-to-andrew-kolvet","The Message to Andrew Kolvet","The reported ""They will kill me"" message to TPUSA's spokesman, and what he has and has not confirmed.","The same TPUSA spokesman who authenticated Kirk's donor texts on the record is also a reported recipient of ""They will kill me"" — and has never confirmed that second message in his own words.","12","4"
"Messages_Harrison_Smith_Origin","Messages","Messages/harrison-smith-account.mdx","/Messages/harrison-smith-account","Harrison Smith's Account","The Infowars host's on-the-record report that Kirk feared being taken out over Israel, and its role as an origin point.","Smith's August 14, 2025 report appears to be the single origin of many quotes later cited as independent corroboration — meaning the apparent weight of ""many sources"" may largely be amplification.","13","4"
"Messages_Wiped_Out_Premonition","Messages","Messages/wiped-out-premonition.mdx","/Messages/wiped-out-premonition","""Wiped Out At Any Time"" — The Long-Running Premonition","A message attributed to Kirk describing a decade-long sense he might be killed, predating the 2025 dispute.","Kirk reportedly wrote that since TPUSA's founding he ""knew in my gut that I might get wiped out at any time... I dream about it all the time"" — a premonition dating back roughly a decade.","14","4"
"Messages_Threats_To_Commentators","Messages","Messages/threats-to-commentators.mdx","/Messages/threats-to-commentators","Threats to Other Commentators After the Assassination","Megyn Kelly, Tucker Carlson, Candace Owens, and Ian Carroll each publicly describing threats after September 10, 2025.","Kelly reportedly says she and Carlson are under serious threat over Israel commentary, and notes record commentary that Josh Hammer had called for Carlson to be ""neutralized"" before the assassination.","15","4"
"Messages_Huckabee_Disappear","Messages","Messages/huckabee-disappear-remark.mdx","/Messages/huckabee-disappear-remark","The ""Make You Disappear"" Remark","A 2024 on-camera Huckabee question to Candace Owens that resurfaced with contested threat framing after the assassination.","In 2024 Mike Huckabee, later U.S. Ambassador to Israel, asked Owens on camera whether opponents would ""make you disappear"" — a clip recirculated as ominous, though the page argues the plain reading is deplatforming.","16","4"
"Messages_Section_Overview","Messages","Messages/overview.mdx","/Messages/overview","Messages & Threats","Index and evidentiary grading of every reported message Charlie Kirk sent or received before September 10, 2025.","The section grades its own evidence: donor texts confirmed by TPUSA's spokesman at one pole, the day-before kill-me language with zero published screenshots at the other, and unsourced viral quotes in between.","17","4"
"Mic_Video_Frame_Analysis","Mic","Mic/mic-explosion-video-analysis.mdx","/Mic/mic-explosion-video-analysis","Mic Explosion — Video Frame Analysis","Frame-by-frame analysis of two high-quality angles arguing an explosive event at the mic, not a rifle round.","Analyst Jon Bray reportedly finds spherical outward shirt expansion BEFORE any wound appears, a black rectangular object matching the RODE magnetic clasp ejected from the neck, and zero supersonic shockwave signatures.","1","4"
"Mic_Canon_XA55_Audio","Mic","Mic/Canon_XA55_Audio.mdx","/Mic/Canon_XA55_Audio","Canon XA55 Audio — Three Booms and Stage Detonation","Broadcast-camera four-channel audio said to separate a distant muzzle blast from a louder, later detonation at the stage.","Analysts report three separated peaks: a muzzle blast placing a rifle ~120m away, then a STRONGER low-frequency detonation ~46m at the tent about 185ms later — two events, two locations, zero channel correlation.","2","4"
"Mic_Navy_SEAL_Testimony","Mic","Mic/rob-oneill-navy-seal-testimony.mdx","/Mic/rob-oneill-navy-seal-testimony","Osama bin Laden Killer — Navy SEAL Testimony","Rob O'Neill and Brig. Gen. Blaine Holt reviewed the footage on NEWSMAX and said an explosion, not a rifle hit.","Rob O'Neill, the SEAL who shot bin Laden, said on air ""I've never seen a shirt move like that. That looks like an explosion to me""; Brig. Gen. Holt answered ""something exploded on him.""","3","4"
"Mic_DoD_Contract","Mic","Mic/DoD_Contract.mdx","/Mic/DoD_Contract","The DoD Contract — Miniaturized-XS Anti-Personnel Charges","A federal contract to a Tennessee explosives maker for miniature anti-personnel demolition charges, flagged for procurement anomalies.","A paralegal who says she does DoD procurements pulled a USASpending.gov award to Accurate Energetic Systems for ""MINIATURIZED-XS DEMOLITION CHARGES, ANTI-PERSONNEL-XS"" — $440,494, signed April 2025, delivery due August 25, 2025.","4","5"
"Mic_Heber_Nashville_Flight","Mic","Mic/aes-heber-nashville-flight.mdx","/Mic/aes-heber-nashville-flight","AES — The Heber City to Nashville Flight (Aug 25, 2025)","Public flight data showing a private Utah-to-Nashville flight on the exact AES contract delivery date, framed as an open courier question.","A one-way private flight from Heber City, Utah — the closest general-aviation field to UVU — to Nashville, nearest airport to the AES plant, reportedly on August 25, 2025: the exact contract delivery deadline.","5","4"
"Mic_AES_Factory_Explosion","Mic","Mic/aes-explosion-factory.mdx","/Mic/aes-explosion-factory","AES — Accurate Energetic Systems Factory Explosion","The Tennessee explosives plant tied to the contract was destroyed one month after the assassination.","On October 10, 2025 — a month after UVU — AES Building 602, reportedly holding ~24,000 lbs of explosives including PETN (the Hezbollah pager explosive), was obliterated; researchers say FOIA requests for overflight logs were denied.","6","5"
"Mic_Residue_Coverup_Overview","Mic","Mic/Explosive_Residue_Coverup/overview.mdx","/Mic/Explosive_Residue_Coverup/overview","Removing Explosive Residue Cover-Up","Hub cataloguing every surface and item that could have held explosive residue and was reportedly seized, cleaned, or destroyed.","Six separate items — the security team's clothing, the SUV, the necklace, ten inches of soil, the courtyard ground, a ceiling — were all reportedly removed, sealed, or resurfaced before any independent residue test was ever run.","7","4"
"Mic_Seized_Clothing","Mic","Mic/Explosive_Residue_Coverup/fbi-seized-security-team-clothing.mdx","/Mic/Explosive_Residue_Coverup/fbi-seized-security-team-clothing","FBI Seized Clothing From Charlie's Security Team","Candace Owens' secondhand account that federal agents took the security detail's clothing after the shooting.","Owens says she was told the FBI stripped certain members of Kirk's security detail ""down to their boxer briefs"" — the exact fabric that, per the residue page, would have trapped recoverable explosive traces.","8","4"
"Mic_Dirt_Hauled_Away","Mic","Mic/Explosive_Residue_Coverup/dirt-hauled-immediately.mdx","/Mic/Explosive_Residue_Coverup/dirt-hauled-immediately","10 Inches of Dirt Hauled Away Immediately","Attributed claims that roughly ten inches of soil was stripped from under the UVU tent almost immediately.","Reportedly a crew removed about ten inches of soil from directly under the tent where Kirk was killed — before the weekend landscaping crew even arrived — the single surface most likely to hold PETN blowback.","9","5"
"Mic_Dirt_Replaced_Cement","Mic","Mic/Explosive_Residue_Coverup/dirt-replaced-with-cement.mdx","/Mic/Explosive_Residue_Coverup/dirt-replaced-with-cement","Landscaping Crew Replaced Dirt With Cement / Pavers","A rushed hardscape crew paved over the courtyard spot where Charlie Kirk was killed.","The exact ground where Kirk fell was sealed under pavers within days — Rob O'Neill independently noted on NEWSMAX ""I've been told they paved it over a couple days later.""","10","5"
"Mic_Necklace_Custody","Mic","Mic/Explosive_Residue_Coverup/charlie-kirk-necklace.mdx","/Mic/Explosive_Residue_Coverup/charlie-kirk-necklace","Charlie Kirk's Necklace — Residue Search and Custody","Reported federal urgency to recover Kirk's cross necklace, and the competing accounts of how it was returned.","Candace Owens reads the unusual federal push to recover the cross necklace as an explosive-residue hunt; Frank Turek and Erika Kirk reportedly give conflicting recovery accounts, and no residue test has ever been made public.","11","4"
"Mic_Table_Jumpers","Mic","Mic/Table_Jumpers_Device.mdx","/Mic/Table_Jumpers_Device","Table Jumpers and the Missing Mic Device","Who reached Charlie within seconds, and whether the lavalier transmitter was taken off him in the chaos.","An FBI-agent wish-list item reportedly centers on people who went over the table within seconds; the mic pack's whereabouts are unaccounted for, and clips argue cameras were taken down and a chip pulled before the scene was sealed.","12","4"
"Mic_Get_That_Off_Him","Mic","Mic/get-that-off-of-him-911-call.mdx","/Mic/get-that-off-of-him-911-call","""Get That Off Of Him"" — Alleged 911 Call Audio Tip","An unverified 23-second clip of an alleged 911 call from the security team.","On the alleged call, someone reportedly says ""get that off of him."" Unverified and secondhand.","13","4"
"Mic_SUV_Candace_Photos","Mic","Mic/suv-transporting-charlie.mdx","/Mic/suv-transporting-charlie","SUV Transporting Charlie — Candace Owens Photos","Photos reportedly released by Candace Owens of the interior of the SUV that carried Kirk, examined for debris.","Citizen analysts say the CANDACE-watermarked photos of the black GMC Yukon show shattered tempered glass across the floor — the kind a fragmented RODE transmitter would scatter and a rifle round would not. TPUSA has not addressed it.","14","4"
"Mic_Burnt_Object_Transmitter","Mic","Mic/burnt-object-rode-transmitter.mdx","/Mic/burnt-object-rode-transmitter","Burnt Object in the SUV — RODE Transmitter Claim","Project Constitution's claim identifying a burnt item in the SUV as the destroyed mic transmitter, plus the problems with it.","Project Constitution claims the charred object photographed in the SUV contains a melted audio jack and a fragment of the RODE battery label — a burnt device inside the vehicle a rifle shooting cannot explain.","15","4"
"Mic_Exploding_Pendant","Mic","Mic/exploding-pendant-shaped-charge.mdx","/Mic/exploding-pendant-shaped-charge","The Exploding Pendant — Shaped-Charge Crucifix Theory","A former USMC explosive breacher's alternate theory that the charge was hidden in the crucifix pendant.","A former Marine explosive breacher argues a microscopic cone-shaped charge inside the crucifix — with the silver chain acting as the anchor that directs the jet — matches the wound better than any rifle round.","16","4"
"Mic_AV_Team_Setup","Mic","Mic/AV_Team_Mic_Setup.mdx","/Mic/AV_Team_Mic_Setup","AV Team and Mic Setup","Who placed the microphone on Charlie Kirk and how the transmitter was routed that day.","The lavalier was reportedly routed UNDER the shirt rather than the normal over-shirt placement — concealing the transmitter from Kirk, security and cameras — and the man in charge of equipment was reportedly the brother-in-law of another staffer.","17","4"
"Mic_Chest_Shot_Witnesses","Mic","Mic/Chest_Shot_Witnesses.mdx","/Mic/Chest_Shot_Witnesses","Chest-Shot Witnesses — Planned Narrative?","Early on-camera witnesses who described a chest wound that never matched the visible neck injury.","Multiple on-scene speakers told cameras Kirk was hit ""right directly to the heart"" — chest language repeated across airings that had to be abandoned once neck-wound video circulated; one witness reportedly reversed her account.","18","5"
"Mic_AES_Company_Profile","Mic","Mic/AES.mdx","/Mic/AES","AES — Accurate Energetic Systems (Company Profile)","Profile of the Tennessee explosives manufacturer at the center of the mic theory's supply-chain thread.","AES sits on a ~1,300-acre site in McEwen, Tennessee making shaped charges and demolition charges for DoD — and its federal contract records, pulled from USASpending.gov, include miniature anti-personnel charges.","19","4"
"Mic_RODE_Wireless_PRO","Mic","Mic/rode-wireless-mic.mdx","/Mic/rode-wireless-mic","RODE Wireless PRO — The Microphone on Kirk's Shirt","Hardware breakdown of the exact lavalier system clipped to Charlie Kirk at UVU.","The RODE Wireless PRO's magnetic clasp is a small black rectangle — the same object video analysts say they can see ejected from Kirk's neck wound in two separate camera angles.","20","4"
"Mic_Stew_Peters_AES","Mic","Mic/Stew_Peters_Broke_AES_Mic.mdx","/Mic/Stew_Peters_Broke_AES_Mic","Stew Peters — Broke the AES / Exploding-Mic Connection","Stew Peters' claim that he first tied the exploding-mic theory to the AES contract and factory blast.","Peters states he broke the story linking a ~$440k DoD order to Accurate Energetic Systems, the plant's later destruction, and claims involving Pete Hegseth's overflight and Elbit Systems of America.","21","4"
"Mic_Explosive_Residue_Science","Mic","Mic/explosive-residue.mdx","/Mic/explosive-residue","Explosive Residue — Transfer, Trapping and Recovery from Fabric","The forensic science of why post-blast residue survives on clothing and car carpet long enough to be tested.","One HPLC study recovered RDX at 3-4 micrograms per gram from nylon and cotton — meaning the shirt, the seized clothing and the SUV carpet at UVU were all still testable, and none of it was publicly tested.","22","4"
"Mic_SUV_Not_In_Custody","Mic","Mic/Explosive_Residue_Coverup/fbi-didnt-take-car-custody.mdx","/Mic/Explosive_Residue_Coverup/fbi-didnt-take-car-custody","Transport SUV Not Held in Long-Term Custody","Claims that the GMC Yukon that carried Kirk was cleaned and prepped for resale rather than sealed as evidence.","The vehicle that carried a dying Charlie Kirk was reportedly towed, cleaned and readied for resale instead of being held as a sealed forensic surface — while fragment and residue questions about its interior remain open.","23","4"
"Mic_Ceiling_Painted","Mic","Mic/Explosive_Residue_Coverup/ceiling-painted-rainbow-building.mdx","/Mic/Explosive_Residue_Coverup/ceiling-painted-rainbow-building","Ceiling Mudded / Painted Under the Courtyard Building","Reported re-mudding or repainting of the concrete tunnel roof beside the UVU tent.","A third surface after soil and pavers: the overhead concrete beside the tent was reportedly mudded or repainted — blast blowback goes up as well as down, and an overhead surface is not something ordinary landscaping touches.","24","4"
"Mic_Overview","Mic","Mic/overview.mdx","/Mic/overview","Microphone — The Exploding Mic Theory","Hub page assembling video, audio, hardware, procurement, debris and veteran-testimony strands of the exploding-mic case.","This hub shows the theory does not rest on one clip: video frame analysis, broadcast audio, a federal micro-charge contract, SUV debris and two combat veterans all converge on the same non-rifle conclusion.","25","4"
"Mic_High_Explosive","Mic","Mic/high-explosive.mdx","/Mic/high-explosive","High Explosive — RDX, PETN and TNT-Class Compounds","Primer on the military explosives that recur in the mic thread and what a tiny charge would leave behind.","PETN — the same compound used in the 2024 Hezbollah pager operation, where concealed micro-charges were remotely detonated inside everyday devices — is the explosive AES Building 602 was reportedly handling.","26","4"
"Mic_Vs_Pendant","Mic","Mic/Mic_vs_Pendant.mdx","/Mic/Mic_vs_Pendant","Mic vs Pendant — Competing Internal-Device Theories","Head-to-head comparison of the lapel-transmitter and crucifix-pendant explosive theories.","Both competing citizen theories accept the same premise the newcomer has never heard: the device was already ON Charlie Kirk's body. They disagree only about which object it was hidden in.","27","4"
"Mic_Exploding_Earpiece","Mic","Mic/exploding-earpiece-iem.mdx","/Mic/exploding-earpiece-iem","Exploding Earpiece (IEM) — Alternate Internal-Device Theory","Unverified citizen theory that the in-ear monitor, not the lapel pack, carried the charge.","This attributed theory puts a tiny low-flash charge in Kirk's in-ear monitor, delivering energy through the ear canal with the IEM wire whipping — and proposes RF initiation over the PA path. Unverified.","28","4"
"Mic_Demo_Shape_Charge","Mic","Mic/Demo_of_shape_charge.mdx","/Mic/Demo_of_shape_charge","Demonstration of a Shaped Charge","Video of a real shaped charge detonating, circulated by skeptics of the mic theory.","This page carries the strongest counterargument on the site: a real shaped charge produces a large smoke cloud that skeptics say is simply absent from the UVU footage.","29","5"
"Mic_LiPO_Battery_Runaway","Mic","Mic/lipo-battery-short-charge.mdx","/Mic/lipo-battery-short-charge","LiPO Short Charge / Battery Runaway — Non-PETN Mic Failure","Alternate theory that the transmitter failed through lithium-polymer thermal runaway rather than a military charge.","An explosive event at the mic need not imply a military micro-charge — this attributed theory has the RODE pack's lithium-polymer cell going into runaway, turning battery and PCB fragments into projectiles.","30","4"
"Mic_Investigation_Index","Mic","Mic/Investigation_Index.mdx","/Mic/Investigation_Index","Mic Investigation Index","Working memo mapping every strand of the exploding-mic investigation.","A working index showing the mic thread is a coordinated multi-front investigation — video, audio, hardware, procurement, SUV fragments, AV chain of custody — not a single viral claim.","31","4"
"Motive_Geopolitical_Intel_Theories","Motive","Motive/Geopolitical_Intel_Service_Theories.mdx","/Motive/Geopolitical_Intel_Service_Theories","Geopolitical and Intelligence-Service Motive Theories (Claims)","Catalogs foreign-intelligence motive claims: blocked NCTC probe, Egyptian aircraft at Provo, Fort Huachuca flights, and shaped-charge sophistication arguments.","Reportedly the NCTC foreign-interference probe was ""snuffed out""; Russell Brand cited two cabinet-meeting sources saying officials declared six days later they were not looking at foreign involvement or accomplices.","1","5"
"Motive_Institutional_Dynamics","Motive","Motive/Institutional_Media_Organizational_Dynamics.mdx","/Motive/Institutional_Media_Organizational_Dynamics","Institutional, Media, and Organizational Motive Dynamics (Claims)","Documents narrative-control, TPUSA succession, insurance, gag-order, and FARA-filing incentives shaping how the killing was publicly explained.","Brad Parscale's Clock Tower X LLC reportedly filed FARA on Sept 18, 2025 — eight days after the shooting — for Israeli government messaging work routed into Salem Media, TPUSA's existing partner.","2","4"
"Motive_Investigation_Index","Motive","Motive/Motive_Investigation_Index.mdx","/Motive/Motive_Investigation_Index","Motive Investigation Index","Routing memo mapping four motive lanes: donor and Israel friction, reported death warnings, geopolitical intel context, and institutional incentives.","Reported texts days before: ""I'm worried that Israel is going to kill me"" and ""THEY ARE GOING TO KILL ME,"" plus a message to security chief Dan Flood saying he would be killed tomorrow.","3","4"
"Motive_Tyler_Alleged_Motive","Motive","Motive/Tyler_Robinson_Alleged_Motive.mdx","/Motive/Tyler_Robinson_Alleged_Motive","Tyler Robinson's Alleged Personal and Ideological Motives (As Reported)","Presents the prosecution's ideological-grievance motive alongside citizen patsy, courier, and manipulated-participant reinterpretations.","Investigators reportedly cited roughly $20,000 in additional deposits, and researchers note Robinson never confessed — the arrest reportedly traced to his father contacting a ""sheriff friend.""","4","4"
"Motive_Overview","Motive","Motive/overview.mdx","/Motive/overview","Motive","Section landing page summarizing donor-pressure, geopolitical, institutional, and official motive threads with the ""Chain of Evil"" video.","Reportedly about 48 hours before UVU, Kirk wrote he had ""no choice but to leave the pro Israel cause"" — and former NCTC director Joe Kent says on record his foreign-ties review was ordered stopped.","5","4"
"Narrative_Shot_In_Heart","Narrative","Narrative/Shot_in_the_heart.mdx","/Narrative/Shot_in_the_heart","Shot in the Heart — Early Claims vs. What Video Shows","Catalogs TV and X claims that Kirk was shot in the heart or chest, against footage showing no chest wound.","A TV witness said ""one shot, right directly to the heart"" and that police had ""arrested the wrong guy"" — George Zinn; yet no chest hole or chest blood appears in footage, and the heart framing then vanished from broadcasts.","1","5"
"Narrative_Overview","Narrative","Narrative/overview.mdx","/Narrative/overview","Narrative","Section hub on how the shooting story was framed in real time and which framings quietly disappeared.","Links the wrong-guy and heart-wound framings to reported narrative-control operations and a claimed ""confession"" fabrication question — surfacing framings that spread fast on TV then receded once raw video circulated.","2","4"
"OrgGroups_BeLo_Call","organizations_groups","organizations_groups/belo.mdx","/organizations_groups/belo","BeLo Livestream Call — Unfuck America Tour","Covers a livestream phone call minutes after the shooting and the Unfuck America Tour website going 404 the same day.","Reportedly the tour's founder called a livestream minutes after the shooting saying ""Dude, we're fucked,"" moved to Discord, and Wayback captures show unfuckamericatour.com 404ing at 19:55:06 on Sept 10, 2025.","1","4"
"OrgGroups_Overview","organizations_groups","organizations_groups/overview.mdx","/organizations_groups/overview","Organizations & Groups","Hub mapping event organizers, security and AV vendors, contractors, agencies, and networks named in the case.","Names concrete vendors rarely reported: Visual Impulse LLC AV techs tied to SD-card-removal timing, Integrity Security Solutions rooftop gaps, and Hardscape Specialties LLC's disputed post-event courtyard re-paving.","2","5"
"Other_Forensic_Gaps","Other","Other/Forensic-Analysis-Gaps.mdx","/Other/Forensic-Analysis-Gaps","Forensic Analysis Gaps","Catalogs the forensic materials never produced: GSR testing, autopsy, chain of custody, and the paved-over crime scene.","The Sept 17 2025 ATF report reportedly said the autopsy jacket fragment ""could not be identified or excluded"" as fired from the Mauser; the suspect was reportedly never given a GSR test after a 33-hour manhunt.","1","5"
"Other_Misc_Leads","Other","Other/Miscellaneous_Evidence_Leads.mdx","/Other/Miscellaneous_Evidence_Leads","Miscellaneous Evidence Leads","Cross-cutting leads: sealed warrants, Google Trends from foreign IPs, airport badge logs, aircraft times, and diversion-actor claims.","Digital-forensics warrants reportedly sealed until March 2026; commentary cites Israeli and D.C. IP Google Trends for UVU months pre-event, a Provo airport badge list updated Sept 11, and SU-BTT departing 7:08 a.m.","2","4"
"Other_Evidence_Contradictions","Other","Other/Evidence-Contradictions.mdx","/Other/Evidence-Contradictions","Evidence Contradictions in the Kirk Case","Maps conflicting official and OSINT accounts of shot time, suspect movement, ballistics, and media handling.","The impact second is disputed 12:23 vs 12:27 PM MDT, a single Dairy Queen photo is annotated both 12:38 PM and 6:38 PM, and rifle claims include a Mauser 98 rather than the stated narrative.","3","5"
"Other_Witness_Reliability","Other","Other/Witness-Reliability.mdx","/Other/Witness-Reliability","Witness Reliability Issues","Examines why witness accounts conflict and the alleged handling of witness video, FBI 302s, and camera media.","A back-facing camera's SD card was reportedly removed at the scene rather than the costlier camera body, and agents allegedly asked witnesses to delete their phone video of the shooting.","4","4"
"Other_Investigation_Challenges","Other","Other/Investigation-Challenges.mdx","/Other/Investigation-Challenges","Investigation Challenges","Systemic obstacles blocking verification: sealing, gag orders, classification, platform takedowns, and destroyed scene evidence.","Warrants sealed until March 2026, a reported halt of the foreign-lead counterterror review, opaque Army HADES aircraft N1098L activity, and FOIA resistance on SAM jet 99-0404 passenger manifests.","5","4"
"Other_Profiling_Claims","Other","Other/Psychological-Profiling-Claims.mdx","/Other/Psychological-Profiling-Claims","Psychological Profiling Claims","Reviews profiling narratives about the accused and alternate actors, plus reported statements about Kirk's final weeks.","Kirk reportedly told Megyn Kelly ""My integrity is being called into question"" and, in messages surfaced by Candace Owens, described donor pressure ""leaving me no choice but to leave the pro-Israel cause.""","6","4"
"Other_Investigation_Methodology","Other","Other/Investigation_Methodology.mdx","/Other/Investigation_Methodology","Investigation Methodology and Research Approach","Explains the OSINT sourcing standards, labeling of fact versus allegation, and obstacles shaping what can be verified.","It records the shooting-time conflict as 12:10 versus 12:23 and states plainly that camera metadata, acoustic lab work, and the autopsy — all withheld — are what would settle it.","7","4"
"Other_Public_Response","Other","Other/Public_Response.mdx","/Other/Public_Response","Public Response and Social Division","Documents vigils, firings, visa revocations, censorship of investigators, and the polarized reaction to the killing.","Foreign nationals reportedly faced U.S. visa revocations and deportations for celebratory posts, and the Robinson family reportedly went into hiding with armed security after threats.","8","4"
"Other_Overview_Hub","Other","Other/overview.mdx","/Other/overview","Other Topics","Index hub linking the eight cross-cutting pages on contradictions, forensic gaps, methodology, leads, and public response.","The hub itself names the live cross-cutting disputes: sealed autopsy versus hearing cause-of-death accounts, a second-vehicle SUV hospital claim, and the microphone-versus-rifle mechanism debate.","9","4"
"OtherTopics_Orphan_Threads","other_topics","other_topics/overview.mdx","/other_topics/overview","Other Topics","Routing page collecting cross-cutting investigation threads that span multiple sections and have no single Level 2 home.","Parks threads like courtyard dirt reportedly removed after scene release, an alleged NCTC foreign-nexus halt, Egyptian-registered aircraft at Provo, and the mic-explosive versus .30-06 dual theory.","1","4"
"People_Tyler_Robinson","People","People/tyler-robinson.mdx","/People/tyler-robinson","Tyler Robinson","Profile of the charged suspect, opening with the argument that a .30-06 round could not have produced the observed wound.","A .30-06 carries roughly 2,900 ft-lbs, about eight times a 9mm, yet the round reportedly never exited the neck; the ATF comparison to the seized Mauser 98 came back inconclusive.","1","5"
"People_Rob_ONeill","People","People/rob-oneill.mdx","/People/rob-oneill","Rob O'Neill","The Navy SEAL who killed Osama bin Laden publicly questioning the official shooting narrative on Newsmax.","The SEAL Team 6 operator credited with killing bin Laden said on Newsmax the footage ""looks like an explosion to me"" and flatly rejected the idea Kirk's spine stopped the round.","2","5"
"People_Blaine_Holt","People","People/blaine-holt.mdx","/People/blaine-holt","Blaine Holt","Retired U.S. brigadier general who challenged the rifle account on national television.","A retired brigadier general said on Newsmax ""something exploded on him"" and argued you would not put an untrained kid on a roof with a .30-06.","3","6"
"People_Unnamed_Surgeon","People","People/unnamed-surgeon.mdx","/People/unnamed-surgeon","Unnamed Surgeon","The never-identified trauma surgeon at Timpanogos Regional Hospital whose account reached the public only secondhand.","The entire ""Charlie's body stopped it / bones like the man of steel"" story routes through one anonymous doctor and one TPUSA spokesman; no named source exists for it at all.","4","5"
"People_Samantha_Karner","People","People/samantha-karner.mdx","/People/samantha-karner","Samantha Karner","ATF firearm and toolmark examiner who compared the autopsy bullet jacket fragment to the seized rifle.","The ATF examiner reportedly testified she was ""unable to say one way or another"" whether the jacket fragment recovered at autopsy came from the Mauser Model 98 tied to Robinson.","5","5"
"People_Deirdre_Amaro","People","People/deirdre-amaro.mdx","/People/deirdre-amaro","Dr. Deirdre Amaro","Utah's chief medical examiner during the case, her reported resignation, and the contested autopsy record.","Utah's chief medical examiner reportedly resigned in July 2026; at the preliminary hearing her autopsy report came in only through an agent, and the defense objected to it as hearsay.","6","6"
"People_Mystery_Signoff","People","People/mystery-woman-signed-off.mdx","/People/mystery-woman-signed-off","Mystery Woman Who Signed Off (Allegation)","An unverified allegation that an unqualified stranger signed off on the Charlie Kirk autopsy report.","A secondhand X claim alleges a ""new, young, blonde and clearly unqualified"" woman the examiner had never met signed off on the autopsy before it was finished.","7","5"
"People_Chris_Bagley","People","People/chris-bagley.mdx","/People/chris-bagley","Chris Bagley","Former UVU campus police officer at the center of the body-camera blackout questions, and his resignation.","Officers reportedly call the body-camera blackout implausible, an anonymous Axon Body 4 tip circulated, and Utah statute requires a written report whenever a camera is not activated.","8","6"
"People_Alan_Robertson","People","People/alan-robertson.mdx","/People/alan-robertson","Alan Robertson","The plain-clothes officer reportedly identified in bystander footage on the Losee Center rooftop.","Candace Owens reportedly identified the second, plain-clothes man on the Losee Center rooftop as a Utah State University public-safety officer with a military and police background.","9","6"
"People_Adam_Neff","People","People/adam-neff.mdx","/People/adam-neff","Adam Neff","Army captain named in whistleblower-sourced commentary about a Fort Huachuca interrogation the day before the killing.","Whistleblower-sourced commentary amplified by Candace Owens reportedly names him as leading an interrogation at the Army intelligence hub Fort Huachuca on September 9, 2025 — one day before.","10","6"
"People_Mitch_Snow","People","People/mitch-snow.mdx","/People/mitch-snow","Mitch Snow","The whistleblower behind the Fort Huachuca meeting claims and reported pre-event sightings.","The reported Fort Huachuca thread — an Army intelligence installation meeting the day before the assassination — traces back to this single named whistleblower account.","11","5"
"People_Jack_Posobiec","People","People/jack-posobiec.mdx","/People/jack-posobiec","Jack Posobiec","Conservative activist with a documented Navy intelligence background and his Fort Huachuca exchange with TPUSA's COO.","A prominent movement figure has a documented U.S. Navy intelligence background, and his widely circulated exchange with TPUSA's Tyler Bowyer turned on Fort Huachuca.","12","6"
"People_Mikey_McCoy","People","People/mikey-mccoy.mdx","/People/mikey-mccoy","Mikey McCoy","TPUSA chief of staff standing feet from the stage, and the reconstructed 12:23–12:24 post-shot call chain.","Analysis circulated by @KeliRabon argues he moved away with a phone already at his ear within a split second of the shot, without appearing to render aid.","13","5"
"People_Amanda_Bakker","People","People/amanda-bakker.mdx","/People/amanda-bakker","Amanda Bakker","FBI DNA examiner from Quantico, reportedly the only FBI person to take the live stand at the preliminary hearing.","Only one FBI employee reportedly testified live at the July 2026 hearing — a DNA examiner called by the defense, who described mixture DNA on the towel and screwdriver.","14","6"
"People_David_Hull","People","People/david-hull.mdx","/People/david-hull","David Hull","Utah SBI lead investigator whose two days of testimony carried the surveillance montage, identification, and autopsy foundation.","The state's whole evidentiary spine — surveillance montage, identification, autopsy findings, and the leads investigators discarded — came in through one agent's testimony.","15","6"
"People_Kash_Patel","People","People/kash-patel.mdx","/People/kash-patel","Kash Patel","FBI Director whose public statements form the federal narrative citizen investigators test against court filings.","The FBI Director's public claims about the 33-hour manhunt, the screwdriver DNA and the enhanced photos are the exact statements that citizen investigators check against the court record.","16","6"
"People_Candace_Owens","People","People/candace-owens.mdx","/People/candace-owens","Candace Owens","Close friend of Charlie Kirk who became the most prominent independent voice challenging the official account.","One of Kirk's closest friends turned into the loudest mainstream challenger of the official story, breaking the rooftop-officer identification and the medical-examiner resignation report.","17","6"
"People_Ian_Carroll","People","People/ian-carroll.mdx","/People/ian-carroll","Ian Carroll","The largest single research archive on the site: a thematic map of one investigator's primary-source-dense claims.","An 800-plus-line primary-source archive maps foreign-intelligence, financial and network claims about the case that no mainstream outlet has aggregated in one place.","18","6"
"People_Chris_Martenson","People","People/chris-martenson.mdx","/People/chris-martenson","Chris Martenson","Peak Prosperity analyst whose ballistics breakdown argues the wound fits a different round entirely.","A credentialed analyst's public breakdown concludes the wound pattern does not fit the officially named cartridge and points to a different round.","19","6"
"People_Exploding_Pendant","People","People/matthew-st-baker.mdx","/People/matthew-st-baker","Matthew St Baker","Citizen investigator who amplified the shaped-charge ""exploding pendant"" theory of Charlie Kirk's death.","He reshared the theory that a shaped charge worn as a pendant, not a rifle round, caused the neck wound — the explosive hypothesis in its most specific form.","20","6"
"People_Tiffany_Barker","People","People/tiffany-barker.mdx","/People/tiffany-barker","Tiffany Barker","Early on-scene witness whose first account to media conflicts with the official wound location.","An early witness told media Charlie Kirk was shot in the chest — not the neck — before the official account settled.","21","5"
"People_Andrew_Kolvet","People","People/andrew-kolvet.mdx","/People/andrew-kolvet","Andrew Kolvet","TPUSA's spokesman and the sole conduit for the anonymous surgeon's account of the wound.","Every version of the ""bullet should have gone through"" story reaches the public through this one spokesman relaying an unnamed doctor he says he spoke with.","22","6"
"People_Blake_Neff","People","People/blake-neff.mdx","/People/blake-neff","Blake Neff","Producer of The Charlie Kirk Show and his disputed post-shooting phone call.","Per Candace Owens he called his mother in the minutes after the shooting; he has publicly responded to her accusations rather than let them stand.","23","6"
"People_Justin_Streiff","People","People/justin-streiff.mdx","/People/justin-streiff","Justin Streiff","TPUSA operations figure, a contested phone-call claim, and the September 2 memo preceding a COO change.","A September 2, 2025 memo, a change in TPUSA's COO role, and a DOGE-audit thread all cluster in the eight days before the assassination.","24","6"
"People_Dan_Flood","People","People/dan-flood.mdx","/People/dan-flood","Dan Flood","Security figure reported to have received a threat text ahead of the September 10 event.","A security director is reported to have received a threatening text before the event — a warning the official narrative does not account for.","25","6"
"People_Jeffrey_Gray","People","People/jeffrey-s-gray.mdx","/People/jeffrey-s-gray","Jeffrey S. Gray","Utah County Attorney prosecuting the case, and questions raised over rooftop-view video files.","Online commentary questions his office's handling of the video files showing the rooftop view — the footage most directly bearing on the shot's origin.","26","6"
"People_Jeffrey_Neiman","People","People/jeffrey-neiman.mdx","/People/jeffrey-neiman","Jeffrey Neiman","Attorney for the Kirk family who pushed for evidence to be shown publicly and unredacted.","The Kirk family's own lawyer had to press the court for public, unredacted display of preliminary-hearing evidence — the family fighting redaction, not the defense.","27","6"
"People_Lance_Twiggs","People","People/lance-twiggs.mdx","/People/lance-twiggs","Lance Twiggs","The roommate at the center of the state's motive story, and the citizen-investigator threads around that account.","The roommate whose messages anchor the state's motive theory is himself the subject of extensive open questions about who he is and how his account surfaced.","28","6"
"People_Hunter_Kozak","People","People/hunter-kozak.mdx","/People/hunter-kozak","Hunter Kozak","The student who asked Charlie Kirk the final question, and the two differing clips of that moment.","Two versions of the final-question clip are reportedly circulating online that do not match — an unresolved discrepancy in the most-watched seconds of the event.","29","6"
"People_Jeb_Jacobi","People","People/jeb-jacobi.mdx","/People/jeb-jacobi","Jeb Jacobi","Eyewitness roughly ten feet away, and the open question of whether he is the same person as ""Cooper Brown"".","A witness standing about ten feet from Kirk may be the same individual media introduced under a different name, ""Cooper Brown"" — an unresolved identity question.","30","6"
"People_Jason_Behunin","People","People/jason-behunin.mdx","/People/jason-behunin","Jason Behunin","Witness whose account touches the aftermath and a discussion of a cleanup crew at the scene.","His account reaches into what happened after the shot, including discussion of a cleanup crew at a scene that should have been preserved as evidence.","31","6"
"People_Tony_Seruga","People","People/tony-seruga.mdx","/People/tony-seruga","Tony Seruga","Investigator arguing the NSA's Utah data center could identify foreign phones near the scene.","He asserts the NSA's Utah data center, minutes from the campus, already holds the records that would tie foreign phones near the scene back to their owners.","32","5"
"People_Steven_DeNoon","People","People/steven-denoon.mdx","/People/steven-denoon","Steven DeNoon","Self-described ex-CIA YouTube commentator amplifying laser, ballistics, and ""tent shooter"" theories.","A self-described former CIA man publicly argues the shot came from inside the tent, not the distant rooftop the state describes.","33","5"
"People_Yair_Netanyahu","People","People/yair-netanyahu.mdx","/People/yair-netanyahu","Yair Netanyahu","The Israeli prime minister's son named in unverified commentary about 2025 pre-event meetings.","Commentary places the Israeli prime minister's son in pre-event meeting threads during 2025; the presence claims are unverified and disputed.","34","5"
"People_Natasha_Hausdorff","People","People/natasha-hausdorff.mdx","/People/natasha-hausdorff","Natasha Hausdorff","UK lawyer and pro-Israel advocate named in reporting about a summer 2025 Hamptons meeting with Charlie Kirk.","A reported summer 2025 Hamptons meeting placed Kirk with a prominent pro-Israel legal advocate weeks before he was killed, according to public commentary.","35","5"
"People_Yehuda_Kaploun","People","People/yehuda-kaploun.mdx","/People/yehuda-kaploun","Yehuda Kaploun","Figure named in commentary about a reported July 31, 2025 White House Israel strategy meeting.","Commentary reports a White House Israel strategy meeting on July 31, 2025 — roughly six weeks before the assassination — with named attendees.","36","5"
"People_Robert_Shillman","People","People/robert-shillman.mdx","/People/robert-shillman","Robert Shillman","Major conservative donor reported to have cut ties with Charlie Kirk over his shifting Israel rhetoric.","A major donor is reported to have cut ties with Kirk shortly before his death over Kirk's changing public line on Israel.","37","5"
"People_Bradley_Hansell","People","People/bradley-hansell.mdx","/People/bradley-hansell","Bradley Hansell","The Under Secretary of Defense for Intelligence, his public office and résumé.","The Pentagon's top intelligence official; the page records his public office and résumé.","38","6"
"People_John_Kiriakou","People","People/john-kiriakou.mdx","/People/john-kiriakou","John Kiriakou","Former CIA officer and whistleblower cited on MK-Ultra hypnosis in the mind-control framing of the case.","A former CIA officer who went to prison as a whistleblower describes MK-Ultra hypnosis on the record, the program that frames the patsy question here.","39","6"
"People_Jennifer_Faumuina","People","People/jennifer-faumuina.mdx","/People/jennifer-faumuina","Jennifer Faumuina","SBI sergeant who testified on rifle recovery, evidence routing, engraved rounds, and Dremel evidence.","Her testimony covers engraved cartridges and a Dremel tool, and the chain by which the towel and screwdriver were routed to the labs.","40","6"
"Photos_Rifle_Vs_Shaped_Charge","Photos","Photos/Mic/Img_Photo_e07e41.mdx","/Photos/Mic/Img_Photo_e07e41","The Microphone — Photo 34","A forensic-style table scoring each case finding against two competing hypotheses: a .30-06 rifle versus a shaped charge.","A scored comparison table pits 'RIFLE (.30-06)' against 'SHAPED CHARGE' row by row — 53 Hz cavity-mode peak, +14.1 dB energy ratio, 104-microsecond rise time — with a per-row delta favoring the charge.","1","4"
"Photos_Blast_Velocity_Calc","Photos","Photos/Mic/Mic_Exploding_Pendant/Img_Photo_713194_x.mdx","/Photos/Mic/Mic_Exploding_Pendant/Img_Photo_713194_x","Blast Velocity Calculation for the Proposed Charge","A thread's closing arithmetic modeling what a small PETN shaped charge would sound like and what wound it would leave.","The calculation argues a small PETN charge would sound like a gunshot yet, lacking rifling, decay to ~309 m/s — strong enough to cause the wound but incapable of an exit wound, matching the reported no-exit finding.","2","4"
"Photos_DoD_Detonator_Contract","Photos","Photos/Mic/Accurate_Energetic_Systems/Img_Photo_f36949.mdx","/Photos/Mic/Accurate_Energetic_Systems/Img_Photo_f36949","DoD Purchase Order to Accurate Energetic Systems","A USAspending.gov record of a Department of Defense purchase order to a Tennessee explosives maker for miniaturized demolition charges.","A public federal record: DoD purchase order N0016425PJ538, $440,494, to Accurate Energetic Systems for 'MINIATURIZED-S DEMOLITION CHARGES' — running May 1 to August 25, 2025, sixteen days before the assassination.","3","4"
"Photos_AES_Plant_Destroyed","Photos","Photos/Mic/Accurate_Energetic_Systems/Img_Before_After_11db49.mdx","/Photos/Mic/Accurate_Energetic_Systems/Img_Before_After_11db49","Before and After Aerial Comparison of the AES Building","Before-and-after aerial imagery of the Accurate Energetic Systems explosives building in rural Tennessee.","The same Tennessee plant that held the miniaturized-demolition-charge contract was later reduced to a debris field — the building simply gone from the after image, the access road still traceable through rubble.","4","4"
"Photos_Custody_Timeline_Assembled","Photos","Photos/Court_Legal/Mirandize/court_mirandize_custody_timeline/Img_Photo_f153db.mdx","/Photos/Court_Legal/Mirandize/court_mirandize_custody_timeline/Img_Photo_f153db","The Assembled Custody Timeline","An assembled custody timeline drawn from court filings and public records covering September 11 and 12, 2025.","Miranda rights are logged at 6:25 PM on September 11 per exhibit Bates 003996-R2 — hours before the Discord messages appear at ~7:57 PM and before the sheriff's reported 8:02 PM tip call.","5","4"
"Photos_Miranda_625PM_Filing","Photos","Photos/Tyler_Robinson/Img_Confession_After_Custody_9ca555.mdx","/Photos/Tyler_Robinson/Img_Confession_After_Custody_9ca555","Court Filing: The 6:25 PM Miranda Transcript","A court filing page reproducing a Bates-stamped interview video transcript with a 06:25 PM Miranda reading highlighted.","The filing shows a timestamp but no date; attorney Baron Coleman argues it must be September 11 because the transcript says the lawyer's office is closed 'for the night,' not the weekend — the 12th was Friday.","6","4"
"Photos_Rights_Invoked_Page70","Photos","Photos/Court_Legal/Mirandize/Img_Photo_d956cc.mdx","/Photos/Court_Legal/Mirandize/Img_Photo_d956cc","Filing Page 70 — Rights Invoked, Statements Contradicted","Page 70 of a court filing arguing the defendant invoked his Fifth and Sixth Amendment rights during the recorded encounter.","A filing made in court, not an online claim, argues Tyler Robinson invoked silence and counsel one minute after the 6:25 PM warning — and that officials' later public statements do not match the recording.","7","4"
"Photos_Foreign_Probe_Shut_Down","Photos","Photos/FBI/Img_FBI_Shuts_down_b7009f.mdx","/Photos/FBI/Img_FBI_Shuts_down_b7009f","Daily Mail: Foreign Intelligence Probe Shut Down","A Daily Mail article screenshot reporting that the FBI director ended a foreign-intelligence inquiry into the Kirk case.","Reporting says an inquiry run out of the National Counterterrorism Center by Joe Kent into a possible foreign connection to the killing was shut down by the FBI director amid an interagency feud.","8","4"
"Photos_C2_Entry_Impossible","Photos","Photos/Ballistics_Gun/Img_Photo_23d662.mdx","/Photos/Ballistics_Gun/Img_Photo_23d662","Post: C2 Entry Called Mathematically Impossible","An X thread arguing the reported C2 neck entry point cannot be reconciled with the rooftop firing angle.","The post argues the round entered at C2 and lodged at T1 — but at the claimed roof height and range, a ten-degree downward path should have entered near C7, calling C2 mathematically impossible.","9","4"
"Photos_Debris_Matches_Transmitter","Photos","Photos/Mic/Img_HMAdAzhaoAAUmA_fbf608.mdx","/Photos/Mic/Img_HMAdAzhaoAAUmA_fbf608","Charred Debris Compared to a Beltpack Transmitter","An annotated comparison arguing charred debris recovered from the transport SUV matches a body-worn wireless transmitter.","Numbered callouts on the charred mass label a microphone jack port, an intact casing edge, charred batteries and an antenna base — matched against a Sennheiser ew500 G4 beltpack transmitter.","10","4"
"Photos_N1098L_4700_Feet","Photos","Photos/Aircraft/Img_Photo_ac74d8.mdx","/Photos/Aircraft/Img_Photo_ac74d8","FlightAware: El Paso to Kalispell, 4,700 Feet","A FlightAware capture for N1098L on September 10, 2025 annotated with its lowest recorded altitude over Utah Valley.","The Global 6500 flew Fort Bliss to Kalispell and was annotated at 4,700 ft ASL at 9:16 MDT — a few hundred feet above a valley floor near 4,500 feet, extraordinarily low for a transit flight.","11","4"
"Photos_Army_Drone_Launch","Photos","Photos/Aircraft/Img_WgI_562be0.mdx","/Photos/Aircraft/Img_WgI_562be0","Second Outlet Reports Army Drone-Launch Tests","An aviation-news article reporting the U.S. Army is considering drone launches from a special-mission Bombardier Global 6500.","A second outlet reports the Army weighed drone-launch tests from the Global 6500-based HADES platform — the same airframe type as N1098L — after the primary War Zone source URL reportedly stopped resolving.","12","4"
"Photos_N888KG_No_Flights","Photos","Photos/Aircraft/Img_Photo_7788bb.mdx","/Photos/Aircraft/Img_Photo_7788bb","N888KG Record: No Flights Found","A Flightradar24 record for N888KG showing full aircraft specifications but an empty flight history.","The tail number carries an FAA data-limiting flag — 'not available for public tracking per request from the owner/operator' — so mainstream trackers show nothing, while ADS-B Exchange reportedly shows the September 10 track.","13","4"
"Photos_GRAMA_Safety_Exemption","Photos","Photos/UVU_Venue/Img_Photo_6b1939.mdx","/Photos/UVU_Venue/Img_Photo_6b1939","GRAMA Response Citing the Life or Safety Exemption","A public-records response withholding documents about the UVU Fountain Courtyard under a life-or-safety exemption.","Records on approvals for work in the Fountain Courtyard — excavated and repaved four days after the shooting — were withheld under a Utah exemption for disclosures that could 'jeopardize the life or safety of an individual.'","14","4"
"Photos_CIA_Drone_Lecture_404","Photos","Photos/Aircraft/Img_Photo_a5f13b.mdx","/Photos/Aircraft/Img_Photo_a5f13b","2019 UVU Lecture Page Now Returns 404","A 2019 UVU National Security Society event post paired with the university page that now returns a 404 error.","UVU advertised 'The Ethics of CIA Detention and Drone Operations' by a former CIA officer on September 10, 2019 — six years to the day before the assassination — and a related university page no longer resolves.","16","4"
"Photos_Judge_Lunnen_DOJ","Photos","Photos/Court_Legal/Img_Photo_21e8ad.mdx","/Photos/Court_Legal/Img_Photo_21e8ad","Judge Lunnen's Archived Official Biography","The archived Utah Courts biography of Judge Robert C. Lunnen, recording his career before the bench.","The official biography records 21 years as a Department of Justice attorney, Criminal Chief of the U.S. Attorney's Office for Utah, and two details as Judicial Attaché — postings reported at Bogota and Kabul.","17","4"
"Photos_Seized_Electronics_List","Photos","Photos/Tyler_Robinson/Img_EcologicalCrime_cba1cb.mdx","/Photos/Tyler_Robinson/Img_EcologicalCrime_cba1cb","Search Warrant Affidavit: Seized Electronics","A Fourth District Court search warrant affidavit page itemizing eight seized electronic devices with serial numbers.","An itemized State Bureau of Investigation seizure list sharpens a contradiction: prosecutors stated in a filing they did not intend to offer forensic-extraction material, yet the public narrative rests on extracted messages.","18","4"
"Photos_RDX_Blast_Model","Photos","Photos/Mic/Img_Photo_0f3bba.mdx","/Photos/Mic/Img_Photo_0f3bba","Modeled Blast Injury Chart for a 2g RDX Charge","An engineering-style chart modeling injuries from a 2g RDX shaped charge detonated 2cm from the upper chest.","The model puts a Mach 8, roughly 2,700 m/s shockwave at 160 psi overpressure against the right upper chest, rating severe neurologic injury, pulmonary hemorrhage and cardiac contusion all at extreme risk.","19","4"
"Photos_Burnt_Object_Auction","Photos","Photos/Mic/Mic_Burnt_Object_Transmitter/Img_Photo_d65a0a.mdx","/Photos/Mic/Mic_Burnt_Object_Transmitter/Img_Photo_d65a0a","Auto-Auction Photo of the Burnt Object as a Screenshot","The source photograph of a burnt object on the transport SUV's upholstery, reportedly taken at an auto auction.","The photo underpinning the burnt-transmitter claim was reportedly taken while the vehicle sat at an auto auction — implying the SUV that carried Charlie Kirk was resold and publicly photographed rather than held as evidence.","20","4"
"Photos_No_Exit_Wound_Autopsy","Photos","Photos/Charlie_Kirk/Img_Neck_7249bb.mdx","/Photos/Charlie_Kirk/Img_Neck_7249bb","AI Summary of the Official Autopsy and Wound Account","An AI assistant's summary of the official cause of death, the recovered bullet and the status of the autopsy report.","The official account itself says the bullet was recovered lodged in the neck with no exit wound — and that the full autopsy report remains confidential, never publicly released.","21","4"
"Photos_Donor_Text_Messages","Photos","Photos/Charlie_Kirk/Text_Msgs/Img_Photo_841469.mdx","/Photos/Charlie_Kirk/Text_Msgs/Img_Photo_841469","Full-Length Donor Thread with the Counterparty Reply","A screenshot of circulated text messages attributed to Charlie Kirk about losing a major donor over Tucker Carlson.","The messages, if authentic, have Kirk writing he 'just lost another huge Jewish donor, $2 million a year' for refusing to cancel Tucker Carlson, and saying he may leave the pro-Israel cause.","22","4"
"Photos_SLC_FBI_Chief_Out","Photos","Photos/FBI/Img_Photo_a1d5c5.mdx","/Photos/FBI/Img_Photo_a1d5c5","Report: Salt Lake City FBI Chief Forced Out","An MSNBC report that the FBI's Salt Lake City special agent in charge was forced out months before September 2025.","A decorated counterterrorism agent appointed in February to run the Salt Lake City field office was reportedly pushed out six months later, told she was 'not a good fit' — before the assassination in that district.","23","4"
"Photos_RCH702_CIA_Shuffle","Photos","Photos/CIA_Intelligence/Img_Photo_422c8a.mdx","/Photos/CIA_Intelligence/Img_Photo_422c8a","Candace Owens on RCH 702, With the DVIDS Source","A composite pairing a Candace Owens post identifying flight RCH 702 with the official DVIDS source photograph.","Owens ties July 11 — the day she says Kirk told Tucker Carlson to 'GO MAX' against Israel — to the announcement of a new CIA executive director, with the DVIDS page shown as the sourcing check.","24","4"
"Photos_No_Blood_21_Seconds","Photos","Photos/Tyler_Robinson/Img_Char_Kirl_NOT_0c63ee.mdx","/Photos/Tyler_Robinson/Img_Char_Kirl_NOT_0c63ee","Claim Graphic: The .30-06 Wound Argument","A circulated claim graphic arguing the video shows no blood or bullet hole 21 seconds after the shot.","The graphic argues a .30-06 fired from the front would have produced massive bleeding and a visible hole, and that video 21 seconds after the shot shows neither — so the rifle was not the weapon.","25","4"
"Photos_Deer_Wound_Comparison","Photos","Photos/Ballistics_Gun/Img_Bullet_Exit_Size_65dad3.mdx","/Photos/Ballistics_Gun/Img_Bullet_Exit_Size_65dad3","Reference: Rifle Wound Size on Game Animals","A hunting reference photograph circulated to illustrate the wound a .30-06 round produces on comparable body mass.","A .30-06 carries roughly 3,950 joules at the muzzle; the photo of two harvested deer is used to ask why this case's described injury looks nothing like what that energy does.","26","4"
"Photos_CornerShot_Shell_Casing","Photos","Photos/UVU_Venue/Img_Photo_360335.mdx","/Photos/UVU_Venue/Img_Photo_360335","CornerShot Comparison and Shell Casing Annotation","A researcher composite pairing an annotated shell-casing close-up with promotional artwork for a CornerShot weapon system.","Researchers annotate a cartridge case they say was ejected at close range near the rear of the canopy — labelled 'SHOT CAME FROM HERE' — and pair it with a hinged corner-firing weapon.","27","4"
"Photos_Judicial_Vacancy_2025","Photos","Photos/Google_Search/Img_Photo_d817e9.mdx","/Photos/Google_Search/Img_Photo_d817e9","Judicial Vacancy Announcement, January 2025","Utah's official January 2025 announcement of a Fourth District Court judicial vacancy created by Judge Lunnen's retirement.","The state posted the Fourth District vacancy in January 2025 for Judge Lunnen's retirement effective August 1, 2025 — five weeks before the assassination that would be prosecuted in that court.","28","4"
"Photos_Carlson_Blackmail_Quote","Photos","Photos/Unfiled_Backlog/Img_Photo_2face0.mdx","/Photos/Unfiled_Backlog/Img_Photo_2face0","Tucker Carlson Quote on Blackmail and Officials","A screenshot of a post quoting Tucker Carlson describing a conversation with a senior elected official about blackmail.","Carlson describes telling a very senior elected official that officials 'are being blackmailed by the intel agencies,' and quotes the reply verbatim: 'I know.'","29","4"
"Photos_USMC_Breacher_Claim","Photos","Photos/Mic/Mic_Exploding_Pendant/Img_Photo_49eaf1_x.mdx","/Photos/Mic/Mic_Exploding_Pendant/Img_Photo_49eaf1_x","Thread Author Statement of Explosives Background","The opening of an explosives thread in which the author states his claimed military demolitions background.","The author of the shaped-charge thread says he served as a USMC explosive breacher and assault section leader specializing in urban mobility charges — a self-reported, unverified credential the argument rests on.","30","4"
"Photos_Monroe_Effect_Chain","Photos","Photos/Mic/Mic_Exploding_Pendant/Img_Photo_f0c8dd_x.mdx","/Photos/Mic/Mic_Exploding_Pendant/Img_Photo_f0c8dd_x","Anchored Charge and Silver Chain Reasoning","A thread section arguing a worn silver chain could anchor a cone-shaped charge via the Monroe effect.","The argument is that a neck chain would hold a cone-shaped charge in place and orient it — the Monroe effect — so a tiny worn device could direct blast inward rather than scattering it.","31","4"
"Photos_Hansell_Helicopter_DVIDS","Photos","Photos/CIA_Intelligence/Img_Bradley_Hansell_0ffcf2.mdx","/Photos/CIA_Intelligence/Img_Bradley_Hansell_0ffcf2","The Hansell Helicopter Photograph","The official DVIDS photograph of Under Secretary Bradley Hansell visiting Joint Task Force leaders in a helicopter cabin.","An official U.S. government release, not a citizen graphic: it places the Under Secretary for Intelligence and Security with JTF-SB.","32","4"
"Photos_Egyptian_Jet_Provo","Photos","Photos/Aircraft/Aircraft_More/Img_Photo_4d8afb.mdx","/Photos/Aircraft/Aircraft_More/Img_Photo_4d8afb","SU-BND Detail Panel at Provo","A Flightradar24 detail panel for Egyptian-registered Gulfstream SU-BND parked at Provo Airport.","An Egypt-registered Gulfstream 4SP, serial 1332, sat on the ground at Provo — listed as 'Private owner' while related SU-BTT is listed as Egypt Government, a classification discrepancy nobody has explained.","33","4"
"Photos_Impact_Bearing_120","Photos","Photos/Ballistics_Gun/Img_Photo_3b8027.mdx","/Photos/Ballistics_Gun/Img_Photo_3b8027","Facial Radius Analysis at 120 Degrees","An independent analyst's reconstruction expressing the impact point as a 120-degree bearing on the facial radius.","The reconstruction treats the head as a sphere and converts impact point into a bearing — 120 degrees here, 157 on companion sheets — to derive a direction of fire testable against the rooftop position.","34","4"
"Photos_Security_CIA_Profile","Photos","Photos/Security_Team/Dan_Flood/Img_Photo_6125c5.mdx","/Photos/Security_Team/Dan_Flood/Img_Photo_6125c5","Facebook Profile Listing CIA and Fort Bragg","A public Facebook profile whose Details section lists prior work at the CIA and at Fort Bragg.","A publicly visible profile saved by researchers lists 'Worked at Central Intelligence Agency (CIA)', 'Worked at Ft. Bragg, N.C' and 'Former Infantry/Military Intelligence' — though the page calls the connection indirect.","35","4"
"Photos_One_Video_Two_Clips","Photos","Photos/Court_Legal/Mirandize/Img_IMPORTANT_Sept_12938c.mdx","/Photos/Court_Legal/Mirandize/Img_IMPORTANT_Sept_12938c","How One Video Becomes Two Clips — Discovery Diagram","A diagram showing how one source recording can be produced in discovery as two differently edited clips.","Exhibit Bates 003996-R2 carries an 'R2' suffix, indicating a second version of the same exhibit — so prosecution and defense can quote one recording with different cut points and different apparent timings.","36","4"
"Photos_AXEL10_Flight_Legs","Photos","Photos/Aircraft/Img_Flight_Numbers_22622f.mdx","/Photos/Aircraft/Img_Flight_Numbers_22622f","N1098L Leg List for September 9 and 10","A Flightradar24 flight list for N1098L under callsign AXEL10 covering September 9 and 10, 2025.","The tracked legs under callsign AXEL10 run El Paso, Kalispell, Lake Havasu City and Salinas across the two days spanning the assassination — a specific, checkable itinerary for that aircraft.","37","4"
"Photos_N1098L_Aircraft_Record","Photos","Photos/Aircraft/Img_Photo_109cd5.mdx","/Photos/Aircraft/Img_Photo_109cd5","N1098L Aircraft Record on Flightradar24","The Flightradar24 aircraft record identifying N1098L by type, serial number and Mode S code.","N1098L is a Bombardier Global 6500, serial 60098, Mode S code A0299E — the same airframe type the U.S. Army uses for its HADES intelligence-surveillance platform.","38","4"
"Photos_Booking_Arrest_Sept11","Photos","Photos/Court_Legal/Mirandize/Img_Arrest_Date_Sept_8acd71.mdx","/Photos/Court_Legal/Mirandize/Img_Arrest_Date_Sept_8acd71","Booking Sheet Highlighted — Arrest Date Sept 11","The Utah County booking sheet and probable cause statement with the arrest-date fields highlighted.","The booking paperwork records the arrest on September 11 at 10:00 PM, while the charge sheets are all dated September 12 — a documentary gap in the official account of when custody began.","39","4"
"Photos_Courtyard_Camera_Map","Photos","Photos/Maps/Img_Cameras_and_Overview_715818.mdx","/Photos/Maps/Img_Cameras_and_Overview_715818","Camera Positions Around the UVU Courtyard","An annotated aerial of the UVU courtyard naming every known filmer and each fixed camera position covering the tent.","The annotation maps how many independent cameras and mounted campus domes were pointed at the tent that day — framing the question of how little of that footage has been publicly released.","40","4"
"Planes_SU_BTT_Yellow","Planes","Planes/SU-BTT.mdx","/Planes/SU-BTT/overview","SU-BTT Israel/Egyptian Jet","Egyptian Falcon 7X parked at Provo Sept 4-10, 2025, departing the US in the hours around the assassination.","Researchers say the ""yellow plane"" powered up at 9:05 AM, went dark, reactivated 17 minutes after the shot, and one thread claims it actually lifted off from Dugway Proving Ground with transponder off.","1","4"
"Planes_N1098L_Spy_Plane","Planes","Planes/N1098L/overview.mdx","/Planes/N1098L/overview","N1098L Spy Plane","US Army-contracted Bombardier Global 6500 HADES surveillance jet that flew low, slow passes near UVU on September 10, 2025.","An Army ISR jet reportedly descended to roughly 204-335 feet above ground at 118-129 knots within 1-2 miles of campus about 20-25 minutes after the shot; one investigator times the dive at 30 seconds after.","2","4"
"Planes_SU_BND_Blue","Planes","Planes/SU-BND.mdx","/Planes/SU-BND/overview","SU-BND Blue Plane","Egyptian Gulfstream parked at Provo for nearly four months in 2025, transponder powered but not airborne at the key moment.","According to circulating notes the ""blue plane"" sat at Provo for months with its transponder switched ON but never took off at the moment of the assassination; a viral screenshot claims it pinged only three times, matching three arrivals.","3","4"
"Planes_N888KG_Provo_Vanish","Planes","Planes/N888KG.mdx","/Planes/N888KG/overview","N888KG Provo Vanish","Challenger 300 that left Provo about an hour after the shooting, lost ADS-B mid-flight, then returned.","Its transponder reportedly went dark near the Arizona border for 30-50+ minutes with no filed flight plan — enough range for a 350-400 nautical mile drop-off — before it reappeared and flew back to Provo.","4","4"
"Planes_Israel_Connections","Planes","Planes/Israel-Planes.mdx","/Planes/Israel-Planes","Israel Planes","Hub page for the claim that the Egyptian-registered jets tracked near Charlie Kirk secretly flew in and out of Israel.","Trackers allege the jets logged ""Cairo-to-Cairo"" legs because they switched transponders off and landed in Israel; one unverified eyewitness account places the head of Egyptian intelligence arriving in Israel after such a blackout.","5","4"
"Planes_Following_Kirks","Planes","Planes/Following-Charlie-Erika.mdx","/Planes/Following-Charlie-Erika","Planes Following Charlie or Erika","The shadowing claim: foreign government jets and other tails allegedly overlapping the Kirks' travel across TPUSA events for years.","Researchers tally reported overlaps between two Egyptian-registered jets and Erika Kirk's locations 73 times between 2022 and September 2025, with SU-BTT landing at Provo six days before the assassination.","6","4"
"Planes_N59906_Survey","Planes","Planes/N59906.mdx","/Planes/N59906/overview","N59906 MARC Survey Plane","Piper Navajo Chieftain aerial-mapping aircraft reported making four survey passes over UVU the morning of the shooting.","A LiDAR/camera-equipped survey plane reportedly flew four mapping passes over the campus that morning, the last ending about 11:35 a.m. — roughly 15 minutes before the alleged shooter was first seen on campus cameras.","7","4"
"Planes_Erika_Logs_Erased","Planes","Planes/Erika-Flight-Logs-Erased.mdx","/Planes/Erika-Flight-Logs-Erased","Erika Flight Logs Erased","A checkable dispute over the removal of N102DZ's public flight history after Erika Kirk invited scrutiny of it.","Erika Kirk publicly told people to check N102DZ's flight logs; researchers say the tail's public history was then removed from FlightRadar24 in May 2026, though copies taken beforehand reportedly still exist.","8","4"
"Planes_Sept10_Timeline","Planes","Planes/Sept10-Flight-Timeline.mdx","/Planes/Sept10-Flight-Timeline","September 10 Flight Timeline","Minute-by-minute aircraft and airport timeline for the day of the assassination.","Laid side by side, the transponder-dark window of the Egyptian jet, the N1098L low passes and the hospital timing produce conflicts that the official account does not address.","9","4"
"Planes_SAM_99_0404","Planes","Planes/SAM-99-0404.mdx","/Planes/SAM-99-0404/overview","SAM 99-0404 Flight","Air Force C-37A VIP Gulfstream tracked into Fort Huachuca, Arizona on September 8-9, 2025.","A government VIP jet reportedly flew into the Army's intelligence and drone-operations base at Fort Huachuca two days before the shooting — the same base other flagged tails in this case are linked to.","10","4"
"Planes_Cox_Foreign_Meetings","Planes","Planes/Cox-Foreign-Meetings.mdx","/Planes/Cox-Foreign-Meetings","Utah Cox Foreign Meetings (Claims)","Claims that Utah's governor met Egyptian and French diplomatic and intelligence figures at the Capitol 13 days after the assassination.","Reportedly closed-door Gold Room meetings with Egyptian and French officials on September 23, 2025 — 13 days after the killing — while Egyptian-registered jets were the central subject of citizen flight tracking.","11","4"
"Planes_Egyptian_Crew_Hotel","Planes","Planes/Egyptian-Crew-Hotel.mdx","/Planes/Egyptian-Crew-Hotel","Egyptian Crew Hotel (Claims)","Tip that crews from the Egyptian government jets lodged in Orem from September 4 to 13, 2025.","The claim names a specific hotel on University Parkway in Orem, minutes from campus, as the lodging for the Egyptian jets' occupants across the exact Sept 4-13 window — a concrete FOIA and camera-footage target.","12","4"
"Planes_N2100L_Sister_Ship","Planes","Planes/N2100L.mdx","/Planes/N2100L/overview","N2100L LASAI Sister Ship","The second Leidos-linked Global 6500 in the same ISR fleet as N1098L, flagged for activity the night after the shooting.","The spy plane over Orem was not alone — a sister airframe in the same contractor fleet was reportedly active the night after the shooting, meaning two Army ISR jets sit in the case timeline.","13","4"
"Planes_SU_BTU","Planes","Planes/SU-BTU.mdx","/Planes/SU-BTU/overview","SU-BTU Israel/Egyptian Jet","Third Egyptian-registered Falcon 7X in the alleged five-plane armada cycling through Provo in 2025.","This is not one stray foreign jet: researchers count a whole cluster of Egyptian government Falcons and Gulfstreams rotating through a small Utah municipal airport across 2025.","14","4"
"Planes_SU_BTV","Planes","Planes/SU-BTV.mdx","/Planes/SU-BTV/overview","SU-BTV Israel/Egyptian Jet","Fourth Egyptian-registered VIP jet in the armada reported operating in and out of Provo, Utah in 2025.","A fourth foreign government VIP jet on the Provo ramp in the same year — a level of foreign state aviation traffic a small Utah airport has no ordinary reason to see.","15","4"
"Planes_SU_BGM","Planes","Planes/SU-BGM.mdx","/Planes/SU-BGM/overview","SU-BGM Israel/Egyptian Jet","Fifth tail in the alleged Egyptian jet armada, a Gulfstream IV cycling through Provo in 2025.","The fifth Egyptian-registered tail completes the set trackers call an ""armada"" — five foreign state aircraft, one small airport, the year of the assassination.","16","4"
"Planes_N560TW_Scottsdale","Planes","Planes/N560TW.mdx","/Planes/N560TW/overview","N560TW Scottsdale Jet","Citation XLS that flew Scottsdale-Provo-Santa Barbara on the morning of September 10, 2025.","Candace Owens publicly flagged this short out-and-back through Provo hours before the shooting; the aircraft is reported to be tied to a Turning Point USA donor aviation entity.","17","4"
"Planes_N582MM_TPUSA","Planes","Planes/N582MM.mdx","/Planes/N582MM/overview","N582MM TPUSA Aircraft","Aircraft described as frequently used by TPUSA insiders and named in the proposed disclosure laws.","Named in draft federal disclosure legislation over a reported October 2025 movement from Fort Huachuca — the Army intelligence base — to Kalispell, Montana.","18","4"
"Planes_SAM_702","Planes","Planes/SAM-702.mdx","/Planes/SAM-702/overview","SAM702 Flight","Primary Special Air Mission callsign for the VIP flight tied to the September 8-9, 2025 Fort Huachuca window.","The callsign links a Cabinet-level VIP transport to Fort Huachuca 48 hours before the assassination, a coincidence heavily pressed on Candace Owens' podcast.","19","4"
"Planes_N102DZ_Kirk_Jet","Planes","Planes/N102DZ.mdx","/Planes/N102DZ/overview","N102DZ Kirk's Plane","The jet reported to have flown Charlie Kirk from Scottsdale into Salt Lake City the morning of September 10, 2025.","This is the tail whose public tracking history researchers say later vanished from FlightRadar24 — the very logs Erika Kirk had invited the public to examine.","20","4"
"Planes_ISR_Program_Context","Planes","Planes/ISR-Operations.mdx","/Planes/ISR-Operations","ISR Program Context","Explains the US Army HADES / LASAI Global 6500 surveillance program behind N1098L and N2100L.","N1098L shares the Global 6500 airframe the Army uses for HADES, but it very likely was a training plane not built out to launch drones — which makes who scheduled it over Orem that day the question worth investigating.","21","4"
"Planes_T7ELL_EJM36","Planes","Planes/T7ELL-EJM36.mdx","/Planes/T7ELL-EJM36/overview","T7ELL & EJM36 (Flagged Tails)","Two further foreign-registered tails flagged alongside the Egyptian armada in flight-log research.","Both tails are written into proposed federal disclosure legislation, meaning citizen flight-log research has already crossed into draft law text.","22","4"
"Planes_N55906","Planes","site/docs/Planes/N55906/overview.mdx","/Planes/N55906/overview","N55906","An unresolved tail number circulated in open-source flight threads, with no confirmed type, operator or route in the public record.","The tail has no confirmed route, operator or ADS-B track anywhere in the public record, and differs from the documented survey aircraft N59906 by a single digit — the most likely resolution is that it was a misreading all along.","23","4"
"Planes_Casket_Flight","Planes","Planes/Casket-Flight.mdx","/Planes/Casket-Flight","Air Force Two Casket Flight","Air Force Two carried Charlie Kirk's casket from Salt Lake City to Phoenix on September 11, 2025.","A sitting Vice President personally accompanied the remains on the government's own VIP aircraft the day after the killing — an extraordinary level of federal involvement for a private citizen.","24","4"
"Planes_99_0004_Vance","Planes","Planes/99-0004-Vance.mdx","/Planes/99-0004-Vance/overview","99-0004 Vance Flight","Air Force C-32A tracked to Las Vegas on May 27, 2025 under callsign SAM912.","The same C-32A airframe type flagged on a Las Vegas run three and a half months before the assassination reappears the day after it, carrying the casket.","25","5"
"Planes_SAM_000","Planes","Planes/SAM-000.mdx","/Planes/SAM-000/overview","SAM-000 Flight","One of several Special Air Mission callsigns reported for the VIP aircraft tail 99-0404.","The same physical VIP jet appears in public tracking under several rotating callsigns, which is how a single airframe can seem to be several flights.","26","4"
"Planes_SAM_112","Planes","Planes/SAM-112.mdx","/Planes/SAM-112/overview","SAM-112 Flight","Another Special Air Mission callsign reported for the VIP flight tail 99-0404.","Callsign switching on the same tail number complicates any attempt to reconstruct where this government aircraft actually went in early September 2025.","27","4"
"Planes_SAM_650","Planes","Planes/SAM-650.mdx","/Planes/SAM-650/overview","SAM650 Flight","VIP callsign appearing in citizen tracking of government routes in the days before the assassination.","Citizen trackers logged this callsign hitting Joint Base Andrews, Nashville and Colorado Springs in the run-up to September 10, 2025.","28","4"
"Planes_N40JD_Provo","Planes","Planes/N40JD.mdx","/Planes/N40JD/overview","N40JD Provo Arrival","Beechcraft Premier 1 recorded flying Scottsdale to Provo on September 10, 2025.","Provo's small municipal field logged an unusual cluster of private arrivals on the morning of the shooting, and this Scottsdale leg is one of them.","29","4"
"Planes_N872RA_Provo","Planes","Planes/N872RA.mdx","/Planes/N872RA/overview","N872RA Provo Arrival","Hawker Beechcraft reported flying Santa Barbara into Provo on September 10, 2025.","Another private jet in the same-day Provo arrival cluster, on the Santa Barbara route also flown by the Candace Owens-flagged N560TW.","30","4"
"Planes_Biggs_Airfield","Planes","Planes/Airport-Biggs-Army-Airfield.mdx","/Planes/Airport-Biggs-Army-Airfield","Biggs Army Airfield (KBIF)","The Fort Bliss army airfield from which the ISR jet N1098L departed on the morning of the shooting.","The spy plane that made the low passes near UVU launched that morning from an Army airfield at Fort Bliss, Texas — a military origin, not a civilian one.","31","5"
"Planes_Roland_Wright_ANGB","Planes","Planes/Airport-Roland-Wright-ANGB.mdx","/Planes/Airport-Roland-Wright-ANGB","Roland R. Wright Air National Guard Base","The Utah Air National Guard base where Air Force Two landed to receive the casket on September 11, 2025.","The transfer of the remains happened on a military installation rather than a civilian terminal, keeping the September 11 movement inside government-controlled ground.","32","4"
"Planes_Joint_Base_Andrews","Planes","Planes/Airport-Joint-Base-Andrews.mdx","/Planes/Airport-Joint-Base-Andrews","Joint Base Andrews (KADW)","Home of the 89th Airlift Wing and origin point for both government VIP aircraft in the case.","Both VIP flights in this investigation — the pre-event Fort Huachuca run and the post-event casket transport — trace back to the same single base.","33","4"
"Planes_Pilatus_PC12","Planes","Planes/Pilatus-PC-12.mdx","/Planes/Pilatus-PC-12/overview","Pilatus PC-12 (Unconfirmed)","A low-confidence, uncorroborated report of a PC-12 circling near UVU around September 10, 2025.","Catalogued explicitly as unverified with no tail number and no flight track — an example of the site recording a claim in order to caveat it rather than repeat it.","34","4"
"Planes_Investigation_Index","Planes","Planes/Planes_Investigation_Index.mdx","/Planes/Planes_Investigation_Index","Planes Investigation Index","Working memo listing every open aircraft thread and the records that would settle each one.","It names exactly which records — MARC survey logs, ADS-B raw feeds, tasking orders — would resolve each aircraft question, turning suspicion into a concrete disclosure demand list.","35","4"
"Planes_Section_Overview","Planes","Planes/overview.mdx","/Planes/overview","Planes","Index of every aircraft and flight-path topic tied to the September 10, 2025 assassination.","The sheer size of the catalog is itself the point: dozens of separate tail numbers, foreign government jets and military ISR platforms all converge on one small Utah valley in one week.","36","4"
"PolContext_Donor_Pressure_Field","political_context","political_context/overview.mdx","/political_context/overview","Political Context","Maps donor, Israel-related, and TPUSA pressure narratives surrounding Charlie Kirk in the months before September 10, 2025.","Reportedly leaked TPUSA texts describe Kirk, days before his death, angry over a large donor loss tied to platforming Tucker Carlson and talking about leaving the ""pro-Israel cause""; Joe Kent says a foreign-nexus review was ordered abandoned.","1","4"
"ProofIntel_NCTC_Shutdown","Proof_Intel_Services","Proof_Intel_Services/Joe_Kent_Foreign_Inquiry_Shutdown.mdx","/Proof_Intel_Services/Joe_Kent_Foreign_Inquiry_Shutdown","Joe Kent — Foreign Inquiry Shutdown","NCTC director Joe Kent says the FBI halted his inquiry into foreign involvement in Charlie Kirk's death.","A sitting U.S. intelligence director says on record the FBI stopped his foreign-nexus probe; officials reportedly feared it would let Robinson's defense argue more than one suspect.","1","4"
"ProofIntel_HADES_N1098L","Proof_Intel_Services","Proof_Intel_Services/N1098L_HADES_Over_UVU.mdx","/Proof_Intel_Services/N1098L_HADES_Over_UVU","N1098L HADES Over UVU","Army HADES ISR jet N1098L flew low, slow passes near UVU before and after the shooting on Sept 10.","A U.S. Army spy jet, callsign AXEL10, reportedly dropped to ~204 ft at near-stall 116 knots about a mile from campus 25 minutes after the shot. No Army mission explanation exists.","2","4"
"ProofIntel_Israeli_Phones","Proof_Intel_Services","Proof_Intel_Services/Israeli_Phones_Bumblehive.mdx","/Proof_Intel_Services/Israeli_Phones_Bumblehive","Israeli Phones & Bumblehive","NSA Utah Data Center claims of Israeli and foreign handsets at UVU during the shooting, later traced abroad.","Tony Seruga reportedly claims 16 Israeli plus 44 foreign phones sat beside Charlie Kirk at the moment of death — and four later surfaced at Islamabad's Serena Hotel during Iran talks.","3","4"
"ProofIntel_Sept9_Warnings","Proof_Intel_Services","Proof_Intel_Services/UVU_Sept_9_Foreknowledge.mdx","/Proof_Intel_Services/UVU_Sept_9_Foreknowledge","UVU Sept 9 Foreknowledge","GRAMA-released UVU records showing two separate warnings the night before the assassination, names redacted.","Released UVU chat logs show people came to campus police the night before about 'a plan,' and a redacted email asking to 'get a message to Charlie Kirk.' Nobody documented either.","4","4"
"ProofIntel_Egyptian_Jets","Proof_Intel_Services","Proof_Intel_Services/Egyptian_Jets_Provo.mdx","/Proof_Intel_Services/Egyptian_Jets_Provo","Egyptian Jets — Provo Sept 4–10","Egyptian government aircraft SU-BTT tracked on the ground at Provo the week Charlie Kirk was killed.","An Egyptian government Falcon 7X reportedly flew Paris to Minot to Provo six days before the killing and departed Utah about five hours before the assassination.","5","5"
"ProofIntel_CounterUAS_Provo","Proof_Intel_Services","Proof_Intel_Services/Provo_Airport_Counter_UAS.mdx","/Proof_Intel_Services/Provo_Airport_Counter_UAS","Provo Airport Counter-UAS","Alleged Egyptian-linked contractors testing anti-drone gear at Provo airport Sept 4–10 with DoD liaison badges.","Unnamed Duncan Aviation sources allege men with Egyptian passports carried 'U.S. Department of Defense Liaison' badges and entered on a 'no-scan priority clearance' with no manifest recorded.","6","5"
"ProofIntel_Fort_Huachuca","Proof_Intel_Services","Proof_Intel_Services/Fort_Huachuca_Sept_9.mdx","/Proof_Intel_Services/Fort_Huachuca_Sept_9","Fort Huachuca — Sept 9 Meeting","Alleged Army intelligence gathering and SAM-702 VIP flight from Fort Huachuca two days before the killing.","Roughly 12 lieutenant colonels reportedly met at the Army's intelligence school, and a VIP jet left at 00:49 on Sept 9 — personnel then reportedly went to Biggs, where N1098L departed.","7","4"
"ProofIntel_FBI_Signatures","Proof_Intel_Services","Proof_Intel_Services/FBI_Intel_Cover_Signatures.mdx","/Proof_Intel_Services/FBI_Intel_Cover_Signatures","FBI Intel Cover Signatures","Catalog of federal behaviors after the shooting cited as intelligence-style cover and scene control.","Researchers allege searches failed repeatedly until three federal agents directed three junior officers to look again — and that bomb dogs were reportedly kept away from certain areas.","8","4"
"ProofIntel_State_Actors","Proof_Intel_Services","Proof_Intel_Services/State_Actors_Professional_Hit.mdx","/Proof_Intel_Services/State_Actors_Professional_Hit","State Actors & Professional Hit","Benny Johnson's on-camera 'state actors' remark and the professional-hit pattern checklist built around it.","A commentator close to Kirk's team says on video there is 'considerable evidence that there were state actors involved' — then stops, saying he cannot go further.","9","4"
"ProofIntel_Foreign_Weapons","Proof_Intel_Services","Proof_Intel_Services/Foreign_Weapons_And_Hardware.mdx","/Proof_Intel_Services/Foreign_Weapons_And_Hardware","Foreign Weapons & Hardware","Claims of non-retail hardware — CornerShot mounts, shaped charges, drones — instead of a bolt-action rifle.","Analysts reportedly argue a CornerShot rig fired 9mm from inside the tent, a casing rolled down the tarp, and the energy dump is inconsistent with a distant .30-06.","10","4"
"ProofIntel_Israel_Motive","Proof_Intel_Services","Proof_Intel_Services/Israel_Motive_Timeline.mdx","/Proof_Intel_Services/Israel_Motive_Timeline","Israel Motive Timeline","September 2025 timeline of Kirk's reported break with pro-Israel donors in the days before he was killed.","Kirk reportedly told a group chat he had 'no choice but to leave pro Israel cause,' criticized Israel to Ben Shapiro's face on Sept 9, and was killed the next day.","11","4"
"ProofIntel_Index","Proof_Intel_Services","Proof_Intel_Services/Investigation_Index.mdx","/Proof_Intel_Services/Investigation_Index","Proof Intel Services — Investigation Index","Working memo indexing every intelligence-connection thread with a consolidated key-dates list and disclosure targets.","Its one-screen date table stacks the Egyptian jet's 7:08 departure, the 9:16 AM and 12:48 PM spy-jet passes, and the 12:23 PM shooting into a single sequence.","12","4"
"ProofIntel_Overview","Proof_Intel_Services","Proof_Intel_Services/overview.mdx","/Proof_Intel_Services/overview","Proof Intel Services","Section landing page mapping U.S. and foreign intelligence indicators around UVU on September 10, 2025.","Summarizes that a halted federal foreign probe, foreign handsets at the courtyard, an Army jet at 204 feet, and a parked foreign government jet all occurred in one week.","13","4"
"ProofNotTyler_ATF_Inconclusive","Proof_Not_Tyler","Proof_Not_Tyler/ATF_Inconclusive_Ballistics.mdx","/Proof_Not_Tyler/ATF_Inconclusive_Ballistics","ATF Inconclusive Ballistics","The state's own ATF lab could not match the autopsy bullet jacket fragment to the rifle attributed to Tyler Robinson.","A September 17, 2025 ATF report summarized in court filings reportedly could neither identify nor exclude the recovered Mauser as the source of autopsy Exhibit 6A — rifling matched ""numerous makes and models.""","1","4"
"ProofNotTyler_Acoustic_Split","Proof_Not_Tyler","Proof_Not_Tyler/Acoustic_Two_Event_Split.mdx","/Proof_Not_Tyler/Acoustic_Two_Event_Split","Acoustic Two-Event Split","Canon XA55 broadcast audio analysis reportedly shows two separate acoustic events at different distances, not one rifle shot.","Citizen analysis of uncompressed 48kHz Canon XA55 audio reportedly finds a distant muzzle blast at +202ms and a LOUDER low-frequency peak at +321ms located at the tent ~46m away.","2","4"
"ProofNotTyler_Discord_Custody","Proof_Not_Tyler","Proof_Not_Tyler/Discord_Custody_Timeline.mdx","/Proof_Not_Tyler/Discord_Custody_Timeline","Discord & Custody Timeline","Timing conflict between reported 6:25 PM custody and phone seizure and Discord confession posts timestamped 7:57 PM.","Robinson was reportedly mirandized in Washington County custody around 6:25 PM Sept 11 — with phone seized by protocol — yet the ""confession"" Discord traffic is timestamped 7:57 PM, about 90 minutes later.","3","4"
"ProofNotTyler_Trajectory_Wound","Proof_Not_Tyler","Proof_Not_Tyler/Trajectory_Wound_Mismatch.mdx","/Proof_Not_Tyler/Trajectory_Wound_Mismatch","Trajectory & Wound Mismatch","Rooftop geometry and the reported neck wound morphology are argued not to fit a distant .30-06 rifle strike.","A 5-9 degree downward path from 120m east should hit face or jaw, yet entry was reportedly between larynx and trachea — and a treating doctor reportedly said the bullet ""did not exit.""","4","4"
"ProofNotTyler_Gun_Discovery","Proof_Not_Tyler","Proof_Not_Tyler/Gun_Discovery_Sequence.mdx","/Proof_Not_Tyler/Gun_Discovery_Sequence","Gun Discovery Sequence","Reported sequence in which arm-to-arm and K-9 searches found no weapon until federal agents redirected junior officers.","Per the master file, local arm-to-arm sweeps and a K-9 pass reportedly found nothing; only after three federal agents told three junior new-hire local officers to search again did the towel-wrapped Mauser appear.","5","4"
"ProofNotTyler_Stairs_Guy","Proof_Not_Tyler","Proof_Not_Tyler/Stairs_Guy_Identity_Gap.mdx","/Proof_Not_Tyler/Stairs_Guy_Identity_Gap","Stairs Guy Identity Gap","Video-comparison mismatches between campus Tyler and the stairs/rooftop figure in backpack, hat, and clothing.","Campus Tyler wore light shorts with a half-full light blue pack; the stairs figure wears dark jeans with a pack 90-95% full — fuller after an alleged rifle was deployed. A filmmaker witness reportedly said ""Tyler Robinson is NOT the guy.""","6","4"
"ProofNotTyler_No_GSR","Proof_Not_Tyler","Proof_Not_Tyler/No_GSR_And_Physical_Tests.mdx","/Proof_Not_Tyler/No_GSR_And_Physical_Tests","No GSR & Missing Physical Tests","Reported absence of standard gunshot-residue testing plus a complex multi-source DNA mixture on the recovered rifle.","Citizen compilations allege Robinson was never given a standard gunshot-residue test in a capital case, and court summaries describe multiple DNA profiles on the Mauser rather than a single-source match.","7","4"
"ProofNotTyler_Witness_Audio","Proof_Not_Tyler","Proof_Not_Tyler/Witness_Audio_Conflicts.mdx","/Proof_Not_Tyler/Witness_Audio_Conflicts","Witness & Audio Conflicts","Ear-witnesses describing pistol or firework sounds, a false all-clear alert, and eyewitness photo mismatches.","A UVU witness interviewed on X says he could find nobody describing a large-calibre rifle — only pops and pistol sounds — and a campus alert 19 minutes after the shooting wrongly told ~10,000 students the suspect was in custody.","8","4"
"ProofNotTyler_Backpack_Impossibility","Proof_Not_Tyler","Proof_Not_Tyler/Backpack_Rifle_Impossibility.mdx","/Proof_Not_Tyler/Backpack_Rifle_Impossibility","Backpack & Rifle Impossibility","Physical argument that a scoped Mauser .30-06 could not be concealed in the clothing and pack seen on camera.","Morning footage reportedly shows light shorts and a roughly half-empty pack — no space or pant leg for a scoped Mauser — while the rooftop figure's pack looks fuller, the opposite of what stowing a rifle would produce.","9","4"
"ProofNotTyler_Alternative_Mechanisms","Proof_Not_Tyler","Proof_Not_Tyler/Alternative_Kill_Mechanisms.mdx","/Proof_Not_Tyler/Alternative_Kill_Mechanisms","Alternative Kill Mechanisms","Routing page for non-rifle hypotheses including a rigged lapel mic charge, tent close-range fire, and CornerShot theories.","It lays out the rigged-lapel-mic hypothesis: a PETN micro-charge aimed at the chest that would explain no rifle exit wound, sideways blood, and the rapid paving of the tent area on September 14.","10","4"
"ProofNotTyler_Investigation_Index","Proof_Not_Tyler","Proof_Not_Tyler/Investigation_Index.mdx","/Proof_Not_Tyler/Investigation_Index","Proof Not Tyler — Investigation Index","Working memo indexing every forensic, physical, identity, and timeline challenge to the official rooftop rifle story.","It reduces the whole case to five questions the state reportedly cannot answer — starting with whether its own ATF report can link the death fragment to the rifle it says was used.","11","4"
"ProofNotTyler_Overview","Proof_Not_Tyler","Proof_Not_Tyler/overview.mdx","/Proof_Not_Tyler/overview","Proof Not Tyler","Hub page linking every argument that the official .30-06 rooftop attribution fails on ballistics, wounds, audio, and timing.","It frames the section as a map of gaps in the official kill chain rather than a verdict, and links out to Israeli technology in the investigation and barrel dust and bullet diameter analysis.","12","4"
"Roof_No_Muzzle_Flash","Roof","Roof/no-muzzle-flash-or-recoil.mdx","/Roof/no-muzzle-flash-or-recoil","No Muzzle Flash or Recoil","Citizen frame analysis of roof surveillance reportedly showing no muzzle flash and no rifle recoil at the moment Kirk was hit.","Reviewers say the prone roof figure shows no visible muzzle flash and no recoil at shot time, arguing the roof was theater while the lethal mechanism was at the stage.","1","4"
"Roof_Decoy_No_Shot","Roof","Roof/decoy-no-shot-from-roof.mdx","/Roof/decoy-no-shot-from-roof","Decoy / No Shot From Roof Claims","Theories that the roof figure never fired — no rifle assembly on camera, bag theater, and the screwdriver as a plant.","Footage reportedly never shows a rifle being assembled; the figure throws a bag, goes prone, then leaves with it — read as prop behavior, making the screwdriver corroborate nothing.","2","4"
"Roof_Helicopter_Screwdriver","Roof","Roof/news-helicopter-screwdriver.mdx","/Roof/news-helicopter-screwdriver","News Helicopter and the Screwdriver","KSL aerial footage of the Losee roof said to show no crime-scene tape and no screwdriver, against Officer Bagley's reported testimony.","Bagley reportedly testified he taped off the railing to protect a red-and-black screwdriver at 12:44 p.m.; reviewers say KSL helicopter video shows no tape and no tool there.","3","4"
"Roof_Line_Of_Sight","Roof","Roof/roof-line-of-sight.mdx","/Roof/roof-line-of-sight","Line of Sight Behind the Roof Lip","Geometry objection: how a shooter lying flat behind a five-inch roof lip, set back from the edge, could see down into the courtyard.","A prone shooter's eye sits 8-12 inches up; behind a five-inch lip set back from the edge, the sightline reportedly lands out in the plaza, not down on the stage 430 feet away.","4","4"
"Roof_Screwdriver_Tape","Roof","Roof/screwdriver-and-crime-scene-tape.mdx","/Roof/screwdriver-and-crime-scene-tape","The Screwdriver and the Crime-Scene Tape","Reported testimony placing a screwdriver 15-20 feet past the roof railing, set against aired footage said to show no tape protecting it.","The whole assembled-on-the-roof story leans on one screwdriver 15-20 feet past the railing — an object citizen reviewers say later vanishes from the public aerial record.","5","4"
"Roof_Pre_Shot_Signal","Roof","Roof/pre-shot-signal-claims.mdx","/Roof/pre-shot-signal-claims","Pre-Shot Signal Claims","Claims the prone roof figure flashed a bright object as a signal seconds before the shot, implying coordination.","Widely shared readings of the Candace Owens footage claim the figure flashed a bright object just before shot time, then fled — a signal, not a shot, implying someone else was cued.","6","4"
"Roof_Tactical_Run","Roof","Roof/tactical-roof-run.mdx","/Roof/tactical-roof-run","The Tactical Roof Run","Frame-by-frame measurement of the running roof figure relative to the alleged screwdriver drop point.","Measurement says the runner enters the visible frame 1-3 steps past the screwdriver point, with 10-11 steps between marks — so released video begins after the interval that would show assembly.","7","4"
"Roof_Multiple_Roofs","Roof","Roof/multiple-roofs-figures.mdx","/Roof/multiple-roofs-figures","Multiple Roofs and Other Figures","Claims of dark figures on the Woodbury, Sorensen and Sparks roofs the same morning, not only the Losee Center.","A person in all black was reportedly seen on the Woodbury roof about 20 minutes before the shot, with claimed video of figures on three other UVU roofs that day.","8","4"
"Roof_Military_Crawl","Roof","Roof/military-lateral-crawl.mdx","/Roof/military-lateral-crawl","Military Lateral Crawl","Claims the roof figure executed a trained military lateral crawl into prone position on the Candace Owens footage.","Commentators say the figure performs a several-foot sideways low crawl matching soldier training footage — and shows no limp, unlike the limping figure in the approach timeline.","9","4"
"Roof_Trained_Drop","Roof","Roof/trained-roof-drop.mdx","/Roof/trained-roof-drop","Trained Roof Drop / Egress","Claims the 16-20 foot drop off the Losee roof was a rehearsed, hesitation-free tactical egress.","On a reported 16-20 foot drop the figure never pauses or scouts the corner, with perfect foot placement while carrying the object — argued as rehearsal, not an untrained first-timer.","10","4"
"Roof_Figure_Not_Tyler","Roof","Roof/roof-figure-not-tyler.mdx","/Roof/roof-figure-not-tyler","Roof Figure Identity Claims","Stacked arguments that the person on the Losee roof is not the charged defendant.","Defense-aligned hearing commentary reportedly has investigators conceding the roof imagery lacks identifiable facial features — yet a parent is said to have ID'd his son from those distant stills.","11","4"
"Roof_Black_Clothing","Roof","Roof/black-clothing-vs-jeans.mdx","/Roof/black-clothing-vs-jeans","Black Clothing vs Jeans","The clothing conflict between all-black tactical descriptions of the roof figure and the jeans-and-hat casual profile.","Early dispatch and witness language described an all-black tactical figure on the roof, while the official identification package rests on jeans, hat and sunglasses.","12","5"
"Roof_Timeline","Roof","Roof/roof-timeline.mdx","/Roof/roof-timeline","Roof Timeline — September 10, 2025","Minute-by-minute roof-only clock from the 11:50 a.m. approach through the drop and scene processing.","The figure is described as limping at 11:50 and 12:02, but by 12:22 — sprinting west and lying down 430 feet from the stage — the limp is reportedly no longer noticeable.","13","4"
"Roof_Overview","Roof","Roof/overview.mdx","/Roof/overview","Roof","Index to every Losee Center roof dispute: run, crawl, clothing, screwdriver, helicopter, muzzle flash, and identity.","Collects thirteen separate public challenges to the rooftop story in one place, including trimmed rooftop video claims and the officer whose body cam died on the roof.","14","4"
"SecLawEnf_Security_Split","security_law_enforcement","security_law_enforcement/overview.mdx","/security_law_enforcement/overview","Security & Law Enforcement","Splits the private protective detail guarding Kirk at UVU from the government agencies that controlled the scene and prosecution.","Citizen investigators reportedly allege the private detail, which normally planned events far in advance, had no plan for a next event and received raises after the death; rooftop access is described as trivially easy.","1","4"
"SecurityTeam_Brian_Harpole","Security_Team","Security_Team/brian-harpole.mdx","/Security_Team/brian-harpole","Brian Harpole","Profile of the founder of the firm reported to have run Charlie Kirk's protective detail at UVU.","Harpole, in the SUV with Kirk, reportedly described hearing ""two distinct sounds"" when Kirk was struck — a detail hard to square with one rifle shot; a separate X post alleges a 2017 photo match, unverified.","1","5"
"SecurityTeam_Deleted_SSG_Post","Security_Team","Security_Team/shaffer-security-group.mdx","/Security_Team/shaffer-security-group","Shaffer Security Group (SSG)","The prior TPUSA security vendor, its deleted post naming the UVU firm, and the Texas corporate record.","A since-deleted @ShafferGroup post (11:33 PM, 9/26/25) said the UVU firm ""want to remain in the shadows while my firm takes blame,"" attaching Rockhouse Integrity Group LLC's Texas file number 0805052578.","2","4"
"SecurityTeam_Vendor_Switch","Security_Team","Security_Team/integrity-security.mdx","/Security_Team/integrity-security","Integrity Security Solutions","The private firm guarding Kirk at UVU, its last-minute hiring, and the open questions about its setup.","Kirk's usual vendor was swapped for a firm reportedly rehired at the last minute for ""specialized security,"" with no bodycams on the detail — yet witnesses say familiar white-shirt agents from earlier stops appeared.","3","4"
"SecurityTeam_Dan_Flood","Security_Team","Security_Team/dan-flood.mdx","/Security_Team/dan-flood","Dan Flood — Head of Security","Profile of Kirk's reported head of security, the SUV response, and attributed claims about his other clients.","Candace Owens reports Kirk messaged Flood by Signal and Telegram the night before, saying he thought he would be ""executed tomorrow"" — reportedly telling Frank Turek ""they're going to take me out.""","4","4"
"SecurityTeam_No_Overwatch","Security_Team","Security_Team/no-counter-snipers.mdx","/Security_Team/no-counter-snipers","No Counter-Snipers or Secret Service","Reported absence of counter-sniper overwatch, drones, bodycams, and any federal protective layer at UVU.","No counter-snipers, no drones, no bodycams: rooftops and airspace were reportedly treated as ""beyond Charlie's bubble,"" so no one owned the high ground the official story says the shot came from.","5","4"
"SecurityTeam_Rooftop_Gap","Security_Team","Security_Team/perimeter-rooftop-failures.mdx","/Security_Team/perimeter-rooftop-failures","Perimeter & Rooftop Failures","The uninspected Losee Center rooftop, the affidavit timeline, and Harpole's pre-event rooftop warnings.","Harpole reportedly texted UVU Chief Jeff Long about rooftop concerns before the event; ballistics commentary notes a 5-9 degree Losee downward angle should hit face or jaw, not the observed neck path.","6","4"
"SecurityTeam_Greg_Shaffer","Security_Team","Security_Team/greg-shaffer.mdx","/Security_Team/greg-shaffer","Greg Shaffer","Interview claims from the prior vendor's founder about how the UVU firm came to guard Kirk.","Shaffer said publicly he was ""stabbed in the back"" over the last-minute switch, and the page separates him from Greg Schaffer, a twenty-year FBI agent who co-founded SSG with Brian Harpole.","7","4"
"SecurityTeam_Credential_Gaps","Security_Team","Security_Team/screening-credentials.mdx","/Security_Team/screening-credentials","Screening & Credential Gaps","Who was admitted to the Q&A line at UVU, and the unverified claim of revoked credentials.","A post claims Hunter Kozak and ""UN-Eff America"" affiliates had reportedly had credentials revoked from Kirk events, yet Kozak asked the final question before the fatal moment — ""Who let him in line?""","8","4"
"SecurityTeam_Next_Day_Gap","Security_Team","Security_Team/next-event-no-plan.mdx","/Security_Team/next-event-no-plan","The Next Event Had No Security Plan","Anonymous claims that no security plan existed for Kirk's next stop, scheduled for September 11.","Anonymous posts allege no written plan existed for Therese Bible College on September 11, the day after — paired with a claim Flood was moonlighting security for Dallas billionaires at the Cattle Barons Ball.","9","4"
"SecurityTeam_Bobby_Harpole","Security_Team","Security_Team/bobby-harpole.mdx","/Security_Team/bobby-harpole","Bobby Harpole","Reported background of the security-firm founder's father, presented as attributed open-source claims.","Per @ProjectConstitu, the detail founder's father is a retired Erath County Sheriff's Captain and Texas DPS trooper, described as a Past Master Mason of Lodge #267 who now works in funeral services.","10","5"
"SecurityTeam_Section_Index","Security_Team","Security_Team/overview.mdx","/Security_Team/overview","Security Team","Index and summary of the private protective detail, the firms involved, and the reported protection failures.","Six UVU officers — about a quarter of the entire campus department — plus a last-minute private detail were the whole protective layer, with rooftops reportedly inspected by nobody.","11","4"
"SocMediaAnal_SD_Card_Chain","social_media_analysis","social_media_analysis/overview.mdx","/social_media_analysis/overview","Social Media Analysis","Covers viral X compilations about event AV staff, SD-card handling, Discord artifacts, and platform throttling of investigators.","X posters allege event camera SD cards were removed and handed off before any police evidence seal, with later testimony reportedly citing a flash drive and Google links rather than original cards.","1","4"
"Suspects_Black_Clad_Fugitive","Suspects","Suspects/Black_Clad_Fugitive_Escape_Path.mdx","/Suspects/Black_Clad_Fugitive_Escape_Path","Black-Clad Fugitive Escape Path","Retraces every reported sighting of the masked all-black figure who left the Losee Center roof on September 10, 2025.","Dispatch described a man in black tactical helmet, mask and vest; a firearms-experienced witness reportedly called him ""highly trained,"" and the fleeing man allegedly had long black greasy hair.","1","5"
"Suspects_Shooter_Locations","Suspects","Suspects/Shooting_Locations.mdx","/Suspects/Shooting_Locations","Possible Shooter Locations","Compares the official Losee rooftop theory against tent-adjacent and vehicle-based origins using ballistics, acoustics and affidavit timing.","Investigators calculate the rooftop runner began sprinting at 12:23:28, two seconds BEFORE impact at 12:23:30, and that a 5-9 degree Losee angle would strike the face, not the neck.","2","4"
"Suspects_Grey_Van_Laser","Suspects","Suspects/Grey_Van_Shooter.mdx","/Suspects/Grey_Van_Shooter","Grey Van Shooter — Laser POI","Person-of-interest analysis of a grey van under the tent tunnel, its infrared laser, hatch timing and acoustic triangulation claims.","An infrared laser reportedly reflected on Frank Turek's phone screen traces back inside a grey van; the van's rear hatch allegedly opened ~4 seconds before the shot and slammed shut after.","3","4"
"Suspects_Construction_Contact","Suspects","Suspects/Construction_Site_Gunman_Contact.mdx","/Suspects/Construction_Site_Gunman_Contact","Construction Site Gunman Contact","On-scene video reporting an excavator operator's contact with a fleeing man, plus an unsecured crime scene above the shooting.","An excavator operator reportedly spoke with the fleeing man before any sirens sounded, and the reporter says he wandered freely among FBI evidence markers because the scene was unsecured for hours.","4","4"
"Suspects_Escape_Transcript","Suspects","Suspects/Escape_Path_Video_Transcript.mdx","/Suspects/Escape_Path_Video_Transcript","Escape-Path Video: Full Transcript","Complete searchable transcript of the August 7, 2026 escape-path investigation video, with broadcast clips and eyewitness quotes.","The source post asks how an eyewitness met the fugitive still in full black tactical gear AFTER the alleged clothes change in the woods — used to argue the text confession is fabricated.","5","4"
"Suspects_Investigation_Index","Suspects","Suspects/Suspects_Investigation_Index.mdx","/Suspects/Suspects_Investigation_Index","Suspects Investigation Index","Question-first map of every suspect thread, organized into evidence lanes with source tiers for each reported claim.","A K9 reportedly tracked the suspect through 785 College Dr, and the sheriff's photo shown to construction workers allegedly did not match the image the FBI released publicly.","7","4"
"Suspects_Overview","Suspects","Suspects/overview.mdx","/Suspects/overview","Suspects","Section entry point summarizing the black-clad suspect, grey van, acoustic and person-of-interest lanes that conflict with the official narrative.","Former NCTC director Joe Kent has said on the record that his center's parallel search for other actors — specifically foreign ties — was ordered stopped once Robinson was in custody.","8","4"
"Suspicious_Courtyard_Paved_Over","Suspicious","Suspicious/Law_Enforcement/courtyard-paved-over.mdx","/Suspicious/Law_Enforcement/courtyard-paved-over","The Courtyard Paved Over Days After the Shooting (Claims)","The UVU courtyard where Charlie Kirk was shot was reportedly paved over four days later.","A contractor says on camera he was told 'the governor and the FBI said they want this done by Monday' — the crime scene was reportedly paved four days after the shooting.","1","5"
"Suspicious_Patel_Halted_Probe","Suspicious","Suspicious/FBI/patel-shut-down-kent-probe.mdx","/Suspicious/FBI/patel-shut-down-kent-probe","Patel Reportedly Shut Down the Kent Probe (Claims)","Reporting that the FBI director halted a counterterrorism review of a possible foreign nexus.","Per Daily Mail reporting, FBI Director Kash Patel allegedly shut down Joe Kent's counterterrorism review of a possible foreign nexus to the killing — the foreign angle was reportedly closed from inside.","2","4"
"Suspicious_Simmons_Delete_Video","Suspicious","Suspicious/FBI/simmons-video-deletion.mdx","/Suspicious/FBI/simmons-video-deletion","Ryne Simmons Reportedly Told to Delete His 4K Video (Claims)","A named witness says he gave the FBI his 4K shooting footage and was then told to delete it.","Witness Ryne Simmons says he sent his own 4K footage of the shooting to the FBI and was then instructed to delete his copy, with follow-up calls afterward.","3","4"
"Suspicious_Israeli_Phones_UVU","Suspicious","Suspicious/Israel/israeli-phones-at-uvu.mdx","/Suspicious/Israel/israeli-phones-at-uvu","Sixteen Israeli-Registered Phones at UVU (Claims)","An analyst's claim that dozens of foreign-registered phones were near Kirk on September 10.","An analyst reportedly claims raw GPS ad data put 44 foreign-registered phones near Charlie Kirk on Sept 10, 2025 — 16 of them Israeli-registered. The dataset has never been published.","4","4"
"Suspicious_Miranda_Before_Tip","Suspicious","Suspicious/Law_Enforcement/miranda-vs-brooksby-account.mdx","/Suspicious/Law_Enforcement/miranda-vs-brooksby-account","Miranda at 6:25 PM Versus Sheriff Brooksby's Account (Claims)","Court filings reportedly place Robinson's Miranda warning hours before the tip that supposedly identified him.","Filings reportedly show Tyler Robinson Mirandized at 6:25pm Sept 11 — before the 8:04pm tip call that supposedly identified him and 90 minutes before the Discord confession.","5","4"
"Suspicious_Donor_Texts_48h","Suspicious","Suspicious/Israel/donor-texts-48-hours.mdx","/Suspicious/Israel/donor-texts-48-hours","The Donor Texts, 48 Hours Before (Claims)","Messages reportedly sent by Kirk two days before his death about donor pressure over Israel.","Candace Owens released Sept 8, 2025 messages in which Kirk reportedly wrote donor pressure was leaving him no choice but to leave the pro-Israel cause — 48 hours before he died.","6","5"
"Suspicious_No_Exit_Wound","Suspicious","Suspicious/Cause_of_Death/energy-mismatch.mdx","/Suspicious/Cause_of_Death/energy-mismatch","No Blood Spray, No Exit Wound (Claims)","The core physical objection: a .30-06 neck hit should have produced an exit wound and spray.","The most-repeated objection to the rifle account: a .30-06 at that range should have blown through the neck and sprayed blood, and analysts say neither happened.","7","4"
"Suspicious_Shirt_Before_Blood","Suspicious","Suspicious/Cause_of_Death/shirt-before-blood.mdx","/Suspicious/Cause_of_Death/shirt-before-blood","The Shirt and Necklace Move Before the Blood (Claims)","Frame analysis claiming Kirk's shirt and chain move before any blood appears.","Analysts argue the shirt balloons outward and the necklace chain snaps several frames BEFORE any blood appears — read as something detonating under the shirt rather than a bullet arriving.","8","4"
"Suspicious_SAM702_Huachuca","Suspicious","Suspicious/US_Intel/sam-702-fort-huachuca.mdx","/Suspicious/US_Intel/sam-702-fort-huachuca","SAM-702 to Fort Huachuca — the VIP Flight Claim","Trackers allege a USAF VIP jet sat at Fort Huachuca the day before.","Citizen trackers allege USAF VIP jet SAM-702 sat at Fort Huachuca and departed the day before Kirk was killed. No manifest released.","9","4"
"Suspicious_N1098L_HADES","Suspicious","Suspicious/US_Intel/n1098l-hades-low-passes.mdx","/Suspicious/US_Intel/n1098l-hades-low-passes","N1098L: The HADES Aircraft's Low Passes (Claims)","An Army-linked ISR surveillance jet reportedly made low slow passes near UVU on September 10.","Citizen trackers say N1098L, an Army HADES-program ISR jet, made two low slow passes near UVU on Sept 10, 2025 — a signals-intelligence aircraft over the venue that day.","10","4"
"Suspicious_GRAMA_Warnings","Suspicious","Suspicious/Law_Enforcement/uvu-grama-warnings.mdx","/Suspicious/Law_Enforcement/uvu-grama-warnings","UVU GRAMA Records Show Pre-Shooting Warnings (Claims)","A public-records production reportedly showing warnings to UVU the night before.","A 112-page GRAMA production reportedly shows two men warning UVU about 'a plan' 14 hours before the shooting, plus a redacted message request directed to Charlie Kirk.","11","5"
"Suspicious_Kent_NCTC_Halted","Suspicious","Suspicious/US_Intel/kent-nctc-probe-halted.mdx","/Suspicious/US_Intel/kent-nctc-probe-halted","Joe Kent's NCTC Foreign-Nexus Probe Halted (Claims)","NCTC's director reportedly opened a foreign-interference inquiry that was then shut down.","Reporting says NCTC Director Joe Kent opened a foreign-interference inquiry into the Kirk killing — and that it was shut down before it could report.","12","4"
"Suspicious_Surrender_Footage_Gone","Suspicious","Suspicious/Law_Enforcement/missing-surrender-footage.mdx","/Suspicious/Law_Enforcement/missing-surrender-footage","Missing Surrender CCTV and Bodycam Footage (Claims)","No bodycam exists and lobby CCTV was purged for the surrender of the accused killer.","Washington County reportedly told a records appeal that NO bodycam footage of Tyler Robinson's surrender exists and the lobby CCTV was purged at 30 days.","13","4"
"Suspicious_ATF_Fragment","Suspicious","Suspicious/Cause_of_Death/atf-fragment-class-only.mdx","/Suspicious/Cause_of_Death/atf-fragment-class-only","The ATF Fragment Shows Only Class Characteristics (Claims)","The ATF lab could reportedly neither match nor exclude the seized rifle from the recovered fragment.","The ATF's Sept 17, 2025 lab report reportedly could neither identify nor exclude Robinson's Mauser as the source of the recovered jacket fragment — no forensic link to the rifle.","14","5"
"Suspicious_Canon_Detonation","Suspicious","Suspicious/Cause_of_Death/canon-audio-detonation.mdx","/Suspicious/Cause_of_Death/canon-audio-detonation","The Canon XA55 Audio and a Stage Detonation (Claims)","Audio analysis of a broadcast camera claiming three separate low-frequency arrivals.","An analysis of uncompressed Canon XA55 broadcast audio claims three low-frequency arrivals — including one read as a detonation at the tent itself, not a distant rifle.","15","5"
"Suspicious_Shirt_Pull_Shot","Suspicious","Suspicious/Five_Minutes/shirt-pull-at-the-shot.mdx","/Suspicious/Five_Minutes/shirt-pull-at-the-shot","The Shirt Pulled at the Instant of the Shot (Claims)","A 4K close-up read as showing an object driven upward under Kirk's shirt.","Proponents read a 4K close-up as showing an object driven up under Kirk's shirt at the instant of the shot — but the theory's own cited explosives expert says a charge would move it the other way.","16","4"
"Suspicious_Stairs_Guy_Backpack","Suspicious","Suspicious/UVU_9_10/stairs-guy-backpack.mdx","/Suspicious/UVU_9_10/stairs-guy-backpack","Stairs Guy and the Backpack That Doesn't Fit (Claims)","Analysis arguing the stairwell figure is not the accused because the gear does not match.","Investigators argue the stairwell figure is a different person entirely: the backpack and hat don't match, and a Mauser 98 reportedly will not physically fit in that bag.","17","4"
"Suspicious_Phones_Islamabad","Suspicious","Suspicious/Israel/phones-islamabad-serena.mdx","/Suspicious/Israel/phones-islamabad-serena","Four of Those Phones Later at the Islamabad Serena (Claims)","A claim that four devices from UVU later pinged at a hotel during US-Iran talks.","An analyst reportedly claims four of the alleged UVU Israeli-registered devices later pinged at the Islamabad Serena during April 2026 US-Iran talks; the circulated graphic was admitted to be a recreation.","18","4"
"Suspicious_Huachuca_JTF","Suspicious","Suspicious/US_Intel/fort-huachuca-jtf-meeting.mdx","/Suspicious/US_Intel/fort-huachuca-jtf-meeting","The Fort Huachuca JTF Meeting (Claims)","A whistleblower's account of a closed high-clearance meeting the day before the killing.","A whistleblower says he walked in on a closed, high-clearance joint task force meeting at Fort Huachuca the day before Charlie Kirk was killed.","19","4"
"Suspicious_Rifle_Federal_Redirect","Suspicious","Suspicious/FBI/rifle-found-after-federal-redirect.mdx","/Suspicious/FBI/rifle-found-after-federal-redirect","Feds Directed the Re-Search That Found the Rifle (Claims)","The claim the rifle only appeared after federal agents sent local officers back to search again.","The claim that hands found no gun and dogs found no gun in the woods — and the Mauser turned up only after federal agents directed junior local officers to search the area again.","20","4"
"Suspicious_KSL_No_Screwdriver","Suspicious","Suspicious/UVU_9_10/ksl-chopper-screwdriver-absent.mdx","/Suspicious/UVU_9_10/ksl-chopper-screwdriver-absent","KSL's Chopper 5 and the Screwdriver That Isn't There (Claims)","Helicopter aerial footage reportedly shows no screwdriver where an officer said he found one.","KSL's news helicopter N155TV was over the Losee roof from about 1:38pm on Sept 10, and citizen investigators argue its aerial footage shows no screwdriver where Officer Bagley reportedly found one.","21","4"
"Suspicious_Counter_UAS_Provo","Suspicious","Suspicious/US_Intel/counter-uas-provo.mdx","/Suspicious/US_Intel/counter-uas-provo","Counter-UAS Gear Tested at Provo, Sept 4-10 (Claims)","Anonymous claims that anti-drone equipment was tested at Provo Airport that week.","An OSINT researcher reports anonymous claims that counter-drone equipment was being tested at Provo Airport during the exact week ending with Charlie Kirk's death.","22","5"
"Suspicious_Arrest_Time_Conflict","Suspicious","Suspicious/Law_Enforcement/arrest-time-discrepancy.mdx","/Suspicious/Law_Enforcement/arrest-time-discrepancy","Booking Sheet Arrest Time Contradicts the Affidavit (Claims)","Two official records reportedly give different arrest times for the accused.","Booking paperwork reportedly lists a 10:00pm Sept 11 arrest while a submission record lists 04:00 Sept 12 — six hours the official paperwork cannot reconcile.","23","5"
"Suspicious_Executive_SD_Cards","Suspicious","Suspicious/TPUSA_Peripheral/executive-sd-cards.mdx","/Suspicious/TPUSA_Peripheral/executive-sd-cards","The Senior Executive Who Collected the SD Cards (Claims)","A claim that a TPUSA executive who never attends campus stops took the camera memory cards.","Candace Owens says a top TPUSA executive who never works campus stops was at UVU that day and collected the camera SD cards afterward.","24","5"
"Suspicious_Heart_Shot_Thesis","Suspicious","Suspicious/Cause_of_Death/shot-through-heart-narrative.mdx","/Suspicious/Cause_of_Death/shot-through-heart-narrative","The Shot-Through-the-Heart Narrative (Claims)","A thesis that early witnesses described a chest wound because a shaped charge was aimed there.","A thesis that the earliest on-camera witnesses all described a chest-and-heart wound because that is the wound a shaped charge was meant to produce — before it reportedly tilted and struck the neck.","25","4"
"Suspicious_Mic_Under_Shirt","Suspicious","Suspicious/Cause_of_Death/mic-under-shirt.mdx","/Suspicious/Cause_of_Death/mic-under-shirt","The Mic Placed Under, Not Over, the Shirt (Claims)","Kirk's wireless transmitter was reportedly worn against his torso beneath his shirt.","Kirk's RODE transmitter was reportedly worn UNDER his shirt against his torso — the physical precondition every contact-device theory requires, though it is also routine practice.","26","4"
"Suspicious_Six_Officers_No_Ambulance","Suspicious","Suspicious/UVU_9_10/six-officers-no-ambulance.mdx","/Suspicious/UVU_9_10/six-officers-no-ambulance","Six Campus Officers and No Ambulance Staged (Claims)","Records show minimal security and no staged ambulance for a 3,000-person outdoor event.","Records requests reportedly show UVU assigned just six campus officers and staged no ambulance at all for a 3,000-person outdoor event with a national figure.","27","4"
"Suspicious_GGLF_Life_Insurance","Suspicious","Suspicious/Israel/gglf-life-insurance.mdx","/Suspicious/Israel/gglf-life-insurance","The GGLF 2023 LLC Life-Insurance Policy (Claims)","A claimed life-insurance policy on Kirk tied to a Wyoming LLC.","Researchers claim a life-insurance policy was taken out on Charlie Kirk right after he questioned October 7 — though the Wyoming filing offered as proof shows the LLC formed five months earlier.","28","4"
"Suspicious_State_Drops_Extractions","Suspicious","Suspicious/Trial_Legal/state-disclaims-extractions.mdx","/Suspicious/Trial_Legal/state-disclaims-extractions","The Prosecution Disclaimed the Extraction Evidence (Claims)","A State filing reportedly declining to offer the phone-extraction evidence at trial.","A State filing reportedly says it will not offer the forensic phone-extraction evidence — the very source of the entire Discord confession narrative the public was given.","29","4"
"Suspicious_Provo_Badge_List","Suspicious","Suspicious/US_Intel/provo-badge-list-modified.mdx","/Suspicious/US_Intel/provo-badge-list-modified","Provo Airport Badge Access List Modified 9/11/25 (Claims)","A claim the airport's badge access list was altered the day after the assassination.","The Provo Airport badge access list was reportedly modified on September 11, 2025 — the day after the assassination. No document has been produced.","30","4"
"Suspicious_Bomb_Dogs_Kept_Away","Suspicious","Suspicious/FBI/bomb-dogs-kept-away.mdx","/Suspicious/FBI/bomb-dogs-kept-away","Bomb Dogs Reportedly Kept From Parts of the Scene (Claims)","A claim that explosive-detection dogs were kept out of certain areas at UVU.","Candace Owens has claimed the FBI did not want bomb dogs in certain places at UVU — a keystone of the rigged-device theory, though the file records dogs called at 11:17am.","31","5"
"Suspicious_CBLA_Revival","Suspicious","Suspicious/FBI/cbla-bullet-lead-test.mdx","/Suspicious/FBI/cbla-bullet-lead-test","The Banned CBLA Bullet-Lead Test (Claims)","Allegation the FBI is reviving a discredited forensic test abandoned in 2005.","Investigators allege the FBI is reviving Comparative Bullet Lead Analysis — a technique the Bureau abandoned in 2005 as unscientific — after the ATF exam came back inconclusive.","32","5"
"Suspicious_Burnt_Object_RODE","Suspicious","Suspicious/UVU_9_10/burnt-object-rode.mdx","/Suspicious/UVU_9_10/burnt-object-rode","The Burnt Object in the SUV (Claims)","A charred mass photographed in Kirk's transport SUV read as remains of his microphone transmitter.","Project Constitution argues a charred, melted mass photographed inside Kirk's transport SUV contains RODE transmitter parts — burned wreckage where a working microphone should be.","33","5"
"Suspicious_Supposed_To_Be_You","Suspicious","Suspicious/Israel/it-was-supposed-to-be-you.mdx","/Suspicious/Israel/it-was-supposed-to-be-you","It Was Supposed to Be You (Claims)","A reported remark to Candace Owens after the killing, and a claimed target list.","Candace Owens reportedly attributes to a TPUSA colleague the words 'it was supposed to be you,' plus a claim that she and Tucker Carlson were on a list.","34","4"
"Suspicious_Flood_Scrubbed","Suspicious","Suspicious/TPUSA_Peripheral/flood-scrubbed-from-site.mdx","/Suspicious/TPUSA_Peripheral/flood-scrubbed-from-site","Dan Flood Scrubbed From the TPUSA Site (Claims)","Web archives reportedly show a security-linked officer removed from TPUSA's site after the shooting.","Web archives reportedly show Dan Flood listed as a TPUSA officer on Sept 1, 2025 and gone from the site afterward — a checkable before-and-after archive comparison.","35","5"
"Suspicious_600000_Doc_Dump","Suspicious","Suspicious/Trial_Legal/discovery-dump-continuance.mdx","/Suspicious/Trial_Legal/discovery-dump-continuance","The 600,000-Document Dump Against Continuance Opposition (Claims)","Claims the State buried the defense in discovery while opposing extra time.","Posts say the State dumped roughly 600,000 documents on the defense while simultaneously opposing any continuance to read them.","36","5"
"Suspicious_Testing_Access_Denied","Suspicious","Suspicious/Trial_Legal/denied-access-to-testing.mdx","/Suspicious/Trial_Legal/denied-access-to-testing","Defense Denied Access to Destructive Ballistics Testing (Claims)","A defense motion reporting it was refused attendance at testing of the autopsy fragment.","A defense motion reports its requests to photograph and attend the destructive testing of the autopsy bullet fragment were denied — the sole ballistic evidence, tested without the defense present.","37","4"
"Suspicious_Selective_4K","Suspicious","Suspicious/FBI/selective-4k-release.mdx","/Suspicious/FBI/selective-4k-release","Selective 4K Release Versus the FBI Gag Claim (Claims)","TPUSA reportedly published crisp Sept 10 footage said elsewhere to be unreleasable.","TPUSA's October 14 tribute video reportedly used crisp 4K and drone footage from Sept 10 — the same footage otherwise said to be unreleasable on FBI advice.","38","4"
"Suspicious_Grim_Beeper","Suspicious","Suspicious/Israel/grim-beeper-capability.mdx","/Suspicious/Israel/grim-beeper-capability","Operation Grim Beeper as a Capability Argument (Claims)","The 2024 Hezbollah pager attack invoked to show a rigged personal device can kill.","The 2024 Hezbollah pager operation — thousands of personal devices detonated remotely — is invoked to show a rigged-device killing is an established, demonstrated capability.","39","4"
"Suspicious_Trauma_Center_Bypassed","Suspicious","Suspicious/Medical/trauma-center-bypassed.mdx","/Suspicious/Medical/trauma-center-bypassed","Was a Nearer Level II Trauma Center Bypassed? (Claims)","A claim Kirk was driven past a closer trauma center to a lesser-equipped hospital.","A post argues Kirk was driven past a closer Level II trauma center to a Level IV hospital — though the investigation file contradicts itself on the actual distances.","40","4"
"TechSurv_Overview","technology_surveillance","technology_surveillance/overview.mdx","/technology_surveillance/overview","Technology & Surveillance","Surveys drones, campus and Flock camera chains, digital forensics, and contested exotic-weapon models around the September 10, 2025 killing.","Citizen investigators reportedly allege a modified wireless microphone or body-adjacent device, not a rifle round, caused the fatal injury, plus camera dead zones and event SD cards pulled within minutes.","1","4"
"Tent_Dirt_Removed","Tent","Tent/Dirt_Removed_Before_Pavers.mdx","/Tent/Dirt_Removed_Before_Pavers","10 Inches of Dirt Removed Before the Pavers","Traces the claim that an unidentified state crew stripped ten inches of soil from the UVU courtyard before contractors arrived.","Roughly ten inches of soil were reportedly excavated and hauled off the kill site by a still-unidentified crew described only as men working for the state of Utah, days after the shooting.","1","4"
"Tent_Merrell_Deadline","Tent","Tent/Daniel_Merrell_Hardscape_Utah.mdx","/Tent/Daniel_Merrell_Hardscape_Utah","Daniel Merrell — Hardscape Utah","Contractor Dan Merrell's on-camera account of paving the UVU courtyard on September 14, 2025.","Merrell says on camera that on-site coordinators cited a governor-and-FBI Monday deadline to pave the courtyard; the page also notes unverified reports of Israeli-IP searches for his name.","2","4"
"Tent_Hardscape_Specialties","Tent","Tent/Hardscape_Specialties.mdx","/Tent/Hardscape_Specialties","Hardscape Specialties LLC","Corporate entity reportedly tied to the courtyard paving, and its claimed ownership overlap with Utah officials.","Reported ownership claims link the paving vendor to a Utah Attorney General special agent and former UVU operations staff — the people paving over the scene allegedly overlapped with the state investigating it.","3","4"
"Tent_Water_Bottles","Tent","Tent/Platform_Water_Bottles.mdx","/Tent/Platform_Water_Bottles","Platform Water Bottles Under Charlie's Feet","Photographic analysis of crushed plastic water bottles and the raised surface Charlie Kirk's chair sat on.","Photos appear to show Charlie's chair resting on crushed plastic water bottles rather than solid stage — and investigators ask who was standing in the perfect spot to photograph it.","4","4"
"Tent_Site_Alteration","Tent","Tent/Site_Alteration_Evidence.mdx","/Tent/Site_Alteration_Evidence","Site Alteration Evidence","Catalog of reported post-shooting physical changes to the tent area and the forensic traces destroyed by them.","Beyond grass removal and pavers, the tunnel ceiling behind the tent was reportedly re-mudded — erasing exactly the surfaces that would carry blast residue, spatter, and impact marks.","6","4"
"Tent_State_Workers","Tent","Tent/State_Workers_Groundskeepers.mdx","/Tent/State_Workers_Groundskeepers","State Workers & Groundskeepers","The two Utah state facility workers who reportedly coordinated the courtyard paving job after the killing.","Two state facility employees — one from an American Fork state site, one a Provo groundskeeper — reportedly directed the pave-over, and neither has been publicly identified or interviewed.","7","4"
"Tent_Paving_Timeline","Tent","Tent/Paving_Timeline_Sept_14.mdx","/Tent/Paving_Timeline_Sept_14","Paving Timeline — September 14","Chronology from the September 10 shooting to the September 14 paver installation and the claimed Monday deadline.","The work order came roughly two days after the killing and pavers went down four days after — while UVU's pre-scheduled-maintenance explanation collides with the emergency-deadline account.","8","4"
"Tent_Other_Contractors","Tent","Tent/Other_Contractors.mdx","/Tent/Other_Contractors","Other Contractors & Dad Rumor","Additional firms named in the paving graph plus the unverified claim tying the accused shooter's father to the work.","A viral claim reportedly ties Tyler Robinson's father to tent-area construction after the shooting; the page flags that no credible link has been established and presents both sides.","9","4"
"Tent_Structure_Charlie","Tent","Tent/Tent_Structure_Under_Charlie.mdx","/Tent/Tent_Structure_Under_Charlie","Tent Structure Under Charlie","Physical description of the canopy, stage, audio rig, and microphone placement directly around Charlie Kirk.","The page documents that the microphone was routed under his shirt — placing powered hardware against his body at the exact spot investigators say the fatal wound appeared.","10","4"
"Tent_Investigation_Index","Tent","Tent/Investigation_Index.mdx","/Tent/Investigation_Index","Tent Investigation Index","Working memo routing contractor names, state crews, timeline, and inside-tent theories for the UVU courtyard.","It frames the whole section as one question: the grass where a man was killed was stripped and paved within four days, and no agency has explained who ordered it.","11","4"
"Tent_Overview","Tent","Tent/overview.mdx","/Tent/overview","Tent","Hub page for the UVU event tent — paving, state crews, site alteration, and inside-tent shooter theories.","The hub notes Canon XA55 audio analysis places a tent-level detonation as an event separate from any distant rifle report — two sounds, not one shot.","12","4"
"Theories_Foreign_Intelligence","Theories","Theories/Foreign_Intelligence_Claims.mdx","/Theories/Foreign_Intelligence_Claims","Foreign Intelligence Involvement Claims","Catalogs claims that Israeli, Egyptian and U.S. intelligence assets figured in the Kirk assassination, with flight and search-data indicators.","Egyptian Air Force jet SU-BND's transponder reportedly activated at Provo 11:59 a.m. on Sept 10 — 21 minutes before the shooting — while SU-BTT departed for Delaware hours earlier that morning.","1","4"
"Theories_Government_Agencies","Theories","Theories/Government_Agencies_Claims.mdx","/Theories/Government_Agencies_Claims","U.S. Government Agency Involvement Claims","Documents alleged FBI, CIA and military-intelligence steering, sealed evidence and cover-up indicators in the Kirk investigation.","The Salt Lake City FBI special-agent-in-charge was reportedly swapped one month before the assassination, warrants sealed until March 2026, and the courtyard was paved over days after the shooting.","2","4"
"Theories_Mossad_Claims","Theories","Theories/Mossad_Involvement_Claims.mdx","/Theories/Mossad_Involvement_Claims","Mossad Involvement Claims","Summarizes Mossad and Israeli-intelligence theories, motive arguments from Kirk's donor break, cited indicators, and the counter-narrative.","Kirk reportedly posted on Sept 8 about leaving the pro-Israel movement, then after a Sept 9 high-pressure meeting with pro-Israel figures allegedly texted that he feared being killed — one day before he died.","3","4"
"Theories_Overview_Map","Theories","Theories/overview.mdx","/Theories/overview","Theories","High-level map of competing theories: lone rooftop shooter, tent and vehicle shooter locations, intelligence involvement, and device-based hypotheses.","It lists explosive or modified microphone-equipment hypotheses and remote-fired weapons as live alternatives to the rooftop rifle story, alongside tent, vehicle and drone shooter positions.","4","4"
"Timeline_Scene_Paving","Timeline","Timeline/scene-changes-paving-timeline.mdx","/Timeline/scene-changes-paving-timeline","Post-Shooting Scene Changes, Paving & Evidence Handling Timeline","Traces the UVU courtyard from the shot to being covered in pavers within five days, with the excavation and contractor accounts.","Contractor Daniel Merrell says roughly 10 inches of soil was already dug out of the homicide scene when he arrived Sept 14, and quotes a coordinator saying ""the governor and the FBI said they want this done by Monday.""","1","4"
"Timeline_Audio_Mic","Timeline","Timeline/audio-acoustic-mic-timeline.mdx","/Timeline/audio-acoustic-mic-timeline","Audio, Acoustic & Mic Timeline (Shot Timing & Analysis)","Millisecond acoustic sequence from the Canon XA55 plus the emergence of the under-shirt microphone and burnt-object claims.","The wireless RODE transmitter reportedly sat under Kirk's shirt at the neck, and the acoustic signature plus burnt-object claims are cited as challenging a rooftop rifle origin entirely.","2","4"
"Timeline_Medical_Death","Timeline","Timeline/medical-death-timeline.mdx","/Timeline/medical-death-timeline","Medical & Death Timeline — Shot to Pronouncement","The 12:23 PM shot through the reported 1:03:30 PM pronouncement, transport choices and conflicting resuscitation accounts.","Kirk was reportedly loaded into a private black SUV rather than an ambulance, and the Jerusalem Post is said to have reported his death before the American announcement.","3","4"
"Timeline_Cell_Phone_Data","Timeline","Timeline/cell-tower-phone-data-timeline.mdx","/Timeline/cell-tower-phone-data-timeline","Cell Tower, Phone Data & Movement Timeline (Claims)","Device-data chronology covering ping gaps, foreign handset claims, Cellebrite extractions and unreleased records.","Researchers claim 44 foreign-registered phones — 16 of them Israeli-registered — were present at UVU that day, while cell pings along the charged escape route reportedly show gaps.","4","4"
"Timeline_Custody_Vs_Discord","Timeline","Timeline/custody-vs-discord-confession-timeline.mdx","/Timeline/custody-vs-discord-confession-timeline","6:25 PM Custody vs Discord Confession Timeline Conflict","Hour-by-hour Sept 11 reconstruction contrasting the Miranda video timestamp with the Discord confession and booking entries.","A Washington County video exhibit is timestamped 6:25 PM Miranda — 92 minutes BEFORE the 7:57 PM Discord ""confession"" the state says led police to him, and hours before the 4:00 AM affidavit arrest.","5","4"
"Timeline_Shot_Time_Dispute","Timeline","Timeline/12-23-shooting-time.mdx","/Timeline/12-23-shooting-time","Shooting Time Disputes (12:23 vs 12:27 MDT)","Second-by-second chronology of the disputed shot minute and what each competing timestamp does to downstream math.","Video shows 12:23:30, the first dispatch log says 12:26, and official summaries say 12:27 — a spread that reshapes the roof-egress window and the death-pronouncement arithmetic.","6","4"
"Timeline_N1098L_HADES","Timeline","Timeline/n1098l-plane-activity-timeline.mdx","/Timeline/n1098l-plane-activity-timeline","N1098L (HADES) Plane Activity Timeline — Pre & Post Shot","Flight chronology of the US Army-contracted HADES surveillance jet around Utah Valley University on September 10.","N1098L, a US Army-contracted HADES Bombardier Global 6500 signals-intelligence aircraft, reportedly made two low, slow passes near UVU on the day of the shooting.","7","4"
"Timeline_Discovery_Brady","Timeline","Timeline/discovery-brady-evidence-timeline.mdx","/Timeline/discovery-brady-evidence-timeline","Discovery, Brady & Evidence Timeline (2025–2026)","Docket-by-docket account of evidence handling, protective orders, and materials withheld in State v. Robinson.","A 600,000-file production with withheld raw DNA data, plus the SUV that carried Kirk reportedly destroyed and the surrender video reportedly deleted — items a capital defense would normally receive.","8","4"
"Timeline_FBI_Involvement","Timeline","Timeline/fbi-involvement-timeline.mdx","/Timeline/fbi-involvement-timeline","FBI Involvement & Announcements Timeline","The FBI's chronology from the August 2025 field-office change through ballistics transfer and records responses.","The FBI reportedly released ""enhanced"" suspect photos while Robinson was already in custody, and is said to have halted other agencies' inquiries into a foreign nexus.","9","4"
"Timeline_SU_BTT_Plane","Timeline","Timeline/su-btt-plane-movements-timeline.mdx","/Timeline/su-btt-plane-movements-timeline","SU-BTT Plane Movements Timeline 2025","Every claimed 2025 movement of the Egyptian-registered Falcon 7X SU-BTT, from Nebraska to Provo to Cairo.","An Egyptian-registered Falcon 7X reportedly made its first-ever U.S. trip in July, sat at Provo from Sept 4, and returned to Cairo on Sept 11 — the day after the shooting.","10","4"
"Timeline_Nebraska_Army_Base","Timeline","Timeline/nebraska-army-base-july-20.mdx","/Timeline/nebraska-army-base-july-20","Nebraska Army Base Visit — SU-BTT (July 20, 2025, Claims)","The July 20 claim that a foreign jet made a first-ever U.S. trip into the Omaha–Lincoln corridor, with evidence limits.","A foreign head-of-state-class jet reportedly landed at a Nebraska Army installation on July 20, 2025 — its first-ever American arrival — coinciding with an alleged foreign-leaders meeting on U.S. soil.","11","4"
"Timeline_They_Kill_Me_Text","Timeline","Timeline/they-are-going-to-kill-me-text.mdx","/Timeline/they-are-going-to-kill-me-text","""They Are Going to Kill Me"" Text (September 9, 2025)","Chronology of the alleged messages Kirk sent confidants the day before he died, and the denials that followed.","Charlie Kirk reportedly texted confidants ""they are going to kill me"" on September 9 — the day before the shooting — a claim some named recipients have denied.","12","4"
"Timeline_Hamptons_Intervention","Timeline","Timeline/hamptons-intervention-meeting.mdx","/Timeline/hamptons-intervention-meeting","Hamptons Intervention Meeting (Early August 2025)","The reported early-August Hamptons gathering Kirk later called an ""intervention,"" its attendees and the disputed denial.","Kirk reportedly described an August donor gathering as an ""intervention,"" including an alleged call with Netanyahu and a funding offer he is said to have refused along with an Israel trip.","13","4"
"Timeline_Foreign_Leaders_Meeting","Timeline","Timeline/foreign-leaders-meeting-july-20.mdx","/Timeline/foreign-leaders-meeting-july-20","Foreign Leaders Meeting on U.S. Soil (July 20, 2025, Claims)","Dated chronology of the alleged July 2025 foreign-leaders military meeting on American soil and the jet arrival tied to it.","Citizen researchers place an unannounced foreign-leaders military meeting on U.S. soil on July 20, 2025 — the same day a foreign jet reportedly first arrived at a Nebraska Army base.","14","4"
"Timeline_Kash_Patel_Manhunt","Timeline","Timeline/kash-patel-manhunt-timeline.mdx","/Timeline/kash-patel-manhunt-timeline","Kash Patel Announcements & Manhunt Narrative Timeline","Sept 10–12 traced through the FBI Director's briefings, reversals, photo releases and the 33-hour manhunt framing.","The FBI Director announced a suspect in custody and then reversed it, and suspect photos were reportedly released after custody had already occurred — undercutting the ""33-hour manhunt"" story.","15","4"
"Timeline_Autopsy_Forensic","Timeline","Timeline/autopsy-forensic-timeline.mdx","/Timeline/autopsy-forensic-timeline","Autopsy, Forensic & Medical Examiner Timeline","Forensic chronology from the 2025 autopsy-photo law through wound-description conflicts and ballistics testing transfers.","A Utah autopsy-photo secrecy law passed in May 2025 and the medical examiner changed in July 2025 — months before the shooting — and a mystery-signatory claim clouds the death certificate.","16","4"
"Timeline_Censorship_Control","Timeline","Timeline/censorship-information-control-timeline.mdx","/Timeline/censorship-information-control-timeline","Censorship, Platform Activity & Information Control Timeline","Search-trend anomalies, takedowns, wiped witness phones, cease-and-desist letters and the December gag order.","Witness phones were reportedly wiped, investigators received cease-and-desist letters, and Google Trends spikes for case-specific terms appear before the events they relate to.","17","4"
"Timeline_Custody_Surrender","Timeline","Timeline/custody-surrender-mirandizing-timeline.mdx","/Timeline/custody-surrender-mirandizing-timeline","Custody, Surrender & Mirandizing Timeline (September 11–12)","Minute-by-minute custody chain across Sept 11–12 with booking, Miranda and affidavit times set against each other.","The booking sheet lists a 10:00 PM Sept 11 arrest while the affidavit says 4:00 AM Sept 12 — a six-hour discrepancy, and researchers dispute that Robinson turned himself in at all.","18","4"
"Timeline_Mirandizing_Finding","Timeline","Timeline/Tyler_Robinson/Mirandizing.mdx","/Timeline/Tyler_Robinson/Mirandizing","Mirandizing of Tyler Robinson","Argues from four independent lines of evidence that the Miranda warning occurred September 11, not September 12 as officially stated.","Four independent lines of reasoning reportedly place the Miranda reading at 6:25 PM September 11 — a full day earlier than the official account, collapsing the manhunt narrative.","19","4"
"Timeline_Roof_Jumping","Timeline","Timeline/roof-jumping-timeline.mdx","/Timeline/roof-jumping-timeline","Roof Jumping Timeline (September 10, 2025)","The alleged Losee Center roof ascent, firing, drop and run, plus the feasibility disputes raised against it.","The official escape requires a drop from the Losee Center roof to grass and a run north inside a window that investigators argue is physically too short given the 12:23 video timestamp.","20","4"
"Timeline_Other_Planes","Timeline","Timeline/other-planes-activity-timeline.mdx","/Timeline/other-planes-activity-timeline","Other Planes Activity Timeline (N888KG, SAM Flights, Cluster)","All non-N1098L aircraft: the N888KG Provo vanish, SAM military flights, the Egyptian cluster and the Sept 10 arrival stack.","SAM-702 and 99-0404 reportedly flew out of Fort Huachuca with a senior defense official aboard, and N888KG's Provo tracking vanish coincided with a Sept 9 search-trend spike for its tail number.","21","4"
"Timeline_Witness_Discrepancies","Timeline","Timeline/witness-testimony-discrepancies.mdx","/Timeline/witness-testimony-discrepancies","Witness Testimony & Timeline Discrepancies","Side-by-side chronology of where witness accounts contradict each other and the official clock.","Witnesses disagree with the official record on shot time, wound location and custody hours — and bystander video handling differs from what officials described.","22","4"
"Timeline_Shooting_Minute","Timeline","Timeline/shooting-minute-by-minute.mdx","/Timeline/shooting-minute-by-minute","The Shooting: 12:23 PM MDT Minute-by-Minute Timeline","Second-by-second reconstruction of the 66 seconds from 12:23:30 to 12:24:36 including camera positions and frame conflicts.","A bystander was reportedly already filming from the rock pile 27 seconds after the shot, and a 12:24 frame creates an identification problem for two named men in the official account.","23","4"
"Timeline_Ten_After_Shot","Timeline","Timeline/ten-minutes-after-shot.mdx","/Timeline/ten-minutes-after-shot","Immediate Aftermath: 10 Minutes After the Shot (12:23–12:33 PM MDT)","Second-by-second aftermath: evacuation, SUV loading, the frame conflict, the dispatch gap and the drive to Timpanogos.","Roughly three minutes pass between the video-timestamped shot and the first dispatch entry at 12:26, and Kirk left in an SUV rather than waiting for emergency medical transport.","24","4"
"Timeline_Rental_Vehicles","Timeline","Timeline/rental-cars-vehicle-movements-timeline.mdx","/Timeline/rental-cars-vehicle-movements-timeline","Rental Cars & Vehicle Movements Timeline","Every vehicle in the case in clock order, from the grey Challenger and grey van to the destroyed black SUV.","The black SUV that carried Kirk from the scene — a primary forensic object — was later destroyed, and a grey Dodge Challenger's departure from campus reportedly went unrecorded.","25","4"
"Timeline_Dispatch_Radio","Timeline","Timeline/dispatch-radio-scanner-timeline.mdx","/Timeline/dispatch-radio-scanner-timeline","Dispatch, Police Radio & Scanner Timeline — September 10","What Utah police radio actually carried that day versus what the official press timeline later described.","Radio traffic carried an all-black suspect description and a hospital-bound car chase the hospital later denied — details absent from the official press timeline.","26","4"
"Timeline_High_Pressure_Sept9","Timeline","Timeline/high-pressure-meeting-sept-9.mdx","/Timeline/high-pressure-meeting-sept-9","High-Pressure Meeting (September 9, 2025)","Hour-by-hour September 9 chronology of the reported combative donor meeting, the alleged text, and UVU warnings that night.","A combative meeting with pro-Israel figures reportedly took place the day before the shooting, during which Kirk allegedly sent the ""they are going to kill me"" message.","27","4"
"Timeline_UVU_Surveillance","Timeline","Timeline/uvu-security-surveillance-timeline.mdx","/Timeline/uvu-security-surveillance-timeline","UVU Campus Security, Surveillance & Camera Timeline","Institutional chronology of UVU security planning, rooftop decisions, camera coverage and footage release or withholding.","UVU reportedly received pre-shooting warnings and made a specific decision about rooftop coverage, and much campus footage from that day has still not been released.","28","4"
"Timeline_Open_Questions","Timeline","Timeline/open-questions-gaps-timeline.mdx","/Timeline/open-questions-gaps-timeline","Open Questions, Unresolved Gaps & Missing Records Timeline","A timeline of holes: intervals with no record, records requested and refused, and unresolved contradictions in clock order.","Laid out by clock position, the official chronology goes silent at specific intervals — and multiple record requests have been refused rather than answered.","29","4"
"Timeline_Camera_Sightings","Timeline","Timeline/camera-sightings-tyler-robinson.mdx","/Timeline/camera-sightings-tyler-robinson","Surveillance Cameras: Tyler Robinson Sightings Timeline","Every timestamped camera frame attributed to Robinson across Sept 10–11, plus the intervals with no released footage.","Identification rests largely on low-resolution frames and clothing seams, and long intervals of the charged route have no released footage at all. Robinson is charged, not convicted.","31","4"
"Timeline_Post_Shot_Escape","Timeline","Timeline/tyler-robinson-post-shot-escape.mdx","/Timeline/tyler-robinson-post-shot-escape","Tyler Robinson: Post-Shot Escape & Flight Timeline","The alleged roof descent, gun drop, overnight drive south and Washington County surrender, with the conflicts in each leg.","The car-departure time is simply missing from the official escape account, and two claimed stop locations conflict with each other. Robinson is charged, not convicted.","32","4"
"Timeline_Arrest_Affidavit","Timeline","Timeline/arrest-booking-affidavit-timeline.mdx","/Timeline/arrest-booking-affidavit-timeline","Arrest, Booking & Probable Cause Affidavit Timeline","Document-anchored arrest chronology comparing the affidavit, the inmate booking sheet and the police arrest record.","Three official documents give three different arrest pictures, and the page lists every interval where the affidavit, booking sheet and police record contradict one another.","33","5"
"Timeline_Pre_Shot_Campus","Timeline","Timeline/tyler-robinson-pre-shot-campus.mdx","/Timeline/tyler-robinson-pre-shot-campus","Tyler Robinson: Pre-Shot UVU Campus Movements Timeline","8:07 AM to 12:22 PM camera sightings, the reported clothing change, backpack disputes and the gaps investigators flag.","The morning sightings involve a reported clothing change and disputed backpack contents, with stairwell stills that investigators say do not connect into a continuous route.","34","4"
"Timeline_Ten_Before_Shot","Timeline","Timeline/ten-minutes-before-shot.mdx","/Timeline/ten-minutes-before-shot","10 Minutes Before the Shot (12:13–12:23 PM MDT)","Minute-by-minute reconstruction of the last ten minutes on stage, including mic placement and security posture.","A wireless microphone transmitter was placed under Kirk's shirt in the final minutes before the shot — a detail central to the explosive-device analysis.","35","4"
"Timeline_Utah_Officials_Cox","Timeline","Timeline/utah-officials-cox-timeline.mdx","/Timeline/utah-officials-cox-timeline","Spencer Cox, Utah Officials & Governor Timeline","State-official chronology of appointments, statements, charging decisions and the 2025 autopsy-records law.","A contractor's account attributes a ""by Monday"" crime-scene deadline to the governor and FBI — an attribution neither has confirmed — alongside a 2025 state law restricting autopsy records.","36","4"
"Timeline_Baron_Coleman","Timeline","Timeline/baron-coleman-timeline.mdx","/Timeline/baron-coleman-timeline","Baron Coleman Allegations & Timeline","Date-ordered record of attorney and radio host Baron Coleman's public claims and public-records findings on the case.","Coleman points to Bates-numbered exhibit 003996-R2 as documenting the Miranda reading, and publicly predicted a witness was in ""grave danger."" Attributed opinion throughout.","37","4"
"Timeline_Israel_Pressure","Timeline","Timeline/israel-events-pressure-timeline.mdx","/Timeline/israel-events-pressure-timeline","Israel-Related Events & Pressure Timeline 2025","The Israel-linked 2025 chronology from the June war through the donor texts and the Jerusalem Post timing question.","TPUSA was reportedly absent from a July 31 White House meeting, and the Jerusalem Post's reporting timing on Kirk's death is raised as an unexplained anomaly.","38","4"
"Timeline_Distraction_Events","Timeline","Timeline/distraction-events-timeline.mdx","/Timeline/distraction-events-timeline","Distraction Events Timeline — September 10–11","How the first 33 hours of coverage were consumed by detentions, false custody reports and parallel weapon scares.","Two separate ""suspect in custody"" news cycles ran and collapsed, and two men were detained and released, while the actual timeline questions went unexamined.","39","4"
"Timeline_Sept_8_to_13","Timeline","Timeline/Sept_8_to_13.mdx","/Timeline/Sept_8_to_13","September 8–13, 2025: Full Timeline","The compressed six-day core of the case, from the Sept 8 exit post and military flight through the Sept 11–13 custody chain.","The Sept 8 pro-Israel exit post and a Fort Huachuca SAM-702 military flight sit two days before the shot, and the surrender, Miranda, Discord and booking events are shown in conflicting order.","40","4"
"TopicAnal_Ballistics_Surveillance","Topic-Analyses","Topic-Analyses/Ballistics_And_Surveillance_Claims.mdx","/Topic-Analyses/Ballistics_And_Surveillance_Claims","Ballistics and Surveillance Claims","Compares the rifle narrative against acoustic, trajectory, rigged-microphone and drone-surveillance claims, plus Army HADES aircraft passes over UVU.","Candace Owens has argued a redundant stage mic was rigged with a directed PETN-style charge; acoustic analyses reportedly place the source ~36 feet away, not 150 yards, and an SD card was allegedly grabbed at the scene.","1","5"
"TopicAnal_Sept10_Timeline","Topic-Analyses","Topic-Analyses/September_10_Event_Timeline.mdx","/Topic-Analyses/September_10_Event_Timeline","September 10, 2025: Day-of Event Timeline","Hour-by-hour day-of chronology covering aircraft near Provo, the shooting, arrest timing and law-enforcement response.","An Army HADES surveillance jet, N1098L, reportedly flew 203 feet over UVU at 9:16 a.m. and returned at 335 feet at 12:48 p.m.; an Egyptian Air Force jet, SU-BTT, left Provo at 7:08 a.m.","2","4"
"TopicAnal_Pre_Assassination","Topic-Analyses","Topic-Analyses/Pre_Assassination_Context.mdx","/Topic-Analyses/Pre_Assassination_Context","Pre-Assassination Context: September 3-9, 2025","Documents the week before the killing: Epstein-file demands, an Israel-policy break, a combative September 9 meeting, and ignored UVU warnings.","Kirk reportedly texted associates during a September 9 pressure meeting: ""THEY ARE GOING TO KILL ME."" That same day UVU records show two men asking police about ""a plan"" at 10:35 p.m.","3","4"
"TopicAnal_Political_Aftermath","Topic-Analyses","Topic-Analyses/Political_Aftermath.mdx","/Topic-Analyses/Political_Aftermath","Political Aftermath and Public Shockwaves","Covers memorials, mass firings, visa revocations, the media split, and TPUSA continuity after the assassination.","Former NCTC director Joe Kent said on the record his center's review of possible foreign ties was ordered stopped once a suspect was in custody; Reuters counted 600+ Americans punished for posts.","4","4"
"Topics3_Drones","Topics3","Topics3/Drones/overview.mdx","/Topics3/Drones/overview","Drones","Covers the drones reported at UVU and their alleged link to the N1098L HADES surveillance aircraft.","Sixteen drones were reportedly observed over the scene. Drones being present is documented; what they were there for is still an open question.","1","4"
"Topics3_Tyler_Robinson_Shooting","Topics3","Topics3/Tyler Robinson Shooting/overview.mdx","/Topics3/Tyler%20Robinson%20Shooting/overview","Tyler Robinson Shooting","Sets out the ballistic and blood-evidence inconsistencies investigators cite against the Robinson shooting narrative.","Investigators argue a 30-06 Mauser 98 would have caused massive destruction and heavy blood evidence that the scene reportedly lacks — the rifle story failing on its own physics.","2","4"
"Topics3_Israel_Mossad","Topics3","Topics3/Israel/overview.mdx","/Topics3/Israel/overview","Israel","Covers allegations of Israeli intelligence involvement, Egyptian coordination, CornerShot weaponry and diplomatic immunity.","Commentators tie the alleged motive to Kirk criticizing Israeli influence and demanding unredacted Epstein files, and raise CornerShot weaponry and diplomatic immunity as the alleged mechanism.","3","4"
"Topics3_Before_Preplanning","Topics3","Topics3/Before/overview.mdx","/Topics3/Before/overview","Before","Documents pre-event indicators: foreign aircraft arrivals, Israeli-IP Google searches, and surveillance equipment deployment.","Google searches about the event reportedly originated from Israeli IP addresses before the shooting, alongside Israeli and Egyptian aircraft arriving and surveillance gear being positioned.","4","5"
"Topics3_Tyler_Robinson_Patsy","Topics3","Topics3/Tyler Robinson/overview.mdx","/Topics3/Tyler%20Robinson/overview","Tyler Robinson","Lays out the citizen-investigator case that Robinson was a patsy framed or coerced into a larger operation.","The charged suspect's own weapon reportedly does not match the wound: a 30-06 Mauser 98 would have destroyed the neck. Robinson is charged, not convicted.","5","4"
"Topics3_Suspects_List","Topics3","Topics3/Suspects (List)/overview.mdx","/Topics3/Suspects%20%28List%29/overview","Suspects (List)","Compiles alternative-suspect theories naming CIA factions, Israeli and Egyptian operatives, and TPUSA insiders.","The suspect list extends past one 22-year-old to alleged rogue CIA factions, foreign intelligence operatives and organization insiders — all unproven claims from public commentary.","6","4"
"Topics3_CIA_Rogue_Factions","Topics3","Topics3/CIA/overview.mdx","/Topics3/CIA/overview","CIA","Examines allegations that rogue CIA factions coordinated with Israeli and Egyptian intelligence.","The alleged trigger is Kirk's criticism of Israeli influence in U.S. politics; the alleged tool is the HADES surveillance aircraft and drone operations. Documented as unproven allegation.","7","5"
"Topics3_Medical_Autopsy","Topics3","Topics3/Medical/overview.mdx","/Topics3/Medical/overview","Medical","Covers autopsy decisions, cremation timing, and access to medical records around Charlie Kirk's death.","Reported autopsy decisions and a fast cremation timeline mean the body itself may no longer be available to test the injury pattern against the official rifle account.","8","4"
"Topics3_Suspect_Before_Actions","Topics3","Topics3/Suspect Before Actions/overview.mdx","/Topics3/Suspect%20Before%20Actions/overview","Suspect Before Actions","Traces pre-incident movements of all suspects including foreign aircraft positioning and surveillance deployment.","It reframes the pre-event window as staging: aircraft positioning and surveillance deployment timed ahead of the event, which investigators argue no lone actor could arrange.","9","4"
"Topics3_Locations_Provo","Topics3","Topics3/Locations/overview.mdx","/Topics3/Locations/overview","Locations","Maps UVU, Provo airport, drone deployment zones and alleged intelligence staging areas.","Israeli and Egyptian aircraft were reportedly stationed at Provo airport, minutes from the UVU campus — a geographic pairing investigators treat as the operation's footprint.","10","4"
"Topics3_After_Scene_Sealed","Topics3","Topics3/After/overview.mdx","/Topics3/After/overview","After","Documents post-event developments: rapid crime scene changes, autopsy questions, sealed evidence, aircraft activity.","The crime scene was reportedly altered rapidly and evidence sealed, while international aircraft activity continued — the window for independent forensic testing closing almost immediately.","11","5"
"Topics3_Timeline_Coordination","Topics3","Topics3/Timeline/overview.mdx","/Topics3/Timeline/overview","Timeline","Builds a timeline of foreign aircraft arrivals, surveillance deployments, drone operations and the assassination.","Laid end to end, the reported arrival times of foreign aircraft and surveillance flights precede the shooting closely enough that investigators read the sequence as advance planning.","12","4"
"Topics3_TPUSA_Succession","Topics3","Topics3/TPUSA/overview.mdx","/Topics3/TPUSA/overview","TPUSA","Examines reported internal TPUSA dynamics: autopsy decisions, an $81 million valuation, succession, donor pressure and security.","TPUSA's reported $81 million valuation and its succession question sit beside reported pro-Israel donor pressure and questions about whether security met prior event standards.","13","4"
"Topics3_South_Stairs","Topics3","Topics3/South Stairs/overview.mdx","/Topics3/South%20Stairs/overview","South Stairs","Investigates the South Stairs as a possible staging area, drone deployment zone or operative access point.","A specific piece of campus geography — the South Stairs — is examined as a staging point for equipment or operatives, rather than the rooftop the official account names.","14","4"
"Topics3_Which_Strongest_Evidence","Topics3","Topics3/Which/overview.mdx","/Topics3/Which/overview","Which","Prioritizes which publicly available evidence raises the strongest questions about the circumstances of the death.","It ranks the evidence rather than listing it, putting international aircraft, drone operations and alleged cover-up activity at the top of what most resists the official account.","15","4"
"Topics3_Location_Amphitheater","Topics3","Topics3/Location/overview.mdx","/Topics3/Location/overview","Location","Analyzes the UVU outdoor amphitheater, its access points, security measures and environmental factors.","The venue analysis argues the shot geometry, access control and environment required coordination and technology beyond what the charged suspect could have arranged alone.","16","4"
"Topics3_Videos_Evidence","Topics3","Topics3/Videos/overview.mdx","/Topics3/Videos/overview","Videos","Reviews security footage, witness videos and media recordings for drone activity and weapon-system claims.","Frame-level review of witness and security footage is where claims of drone activity and advanced weapon systems originate — readings that diverge sharply from the official narrative.","17","4"
"Topics3_Photos_Evidence","Topics3","Topics3/Photos/overview.mdx","/Topics3/Photos/overview","Photos","Reviews crime scene, evidence, witness and media photographs and the analyses drawn from them.","Still photography of the scene is cited as showing drone activity and weapon-system traces that the official lone-rifle account does not address.","18","4"
"Topics3_Maps_Flight_Paths","Topics3","Topics3/Maps/overview.mdx","/Topics3/Maps/overview","Maps","Maps aircraft flight paths, drone deployment zones, staging areas and the UVU–Provo airport relationship.","Drawing the flight paths and drone zones on one map turns a campus shooting into a multi-agency geography spanning UVU, Provo airport and international arrivals.","19","4"
"Topics3_FBI_Evidence_Handling","Topics3","Topics3/FBI/overview.mdx","/Topics3/FBI/overview","FBI","Documents questions raised about FBI case classification, evidence handling decisions and investigation scope.","How the case was classified reportedly shaped what evidence was collected at all — a paperwork decision that citizen investigators argue narrowed the investigation from the first day.","20","4"
"Topics3_Podcast_YouTube_Analysis","Topics3","Topics3/Podcast_YouTube_Analysis/overview.mdx","/Topics3/Podcast_YouTube_Analysis/overview","Podcast_YouTube_Analysis","Catalogues podcast and YouTube sources and the evidence commentators cite for an intelligence-orchestrated assassination.","It indexes material commentators say mainstream outlets declined to cover — the alternative-media record is where most of this evidence has circulated at all.","21","4"
"Topics3_Other_Evidence","Topics3","Topics3/Other/overview.mdx","/Topics3/Other/overview","Other","Collects miscellaneous overlooked details and supplementary data relevant to alternative theories.","A catch-all for the details that fit nowhere — the leftovers investigators say do not fit the official narrative and point toward broader coordination.","22","4"
"Topics3_Charlie_Kirk_Laws","Topics3","Topics3/charlie-kirk.mdx","/Topics3/charlie-kirk","Charlie Kirk","Short page linking Kirk's warning texts and meeting records to the proposed Charlie Kirk investigation laws.","Kirk reportedly sent a text reading that they are going to kill him (catalogued as KM-07, dated Sept 9, in all caps) — the day before he died.","23","4"
"Topics3_Directory_Index","Topics3","Topics3/overview.mdx","/Topics3/overview","Topics3 Directory","Two-column index page linking every topic subsection in the Topics3 directory.","Only a navigation index, but it shows the breadth of the parallel investigation: drones, foreign aircraft, Mossad, CIA, autopsy and stair-level staging all catalogued as topics.","24","4"
"TPUSA_Robinson_Chat","TPUSA","TPUSA/tpusa-tyler-robinson-chat.mdx","/TPUSA/tpusa-tyler-robinson-chat","TPUSA and Tyler Robinson Chat","A circulated claim that the accused arrived at UVU at 9:24 a.m. and spoke with a Turning Point representative hours before the shooting.","A July 2026 X clip claims police said the accused reached the UVU quad at 9:24 a.m. and made contact with a TPUSA representative roughly three hours before the 12:23 PM shot.","1","4"
"TPUSA_Replaces_COO","TPUSA","TPUSA/charlie-replace-coo.mdx","/TPUSA/charlie-replace-coo","Charlie Replaces the COO (Sept 2 Memo)","The reported September 2, 2025 internal memo naming a new COO and reportedly moving Tyler Bowyer out, eight days before the assassination.","Charlie Kirk reportedly replaced his COO and ordered an internal audit in a memo dated September 2, 2025 — eight days before he was killed.","2","4"
"TPUSA_DOGE_Audit","TPUSA","TPUSA/doge-audit.mdx","/TPUSA/doge-audit","TPUSA DOGE Audit (What Charlie Ordered)","What Kirk reportedly ordered in his September 2, 2025 memo: a DOGE-style efficiency and financial audit of Turning Point USA.","Kirk reportedly ordered an aggressive DOGE-style internal financial audit of his own organization days before his death, separate from the routine Baker Tilly audit said to have closed June 20, 2025.","3","4"
"TPUSA_Audit_Abandoned","TPUSA","TPUSA/DOGE-TPUSA-Connection.mdx","/TPUSA/DOGE-TPUSA-Connection","DOGE-Style TPUSA Audit (Claims)","Claims that the internal financial audit Kirk launched days before his death was reportedly abandoned by post-death leadership.","The financial audit Kirk reportedly launched days before dying was, according to citizen investigators, quietly dropped by the leadership that replaced him.","4","5"
"TPUSA_Life_Insurance","TPUSA","TPUSA/LLCs/gglf-2023-llc.mdx","/TPUSA/LLCs/gglf-2023-llc","GGLF 2023 LLC — Life Insurance Policy (Claims)","A Wyoming LLC reported to have held a life-insurance policy on Charlie Kirk, with TPUSA reportedly paying a loan against it.","A life-insurance policy on Charlie Kirk was reportedly held not by TPUSA but inside an anonymous Wyoming LLC, with a reported $350,000 loan against it — beneficiary unknown.","5","4"
"TPUSA_Podcasts_Deleted","TPUSA","TPUSA/apple-podcasts-removed-charlie.mdx","/TPUSA/apple-podcasts-removed-charlie","Apple Podcasts: Charlie's 752 Episodes Removed","Wayback captures show 752 Charlie Kirk Show episodes on Apple Podcasts in August 2025; episodes dated before his death are gone.","Every Charlie Kirk Show episode published under its original pre-September-2025 date has vanished from Apple Podcasts — 752 episodes visible in an August 2025 archive capture.","6","4"
"TPUSA_Episode_List_1793","TPUSA","TPUSA/apple-podcasts-removed-episode-list.mdx","/TPUSA/apple-podcasts-removed-episode-list","Every Apple Podcasts Episode Removed: The Full List of 1,793","The complete episode-by-episode list of 1,793 Charlie Kirk Show episodes archived on Apple Podcasts and missing from the live catalog.","1,793 individually named episodes — every one recorded while Kirk was alive — are enumerated here as archived-but-now-absent from Apple's live catalog as of July 31, 2026.","7","4"
"TPUSA_Podcasts_Check","TPUSA","TPUSA/were-charlie-podcasts-deleted.mdx","/TPUSA/were-charlie-podcasts-deleted","Were Charlie's Podcasts Deleted?","A direct comparison of Spotify and Apple catalogs against the show's own master RSS feed to test whether Kirk-hosted episodes survive.","The show's own master RSS feed still lists episodes that the public Spotify and Apple catalogs no longer surface — the deletion is measurable against the publisher's own data.","8","4"
"TPUSA_Handler_Remark","TPUSA","TPUSA/charlie-kirk-handler-remark.mdx","/TPUSA/charlie-kirk-handler-remark","Charlie Kirk's Handler (Reference)","A 26-second clip in which a speaker identified as COO Tyler Bowyer describes Mikey McCoy as Kirk's assistant and handler.","On stage, a speaker identified by posters as Turning Point's COO reportedly used the word ""handler"" — not assistant — to describe someone attached to Charlie Kirk.","9","4"
"TPUSA_No_Security_Plan","TPUSA","TPUSA/no-security-plan-sept-11.mdx","/TPUSA/no-security-plan-sept-11","No Security Plan for the September 11, 2025 Event (Alleged)","Candace Owens alleged, citing a tipster, that TPUSA security had no plan or police coordination for Kirk's next-day Colorado appearance.","Candace Owens alleged that for Kirk's September 11 Colorado event — the day after he died — TPUSA security had reportedly arranged no plan and no police coordination at all.","10","4"
"TPUSA_Spy_Plane_Operator","TPUSA","TPUSA/LLCs/lasai-aviation-ii-llc.mdx","/TPUSA/LLCs/lasai-aviation-ii-llc","LASAI Aviation II LLC — Operator of N1098L (Claims)","The defense-contractor operator reportedly behind the N1098L jet tracked around the Charlie Kirk timeline.","The jet N1098L tracked around the timeline is reportedly operated by a defense contractor described as an ISR — intelligence, surveillance and reconnaissance — outfit.","11","4"
"TPUSA_Post_Shooting_Jet","TPUSA","TPUSA/LLCs/n888kg-llc.mdx","/TPUSA/LLCs/n888kg-llc","N888KG LLC — Post-Shooting Jet (Claims)","A Utah LLC owning tail number N888KG, a private jet flight-trackers say departed near Provo about an hour after the shooting.","Flight trackers say a private jet, N888KG, lifted off near Provo roughly one hour after Kirk was shot; its owner is an anonymous Utah LLC and passengers are unknown.","12","4"
"TPUSA_Parscale_FARA","TPUSA","TPUSA/LLCs/clock-tower-x-llc.mdx","/TPUSA/LLCs/clock-tower-x-llc","Clock Tower X LLC — Brad Parscale (Claims)","A Parscale LLC whose FARA filing dated September 18, 2025 reportedly covered Israeli-government messaging routed into Salem Media.","A foreign-agent registration reportedly filed September 18, 2025 — eight days after the assassination — covered Israeli-government messaging work routed into the network that carried Kirk's show.","13","4"
"TPUSA_Tent_Paving","TPUSA","TPUSA/LLCs/hardscape-specialties-llc.mdx","/TPUSA/LLCs/hardscape-specialties-llc","Hardscape Specialties LLC — UVU Tent Paving (Claims)","The company reported to have paved the UVU tent area, part of the disputed rapid re-paving of the crime scene.","The ground where the tent stood was reportedly re-paved shortly after the shooting — the page names the contractor and asks whether the work was pre-scheduled or arranged after September 10.","14","4"
"TPUSA_Salem_Media","TPUSA","TPUSA/Companies/salem-media.mdx","/TPUSA/Companies/salem-media","Salem Media (Claims)","The conservative media company carrying Kirk's show, whose properties a Parscale FARA filing reportedly targeted for foreign-government messaging.","The network that carried The Charlie Kirk Show is reportedly named in a foreign-agent filing as a target for integrating Israeli-government messaging.","15","4"
"TPUSA_Opposite_Direction","TPUSA","TPUSA/TPUSA_Opposite_Charlie.mdx","/TPUSA/TPUSA_Opposite_Charlie","Fourteen Ways TPUSA Went the Opposite Direction After Kirk","Fourteen areas where post-death TPUSA leadership allegedly reversed positions Charlie Kirk publicly held while alive.","Fourteen separate documented reversals — Thomas Massie, Iran policy, the audit — where the organization allegedly turned against its dead founder's own stated positions.","16","4"
"TPUSA_Succession_Timeline","TPUSA","TPUSA/TPUSA_Replacement_Timeline.mdx","/TPUSA/TPUSA_Replacement_Timeline","TPUSA Leadership Succession After Kirk's Death","Reported hour-by-hour timeline of leadership announcements and media appearances following the assassination.","The speed of the succession is the story: leadership announcements and coordinated media appearances reportedly began within hours of the shooting.","17","4"
"TPUSA_Iran_Bombing","TPUSA","TPUSA/tpusa-iran-bombing-support.mdx","/TPUSA/tpusa-iran-bombing-support","Does TPUSA Support the Iran War After Charlie?","Whether TPUSA and the show shifted toward backing U.S. strikes on Iran after Kirk's death, through 2026 air-campaign commentary.","Kirk was a prominent voice against new Middle East wars; after his death the show he built reportedly moved toward supporting a U.S. air campaign on Iran.","18","4"
"TPUSA_July31_Excluded","TPUSA","TPUSA/July_31_Meeting_Without_TPUSA.mdx","/TPUSA/July_31_Meeting_Without_TPUSA","July 31 White House Meeting Without TPUSA","An off-the-record July 31, 2025 White House strategy session on Israel and MAGA antisemitism held without Kirk or TPUSA.","Six weeks before he was killed, the most influential young-conservative organizer in America was reportedly left out of an off-the-record White House session about his own movement.","19","4"
"TPUSA_Why_Absent","TPUSA","TPUSA/TPUSA-Absence-July-31.mdx","/TPUSA/TPUSA-Absence-July-31","Why TPUSA Was Absent on July 31","Focused analysis of why investigators treat Kirk's exclusion from the July 31, 2025 White House Israel session as significant.","Investigators argue the exclusion was not an oversight but a signal that Kirk had become the obstacle in a donor-driven messaging strategy.","20","4"
"TPUSA_Moore_DM","TPUSA","TPUSA/Companies/moore-dm-group.mdx","/TPUSA/Companies/moore-dm-group","Moore DM Group / Resource One (Claims)","A direct-mail company citizen investigators say is the real entity behind TPUSA's Resource One line, alleging a large reporting gap.","Investigators allege more than $9 million was paid to a direct-mail operation while only about $1.35 million appeared in the reported filings — a claim TPUSA disputes.","21","4"
"TPUSA_Superfeed","TPUSA","TPUSA/Companies/superfeed-technologies.mdx","/TPUSA/Companies/superfeed-technologies","Superfeed Technologies (Claims)","A technology company whose board reportedly includes Erika Kirk's mother alongside Turning Point Action's COO, with alleged money routed from TP Action.","Erika Kirk's mother reportedly sits on a company board alongside Turning Point Action's COO, with money allegedly routed from the political arm into that company.","22","4"
"TPUSA_Americas_Turning_Point","TPUSA","TPUSA/Nonprofits/americas-turning-point.mdx","/TPUSA/Nonprofits/americas-turning-point","America's Turning Point (501c3)","A sibling 501(c)(3) run by Tyler Bowyer funded almost entirely by transfers from TPUSA, including a reported $8.6M grant.","A sibling charity reportedly received an $8.6 million transfer from TPUSA and is alleged to carry roughly 80 employees who do not appear in the parent's reporting.","23","5"
"TPUSA_Turning_Point_Action","TPUSA","TPUSA/Nonprofits/turning-point-action.mdx","/TPUSA/Nonprofits/turning-point-action","Turning Point Action (501c4)","The 501(c)(4) political arm, its Chase the Vote ballot operation, FY24 budget jump, and the disputed under-reporting question.","The political arm's budget reportedly jumped sharply in FY24 while investigators allege political spending was booked in entities not permitted to do it — disputed by TPUSA.","24","4"
"TPUSA_Endowment_Missing","TPUSA","TPUSA/Nonprofits/turning-point-endowment.mdx","/TPUSA/Nonprofits/turning-point-endowment","Turning Point Endowment (501c3)","The 501(c)(3) holding Turning Point's investments and the attributed claim that its 990 filings were among those missing.","The entity holding the movement's investment money is reportedly among those whose public 990 tax filings investigators say cannot be located.","25","4"
"TPUSA_Clocktower_Payment","TPUSA","TPUSA/LLCs/clocktower-llc.mdx","/TPUSA/LLCs/clocktower-llc","Clocktower LLC (Claims)","A dissolved LLC reported to have received a large TPUSA research-project payment with no public deliverables.","A now-dissolved shell reportedly received a large TPUSA payment for a ""research project"" for which no deliverable was ever made public.","26","4"
"TPUSA_Lionrock","TPUSA","TPUSA/LLCs/lionrock-llc.mdx","/TPUSA/LLCs/lionrock-llc","Lionrock LLC (Claims)","A limited-liability company reported as one of several shell entities allegedly tied to a TPUSA advancement director.","Investigators allege a single TPUSA fundraising staffer was connected to multiple shell LLCs receiving organizational money.","27","4"
"TPUSA_Cloverstone","TPUSA","TPUSA/LLCs/cloverstone-llc.mdx","/TPUSA/LLCs/cloverstone-llc","Cloverstone LLC (Claims)","A second LLC named in reporting as allegedly tied to the same TPUSA advancement director.","A second shell entity, allegedly linked to the same TPUSA advancement director, appears in the same donor-money chain — a pattern rather than an isolated filing.","28","4"
"TPUSA_1Ten_LLC","TPUSA","TPUSA/LLCs/1ten-llc.mdx","/TPUSA/LLCs/1ten-llc","1Ten LLC (Claims)","An LLC named in citizen reporting in connection with TPUSA direct-mail payments and an Arizona political figure.","TPUSA direct-mail money is alleged to have flowed through an LLC connected to a sitting Arizona political figure.","29","5"
"TPUSA_Robinsonstg","TPUSA","TPUSA/LLCs/robinsonstg-llc.mdx","/TPUSA/LLCs/robinsonstg-llc","RobinsonSTG LLC (Claims)","A St. George, Utah LLC that unverified claims associate with a member of the accused's family through a shared registered agent.","Unverified claims connect a St. George LLC to the accused's family via a shared registered agent — the page flags it explicitly as rumor-level.","30","4"
"TPUSA_Precision_Granite","TPUSA","TPUSA/LLCs/precision-granite-marble-llc.mdx","/TPUSA/LLCs/precision-granite-marble-llc","Precision Granite & Marble LLC (Claims)","A masonry LLC that unverified claims associate with the Robinson family and, speculatively, with UVU tent-area construction.","An unverified thread tries to link a masonry company to both the accused's family and the UVU tent-area hardscaping — recorded here and marked unproven.","31","4"
"TPUSA_Security_Vendor","TPUSA","TPUSA/LLCs/rockhouse-integrity-group-llc.mdx","/TPUSA/LLCs/rockhouse-integrity-group-llc","Rockhouse Integrity Group LLC (Integrity Security Solutions)","The LLC doing business as Integrity Security Solutions, the security vendor connected to Kirk's protective arrangements.","The security firm around Kirk's protection operated under a different legal name than its trading name — Rockhouse Integrity Group doing business as Integrity Security Solutions.","32","4"
"TPUSA_Baker_Tilly","TPUSA","TPUSA/Companies/baker-tilly.mdx","/TPUSA/Companies/baker-tilly","Baker Tilly — TPUSA's Auditor (Claims)","The accounting firm reportedly performing Turning Point's annual audit, one said to have concluded June 20, 2025.","A clean outside audit reportedly closed on June 20, 2025 — yet Kirk reportedly ordered a far more aggressive internal audit ten weeks later, on September 2.","33","4"
"TPUSA_Lewis_Aviation","TPUSA","TPUSA/LLCs/tw-lewis-aviation-llc.mdx","/TPUSA/LLCs/tw-lewis-aviation-llc","T.W. Lewis Aviation LLC (Claims)","The aviation LLC tied to a conservative donor foundation that lists TPUSA as a key partner; an aircraft was tracked near the timeline.","A major TPUSA donor's aviation LLC owns an aircraft that flight trackers place near the case timeline.","34","4"
"TPUSA_Lewis_Foundation","TPUSA","TPUSA/Nonprofits/tw-lewis-foundation.mdx","/TPUSA/Nonprofits/tw-lewis-foundation","T.W. Lewis Foundation","A conservative donor foundation reportedly listing TPUSA as a key partner, with an associated aviation LLC.","The same donor foundation that funds TPUSA also controls an aviation LLC whose aircraft appears in the flight-tracking analysis.","35","4"
"TPUSA_Turning_Point_USA","TPUSA","TPUSA/Nonprofits/turning-point-usa.mdx","/TPUSA/Nonprofits/turning-point-usa","Turning Point USA (501c3)","The flagship charity Kirk founded and led, its charitable purpose, and the financial questions raised after his death.","The flagship charity's own 501(c)(3) status is the pivot of the dispute: political spending is restricted there, and investigators allege it happened anyway.","36","4"
"TPUSA_Paul_Singer","TPUSA","TPUSA/Paul_Singer_Funding.mdx","/TPUSA/Paul_Singer_Funding","Paul Singer and Conservative Funding Networks","Public reporting on a billionaire's funding ties to pro-Israel advocacy groups connected to pre-assassination political meetings.","The donor network behind the July 31 White House session is traceable in public reporting to a single billionaire funder of pro-Israel advocacy groups.","37","4"
"TPUSA_Philos_Project","TPUSA","TPUSA/Philos_Project_Funding.mdx","/TPUSA/Philos_Project_Funding","Philos Project and Pro-Israel Advocacy Funding","The Philos Project's role in pro-Israel conservative advocacy and its connection to the July 31, 2025 White House meeting.","A named advocacy nonprofit is documented as a participant in the July 31 White House session convened specifically about ""MAGA antisemitism"" — the fight Kirk was on the other side of.","38","4"
"TPUSA_Faith_Freedom","TPUSA","TPUSA/Faith-Freedom-Coalition.mdx","/TPUSA/Faith-Freedom-Coalition","Faith & Freedom Coalition (July 31 Context)","The coalition's reported role organizing the July 31, 2025 White House strategy session and its place in donor-alignment timelines.","The July 31 session was reportedly organized by an outside coalition rather than the White House itself — donors, not government, set the guest list that excluded Kirk.","39","4"
"TPUSA_Trump_Response","TPUSA","TPUSA/Trump-Support-After-Death.mdx","/TPUSA/Trump-Support-After-Death","Trump Administration Response After Kirk's Death","Documented White House and administration responses after the killing — the medal, investigation statements, and political framing.","The administration moved quickly to honors and framing while, per this page's chronology, saying strikingly little about the physical evidence itself.","40","4"
"TylerRobinson_Weapon_Rifle","Tyler_Robinson","Tyler_Robinson/Weapon_Rifle.mdx","/Tyler_Robinson/Weapon_Rifle","Tyler Robinson Weapon and Rifle","The Mauser .30-06 attributed to Robinson: recovery, DNA claims, ATF inconclusive match, barrel dust, and wound-trajectory challenges.","The ATF reportedly could not identify or exclude the autopsy bullet fragment as fired from the Mauser, and hearing testimony described dust inside the barrel and a fragment measuring .286-.301 inches.","1","4"
"TylerRobinson_Cowboys_Receipt","Tyler_Robinson","Tyler_Robinson/cowboys-smokehouse-receipt.mdx","/Tyler_Robinson/cowboys-smokehouse-receipt","Cowboy's Smokehouse Receipt","A photographed 9/10/25 restaurant receipt circulated as a possible alibi placing Robinson far from UVU that night.","Check #211, Table 24: ordered 8:55 PM and paid 9:47 PM on the day of the assassination, $38.51 on a Visa debit — circulated as an alibi, unauthenticated by any court.","2","4"
"TylerRobinson_Surrender","Tyler_Robinson","Tyler_Robinson/Surrender.mdx","/Tyler_Robinson/Surrender","Tyler Robinson Surrender — September 11","The September 11 Washington County surrender: Brooksby timeline, 6:25 PM Miranda conflict, missing bodycam and lobby CCTV.","Materials place Robinson Mirandized at 6:25 PM — before the 8:04 PM sheriff call and before the 7:57 PM Discord confession — while the county reportedly found zero bodycam and no lobby CCTV.","3","4"
"TylerRobinson_Discord_Messages","Tyler_Robinson","Tyler_Robinson/Discord_Messages.mdx","/Tyler_Robinson/Discord_Messages","Tyler Robinson Discord Messages","The alleged Discord confession: warrant targets, the 7:57 PM vs 6:25 PM custody conflict, and internal message contradictions.","The confession posts reportedly appeared at 7:57 PM on September 11, roughly ninety minutes after Robinson was already Mirandized in custody at 6:25 PM without phone access.","4","4"
"TylerRobinson_Eyewitness_BlackClad","Tyler_Robinson","Tyler_Robinson/eyewitness-black-clad-fugitive.mdx","/Tyler_Robinson/eyewitness-black-clad-fugitive","Eyewitness vs. the Text Confession","A construction-site electrician's description of the fleeing man collides with the alleged texts saying he had already changed clothes.","The texts say he changed outfits in the woods, yet an electrician reportedly described the man afterward as still in a black trench coat, black mask, cargo pants and long greasy black hair.","5","4"
"TylerRobinson_Cowboys_Full_Visit","Tyler_Robinson","Tyler_Robinson/cowboys-smokehouse-full-visit.mdx","/Tyler_Robinson/cowboys-smokehouse-full-visit","Cowboy's Smokehouse Full Visit Video","Full 34-minute citizen-journalist visit where the owner hands over the 9/10/25 receipt and a staff eyewitness is interviewed on camera.","A Panguitch restaurant staffer says he is 100% certain he served Tyler Robinson between 8:55 and 9:47 PM on the night of the assassination; the owner reportedly says no camera was working.","6","4"
"TylerRobinson_Risk_Assassination","Tyler_Robinson","Tyler_Robinson/Risk_Of_Assassination.mdx","/Tyler_Robinson/Risk_Of_Assassination","Tyler Robinson — Risk of Assassination","Baron Coleman's claim that Robinson is in grave physical danger and that the case cannot survive a trial.","Coleman states on camera he is 100% convinced Robinson was framed and was never supposed to survive to turn himself in — and names Robinson as only the first of two people in grave danger.","7","4"
"TylerRobinson_Clothing_Change_Hull","Tyler_Robinson","Tyler_Robinson/clothing-change-agent-david-hull.mdx","/Tyler_Robinson/clothing-change-agent-david-hull","Clothing Change & Agent David Hull","Agent Hull's testimony that the suspect changed clothes on the Losee Center roof and then changed back before arrest.","A rooftop change of clothes — and a change back into the morning outfit — was reportedly testified to at the preliminary hearing yet never captured on any surveillance camera.","8","4"
"TylerRobinson_Stairs_Guy","Tyler_Robinson","Tyler_Robinson/Stairs_Guy.mdx","/Tyler_Robinson/Stairs_Guy","Stairs Guy vs Tyler Robinson","Six clothing, backpack and rifle-carry mismatches between the campus-camera figure and the stairwell suspect.","The morning figure carries a light blue pack about half full; the stairwell figure's pack is 90-95% full — the opposite of what removing shorts during an outfit change should produce.","9","4"
"TylerRobinson_Baron_Family_Denial","Tyler_Robinson","Tyler_Robinson/baron-coleman-family-denial.mdx","/Tyler_Robinson/baron-coleman-family-denial","Baron Coleman — Family Denies the Confession","Coleman's account on Julian Dorey Episode 458 that Robinson's family does not believe he did it and denies a confession.","Coleman says he has seen family text messages and that the parents do not believe their son did it — and notes the parents were not on the preliminary-hearing witness list.","10","4"
"TylerRobinson_Sept_10_Movements","Tyler_Robinson","Tyler_Robinson/Tyler_9_10_2025.mdx","/Tyler_Robinson/Tyler_9_10_2025","Tyler Robinson on September 10, 2025","Minute-by-minute reported movements on the day of the shooting, including the 25-second egress window.","Surveillance stills timestamped 12:23:29 to 12:23:54 put the figure from shooting position to the Losee Center NE corner in 25 seconds — and a pronounced limp reportedly vanishes at 12:22.","11","4"
"TylerRobinson_Text_Messages_Twiggs","Tyler_Robinson","Tyler_Robinson/Messages/text-messages-twiggs.mdx","/Tyler_Robinson/Messages/text-messages-twiggs","Text Messages — Recovered From Lance Twiggs' Phone","The Robinson-Twiggs texts came off Twiggs' handset via Cellebrite extraction, not from any device attributed to Robinson.","The state's largest message exhibit (16.1, 17+ pages) was never pulled from Robinson's own phone; it was Cellebrite-extracted from his roommate's device by the Israeli firm Cellebrite.","12","4"
"TylerRobinson_Recruited","Tyler_Robinson","Tyler_Robinson/Recruited.mdx","/Tyler_Robinson/Recruited","Tyler Robinson Recruited","Claims and hypotheses that Robinson was monitored, influenced, or recruited by intelligence or politically connected networks.","Former NCTC director Joe Kent has stated his center was still early in examining potential international ties in the Kirk case when it was ordered to stop because a suspect was in custody.","13","4"
"TylerRobinson_Twiggs_Drawings","Tyler_Robinson","Tyler_Robinson/lance-twiggs-drawings.mdx","/Tyler_Robinson/lance-twiggs-drawings","Lance Twiggs Drawings","Photographs of frenzied notebook and sticky-note drawings reportedly recovered from the shared apartment, and evidence-handling questions.","The pages are held bare-handed in the photos — no gloves — and one gallery screenshot ends on the 09/11/2025 9:57 PM Discord confession message from user zealous_monkey_5.","14","4"
"TylerRobinson_Discord_Exhibit","Tyler_Robinson","Tyler_Robinson/Messages/discord-messages.mdx","/Tyler_Robinson/Messages/discord-messages","Discord Messages — Stored on a Third-Party Server","How the alleged Discord confession reached investigators and how it appears as State's Exhibit 16.2 in a court filing.","The filing's quotation reads ""it was [me]. ... look at the pictures from the surveillance footage"" — bracketed and elided in the document itself, meaning the public has seen photographs, not exports.","15","4"
"TylerRobinson_Investigation_Index","Tyler_Robinson","Tyler_Robinson/Investigation_Index.mdx","/Tyler_Robinson/Investigation_Index","Tyler Robinson Investigation Index","Working memo mapping identity, timeline, and forensic layers of the case, including the two-versions-of-the-texts theory.","It argues the released text messages exist in two conflicting versions, and lists a forensic layer where the ATF fragment is inconclusive and a shaped-charge cause would exonerate Robinson.","16","4"
"TylerRobinson_Handwritten_Note","Tyler_Robinson","Tyler_Robinson/Messages/handwritten-note.mdx","/Tyler_Robinson/Messages/handwritten-note","The Handwritten Note — Stored Under a Keyboard","The paper note left under a keyboard — the only message in the case with no server, timestamp or metadata.","The memorandum sometimes describes Exhibit 16.3 as something Robinson ""wrote to Mr. Twiggs,"" which reads like a message rather than paper under a keyboard — a live authentication problem.","17","4"
"TylerRobinson_Travel","Tyler_Robinson","Tyler_Robinson/Travel.mdx","/Tyler_Robinson/Travel","Tyler Robinson Travel","Camera-by-camera reconstruction of movements on 9/10, the rifle drop-off route, and the Dairy Queen sighting.","Construction workers near the recovered rifle reportedly encountered a man in black they first believed was the gunman, and were later told he did not match Robinson's appearance.","18","4"
"TylerRobinson_Family","Tyler_Robinson","Tyler_Robinson/Family.mdx","/Tyler_Robinson/Family","Tyler Robinson Family","Reported family background, the turn-in chain through a retired deputy, and January 2026 hearing statements.","Investigators who attended the January 16, 2026 hearing report the family told them face-to-face that they do not think he did this — and the turn-in may not have started with the parents.","19","4"
"TylerRobinson_Trial","Tyler_Robinson","Tyler_Robinson/Trial/overview.mdx","/Tyler_Robinson/Trial/overview","Tyler Robinson Trial","Charges, capital-case posture, the defense team, and the gag order restricting public discussion.","A Google Trends spike in searches for lead defense counsel Kathryn Nester's name was reportedly traced to foreign IP addresses months before the killing.","20","4"
"TylerRobinson_Before","Tyler_Robinson","Tyler_Robinson/Before.mdx","/Tyler_Robinson/Before","Tyler Robinson Before the Event","Pre-September-10 biography: schooling, the St. George townhouse, family, vehicle, and pre-event search-interest anomalies.","Investigators claim the St. George townhouse address was searched nonstop from December 2024 to September 2025, arguing someone knew where he lived months before the shooting.","21","4"
"TylerRobinson_Steam_Profile","Tyler_Robinson","Tyler_Robinson/Messages/steam-messages.mdx","/Tyler_Robinson/Messages/steam-messages","Steam Profile and Comments","Archived Steam material attributed to Robinson — the craftin247 and milk profiles — scraped before the pages were reportedly scrubbed.","The eleven-year gaming profile was renamed from craftin247 to milk and the public pages were reportedly scrubbed after the event; Steam appears nowhere in the state's 16-16.4 exhibit series.","22","4"
"TylerRobinson_Messages_Overview","Tyler_Robinson","Tyler_Robinson/Messages/overview.mdx","/Tyler_Robinson/Messages/overview","The Messages Attributed to Tyler Robinson","Sorts every message set attributed to Robinson by where it was stored and how it reached investigators.","The state's 28-page bindover memorandum files the entire message case as Exhibits 16 through 16.4 — texts, Discord, note — meaning four different storage locations with four different authentication problems.","23","4"
"TylerRobinson_Shooting","Tyler_Robinson","Tyler_Robinson/Shooting/overview.mdx","/Tyler_Robinson/Shooting/overview","Tyler Robinson Shooting","The official rooftop-shooter account set against ballistics, timing, identity and alternative-cause challenges.","The page notes independent audio-visual analyses place the shot closer than the rooftop distance, and that the .30-06 narrative collapses if an internal device is confirmed.","24","4"
"TylerRobinson_Section_Hub","Tyler_Robinson","Tyler_Robinson/overview.mdx","/Tyler_Robinson/overview","Tyler Robinson","Hub page for the official suspect, linking identity, timeline, surrender, messages, ballistics and alibi threads.","The hub states plainly that the majority of citizen investigators on X are converging on an explosive in the mic rather than any .30-06 bullet attributed to Robinson.","25","4"
"TRNotAssassin_Thirty06_Didnt_Kill","Tyler_Robinson_Not_Assassin","Tyler_Robinson_Not_Assassin/thirty-06-did-not-kill-charlie.mdx","/Tyler_Robinson_Not_Assassin/thirty-06-did-not-kill-charlie",".30-06 Did Not Kill Charlie","Forensic case that the recovered rifle and the autopsy fragment cannot be matched, and that the wound physics contradict a .30-06 shot.","ATF examiner Samantha Karner reportedly testified the fragment could not be tied to the Mauser and that ""saying anything but inconclusive was inappropriate""; a fragment measured ~.301 versus .308.","1","4"
"TRNotAssassin_Explosive_Mic","Tyler_Robinson_Not_Assassin","Tyler_Robinson_Not_Assassin/explosive-mic-killed-charlie.mdx","/Tyler_Robinson_Not_Assassin/explosive-mic-killed-charlie","Explosive in Mic Likely Killed Charlie","Argument that a concealed shaped charge or EFP in Kirk's RODE microphone transmitter or pendant, not a rifle, caused his death.","Investigators reportedly argue the RODE Wireless PRO battery detonated like the Hezbollah pager attacks, and demand chain-of-custody on who clipped the mic on Kirk that day.","2","4"
"TRNotAssassin_Faked_Confession","Tyler_Robinson_Not_Assassin","Tyler_Robinson_Not_Assassin/faked-confession.mdx","/Tyler_Robinson_Not_Assassin/faked-confession","Faked Confession (by Powerful People)","Timeline and custody analysis questioning who actually typed the Discord messages treated as Robinson's confession.","Miranda was reportedly read at 6:25 PM but the ""it was me"" Discord messages are timestamped ~7:57 PM — after the phone was allegedly already in custody; the roommate called it ""a joke on Discord"".","3","4"
"TRNotAssassin_Signs_CoverUp","Tyler_Robinson_Not_Assassin","Tyler_Robinson_Not_Assassin/signs-of-cover-up.mdx","/Tyler_Robinson_Not_Assassin/signs-of-cover-up","Signs of a Cover-Up","Catalogue of rapid scene clearing, excavation, deleted footage, seized camera media, and a destroyed transport vehicle.","A reported ~10-inch soil excavation before repaving the shooting area, a camera chip removed within minutes, a refused surrender video, and destruction of the transport vehicle.","4","4"
"TRNotAssassin_More_Reasons","Tyler_Robinson_Not_Assassin","Tyler_Robinson_Not_Assassin/more-reasons.mdx","/Tyler_Robinson_Not_Assassin/more-reasons","More Reasons Robinson Is Not the Assassin","Roundup of secondary evidentiary gaps: no GSR test, mixed DNA, unmatched prints, no video of the shot, backpack problems.","No gunshot-residue test was reportedly ever performed, DNA on the weapon was mixed, roof-glass fingerprints reportedly do not match, and no video captures the shot itself.","5","4"
"TRNotAssassin_Overview","Tyler_Robinson_Not_Assassin","Tyler_Robinson_Not_Assassin/overview.mdx","/Tyler_Robinson_Not_Assassin/overview","Tyler Robinson Not the Assassin","Section hub summarizing forensic, confession, and cover-up clusters arguing the charged suspect is not the killer.","Embeds a video claiming Robinson's home address was Googled in Hebrew from an Egyptian jet, and notes Rep. Marjorie Taylor Greene publicly questioning the official narrative.","6","4"
"USIntel_Joe_Kent","US_Intelligence","US_Intelligence/joe-kent.mdx","/US_Intelligence/joe-kent","Joe Kent","NCTC director Joe Kent's on-record account that his foreign-ties inquiry into Kirk's death was halted early.","The sitting NCTC director says on camera his team was told to ""stop what you're doing now because we have a suspect"" — pulled off foreign-nexus leads he says were unfinished.","1","4"
"USIntel_Fort_Huachuca","US_Intelligence","US_Intelligence/Fort_Huachuca/overview.mdx","/US_Intelligence/Fort_Huachuca/overview","Fort Huachuca","Hub page on the Army Intelligence Center and the reported Sept 8-9, 2025 activity two days before the shooting.","Roughly twelve lieutenant colonels reportedly met at the Army's counterintelligence school 36 hours before the killing, an Air Force VIP jet came and went, and a walk-in witness says he was detained.","2","4"
"USIntel_NSA_Phones","US_Intelligence","US_Intelligence/nsa.mdx","/US_Intelligence/nsa","NSA","NSA Utah Data Center, the 12 Israeli-phone tip, and Tony Seruga's 44 foreign-registered phone claims.","An admin-insider tip claims NSA detected 12 Israeli-registered cellphones at the shooting site; investigator Tony Seruga puts the total at 44 foreign phones — 16 Israeli, 13 Chinese, 12 Russian, 3 Iranian.","3","4"
"USIntel_HADES_Drones","US_Intelligence","US_Intelligence/US_Army_HADES.mdx","/US_Intelligence/US_Army_HADES","US Army HADES (Drone Launching Planes)","The Army's Global 6500 ISR program, deleted drone-launch reporting, and N1098L's passes over UVU.","N1098L, the jet flight-trackers place low over UVU hours before and minutes after the shooting, is the same Global 6500 airframe type as the Army's HADES program — yet it very likely was a training plane, not one built out to launch drones.","4","4"
"USIntel_NCTC_Shutdown","US_Intelligence","US_Intelligence/nctc.mdx","/US_Intelligence/nctc","NCTC — National Counterterrorism Center","The counterterrorism center's foreign-involvement inquiry, the reported shutdown, and Benny Johnson's state-actor remark.","Benny Johnson said on record there is ""considerable evidence that there were state actors involved"" and would go no further; the file notes he reportedly met officials the next day over death threats.","5","4"
"USIntel_Cabot_Carpet","US_Intelligence","US_Intelligence/Fort_Huachuca/Cabot_alibi.mdx","/US_Intelligence/Fort_Huachuca/Cabot_alibi","Cabot Phillips alibi video — Fort Huachuca carpet claim","An X investigator's side-by-side claim that an alibi video's carpet, trim, and yellow wall match Fort Huachuca interiors.","An open-source analyst claims the carpet pattern, dark floor trim, and yellow wall in a publicly posted alibi video appear to match Army Intelligence Center rooms — a visual-similarity claim, not a forensic match.","6","4"
"USIntel_CIA","US_Intelligence","US_Intelligence/cia.mdx","/US_Intelligence/cia","CIA","CIA-linked claims: UVU National Security Society profiles removed, HADES flights, and a 1954 ARTICHOKE memo.","Investigation notes say UVU's National Security Society online profiles were taken down on September 24, 2025 — two weeks after the shooting; researchers also circulate a 1954 CIA ARTICHOKE assassination-induction memo.","7","4"
"USIntel_ODNI","US_Intelligence","US_Intelligence/odni.mdx","/US_Intelligence/odni","ODNI","ODNI's oversight of the halted NCTC inquiry, its SIGINT consolidation power, and cabinet-level shutdown claims.","Russell Brand says two cabinet-meeting sources described officials directing, about six days after the killing, that no one pursue foreign involvement or domestic accomplices — an unverified account of unnamed sources.","8","4"
"USIntel_Tulsi_Gabbard","US_Intelligence","US_Intelligence/tulsi-gabbard.mdx","/US_Intelligence/tulsi-gabbard","Tulsi Gabbard","The DNI's role above the halted NCTC inquiry, the Macron-allegation reply, and reported friction over case control.","Candace Owens reports that when she raised an alleged foreign directive, the FBI, DOJ, and White House never answered — and only the DNI's office replied at all.","9","4"
"USIntel_Index","US_Intelligence","US_Intelligence/US_Intelligence_Investigation_Index.mdx","/US_Intelligence/US_Intelligence_Investigation_Index","U.S. Intelligence Investigation Index","Working memo mapping every U.S. intelligence thread by question — signals, aircraft, campus, Fort Huachuca, cover-up.","A single table sorts the signals lane by source tier, including the claim that four of the sixteen Israeli-registered phones later showed up at a Pakistan hotel during high-level peace talks.","10","4"
"USIntel_Overview","US_Intelligence","US_Intelligence/overview.mdx","/US_Intelligence/overview","U.S. Intelligence","Section landing page routing readers to the CIA, NSA, ODNI/NCTC, HADES, and Fort Huachuca threads.","Frames the most documented attributable thread as a named sitting intelligence director publicly stating the FBI halted his own agency's foreign-nexus inquiry into the assassination.","11","4"
"USIntelAssist_Rode_Mic","US_Intelligence_Assisted","US_Intelligence_Assisted/rode-mic.mdx","/US_Intelligence_Assisted/rode-mic","RØDE Mic","Examines the lapel microphone Charlie Kirk wore as the suspected explosive device and its defense supply-chain links.","The mic clipped under Kirk's shirt via a MagClip GO is argued by video analysts like Jon Bray to be the energy source, reportedly tied to a DoD explosives supply chain.","1","4"
"USIntelAssist_Cover_Up_Signs","US_Intelligence_Assisted","US_Intelligence_Assisted/signs-of-cover-up.mdx","/US_Intelligence_Assisted/signs-of-cover-up","Signs of Cover-Up","Inventories the aftermath pattern: sealed records, disposed evidence, a Dec 16 2025 gag order, and closed foreign-angle inquiries.","The scene was reportedly paved over within days, the SUV disposed of, a broad gag order issued December 16 2025, and FOIA and video-deletion fights followed into 2026.","2","4"
"USIntelAssist_Narrative_Control","US_Intelligence_Assisted","US_Intelligence_Assisted/narrative-control.mdx","/US_Intelligence_Assisted/narrative-control","Narrative Control (Intelligence Service)","Traces how the lone-suspect frame was locked in and how a foreign-nexus inquiry was reportedly shut down.","An NCTC foreign-nexus inquiry under Joe Kent was reportedly halted, and Russell Brand's anonymous cabinet sources said within six days investigators were not looking at foreign ties or accomplices.","3","4"
"USIntelAssist_AES_Explosion","US_Intelligence_Assisted","US_Intelligence_Assisted/aes-factory-explosion.mdx","/US_Intelligence_Assisted/aes-factory-explosion","Explosion & Killings at AES Factory","Covers the October 2025 destruction of the Accurate Energetic Systems explosives plant and its alleged supply-chain relevance.","On October 10 2025, roughly a month after Kirk's death, the Accurate Energetic Systems plant in McEwen, Tennessee was destroyed, reportedly killing workers — investigators call the timing suspicious.","4","5"
"USIntelAssist_Faked_Confession","US_Intelligence_Assisted","US_Intelligence_Assisted/faked-confession.mdx","/US_Intelligence_Assisted/faked-confession","Faked Confession","Questions the Discord confession attributed to Tyler Robinson as a manufactured artifact for closing the case fast.","The Discord messages appeared around 7:57 PM on September 11 2025 saying in substance it was me, all by myself — unsigned, unsworn, and reportedly conflicting with the custody timeline.","5","4"
"USIntelAssist_Fort_Huachuca","US_Intelligence_Assisted","US_Intelligence_Assisted/fort-huachuca-uvu-attendance.mdx","/US_Intelligence_Assisted/fort-huachuca-uvu-attendance","Fort Huachuca Attendance at UVU","Placeholder page tracking the claim that personnel tied to Fort Huachuca were present at UVU on the day.","Fort Huachuca is the Army's military intelligence home; the claim that people tied to it attended the UVU event is logged here as unproven and still being assembled.","6","4"
"USIntelAssist_Overview","US_Intelligence_Assisted","US_Intelligence_Assisted/overview.mdx","/US_Intelligence_Assisted/overview","US Intelligence Assisted","Section landing page introducing the claim that US intelligence assisted the assassination, with sitting-congresswoman commentary.","A sitting member of Congress, Marjorie Taylor Greene, is documented on this page publicly questioning the official account of Charlie Kirk's death.","7","4"
"UVU_Pavers_Merrell","UVU","UVU/Pavers.mdx","/UVU/Pavers","Pavers — Dan Merrell's Account","Contractor Dan Merrell's on-camera account of being called to pave over the UVU crime scene days after the shooting.","Merrell says a coordinator told him ""the governor and the FBI said they want this done by Monday"" — the courtyard was paved Sunday Sept 14, with roughly 8–10 inches of soil reportedly already excavated by an earlier team.","1","4"
"UVU_Tent_Exploding_Mic","UVU","UVU/Tent.mdx","/UVU/Tent","The Tent — Exploding Mic Theory","The event tent and the argument that a rigged RØDE microphone, not a rooftop rifle, killed Charlie Kirk.","Proponents note a rectangular chest bulge from the RØDE transmitter visible before the event and gone after, with glass and case fragments reportedly photographed on the SUV floorboard — a ~0.5g PETN charge would fit inside.","2","4"
"UVU_Pre_Shooting_Warnings","UVU","UVU/pre-shooting-warnings.mdx","/UVU/pre-shooting-warnings","Pre-Shooting Warnings: Two Men Contacted UVU the Night Before","GRAMA records showing two separate warnings reached UVU on September 9, both dismissed or undocumented.","At 10:35 PM on Sept 9, two men reportedly came to UVU asking to talk to police about ""a plan."" At 11:19 PM the chain dismissed them as ""GOP reps."" Fourteen hours later Kirk was killed.","3","4"
"UVU_Losee_Rooftop","UVU","UVU/Losee_Center.mdx","/UVU/Losee_Center","Losee Center (Alleged Sniper Rooftop)","The building charging documents name as the firing position, its affidavit timeline, and the contested rooftop video.","Reconstruction of the released rooftop clip reportedly shows the runner beginning an all-out sprint at 12:23:28 while Kirk was struck at 12:23:30 — a two-second gap the analyst argues makes that runner's shot impossible.","4","4"
"UVU_Stingray_Foreign_Phones","UVU","UVU/Stingray-Device.mdx","/UVU/Stingray-Device","Stingray Device at UVU (Claims)","Allegations of an IMSI-catcher at UVU plus foreign-phone, HADES overflight, and Carbyne surveillance threads.","Posts attributed to Tony Seruga allege 44 foreign-registered phones near Kirk at the shot — reportedly 16 Israeli, 13 Chinese, 12 Russian, 3 Iranian — with four Israeli phones later traced to Islamabad's Serena Hotel.","5","4"
"UVU_Hardscape_LLC","UVU","UVU/Hardscape-Specialties.mdx","/UVU/Hardscape-Specialties","Hardscape Specialties LLC","Corporate-record claims about the entity tied to the post-shooting UVU courtyard hardscape work.","Citizen corporate research alleges the LLC sat dormant about 20 years before being revived in February 2025, is owned by a described Utah Attorney General special agent and a former UVU operations staffer, with no public bidding.","6","4"
"UVU_CIA_Profiles_Scrub","UVU","UVU/CIA-UVU-Profiles.mdx","/UVU/CIA-UVU-Profiles","CIA-Linked UVU Profiles (Claims)","Claims that UVU National Security Society profiles were removed shortly after the assassination, plus campus intelligence-adjacent context.","Research notes allege the UVU National Security Society's CNSSI-linked profiles were taken down on September 24, 2025 — fourteen days after the killing — and that the Losee Center's Military-Affiliated Student Hub is absent from UVU's public campus map.","7","4"
"UVU_Security_Gaps","UVU","UVU/Campus_Security_Gaps.mdx","/UVU/Campus_Security_Gaps","UVU Campus Security Gaps on September 10","GRAMA-documented staffing, rooftop, coordination, and emergency-alert failures at the Kirk event.","GRAMA records show roughly 6 campus officers for ~3,000 attendees, no ambulance on site, a false ""suspect in custody"" alert 19 minutes after the shot, and an alert still reading ""Shooter in [INSERT location]"" 88 minutes later.","8","4"
"UVU_Courtyard_Acoustics","UVU","UVU/Courtyward.mdx","/UVU/Courtyward","UVU Courtyard","The courtyard where 3,000 people gathered, its sight lines, its four-channel audio record, and the people on its edge.","A Canon XA55 broadcast camera 46 meters out recorded four uncompressed audio channels; the analysis reports three distinct low-frequency booms — not one shot — with a Mach cone at ~+114 ms and muzzle blast at ~+202 ms.","9","4"
"UVU_Campus_Maps","UVU","UVU/maps.mdx","/UVU/maps","UVU Campus Maps","Campus geometry, the affidavit's alleged suspect route, and the map landmarks every shooter-location theory is tested against.","The charging documents place the rooftop 150 yards from the stage, yet a ballistics note argues a shot at a crouching target from that height carries only a 5–9 degree downward angle — inconsistent with the observed neck wound.","10","4"
"UVU_Administration_Response","UVU","UVU/UVU-Administration-Response.mdx","/UVU/UVU-Administration-Response","UVU Administration Response","Cabinet-level actions, GRAMA-recorded pre-event decisions, alert failures, and post-shooting messaging by UVU leadership.","UVU acknowledged additional GRAMA records beyond the 112 released pages but withheld them, and offered no public engineering or preservation rationale for paving the courtyard four days after the homicide.","11","5"
"UVU_Institutional_Response","UVU","UVU/UVU-Institutional-Response.mdx","/UVU/UVU-Institutional-Response","UVU Institutional Response","Institution-wide synthesis of UVU's pre-event planning, day-of alerts, records withholding, and post-shooting site changes.","The UVU-funded Joint Public Order Unit with Orem PD was never activated despite Orem PD emailing a ticket link on September 3, and no outside law enforcement was on scene during the event.","12","4"
"UVU_Student_Reactions","UVU","UVU/UVU-Student-Reactions.mdx","/UVU/UVU-Student-Reactions","UVU Student Reactions","Student-facing effects: lockdown, false alerts, counseling, vigil, and student-captured eyewitness media.","UVU's official posts put the shooting at ~12:10 PM while prosecutor and FBI timelines use 12:23 PM — a 13-minute discrepancy, and about 10,000 students may have believed the threat was contained during the false-custody window.","13","4"
"UVU_Social_Media_Response","UVU","UVU/UVU_Social_Media_Response.mdx","/UVU/UVU_Social_Media_Response","UVU Social Media and Public Statements","Compiled claims from UVU's official X posts and public statements following the assassination.","Witness Ryne Simmons reportedly filmed the killing in 4K/60fps, sent it to the FBI, and says he was instructed to delete his copy — he says he kept one anyway.","14","4"
"UVU_Faculty_Statements","UVU","UVU/UVU-Faculty-Statements.mdx","/UVU/UVU-Faculty-Statements","UVU Faculty Statements","What records document about faculty exposure on September 10 — training gaps, lockdown conditions, and traceable statements.","GRAMA compilations report UVU faculty had received no active-shooter protocol training before hosting the event, and no public proof exists of any pre-event rooftop clearance by campus police.","15","4"
"UVU_Investigation_Index","UVU","UVU/UVU_Investigation_Index.mdx","/UVU/UVU_Investigation_Index","UVU Investigation Index","Question-by-question map of every UVU thread plus a presence-only roster of people on campus September 10.","It frames UVU as both kill zone and institution, and rosters the AV and production crew feet from Kirk.","16","4"
"UVU_Overview","UVU","UVU/overview.mdx","/UVU/overview","UVU","Landing page for the UVU section with a likelihood timeline for the moment of the shot and links to every subpage.","Its likelihood chart is explicitly not a government finding — it models the shot at about 12:23 PM MDT from public claims rather than from any official determination.","17","4"
"Videos_FBI_Erase_Footage","Videos","Videos/Vid_FBI/Vid_Footage_Asked_Be/Vid_Alleytopfiles_Where_Are_All_2087635.mdx","/Videos/Vid_FBI/Vid_Footage_Asked_Be/Vid_Alleytopfiles_Where_Are_All_2087635","Erase It, You'll Get PTSD — The Clearest Copy Of That Account","A 1:15 testimonial in which a witness says an FBI contact advised him to delete his shooting footage.","A witness says a national-level FBI contact reportedly told him to erase his phone footage of the shooting to avoid PTSD, then called back to confirm he had deleted it.","1","4"
"Videos_AES_Charge_Contract","Videos","Videos/Vid_Exploding_Microphone/Vid_AES_Contract_Claim/Vid_Mistressdivy_Paralegal_Analyzes_AES_2072814.mdx","/Videos/Vid_Exploding_Microphone/Vid_AES_Contract_Claim/Vid_Mistressdivy_Paralegal_Analyzes_AES_2072814","Four Procurement Anomalies in the AES Contract","Walkthrough of a federal spending record for a miniaturized anti-personnel charge award, listing four procurement anomalies.","A USASpending record reportedly shows a $440,494 award for a miniaturized anti-personnel charge, with four flagged procurement anomalies — cited as support for the exploding-microphone thesis.","2","4"
"Videos_No_Interview_Order","Videos","Videos/Vid_Cover_Up_Possible/Vid_Cover_Up_Indicators/Vid_Project_Constitution_EXPOSED_FBI_1971655.mdx","/Videos/Vid_Cover_Up_Possible/Vid_Cover_Up_Indicators/Vid_Project_Constitution_EXPOSED_FBI_1971655","Police Radio: We've Been Given Clear Direction Not to Interview","48 seconds of police radio traffic in which units say they were told not to interview witnesses.","On the day's radio traffic, officers state they were given clear direction by SBI and FBI not to interview, and to hold a man until federal agents arrived.","3","4"
"Videos_Sniper_Exit_Wound","Videos","Videos/Vid_Ballistics_Gun/Vid_Ballistics_Analysis/Vid_Ballistics_Kirk_KLcwHCd.mdx","/Videos/Vid_Ballistics_Gun/Vid_Ballistics_Analysis/Vid_Ballistics_Kirk_KLcwHCd","Zeb Boykin — A Scout Sniper's Frame-by-Frame Ballistics Read","A 22-minute four-angle ballistics breakdown by a former USMC Scout Sniper of the neck wound.","A former USMC Scout Sniper argues frame by frame that the neck wound is an exit, not an entrance, and that the shot came from Kirk's right — not the rooftop direction.","4","4"
"Videos_Bagley_Bodycam_Died","Videos","Videos/Vid_Cover_Up_Possible/Vid_Body_Camera_Gaps/Vid_JOKAQARMY1_Clip_Captioned_Officer_2074257.mdx","/Videos/Vid_Cover_Up_Possible/Vid_Body_Camera_Gaps/Vid_JOKAQARMY1_Clip_Captioned_Officer_2074257","Court TV Clip: Officer Bagley on Why the Body Cam Ends on the Roof","Courtroom cross-examination about a body camera that stopped recording while the officer was on the roof.","In court an officer testifies his body camera battery died while he was still on the Losee Center roof, before the crime tape went up — so the rooftop is unrecorded.","5","4"
"Videos_No_Bodycam_Found","Videos","Videos/Vid_Tyler_Robinson/Vid_Arrest_Broadcast/Vid_Steve_Cameron_HolonCitizen_Mzandthropic_2051568.mdx","/Videos/Vid_Tyler_Robinson/Vid_Arrest_Broadcast/Vid_Steve_Cameron_HolonCitizen_Mzandthropic_2051568","There Was None — The Body-Camera Answer On the Record","Appeal-hearing audio in which a county representative says no body camera footage was located.","On the record at a records appeal, a county representative states a search for body camera footage of the surrender turned up none at all.","6","4"
"Videos_Kent_Foreign_Review","Videos","Videos/Vid_Intelligence_Services/Vid_Joe_Kent_Interview/Vid_ArtifexMemor_Video_Juliandorey_Julian_2079560.mdx","/Videos/Vid_Intelligence_Services/Vid_Joe_Kent_Interview/Vid_ArtifexMemor_Video_Juliandorey_Julian_2079560","Joe Kent on Why the NCTC Foreign Review Stopped Early","Podcast clip in which a former NCTC director describes the foreign-ties review being halted.","Former NCTC director Joe Kent says the parallel review of foreign ties to the Kirk assassination was stopped once a suspect was in custody — before it could finish.","7","4"
"Videos_Witness_Chest_Neck","Videos","Videos/Vid_Cause_Death/Vid_Eyewitness_Accounts_Wound/Vid_CharlotteLee_88_Witness_Lineup_2069566.mdx","/Videos/Vid_Cause_Death/Vid_Eyewitness_Accounts_Wound/Vid_CharlotteLee_88_Witness_Lineup_2069566","The Witness Lineup — Chest on FOX 13, Neck on KSL","Two same-day broadcast interviews in which the same witness describes different wound locations.","The same eyewitness describes a chest and heart wound to FOX 13, then a lower-neck wound to KSL about an hour later — the wound location shifts within a single afternoon.","8","4"
"Videos_Candace_Rejects_3006","Videos","Videos/Vid_Other/Vid_Unfiled_Footage/Vid_2038934507307343872_2038934.mdx","/Videos/Vid_Other/Vid_Unfiled_Footage/Vid_2038934507307343872_2038934","Candace Owens Frame-by-Frame on the Tent Footage","Candace Owens walks the tent footage frame by frame and rejects the rifle-round account.","Candace Owens says she does not accept a .30-06 killed Charlie Kirk, citing the clean white shirt, the absence of backward blood spatter, and the necklace movement.","9","4"
"Videos_Black_Shards","Videos","Videos/Vid_Exploding_Microphone/Vid_Microphone_Footage/Vid_Project_Constitution_Black_Shards_2084239.mdx","/Videos/Vid_Exploding_Microphone/Vid_Microphone_Footage/Vid_Project_Constitution_Black_Shards_2084239","Project Constitution — Black Shards Falling From Charlie Kirk's Shirt","A 38-second slow-motion analysis circling dark fragments said to fall from under the shirt.","Slow-motion of the collapse reportedly shows small black shards dropping from beneath the shirt — debris consistent with a device on the body rather than an incoming rifle round.","10","4"
"Videos_Pager_Attack_Thesis","Videos","Videos/Vid_Exploding_Microphone/Vid_Microphone_Footage/Vid_Y4iVm588Tf4kJH3A_T6tf2Sp.mdx","/Videos/Vid_Exploding_Microphone/Vid_Microphone_Footage/Vid_Y4iVm588Tf4kJH3A_T6tf2Sp","The Pager-Attack Case, Compressed Into 113 Seconds","A captioned edit laying out the exploding-microphone thesis from motive to slow-motion neck analysis.","The edit sets the Lebanon exploding-pager operation beside RØDE lavalier clasp dimensions and ballistic-gel comparison, arguing the same miniature-charge method was used on stage.","11","4"
"Videos_N1098L_600_Feet","Videos","Videos/Vid_Aircraft_Flight_Evidence/Vid_Spy_Plane_Footage/Vid_Hades_Spy_Plane_86EdBzo.mdx","/Videos/Vid_Aircraft_Flight_Evidence/Vid_Spy_Plane_Footage/Vid_Hades_Spy_Plane_86EdBzo","The Full HADES Walkthrough: Both Passes, Tower Requests, Altitudes","Narrated breakdown of two low passes by surveillance aircraft N1098L over the area on September 10.","Surveillance aircraft N1098L reportedly made two low passes near UVU that day — 118 knots at a stated 600 feet, with a second pass at 12:48 Mountain, minutes after the shooting.","12","4"
"Videos_Israeli_IP_Searches","Videos","Videos/Vid_Google_Searches/Vid_Search_Trend_Evidence/Vid_Project_Constitution_ISRAELI_IP_1977626.mdx","/Videos/Vid_Google_Searches/Vid_Search_Trend_Evidence/Vid_Project_Constitution_ISRAELI_IP_1977626","The 20-Minute Israeli-IP Walkthrough: Hospital, Examiner, Surgeons, Plane","Screen-share walkthrough of Google Trends clusters and flight data tied to the case.","The presenter shows search-trend clusters for the receiving hospital, its medical examiner and its surgeons said to originate from Israel-side IPs before the shooting.","13","4"
"Videos_Merrell_Paving_Call","Videos","Videos/Vid_Cover_Up_Possible/Vid_Crime_Scene_b65d/Vid_ShadowofEzra_Dan_Merrell_2057560.mdx","/Videos/Vid_Cover_Up_Possible/Vid_Crime_Scene_b65d/Vid_ShadowofEzra_Dan_Merrell_2057560","Dan Merrell on the Call to Pave the Courtyard","The paving contractor describes who called him and the deadline he was given for the UVU courtyard.","The contractor who laid the UVU pavers describes being called with a Monday deadline to redo the courtyard — the crime scene surface was replaced within days.","14","4"
"Videos_Egyptian_Subcontractors","Videos","Videos/Vid_UVU_Venue/Vid_Citizen_Analysis_Footage/Vid_Citizen_Analysis_a87f/Vid_RyanMatta_FBI_Needs_Immediately_1984014.mdx","/Videos/Vid_UVU_Venue/Vid_Citizen_Analysis_Footage/Vid_Citizen_Analysis_a87f/Vid_RyanMatta_FBI_Needs_Immediately_1984014","Candace Owens on the Provo Drop-Off Claim","Candace Owens relays a source claim about foreign military subcontractors arriving in Provo.","Candace Owens says a source told her Egyptian military subcontractors were dropped in Provo and did not leave on the aircraft that returned — an allegation she attributes to that source.","16","4"
"Videos_Cellebrite_Extraction","Videos","Videos/Vid_Court_Legal_Proceedings/Vid_Cellebrite_Phones/Vid_Realstewpeters_Utah_V_Robinson_2075290.mdx","/Videos/Vid_Court_Legal_Proceedings/Vid_Cellebrite_Phones/Vid_Realstewpeters_Utah_V_Robinson_2075290","Court Testimony on the Cellebrite Extraction of Twiggs's Phone","Courtroom testimony establishing a forensic phone extraction and the first message recovered.","Court testimony confirms a Cellebrite extraction of Lance Twiggs's phone, putting the Discord-message evidence chain into the record for the first time.","17","4"
"Videos_Mirandize_625_Document","Videos","Videos/Vid_Court_Legal_Proceedings/Vid_Mirandize_Dispute/Vid_Bechedith_Re_Baroncoleman_VLuvMully_2076295.mdx","/Videos/Vid_Court_Legal_Proceedings/Vid_Mirandize_Dispute/Vid_Bechedith_Re_Baroncoleman_VLuvMully_2076295","Baron Coleman on the 6:25 PM Bates Document","Document walkthrough of a defence filing and booking sheet on when the suspect was read his rights.","Attorney Baron Coleman argues from a Bates-stamped filing that the Miranda time of 6:25 PM does not fit the publicly stated custody sequence.","18","4"
"Videos_Multi_Agency_Coverup","Videos","Videos/Vid_Cover_Up_Possible/Vid_Multi_Agency_Cover/Vid_IGraceAshford_Baron_Coleman_Alleges_2072021.mdx","/Videos/Vid_Cover_Up_Possible/Vid_Multi_Agency_Cover/Vid_IGraceAshford_Baron_Coleman_Alleges_2072021","Baron Coleman: A Multi-Agency Cover-Up and the Custody Clock","Attorney states his view that the published custody timeline does not add up.","Attorney Baron Coleman says on camera that he believes the Robinson custody timeline reflects a multi-agency cover-up, not an ordinary arrest sequence.","19","4"
"Videos_Roof_Timestamp_1223","Videos","Videos/Vid_UVU_Venue/Vid_Roof_Runner_Clips/Vid_Roofshooter3_ggvQD8N.mdx","/Videos/Vid_UVU_Venue/Vid_Roof_Runner_Clips/Vid_Roofshooter3_ggvQD8N","Surveillance Cut Stamped 12:23:35 PM (roofshooter3)","A campus security composite carrying a legible burned-in timestamp seconds after the shot.","This retrieval of the campus surveillance composite carries a burned-in stamp reading 9/10/2025 12:23:35 PM, pinning the roof-figure sequence to seconds after the report.","20","4"
"Videos_Peterson_TPUSA_Israel","Videos","Videos/Vid_Israel/Vid_Israel_Connection_Clips/Vid_Israel_Connection_52fb/Vid_M0ssad_Recruit_Emp_1_JR6nHX2.mdx","/Videos/Vid_Israel/Vid_Israel_Connection_Clips/Vid_Israel_Connection_52fb/Vid_M0ssad_Recruit_Emp_1_JR6nHX2","Joshua Peterson's Self-Recorded Whistleblower Statement","A former TPUSA representative alleges he was questioned about Israel during a training outing.","A named former TPUSA representative alleges on camera that he was probed about his views on Israel during a staff training outing — a single uncorroborated account.","21","4"
"Videos_Owens_Text_Claim","Videos","Videos/Vid_Israel/Vid_Israel_Connection_Clips/Vid_Israel_Connection_52fb/Vid_Candace_Myron_kezPsbX.mdx","/Videos/Vid_Israel/Vid_Israel_Connection_Clips/Vid_Israel_Connection_52fb/Vid_Candace_Myron_kezPsbX","Candace Owens: The Source of the They Are Going to Kill Me Claim","Podcast interview in which Owens says a staffer holds a text from Kirk sent the day before his death.","Candace Owens states an unnamed TPUSA staffer holds a text Charlie Kirk allegedly sent the day before he died; no screenshot has been released to support it.","22","4"
"Videos_Tucker_Israel_Motive","Videos","Videos/Vid_Israel_Main_Suspect/Vid_Charlie_Changing_Israel/Vid_Partisangirl_Tucker_Carlson_Those_2068463.mdx","/Videos/Vid_Israel_Main_Suspect/Vid_Charlie_Changing_Israel/Vid_Partisangirl_Tucker_Carlson_Those_2068463","Tucker Carlson: Most Likely Murdered For His Evolving Views on Israel","A short audio clip of Tucker Carlson giving his own read on the motive.","Tucker Carlson says on tape he believes Charlie Kirk was most likely murdered over his shifting position on Israel — a mainstream host naming a foreign-policy motive.","23","4"
"Videos_Benny_State_Actors","Videos","Videos/Vid_Intelligence_Services/Vid_Former_Officers_Speak/Vid_CatQuestionsAll_Benny_Johnson_Says_2071736.mdx","/Videos/Vid_Intelligence_Services/Vid_Former_Officers_Speak/Vid_CatQuestionsAll_Benny_Johnson_Says_2071736","Benny Johnson: Considerable Evidence That There Were State Actors","A 51-second broadcast capture of a commentator alleging state-actor involvement.","Benny Johnson says he believes there is considerable evidence state actors were involved, then stops with I can't go any further than that — naming no country.","24","4"
"Videos_SEAL_General_Doubt","Videos","Videos/Vid_Intelligence_Services/Vid_Former_Officers_Speak/Vid_Jamiburns45_Brig_Gen_Blaine_2047113.mdx","/Videos/Vid_Intelligence_Services/Vid_Former_Officers_Speak/Vid_Jamiburns45_Brig_Gen_Blaine_2047113","Rob O'Neill and Brig. Gen. Blaine Holt on the Official Account","A former SEAL Team Six operator and a retired Air Force general question the official narrative.","A SEAL Team Six veteran and a retired brigadier general say on camera the official account does not match their operational experience and ask for an ordinary murder investigation.","25","4"
"Videos_Vanished_Searches","Videos","Videos/Vid_Cover_Up_Possible/Vid_Vanished_Open_Source/Vid_Realstewpeters_Stew_Peters_Claims_2077840.mdx","/Videos/Vid_Cover_Up_Possible/Vid_Vanished_Open_Source/Vid_Realstewpeters_Stew_Peters_Claims_2077840","All Of These Results Were Gone: A Claim About Vanished Searches","A host says open-source search results shown on air the previous night no longer returned anything.","Stew Peters says he tried to reproduce a guest's open-source search results live on air and found the records had stopped returning results overnight.","26","4"
"Videos_Zinn_Jail_Call","Videos","Videos/Vid_Distraction_People/Vid_George_Zinn/Vid_DiligentDenizen_George_Zinn_TPUSA_2078878.mdx","/Videos/Vid_Distraction_People/Vid_George_Zinn/Vid_DiligentDenizen_George_Zinn_TPUSA_2078878","The Jail-Call Interview - Zinn's Own Account","A recorded jail call in which George Zinn gives his account of the day and prior TPUSA work.","In a recorded jail call the man who shouted a confession at the scene describes prior door-knocking work for TPUSA and denies being paid to cause a scene.","27","4"
"Videos_Shoot_Me_Tunnel","Videos","Videos/Vid_Distraction_People/Vid_George_Zinn/Vid_Project_Constitution_RAW_VIDEO_1977615.mdx","/Videos/Vid_Distraction_People/Vid_George_Zinn/Vid_Project_Constitution_RAW_VIDEO_1977615","Shoot Me - The Tunnel Detention, Annotated","Annotated clip of the underpass detention capturing a man shouting a confession.","Scene audio captures a man shouting shoot me, kill me as he is detained in the underpass — an instant false confession minutes after the shot, while bystanders doubt it is him.","28","4"
"Videos_Scanner_Hospital_Denial","Videos","Videos/Vid_Law_Enforcement/Vid_Police_Scanner_Record/Vid_Iluminomoly_Police_Scanner_Breakdown_2075191.mdx","/Videos/Vid_Law_Enforcement/Vid_Police_Scanner_Record/Vid_Iluminomoly_Police_Scanner_Breakdown_2075191","Fifteen Minutes Inside The Police Scanner Traffic","A breakdown of the day's Utah police radio traffic and its shifting suspect descriptions.","Scanner traffic reportedly carries a hospital report the hospital later denied, shifting suspect-vehicle descriptions, and a licence plate that returned nothing.","29","4"
"Videos_Sightline_Corner","Videos","Videos/Vid_Ballistics_Gun/Vid_South_Side_Shot/Vid_Project_Constitution_MIND_BLOWING_1978201.mdx","/Videos/Vid_Ballistics_Gun/Vid_South_Side_Shot/Vid_Project_Constitution_MIND_BLOWING_1978201","Project Constitution — Checking Sightlines From the Corner","A pan of the plaza testing whether the corner crowds turned toward has line of sight to the tent.","The segment argues the corner where crowd reactions converged has no line of sight to the tent at all — so the direction people instinctively turned cannot be the shot origin.","30","4"
"Videos_Spectrogram_Analysis","Videos","Videos/Vid_UVU_Venue/Vid_Citizen_Analysis_Footage/Vid_Citizen_Analysis_0701/Vid_NerdPolitic23_BopItTwistItBob_HolonCitizen_F1dlerontheroof_2043492.mdx","/Videos/Vid_UVU_Venue/Vid_Citizen_Analysis_Footage/Vid_Citizen_Analysis_0701/Vid_NerdPolitic23_BopItTwistItBob_HolonCitizen_F1dlerontheroof_2043492","Eleven Recordings, Seven Defensible: The Spectrogram Breakdown","Acoustic comparison of a professional camcorder track against phone captures of the report.","Of eleven recordings of the sound, only seven survive as acoustically defensible, and the low-frequency band is compared across a Canon XA55 and iPhone captures.","31","4"
"Videos_Gel_Head_Test","Videos","Videos/Vid_Ballistics_Gun/Vid_Ballistics_Analysis/Vid_2026310419405504514_2026310.mdx","/Videos/Vid_Ballistics_Gun/Vid_Ballistics_Analysis/Vid_2026310419405504514_2026310","Ballistic Gel Head Shot — High-Speed Test Clip","A high-speed ballistics test of a rifle round striking a gelatin head-and-shoulders bust.","The test shows what a rifle round actually does to a head-and-neck target in slow motion — circulated because the stage footage shows nothing comparable happening.","32","4"
"Videos_Kirk_Epstein_Intel","Videos","Videos/Vid_UVU_Venue/Vid_Citizen_Analysis_Footage/Vid_Citizen_Analysis_be00/Vid_Censored_Humans_Charlie_Kirk_2019832.mdx","/Videos/Vid_UVU_Venue/Vid_Citizen_Analysis_Footage/Vid_Citizen_Analysis_be00/Vid_Censored_Humans_Charlie_Kirk_2019832","Kirk on Epstein: He Was Playing a Part","A Charlie Kirk Show segment in which Kirk argues Epstein was a role in a blackmail operation.","Kirk says on his own show that Jeffrey Epstein was not a financier but played a part in a long-running blackmail operation, and names intelligence services as possible sponsors.","33","4"
"Videos_Fort_Huachuca_Alibi","Videos","Videos/Vid_US_Intelligence_Assisted/Vid_Fort_Huachuca_Claims/Vid_AMeadowInquiry_Cabot_Phillips_Alibi_2011947.mdx","/Videos/Vid_US_Intelligence_Assisted/Vid_Fort_Huachuca_Claims/Vid_AMeadowInquiry_Cabot_Phillips_Alibi_2011947","The Alibi Clip and the Carpet Comparison","Silent office CCTV timestamped the day before, reposted with a claim about the interior's location.","Fourteen seconds of CCTV stamped 09:17 on September 9, 2025 is reposted with a claim the interior finishes match Fort Huachuca — recorded as a claim, not adopted.","34","4"
"Videos_Anticipatory_Intel_Center","Videos","Videos/Vid_US_Intelligence/Vid_CIA_Footage/Vid_Project_Constitution_ICYMI_CIA_1979657.mdx","/Videos/Vid_US_Intelligence/Vid_CIA_Footage/Vid_Project_Constitution_ICYMI_CIA_1979657","Project Constitution - The Utah State Intelligence Centre Question","A short piece on a university intelligence centre and the accused's single semester there.","Utah State hosts a Center for Anticipatory Intelligence founded by former agency personnel — and Tyler Robinson spent one semester at USU in 2021.","36","4"
"Videos_Shaped_Charge_Demo","Videos","Videos/Vid_Exploding_Microphone/Vid_Shaped_Charge_Counterargumen/Vid_Troofevades_Demonstration_Real_Shaped_2071072.mdx","/Videos/Vid_Exploding_Microphone/Vid_Shaped_Charge_Counterargumen/Vid_Troofevades_Demonstration_Real_Shaped_2071072","A Home Demonstration Of A 2.5 Gram Shaped Charge Against A Padlock","A silent demonstration assembling and detonating a miniature copper-cone shaped charge.","A 2.5 gram copper-cone shaped charge — small enough to hide in a microphone clasp — is built and detonated on camera to show what that quantity of explosive can do.","37","4"
"Videos_SUV_Glass_Photos","Videos","Videos/Vid_Exploding_Microphone/Vid_RODE_Mic_SUV/Vid_DiligentDenizen_Candace_Owens_SUV_2070615.mdx","/Videos/Vid_Exploding_Microphone/Vid_RODE_Mic_SUV/Vid_DiligentDenizen_Candace_Owens_SUV_2070615","Four Photographs of the SUV Interior, Circled in Red","A short slideshow of SUV interior photographs showing debris, fragments and staining.","Photographs of the vehicle interior are circulated with the claim that the fragments visible inside resemble device debris rather than anything a rifle round would leave.","38","4"
"Videos_TPUSA_Finances","Videos","Videos/Vid_TPUSA_Turning_Point/Vid_TPUSA_Finances/Vid_QwGo0LyZ3I_gAQoxPs.mdx","/Videos/Vid_TPUSA_Turning_Point/Vid_TPUSA_Finances/Vid_QwGo0LyZ3I_gAQoxPs","Wolves and Finance on the TPUSA Entity Structure","A financial commentator breaks down TPUSA's affiliated entities and money flows.","An accountant walks the filings for TPUSA's network of affiliated entities, showing how money moves between the nonprofit, the action arm and related organizations.","39","4"
"Videos_TPUSA_Drone_Shot","Videos","Videos/Vid_Drones/Vid_Drone_Sightings_UVU/Vid_Drone_Sightings_e435/Vid_Project_Constitution_TPUSA_S_1978960.mdx","/Videos/Vid_Drones/Vid_Drone_Sightings_UVU/Vid_Drone_Sightings_e435/Vid_Project_Constitution_TPUSA_S_1978960","Drone Shot From the TPUSA Birthday Tribute Video","A silent aerial shot of the packed plaza taken from TPUSA's own tribute video.","TPUSA's own October tribute video contains an aerial shot of the packed September 10 plaza — circulated as evidence a drone was flying, contrary to reports of none.","40","4"
"Vote_Civic_Pressure","Vote","Vote/overview.mdx","/Vote/overview","Vote","Covers how citizens can use voting and civic pressure to force disclosure and accountability in the Charlie Kirk case.","Points out the autopsy and medical-examiner records remain sealed and FBI/intelligence files withheld, and urges voters to track which lawmakers vote against forced-disclosure bills.","1","4"
"Witnesses_Chest_Blood_Squirt","Witnesses","Witnesses/hit-his-chest-blood-squirt.mdx","/Witnesses/hit-his-chest-blood-squirt","""You Just See It Hit His Chest"" — Second-Row Witnesses Describe a Heart Shot","Second-row witnesses on camera describe the impact landing on Kirk's chest and blood coming from the middle of his chest.","Two second-row witnesses say on camera ""you just see it hit his chest"" and ""shot in the heart"" — directly conflicting with the state's neck-wound .30-06 account, never publicly reconciled.","1","4"
"Witnesses_Chest_Neck_Reversal","Witnesses","Witnesses/Shot_in_Chest_Reversal.mdx","/Witnesses/Shot_in_Chest_Reversal","Shot in the Chest, Then the Neck — One Witness, Two Accounts","One witness's televised wound description shifts from chest and heart to neck between two stations about an hour apart.","The same witness reportedly said ""directly into his heart"" three times, then told a different station under an hour later it was ""in the neck, lower neck"" — with the clip preserved.","2","4"
"Witnesses_Shot_To_Heart","Witnesses","Witnesses/shot-to-the-heart.mdx","/Witnesses/shot-to-the-heart","Shot to the Heart — The Repeated Theme and the Shaped-Charge Question","Collects the recurring early ""direct shot to the heart"" witness theme and the shaped-charge alternative some researchers propose.","Angie Martin, a retired 20-year Unified Police officer, says on camera the wound pattern suggests a shot from below, and researchers argue a shaped charge fired at an angle explains it.","3","4"
"Witnesses_Wrong_Witnesses","Witnesses","Witnesses/wrong_witnesses.mdx","/Witnesses/wrong_witnesses","Wrong Witnesses — Why the Same Wrong Detail?","Asks why several on-camera witnesses gave the same chest or heart wound detail that commentators say the footage does not show.","Multiple unconnected witnesses used near-identical heart-wound wording; the page asks whether a shaped charge in the lapel microphone was designed to produce exactly that chest wound.","4","4"
"Witnesses_Nick_UVU","Witnesses","Witnesses/Nick.mdx","/Witnesses/Nick","Nick — UVU Witness","On-camera street interview with a UVU witness describing the sound, the crowd reaction, and the shot direction.","Nick says a group at the top of the venue cheered when Kirk was hit, and describes only a ""loud pop"" — not the heavy crack of a .30-06 — with the shot entering from Kirk's right.","5","4"
"Witnesses_EksAyn_Anderson","Witnesses","Witnesses/EksAyn-Anderson.mdx","/Witnesses/EksAyn-Anderson","EksAyn Anderson — Front-Row Question","Records a question raised on X about a self-described behavioural expert reportedly seated in UVU's reserved front row.","An X account asks why a self-described ""human behavioural expert"" tied to BYU was reportedly in the reserved front row; four photos are preserved, and no wrongdoing is alleged.","6","4"
"Witnesses_Section_Overview","Witnesses","Witnesses/overview.mdx","/Witnesses/overview","Witnesses","Index of firsthand UVU witness accounts, with a featured clip and a caution about interviews versus sworn testimony.","Notes that none of these widely cited on-camera accounts are sworn testimony, and features the clip where one witness's chest account becomes a neck account within an hour.","7","4"
"YourActions_Citizen_Action_Guide","Your_Actions_Fix_It","Your_Actions_Fix_It/overview.mdx","/Your_Actions_Fix_It/overview","Your Actions Fix It","Practical guide to lawful citizen action: FOIA/GRAMA filings, the four Fix Laws, IPFS video preservation, and pressure on legislators.","Notes that former NCTC director Joe Kent has said on the record his center's parallel review of potential foreign ties was ordered stopped before its leads were exhausted.","1","4"
