page_key,parent_key,level,level2_parent,level2_section,page_type,url_path,file_path,title,sidebar_label,directory,extension,has_frontmatter,line_count,description
Fix_Churches,Fix,3,Fix,Fix,topic,/Fix/Churches,site/docs/Fix/Churches.mdx,Ask Churches to Ensure Justice Happens,Ask Churches to Ensure Justice Happens,Fix,mdx,yes,339,"This page explores how churches and other faith communities might respond constructively when a public tragedy, such as the killing of Charlie Kirk, raises…"
Fix_Conclusion_Logic,Fix,3,Fix,Fix,topic,/Fix/Conclusion_Logic,site/docs/Fix/Conclusion_Logic.mdx,Conclusion Logic: Evidence Thresholds,Conclusion Logic: Evidence Thresholds,Fix,mdx,yes,307,"This page is a reference guide to the evidence thresholds that different U.S. legal, administrative, military, and intelligence systems use to decide whether…"
Fix_Digital_Evidence,Fix,3,Fix,Fix,topic,/Fix/Digital_Evidence,site/docs/Fix/Digital_Evidence.mdx,Digital Evidence Preservation,Digital Evidence Preservation,Fix,mdx,yes,325,"This page sketches a policy concept recurring throughout the research corpus: statutory standards for the preservation, chain-of-custody, and handling of…"
Fix_Discovery_Rights,Fix,3,Fix,Fix,topic,/Fix/Discovery_Rights,site/docs/Fix/Discovery_Rights.mdx,Discovery Rights Reform,Discovery Rights Reform,Fix,mdx,yes,315,This page sketches a policy concept that recurs throughout the research corpus: reforming criminal discovery rules so that defendants can reliably obtain…
Fix_Event_Security,Fix,3,Fix,Fix,topic,/Fix/Event_Security,site/docs/Fix/Event_Security.mdx,Event Security Standards,Event Security Standards,Fix,mdx,yes,366,This page sketches a policy concept that recurs throughout the research corpus: a framework for public-event security standards applicable to political…
Fix_Foreign_Influence,Fix,3,Fix,Fix,topic,/Fix/Foreign_Influence,site/docs/Fix/Foreign_Influence.mdx,Foreign Influence Transparency,Foreign Influence Transparency,Fix,mdx,yes,329,This page sketches a policy concept that recurs throughout the research corpus: strengthening the existing framework for foreign-influence transparency so…
Fix_Media_Reform,Fix,3,Fix,Fix,topic,/Fix/Media_Reform,site/docs/Fix/Media_Reform.mdx,Media and Journalism Transparency,Media and Journalism Transparency,Fix,mdx,yes,323,This page sketches a policy concept that recurs throughout the research corpus: reforms that could strengthen the ability of journalists…
Fix_Medical_Transparency,Fix,3,Fix,Fix,topic,/Fix/Medical_Transparency,site/docs/Fix/Medical_Transparency.mdx,Medical Examiner Transparency,Medical Examiner Transparency,Fix,mdx,yes,301,This page expands on ideas loosely described in the research corpus as autopsy and medical-examiner transparency reform. It is a conceptual policy…
Fix_Politicans,Fix,3,Fix,Fix,topic,/Fix/Politicans,site/docs/Fix/Politicans.mdx,Vote out Cover-Up Politicians,Vote out Cover-Up Politicians,Fix,mdx,yes,295,This page discusses arguments made by some commentators for holding officials politically accountable when they believe investigations are mishandled or…
Fix_TSUSA,Fix,3,Fix,Fix,topic,/Fix/TSUSA,site/docs/Fix/TSUSA.mdx,TSUSA: Ethically Aligned with Charlie Kirk,TSUSA: Ethically Aligned with Charlie Kirk,Fix,mdx,yes,290,This page collects reform and governance ideas that commentators have proposed for organizations like Turning Point USA (TPUSA) in light of Charlie Kirk’s…
Fix_Victim_Family_Rights,Fix,3,Fix,Fix,topic,/Fix/Victim_Family_Rights,site/docs/Fix/Victim_Family_Rights.mdx,Victim Family Rights,Victim Family Rights,Fix,mdx,yes,336,This page sketches a policy concept referenced throughout the research corpus: strengthening the rights of families affected by serious crimes to receive…
Fix_Whistleblower,Fix,3,Fix,Fix,topic,/Fix/Whistleblower,site/docs/Fix/Whistleblower.mdx,Whistleblower Protections,Whistleblower Protections,Fix,mdx,yes,305,"This page sketches a policy concept that recurs throughout the research corpus: specific, enforceable protections for government employees and contractors…"
Fix_disabled_Law1,Fix,4,Fix,Fix,topic,/Fix/disabled/Law1,site/docs/Fix/disabled/Law1.mdx,Law 1: Force Information Disclosure,Law 1: Force Information Disclosure,Fix/disabled,mdx,yes,339,"This page sketches a policy concept sometimes described in the research corpus as “Law 1 – Force Information Disclosure.” It is not legal advice, and it does…"
Fix_disabled_Law2,Fix,4,Fix,Fix,topic,/Fix/disabled/Law2,site/docs/Fix/disabled/Law2.mdx,Law 2: Intelligence Disclosure,Law 2: Intelligence Disclosure,Fix/disabled,mdx,yes,273,"This page sketches a policy concept sometimes referred to in the research corpus as \\""Law 2 — Intelligence Disclosure.\\"" It is not legal advice, and it does…"
Fix_disabled_Law3,Fix,4,Fix,Fix,topic,/Fix/disabled/Law3,site/docs/Fix/disabled/Law3.mdx,Law 3: Mandate the Investigation,Law 3: Mandate the Investigation,Fix/disabled,mdx,yes,282,"This page sketches a policy concept referred to in the research corpus as \\""Law 3 — Mandate the Investigation.\\"" It is not legal advice, and it does not assume…"
Fix_disabled_Law4,Fix,4,Fix,Fix,topic,/Fix/disabled/Law4,site/docs/Fix/disabled/Law4.mdx,Law 4: Trusted Investigators,Law 4: Trusted Investigators,Fix/disabled,mdx,yes,290,"This page sketches a policy concept referred to in the research corpus as \\""Law 4 — Trusted Investigators.\\"" It is not legal advice, and it does not assume…"
Fix,Home,2,,Fix,overview,/Fix/overview,site/docs/Fix/overview.mdx,Charlie Kirk Disclosure Laws and Reforms (The Fix),New Laws (Fix),Fix,mdx,yes,448,"The Charlie Kirk disclosure laws: four proposed federal laws to force out DOJ, FBI and spy agency files, mandate an investigation and add trusted investigators."
GoogleSearches_DC_Metro,GoogleSearches,3,GoogleSearches,GoogleSearches,topic,/GoogleSearches/dc-metro-search-patterns,site/docs/GoogleSearches/dc-metro-search-patterns.mdx,DC & Metro Search Patterns (Claims),DC Metro Patterns,GoogleSearches,mdx,yes,188,"Google Trends claims for Washington DC and federal-corridor searches before Sept 10 2025 — hospital, DPS, Tyler Robinson, and Virginia/DMV context."
GoogleSearches_FBI_DPS,GoogleSearches,3,GoogleSearches,GoogleSearches,topic,/GoogleSearches/fbi-dps-law-enforcement-searches,site/docs/GoogleSearches/fbi-dps-law-enforcement-searches.mdx,"FBI, DPS & Law Enforcement Searches",FBI & DPS,GoogleSearches,mdx,yes,195,"Google Trends claims for FBI Salt Lake SACs Mehtab Syed and Robert Bohls, Utah DPS Beau Mason, and Mike Mitchell before Sept 10 2025."
GoogleSearches_Index,GoogleSearches,3,GoogleSearches,GoogleSearches,index,/GoogleSearches/investigation-index,site/docs/GoogleSearches/investigation-index.mdx,Google Searches — Investigation Index,Investigation Index,GoogleSearches,mdx,yes,203,"Hub for Google Trends search-pattern claims before Sept 10 2025 — Israel, DC, and related IP geographies tied to Charlie Kirk case figures and locations."
GoogleSearches_Israel_IP,GoogleSearches,3,GoogleSearches,GoogleSearches,topic,/GoogleSearches/israel-ip-search-patterns,site/docs/GoogleSearches/israel-ip-search-patterns.mdx,Israel IP Search Patterns (Claims),Israel IP Patterns,GoogleSearches,mdx,yes,213,"Summary of citizen claims that Google Trends showed Israeli-geography search spikes for Charlie Kirk case subjects before Sept 10, 2025."
GoogleSearches_Judges,GoogleSearches,3,GoogleSearches,GoogleSearches,topic,/GoogleSearches/judges-graf-lunnen-searches,site/docs/GoogleSearches/judges-graf-lunnen-searches.mdx,Judges Graf & Lunnen — Search Patterns,Judges Graf & Lunnen,GoogleSearches,mdx,yes,228,Claims of Israeli Google Trends searches for Utah judges Tony Graf and Robert Lunnen before Charlie Kirk's death with no Utah searches until after.
GoogleSearches_July20,GoogleSearches,3,GoogleSearches,GoogleSearches,topic,/GoogleSearches/july-20-2025-anchor,site/docs/GoogleSearches/july-20-2025-anchor.mdx,"July 20, 2025 — Anchor Window",July 20 Anchor,GoogleSearches,mdx,yes,279,"Why commentators anchor pre-assassination Google Trends spikes on July 20, 2025 — AMFEST, SU-BTT, surgeon searches, and Beau Mason appointment."
GoogleSearches_Nester,GoogleSearches,3,GoogleSearches,GoogleSearches,topic,/GoogleSearches/kathryn-nester-searches,site/docs/GoogleSearches/kathryn-nester-searches.mdx,Kathryn Nester — Dec 2024 Israel Spike,Kathryn Nester,GoogleSearches,mdx,yes,229,Claims of a Dec 8–14 2024 Google Trends surge for Tyler Robinson defense counsel Kathryn Nester from Israeli geography before the shooting.
GoogleSearches_Nester_Repull,GoogleSearches,3,GoogleSearches,GoogleSearches,topic,/GoogleSearches/nester-israel-trends-repull,site/docs/GoogleSearches/nester-israel-trends-repull.mdx,"Nester Israel Trends Re-Pull — ""It's Every Time"" (Claims)",Nester Trends Re-Pull,GoogleSearches,mdx,yes,270,"A fresh Google Trends pull for Kathryn Nester filtered to Israel reproduces the single isolated spike, offered by @ArtifexMemor as evidence the pattern is repeatable rather than cherry-picked."
GoogleSearches_Misc,GoogleSearches,3,GoogleSearches,GoogleSearches,topic,/GoogleSearches/misc-figures-searches,site/docs/GoogleSearches/misc-figures-searches.mdx,"Misc Figures — Fox, Merrell, Zinn",Misc Figures,GoogleSearches,mdx,yes,176,"Additional Google Trends search claims — Daniel Merrell, George Zinn, and scattered names from Israel/DC compilations."
GoogleSearches,Home,2,,GoogleSearches,overview,/GoogleSearches/overview,site/docs/GoogleSearches/overview.mdx,Google Searches,Google Searches,GoogleSearches,mdx,yes,379,"Hub for Google Trends claims before Sept 10 2025 — Israel, DC, and related searches for Charlie Kirk case people, places, planes, and institutions."
GoogleSearches_Planes,GoogleSearches,3,GoogleSearches,GoogleSearches,topic,/GoogleSearches/planes-search-patterns,site/docs/GoogleSearches/planes-search-patterns.mdx,Planes — N1098L & N888KG Search Patterns,Plane Searches,GoogleSearches,mdx,yes,180,Google Trends claims for N1098L HADES jet and N888KG tail-number searches from Israel and Utah before Sept 10 2025.
GoogleSearches_Medical,GoogleSearches,3,GoogleSearches,GoogleSearches,topic,/GoogleSearches/timpanogos-medical-searches,site/docs/GoogleSearches/timpanogos-medical-searches.mdx,"Timpanogos, Examiner & Surgeon Searches",Medical Searches,GoogleSearches,mdx,yes,256,"Google Trends claims for Timpanogos Regional Hospital, Dr. Deirdre Amaro, seven surgeons, Greg Gunn autopsy law, and Daniel Merrell."
GoogleSearches_TPUSA_Political,GoogleSearches,3,GoogleSearches,GoogleSearches,topic,/GoogleSearches/tpusa-political-figures-searches,site/docs/GoogleSearches/tpusa-political-figures-searches.mdx,TPUSA Insiders & Political Figures — Searches,TPUSA & Political,GoogleSearches,mdx,yes,186,Google Trends claims for Charlie Kirk circle TPUSA names and Utah political figures searched from Israel and DC before Sept 10 2025.
GoogleSearches_Deletion,GoogleSearches,3,GoogleSearches,GoogleSearches,topic,/GoogleSearches/trends-deletion-suppression,site/docs/GoogleSearches/trends-deletion-suppression.mdx,Trends Deletion & Suppression Claims,Trends Deletion,GoogleSearches,mdx,yes,193,Allegations that Google Trends data for Charlie Kirk case terms vanished after viral posts — Precision Marble & Granite and live scrub claims.
GoogleSearches_Tyler_Lance,GoogleSearches,3,GoogleSearches,GoogleSearches,topic,/GoogleSearches/tyler-robinson-lance-twiggs-searches,site/docs/GoogleSearches/tyler-robinson-lance-twiggs-searches.mdx,Tyler Robinson & Lance Twiggs — Search Patterns,Tyler & Lance Twiggs,GoogleSearches,mdx,yes,239,"Google Trends claims for Tyler Robinson, Lance Twiggs, and St. George address searches from Israel and DC before Sept 10 2025."
GoogleSearches_UVU,GoogleSearches,3,GoogleSearches,GoogleSearches,topic,/GoogleSearches/uvu-campus-location-searches,site/docs/GoogleSearches/uvu-campus-location-searches.mdx,UVU Campus & Location Searches,UVU & Locations,GoogleSearches,mdx,yes,221,"Google Trends claims for Utah Valley University buildings, Losee Center, parking, and Sept 9 N888KG search before the Charlie Kirk shooting."
GoogleSearches_CENTCOM,GoogleSearches,3,GoogleSearches,GoogleSearches,topic,/GoogleSearches/centcom-search-patterns,site/docs/GoogleSearches/centcom-search-patterns.mdx,CENTCOM — Search Result Claims,CENTCOM Searches,GoogleSearches,mdx,yes,278,"The US Central Command thread inside the Fort Huachuca image-search claim — the Sept 8 2025 El-Sisi meeting, the 'Admiral Cooper' query, and the evidence limits."
GoogleSearches_Crane,GoogleSearches,3,GoogleSearches,GoogleSearches,topic,/GoogleSearches/crane-search-patterns,site/docs/GoogleSearches/crane-search-patterns.mdx,Crane — Search Result Claims,Crane Searches,GoogleSearches,mdx,yes,265,"The NSWC Crane thread inside the Fort Huachuca image-search claim — the miniaturized demolition charge contract, the exploding-mic theory link, and why the search claim proves nothing."
GoogleSearches_DIA,GoogleSearches,3,GoogleSearches,GoogleSearches,topic,/GoogleSearches/dia-search-patterns,site/docs/GoogleSearches/dia-search-patterns.mdx,DIA — Search Result Claims,DIA Searches,GoogleSearches,mdx,yes,250,"The Defense Intelligence Agency thread inside the Fort Huachuca image-search claim — what DIA is, why it appears, and how thin the underlying evidence is."
GoogleSearches_Huachuca_Images,GoogleSearches,3,GoogleSearches,GoogleSearches,topic,/GoogleSearches/fort-huachuca-image-searches,site/docs/GoogleSearches/fort-huachuca-image-searches.mdx,Fort Huachuca Image Search Results (Claims),Fort Huachuca Images,GoogleSearches,mdx,yes,335,"Stew Peters claims that Google image search results for Fort Huachuca-linked figures vanished the day after they were published — the named-vs-unnamed control test, and why it is hard to verify."
GoogleSearches_Huachuca_Sept9,GoogleSearches,3,GoogleSearches,GoogleSearches,topic,/GoogleSearches/fort-huachuca-sept-9-searches,site/docs/GoogleSearches/fort-huachuca-sept-9-searches.mdx,Fort Huachuca 9/9/2025 — Pre-Sept 9 Search Spikes (Claims),Fort Huachuca 9/9/2025,GoogleSearches,mdx,yes,318,"Stew Peters' original July 14, 2026 claim that Fort Huachuca image-search data showed repeated geo-specific spikes for DIA, CENTCOM, Crane, and Kirk security/comms figures in the weeks and days before Sept 9, 2025."
Legal_Assassination_Investigation,Legal,3,Legal,Legal,topic,/Legal/Assassination-Investigation,site/docs/Legal/Assassination-Investigation.mdx,Assassination Investigation,Assassination Investigation,Legal,mdx,yes,223,"How the criminal investigation into Charlie Kirk's death at Utah Valley University unfolded — timeline, agencies, evidence categories, and open questions from public reporting."
Legal_Search_Warrants_Index,Legal,3,Legal,Legal,topic,/Legal/Search-Warrants-Index,site/docs/Legal/Search-Warrants-Index.mdx,The 24 Search Warrants,The 24 Search Warrants,Legal,mdx,yes,139,"An index of the 24 search warrant affidavits filed in State of Utah v. Tyler Robinson, listed by warrant number with what each warrant sought — compiled from the Andrea Burkhart Substack document archive."
Legal_DOJ_Prosecution_And_Secrecy,Legal,3,Legal,Legal,topic,/Legal/DOJ_Prosecution_And_Secrecy,site/docs/Legal/DOJ_Prosecution_And_Secrecy.mdx,DOJ Prosecution and Evidence Secrecy,DOJ Prosecution & Secrecy,Legal,mdx,yes,230,"The Department of Justice's prosecutorial approach to the Tyler Robinson case and questions raised in public commentary about sealed evidence, classification, and transparency. Presented as claims and open questions, not findings of government wrongdoing."
Legal_Evidence_Sealing_2026,Legal,3,Legal,Legal,topic,/Legal/Evidence-Sealing-2026,site/docs/Legal/Evidence-Sealing-2026.mdx,Evidence Sealing 2026,Evidence Sealing 2026,Legal,mdx,yes,223,"How sealed warrants, gag orders, and restricted discovery in the Tyler Robinson case limit public access to evidence — and what is scheduled for release in 2026."
Legal_FBI_Local_Coordination,Legal,3,Legal,Legal,topic,/Legal/FBI-Local-Coordination,site/docs/Legal/FBI-Local-Coordination.mdx,FBI–Local Coordination,FBI–Local Coordination,Legal,mdx,yes,222,"How the FBI and Utah local agencies coordinated on the Charlie Kirk case — on-scene response, jurisdictional roles, and reported claims about witness access."
Legal_FBI_Witness_Intimidation,Legal,3,Legal,Legal,topic,/Legal/FBI-Witness-Intimidation,site/docs/Legal/FBI-Witness-Intimidation.mdx,FBI Witness Intimidation (Claims),FBI Witness Intimidation (Claims),Legal,mdx,yes,224,Reported allegations that FBI personnel asked witnesses to delete footage and that post-event counseling sessions intimidated UVU attendees — presented as unverified claims.
Legal_Official_Statements,Legal,3,Legal,Legal,topic,/Legal/Official-Statements,site/docs/Legal/Official-Statements.mdx,Official Statements,Official Statements,Legal,mdx,yes,222,"A guide to major government and law-enforcement statements on the Charlie Kirk case — what was said, when, and where public accounts diverge or were corrected."
Legal_Parent_Attorney_Selection,Legal,3,Legal,Legal,topic,/Legal/Parent-Attorney-Selection,site/docs/Legal/Parent-Attorney-Selection.mdx,Parent and Attorney Selection,Parent and Attorney Selection,Legal,mdx,yes,236,"How Tyler Robinson's defense counsel was appointed, who represents him, and what public commentary has claimed about attorney-selection timing — without implying misconduct."
Legal,Home,2,,Legal,overview,/Legal/overview,site/docs/Legal/overview.mdx,Legal,Legal,Legal,mdx,yes,241,"The legal dimension of the Charlie Kirk case — court proceedings, evidence handling, gag orders, and the legal investigation into the September 10, 2025 Utah Valley University shooting."
Candace_Owens_Israel_Controversies,Media,3,Media,Media,topic,/Media/Candace-Owens-Israel-Controversies,site/docs/Media/Candace-Owens-Israel-Controversies.mdx,Candace Owens Israel Controversies (Media),Candace Owens Israel Controversies,Media,mdx,yes,237,"How media covered Candace Owens' disclosure of Charlie Kirk's alleged donor and Israel-related texts, her kill-me warnings, and the verification fight that followed."
Media_Censorship,Media,3,Media,Media,topic,/Media/Censorship,site/docs/Media/Censorship.mdx,Media Censorship,Media Censorship,Media,mdx,yes,293,This page summarizes claims and concerns about censorship and information suppression related to the Charlie Kirk case. It draws on publicly available…
Guardian_Kirk_Beliefs,Media,3,Media,Media,topic,/Media/Guardian-Kirk-Beliefs,site/docs/Media/Guardian-Kirk-Beliefs.mdx,Guardian Coverage of Kirk's Beliefs,Guardian Kirk Beliefs,Media,mdx,yes,234,"How The Guardian framed Charlie Kirk's public rhetoric after the UVU shooting — quote compilations, campus-culture analysis, and political-violence context."
Israeli_Agenda_Criticism,Media,3,Media,Media,topic,/Media/Israeli-Agenda-Criticism,site/docs/Media/Israeli-Agenda-Criticism.mdx,Media Coverage of Israeli Agenda Criticism,Israeli Agenda Criticism,Media,mdx,yes,212,How press and commentary covered claims that Charlie Kirk was breaking from pro-Israel donor pressure before his death — and how outlets framed Mossad and foreign-involvement theories.
Media_Leaked_Kirk_Texts,Media,3,Media,Media,topic,/Media/Leaked-Kirk-Texts,site/docs/Media/Leaked-Kirk-Texts.mdx,Leaked Kirk Texts (Claims),Leaked Kirk Texts (Claims),Media,mdx,yes,217,"Reported and circulated private messages attributed to Charlie Kirk before September 10, 2025 — especially fear-for-life texts — and how media have covered their authenticity."
Media_Mainstream_vs_Alternative,Media,3,Media,Media,topic,/Media/Mainstream-vs-Alternative-Media,site/docs/Media/Mainstream-vs-Alternative-Media.mdx,Mainstream vs Alternative Media,Mainstream vs Alternative Media,Media,mdx,yes,225,"How major news outlets and independent investigators framed the Charlie Kirk case differently — lone-gunman reporting versus flight, ballistics, and foreign-lead scrutiny."
Media_Timeline_Compilation,Media,3,Media,Media,topic,/Media/Media-Timeline-Compilation,site/docs/Media/Media-Timeline-Compilation.mdx,Media Timeline Compilation,Media Timeline Compilation,Media,mdx,yes,249,"Side-by-side comparison of official, mainstream-media, and alternative timelines for the Charlie Kirk case — including disputed shooting times and post-assassination memorial dates."
Media_Articles,Media,3,Media,Media,topic,/Media/Media_Articles,site/docs/Media/Media_Articles.mdx,Media Articles,Media Articles,Media,mdx,yes,300,"A running index of news and reference articles covering the Charlie Kirk case, grouped by outlet, with a short note on what makes each piece distinctive."
Media_Response,Media,3,Media,Media,topic,/Media/Media_Response,site/docs/Media/Media_Response.mdx,Media Response,Media Response,Media,mdx,yes,219,"How press and public figures responded to Charlie Kirk's death — breaking news, political-violence framing, workplace retaliation, and ongoing court coverage."
National_Day_Remembrance,Media,3,Media,Media,topic,/Media/National-Day-Remembrance,site/docs/Media/National-Day-Remembrance.mdx,National Day of Remembrance,National Day of Remembrance,Media,mdx,yes,205,"How President Trump proclaimed a National Day of Remembrance for Charlie Kirk on October 14, 2025 — and how media covered the memorial politics alongside the criminal case."
News_Sources_Analysis,Media,3,Media,Media,topic,/Media/News-Sources-Analysis,site/docs/Media/News-Sources-Analysis.mdx,News Sources Analysis,News Sources Analysis,Media,mdx,yes,264,"How different news ecosystems — wire services, papers, broadcast, international, local Utah, and reference sites — covered the Charlie Kirk case and what each type emphasized."
Media_Presidential_Medal,Media,3,Media,Media,topic,/Media/Presidential-Medal-of-Freedom,site/docs/Media/Presidential-Medal-of-Freedom.mdx,Presidential Medal of Freedom,Presidential Medal of Freedom,Media,mdx,yes,254,How President Trump posthumously awarded Charlie Kirk the Presidential Medal of Freedom in October 2025 and how media covered Erika Kirk's acceptance.
Trump_Votes_Speech,Media,3,Media,Media,topic,/Media/Trump-Votes-Speech,site/docs/Media/Trump-Votes-Speech.mdx,Trump Votes Speech (Media),Trump Votes Speech,Media,mdx,yes,248,"How Donald Trump framed Charlie Kirk's death in September 2025 — radical-left blame, youth-vote legacy, and calls to answer political violence at the ballot box."
Vance_Mission_Continuation,Media,3,Media,Media,topic,/Media/Vance-Mission-Continuation,site/docs/Media/Vance-Mission-Continuation.mdx,Vance Mission Continuation,Vance Mission Continuation,Media,mdx,yes,267,"How JD Vance and the Trump administration publicly vowed to continue Charlie Kirk's mission after the assassination — White House tributes, casket transport, and succession symbolism in media coverage."
Wikipedia_Coverage,Media,3,Media,Media,topic,/Media/Wikipedia-Coverage,site/docs/Media/Wikipedia-Coverage.mdx,Wikipedia Coverage,Wikipedia Coverage,Media,mdx,yes,240,"How Wikipedia's Assassination of Charlie Kirk article functions as a reference layer — what it consolidates, what theories it lists, and how it differs from breaking-news coverage."
Media_Broadcast_TV,Media,3,Media,Media,topic,/Media/broadcast-tv-networks,site/docs/Media/broadcast-tv-networks.mdx,Broadcast TV Networks,Broadcast TV Networks,Media,mdx,yes,266,"How CNN, NBC, ABC, CBS, and PBS covered the Charlie Kirk case from September 2025 breaking news through 2026 Tyler Robinson courtroom rulings."
Media_FBI_Press,Media,3,Media,Media,topic,/Media/fbi-press-conference-media,site/docs/Media/fbi-press-conference-media.mdx,FBI Press Conference & Official Releases,FBI Press Conference,Media,mdx,yes,216,"How FBI press conferences and official releases anchored media coverage after the Charlie Kirk shooting — Robert Bohls September 11 2025, Utah Valley updates, and the premature custody correction."
Media_Fox_News,Media,3,Media,Media,topic,/Media/fox-news-coverage,site/docs/Media/fox-news-coverage.mdx,Fox News Coverage,Fox News Coverage,Media,mdx,yes,252,"How Fox News covered the Charlie Kirk assassination — campus security investigations, courtroom camera access, ATF ballistics unsealing, and TPUSA succession interviews."
Media_Investigation_Index,Media,3,Media,Media,index,/Media/investigation-index,site/docs/Media/investigation-index.mdx,Media Investigation Index,Media Investigation Index,Media,mdx,yes,211,"Working memo for the Media section — breaking news, outlet ecosystems, social platforms, local Utah press, trial coverage, censorship, and memorial politics."
Media,Home,2,,Media,overview,/Media/overview,site/docs/Media/overview.mdx,Media,Media,Media,mdx,yes,298,"How newspapers, broadcast TV, digital platforms, and citizen investigators covered the Charlie Kirk assassination and Tyler Robinson capital case — framing, censorship, and trial press."
Media_Sept_10_Breaking,Media,3,Media,Media,topic,/Media/september-10-breaking-news,site/docs/Media/september-10-breaking-news.mdx,September 10–11 Breaking News,Sept 10 Breaking News,Media,mdx,yes,291,"How wire services, live blogs, and broadcast desks covered the first 48 hours after Charlie Kirk was shot at UVU — manhunt tickers, visual reconstructions, and the premature FBI custody story."
Media_Social_Platforms,Media,3,Media,Media,topic,/Media/social-media-platforms,site/docs/Media/social-media-platforms.mdx,Social Media Platforms,Social Media Platforms,Media,mdx,yes,279,"How X, YouTube, TikTok, and other platforms shaped the Charlie Kirk case — citizen investigation, moderation claims, viral outrage cycles, and overlap with court gag orders."
Media_Tabloid_Digital,Media,3,Media,Media,topic,/Media/tabloid-digital-press,site/docs/Media/tabloid-digital-press.mdx,Tabloid & Digital-Native Press,Tabloid & Digital Press,Media,mdx,yes,213,"TMZ, New York Post, The Verge, Tablet, and aggregator outlets — how tabloid and digital-native media covered the Charlie Kirk case and the Tyler Robinson contempt ruling."
Media_TPUSA_Fox,Media,3,Media,Media,topic,/Media/tpusa-replacement-fox-interview,site/docs/Media/tpusa-replacement-fox-interview.mdx,TPUSA Replacement — Fox Interview Timing,TPUSA Fox Interview,Media,mdx,yes,218,"Media coverage of a TPUSA replacement figure appearing on Fox within hours of Charlie Kirk's death — succession optics documented as a strange-events research note, not proof of foreknowledge."
Media_Trial_Press,Media,3,Media,Media,topic,/Media/tyler-robinson-trial-press,site/docs/Media/tyler-robinson-trial-press.mdx,Tyler Robinson Trial Press,Trial Press,Media,mdx,yes,225,"Press coverage of State v. Tyler Robinson from 2025 first appearance through 2026 — gag order, seal motion, media coalition, ATF unsealing, camera access, and prosecutor contempt."
Media_Utah_Local,Media,3,Media,Media,topic,/Media/utah-local-press,site/docs/Media/utah-local-press.mdx,Utah Local Press,Utah Local Press,Media,mdx,yes,215,"Deseret News, Salt Lake Tribune, Fox 13, KSL, and Utah News Dispatch coverage of the Charlie Kirk shooting, cartridge engravings, campus security review, and 2026 trial transparency fights."
Mic_AES_Company,Mic_Overview,3,Mic_Overview,Mic,organization,/Mic/AES,site/docs/Mic/AES.mdx,AES — Accurate Energetic Systems (Company Profile),AES — The Company,Mic,mdx,yes,275,Accurate Energetic Systems (AES) is a Tennessee explosives manufacturer. A paralegal who says she has done DoD procurements pulled AES's federal contracts from USASpending.gov and flagged one for miniature anti-personnel demolition charges.
Mic_AV_Team_Setup,Mic_Overview,3,Mic_Overview,Mic,topic,/Mic/AV_Team_Mic_Setup,site/docs/Mic/AV_Team_Mic_Setup.mdx,AV Team and Mic Setup,AV Team & Mic Setup,Mic,mdx,yes,256,"Documents an AV staffer's under-shirt mic placement and Terryl Farnsworth's timeline — attributed reporting, no wrongdoing alleged."
Mic_Canon_XA55_Audio,Mic_Overview,3,Mic_Overview,Mic,topic,/Mic/Canon_XA55_Audio,site/docs/Mic/Canon_XA55_Audio.mdx,Canon XA55 Audio — Three Booms and Stage Detonation,Canon XA55 Audio,Mic,mdx,yes,228,"Professional broadcast camera audio at UVU separated a ~120m muzzle blast from a louder stage detonation ~46m at the tent — two events, two locations."
Mic_Chest_Shot_Witnesses,Mic_Overview,3,Mic_Overview,Mic,topic,/Mic/Chest_Shot_Witnesses,site/docs/Mic/Chest_Shot_Witnesses.mdx,Chest-Shot Witnesses — Planned Narrative?,Chest-Shot Witnesses,Mic,mdx,yes,238,Documents witnesses who immediately told media Charlie was shot in the chest — descriptions Candace Owens argues never matched the visible neck wound.
Mic_Shaped_Charge_Demo,Mic_Overview,3,Mic_Overview,Mic,topic,/Mic/Demo_of_shape_charge,site/docs/Mic/Demo_of_shape_charge.mdx,Demonstration of a Shaped Charge,Demonstration of Shape Charge,Mic,mdx,yes,264,"A video demonstration of a real shaped charge detonating — circulated by skeptics who argue the large smoke cloud it produces was absent at the Charlie Kirk event, undercutting the exploding-mic theory."
Mic_DoD_Contract,Mic_Overview,3,Mic_Overview,Mic,topic,/Mic/DoD_Contract,site/docs/Mic/DoD_Contract.mdx,The DoD Contract — Miniaturized-XS Anti-Personnel Charges,The DoD Contract,Mic,mdx,yes,297,"A paralegal who says she has done DoD procurements flagged an Accurate Energetic Systems contract on USASpending.gov for miniaturized anti-personnel demolition charges — $440,494, signed April 2025 — and listed several procurement anomalies."
Mic_Investigation_Index,Mic_Overview,3,Mic_Overview,Mic,index,/Mic/Investigation_Index,site/docs/Mic/Investigation_Index.mdx,Mic Investigation Index,Investigation Index,Mic,mdx,yes,208,"Working memo mapping the exploding-mic theory — video analysis, Canon XA55 audio, RODE hardware, AES procurement, SUV fragments, AV team, and competing pendant theory."
Mic_Vs_Pendant,Mic_Overview,3,Mic_Overview,Mic,topic,/Mic/Mic_vs_Pendant,site/docs/Mic/Mic_vs_Pendant.mdx,Mic vs Pendant — Competing Internal-Device Theories,Mic vs Pendant,Mic,mdx,yes,220,"Compares the exploding lapel-mic theory and the shaped-charge crucifix pendant theory — anchoring physics, wound direction, and veteran analysis."
Mic_Stew_Peters_AES,Mic_Overview,3,Mic_Overview,Mic,topic,/Mic/Stew_Peters_Broke_AES_Mic,site/docs/Mic/Stew_Peters_Broke_AES_Mic.mdx,Stew Peters — Broke the AES / Exploding-Mic Connection,Stew Peters — Broke the AES / Mic Story,Mic,mdx,yes,296,"Stew Peters states that he broke the exploding-mic theory and tied it to a ~$440k DoD order to Accurate Energetic Systems, the AES factory explosion, Pete…"
Mic_Table_Jumpers_Device,Mic_Overview,3,Mic_Overview,Mic,topic,/Mic/Table_Jumpers_Device,site/docs/Mic/Table_Jumpers_Device.mdx,Table Jumpers and the Missing Mic Device,Table Jumpers & Device,Mic,mdx,yes,230,"Documents claims that people rushed the stage after the shot — grabbing a device, possibly the exploded or intact lavalier transmitter."
Mic_AES_Factory,Mic_Overview,3,Mic_Overview,Mic,topic,/Mic/aes-explosion-factory,site/docs/Mic/aes-explosion-factory.mdx,AES — Accurate Energetic Systems Factory Explosion,AES — Accurate Energetic Systems Factory Explosion,Mic,mdx,yes,330,"Accurate Energetic Systems (AES) is a Tennessee-based manufacturer of military-grade explosive devices and energetic materials. On October 10, 2025 —…"
Mic_Exploding_Pendant,Mic_Overview,3,Mic_Overview,Mic,topic,/Mic/exploding-pendant-shaped-charge,site/docs/Mic/exploding-pendant-shaped-charge.mdx,The Exploding Pendant — Shaped-Charge Crucifix Theory,Exploding Pendant — Shaped Charge,Mic,mdx,yes,296,A former USMC explosive breacher argues that a microscopic cone-shaped charge concealed in Charlie Kirk's crucifix pendant — anchored by the silver chain — could…
Mic_Video_Analysis,Mic_Overview,3,Mic_Overview,Mic,topic,/Mic/mic-explosion-video-analysis,site/docs/Mic/mic-explosion-video-analysis.mdx,Mic Explosion — Video Frame Analysis,Mic Explosion — Video Frame Analysis,Mic,mdx,yes,289,"Independent video analysts, including Jon Bray (@jonaaronbray), argue that Charlie Kirk was not killed by the alleged .30-06 rifle shot fired by Tyler…"
Mic_Six_Physics_Phenomena,Mic_Overview,3,Mic_Overview,Mic,topic,/Mic/six-forensic-physics-phenomena,site/docs/Mic/six-forensic-physics-phenomena.mdx,"Six Forensic Physics Phenomena (@ZREIKMIESTER, Aug 2026)",6 Forensic Physics Phenomena,Mic,mdx,yes,450,"A six-part X thread by Ali Zreik (@ZREIKMIESTER) arguing that light refraction, a pre-wound flinch, absent cavitation, radial fabric expansion, the necklace's final position, and explosive vs gunshot acceleration physics point to a shaped charge in the RODE microphone."
Mic_Overview,Home,2,,Mic,overview,/Mic/overview,site/docs/Mic/overview.mdx,Charlie Kirk Microphone Explosion — The Exploding Mic Theory,Mic — Exploding Mic Theory,Mic,mdx,yes,493,"Hub for the exploding-mic theory — video and Canon XA55 audio, RODE hardware, AES procurement, SUV fragments, AV team, veteran testimony, and pendant comparison."
Mic_High_Explosive,Mic_Overview,3,Mic_Overview,Mic,topic,/Mic/high-explosive,site/docs/Mic/high-explosive.mdx,"High Explosive — RDX, PETN and TNT-Class Compounds",High Explosive,Mic,mdx,yes,277,"What a military high explosive is, why RDX, PETN and TNT-related compounds keep appearing in the exploding-mic thread, and what a charge that small would and would not leave behind. Attributed claims, not findings of fact."
Mic_Residue_On_Fabric,Mic_Overview,3,Mic_Overview,Mic,topic,/Mic/explosive-residue,site/docs/Mic/explosive-residue.mdx,"Explosive Residue — Transfer, Trapping and Recovery from Fabric",Explosive Residue,Mic,mdx,yes,284,"Post-blast residue transfers to clothing and car carpet and stays recoverable — one HPLC study pulled RDX at 3–4 μg/g from nylon and cotton. Why the fabric at UVU was testable, and what was never tested. Attributed claims, not findings of fact."
Mic_Neck_Fragment_Plastic,Mic_Overview,3,Mic_Overview,Mic,topic,/Mic/neck-fragment-charred-plastic,site/docs/Mic/neck-fragment-charred-plastic.mdx,"The Neck Fragment — Charred Black Plastic, Not Lead? (Claims)",Neck Fragment — Charred Plastic?,Mic,mdx,yes,187,"A citizen analysis argues one fragment recovered from Charlie Kirk's neck is bubbled, charred black ABS-style plastic rather than lead, and that the preliminary-hearing phrase 'some other fragments' was never explained. Attributed claims, not findings of fact."
Mic_SEAL_Testimony,Mic_Overview,3,Mic_Overview,Mic,topic,/Mic/rob-oneill-navy-seal-testimony,site/docs/Mic/rob-oneill-navy-seal-testimony.mdx,Osama bin Laden Killer — Navy SEAL Testimony,Osama bin Laden Killer — Navy SEAL Testimony,Mic,mdx,yes,294,Two elite military veterans with firsthand combat experience reviewed the Charlie Kirk assassination footage on NEWSMAX and stated independently: something…
Mic_Looked_Like_Explosion,Mic_Overview,3,Mic_Overview,Mic,topic,/Mic/oneill-looked-like-an-explosion,site/docs/Mic/oneill-looked-like-an-explosion.mdx,"""That Looked Like an Explosion to Me"" — O'Neill Extended Cut","""Looked Like an Explosion"" — Extended Cut",Mic,mdx,yes,170,"A four-minute NEWSMAX cut in which Rob O'Neill explains, shot by shot, why the shirt movement and the neck wound read wrong to him — plus the lapel-mic and Israel-question exchanges absent from the shorter clip."
Mic_RODE_Mic,Mic_Overview,3,Mic_Overview,Mic,topic,/Mic/rode-wireless-mic,site/docs/Mic/rode-wireless-mic.mdx,RØDE Wireless PRO — The Microphone on Kirk's Shirt,RØDE Wireless PRO — The Microphone on Kirk's Shirt,Mic,mdx,yes,331,"The RØDE Wireless PRO lavalier microphone system was the device clipped to Charlie Kirk's shirt at the September 10, 2025 Utah Valley University event…"
Mic_SUV_Transporting,Mic_Overview,3,Mic_Overview,Mic,topic,/Mic/suv-transporting-charlie,site/docs/Mic/suv-transporting-charlie.mdx,SUV Transporting Charlie — Candace Owens Photos,SUV Transporting Charlie,Mic,mdx,yes,345,Photos reportedly released by Candace Owens showing the interior of the SUV that transported Charlie Kirk after he was shot at UVU — examined for debris and fragment evidence relevant to the exploding-mic theory.
Mic_Heber_Nashville_Flight,Mic_Overview,3,Mic_Overview,Mic,topic,/Mic/aes-heber-nashville-flight,site/docs/Mic/aes-heber-nashville-flight.mdx,"AES — The Heber City → Nashville Flight (Aug 25, 2025)",AES — Heber/Nashville Flight,Mic,mdx,yes,226,"The August 25, 2025 private flight from Heber City, Utah to Nashville (closest airport to the AES factory) on the exact AES contract delivery date — presented as attributed questions, not findings."
Mic_Burnt_Object_RODE,Mic_Overview,3,Mic_Overview,Mic,topic,/Mic/burnt-object-rode-transmitter,site/docs/Mic/burnt-object-rode-transmitter.mdx,Burnt Object in the SUV — RØDE Transmitter Claim,Burnt Object — Transmitter?,Mic,mdx,yes,307,"Project Constitution claims the burnt object in Charlie Kirk's SUV contains a melted audio jack and a battery-label fragment from the RØDE wireless mic transmitter — the images, the reasoning, and the problems with it."
Mic_Get_That_Off_911,Mic_Overview,3,Mic_Overview,Mic,topic,/Mic/get-that-off-of-him-911-call,site/docs/Mic/get-that-off-of-him-911-call.mdx,"""Get That Off Of Him"" — Alleged 911 Call Audio Tip","""Get That Off Of Him"" 911 Call",Mic,mdx,yes,241,"Candace Owens reportedly aired an audio tip from an alleged 911 call by Charlie Kirk's security team saying 'get that off of him' — unverified, but relevant to whether a device was removed before the hospital."
Mic_LiPO_Short_Charge,Mic_Overview,3,Mic_Overview,Mic,topic,/Mic/lipo-battery-short-charge,site/docs/Mic/lipo-battery-short-charge.mdx,LiPO Short Charge / Battery Runaway — Non-PETN Mic Failure,LiPO Short / Battery Runaway,Mic,mdx,yes,219,Attributed theory that Charlie Kirk's RØDE wireless pack failed via lithium-polymer thermal runaway or internal short — battery and PCB fragments as projectiles — distinct from a military PETN micro-charge. Unverified.
Mic_Exploding_Earpiece_IEM,Mic_Overview,3,Mic_Overview,Mic,topic,/Mic/exploding-earpiece-iem,site/docs/Mic/exploding-earpiece-iem.mdx,Exploding Earpiece (IEM) — Alternate Internal-Device Theory,Exploding Earpiece (IEM),Mic,mdx,yes,218,"Attributed citizen theory that a tiny low-flash charge in Charlie Kirk's in-ear monitor (IEM), not the lapel RØDE pack, delivered fatal energy via the ear canal — wire whip, PA path, RF initiation claims. Unverified."
Timeline_shooting_time,Timeline,3,Timeline,Timeline,topic,/Timeline/12-23-shooting-time,site/docs/Timeline/12-23-shooting-time.mdx,Shooting Time Disputes (12:23 vs 12:27 MDT),Shooting Time Disputes,Timeline,mdx,yes,337,"A second-by-second chronology of the disputed shot minute at UVU — 12:23:30 PM MDT on video, 12:26 PM in the first dispatch log, 12:27 PM in unsourced summaries — and what each version does to roof-egress and death-pronouncement math."
Timeline_2025,Timeline,3,Timeline,Timeline,topic,/Timeline/2025,site/docs/Timeline/2025.mdx,Timeline 2025,2025,Timeline,mdx,yes,367,"The full 2025 chronology in one place: legislative and appointment groundwork, the summer pressure campaign and flight activity, the September 8-10 cluster, the shooting and its immediate aftermath, and the autumn court and cover-up disputes."
Timeline_2026,Timeline,3,Timeline,Timeline,topic,/Timeline/2026,site/docs/Timeline/2026.mdx,Timeline 2026,2026,Timeline,mdx,yes,328,"The 2026 court calendar in State of Utah v. Tyler Robinson — Judge Tony F. Graf Jr's rulings, the March sealing fight, the April discovery stall, the June contempt finding, the five-day July preliminary hearing, and the September bind-over argument."
Timeline_Charlie_Kirk,Timeline,3,Timeline,Timeline,topic,/Timeline/Charlie_Kirk,site/docs/Timeline/Charlie_Kirk.mdx,Charlie Kirk Timeline,Charlie Kirk,Timeline,mdx,yes,317,"Charlie Kirk's own chronology — 1993 birth, the 2012 founding of TPUSA, the 2019-2020 Groyper wars, the 2025 break with pro-Israel donors, and hour by hour through the final 72 hours of September 8-10, 2025."
Timeline_Investigation_Index,Timeline,3,Timeline,Timeline,index,/Timeline/Investigation_Index,site/docs/Timeline/Investigation_Index.mdx,Timeline Investigation Index,Investigation Index,Timeline,mdx,yes,346,"Chronological routing map for every Timeline page — 2024 signals, the July-September 2025 pre-shot arc, the Sept 10 day-of clock, the surrender and custody chain, and the post-shot legal and forensic milestones."
Timeline_Sept_10_2025,Timeline,3,Timeline,Timeline,topic,/Timeline/Sept_10_2025,site/docs/Timeline/Sept_10_2025.mdx,"September 10, 2025 – Day-of Timeline","Sept 10, 2025",Timeline,mdx,yes,346,"Minute-by-minute chronology of September 10, 2025 in Utah time — Robinson camera sightings 8:07-11:49 AM, the 12:23 PM shot, SUV transport, death pronouncement, evening manhunt and flight activity."
Timeline_8_to_13,Timeline,3,Timeline,Timeline,topic,/Timeline/Sept_8_to_13,site/docs/Timeline/Sept_8_to_13.mdx,"September 8–13, 2025: Full Timeline",Sept 8–13,Timeline,mdx,yes,659,"The compressed six-day core of the Charlie Kirk case — the Sept 8 pro-Israel exit post and the Fort Huachuca SAM-702 flight, the Sept 9 Shapiro appearance and high-pressure meeting, the 12:23 PM Sept 10 shot, and the Sept 11-13 surrender, Miranda, Discord and booking chain."
Timeline_Tyler_Robinson,Timeline,3,Timeline,Timeline,topic,/Timeline/Tyler_Robinson,site/docs/Timeline/Tyler_Robinson.mdx,Tyler Robinson Timeline,Tyler Robinson,Timeline,mdx,yes,357,"Master chronology of Tyler Robinson's reported movements from September 9, 2025 through booking, charging, and the ongoing capital case — with the custody, Miranda, and confession-order conflicts shown side by side. All times Mountain Time."
Timeline_Robinson_2025_Sept,Timeline,4,Timeline,Timeline,topic,/Timeline/Tyler_Robinson/2025_Sept,site/docs/Timeline/Tyler_Robinson/2025_Sept.mdx,Tyler Robinson: Sept 8–13,Tyler: Sept 8–13,Timeline/Tyler_Robinson,mdx,yes,396,"Hour-by-hour timeline of Tyler Robinson's documented movements and activities September 9–12, 2025. All times Mountain Time (MT). Sources: Court filings…"
Timeline_Affidavit_Probable_Cause,Timeline,4,Timeline,Timeline,topic,/Timeline/Tyler_Robinson/Affidavit_Probable_Cause,site/docs/Timeline/Tyler_Robinson/Affidavit_Probable_Cause.mdx,Affidavit of Probable Cause,Affidavit of Probable Cause,Timeline/Tyler_Robinson,mdx,yes,364,"Filed September 16, 2025. Signed by Officer Brian Davis (UTBDAVIS), Utah Attorney General. Probable Cause ID: 189904. Establishes formal arrest of Tyler…"
Timeline_Tyler_Robinson_Mirandizing,Timeline,4,Timeline,Timeline,topic,/Timeline/Tyler_Robinson/Mirandizing,site/docs/Timeline/Tyler_Robinson/Mirandizing.mdx,Mirandizing of Tyler Robinson,Mirandizing,Timeline/Tyler_Robinson,mdx,yes,446,"Key finding: Tyler Robinson was Mirandized at 6:25 PM on September 11, 2025 — not September 12. This is established by four independent lines of reasoning…"
Timeline_Year_2024,Timeline,3,Timeline,Timeline,topic,/Timeline/Year_2024,site/docs/Timeline/Year_2024.mdx,2024 Pre-Event Timeline,Year 2024,Timeline,mdx,yes,270,"Everything citizen researchers place in 2024 — the August UVU building searches, the December location searches, the Dec 8-14 Kathryn Nester spike, and the capability and insurance events that later get cited — with the limits of Google Trends stated plainly."
Timeline_Year_2025,Timeline,3,Timeline,Timeline,topic,/Timeline/Year_2025,site/docs/Timeline/Year_2025.mdx,2025 Context Timeline,Year 2025,Timeline,mdx,yes,375,"The full 2025 pressure arc month by month — donor and Israel-policy friction, TPUSA internal politics, foreign aircraft movements, the July 31 White House meeting, the Hamptons intervention, and the September collapse into September 10."
foreign_leaders_meeting_july,Timeline,3,Timeline,Timeline,topic,/Timeline/foreign-leaders-meeting-july-20,site/docs/Timeline/foreign-leaders-meeting-july-20.mdx,"Foreign Leaders Meeting on U.S. Soil (July 20, 2025, Claims)",Foreign Leaders Meeting (July 20),Timeline,mdx,yes,395,A dated chronology of the July 2025 window around the alleged foreign-leaders military meeting on U.S. soil and the SU-BTT jet's reported first-ever U.S. arrival at a Nebraska Army base the same day — with the competing July 20 vs August 17 first-arrival accounts laid side by side.
Timeline_hamptons_intervention,Timeline,3,Timeline,Timeline,topic,/Timeline/hamptons-intervention-meeting,site/docs/Timeline/hamptons-intervention-meeting.mdx,Hamptons Intervention Meeting (Early August 2025),Hamptons Intervention,Timeline,mdx,yes,274,"Chronology of the reported early-August 2025 Hamptons gathering Charlie Kirk afterwards called an 'intervention' — the named attendees, the reported Netanyahu call and funding offer, his refusal of the Israel trip, and the disputed denial that followed."
Timeline_high_pressure_sept9,Timeline,3,Timeline,Timeline,topic,/Timeline/high-pressure-meeting-sept-9,site/docs/Timeline/high-pressure-meeting-sept-9.mdx,"High-Pressure Meeting (September 9, 2025)",High-Pressure Meeting (Sept 9),Timeline,mdx,yes,351,"Hour-by-hour chronology of September 9, 2025 — the reported combative meeting with pro-Israel figures, the alleged ""they are going to kill me"" text sent during it, the Ben Shapiro appearance, and the documented UVU warnings that night."
Timeline_july_18_decision,Timeline,3,Timeline,Timeline,topic,/Timeline/july-18-decision,site/docs/Timeline/july-18-decision.mdx,"July 18, 2025 ""Decision"" Claim",July 18 Decision (Claims),Timeline,mdx,yes,280,"Day-by-day chronology of July 2025 around the unverified claim that a decision to target Charlie Kirk in Utah was made about July 18 — what is documented on each side of that date, and how citizen researchers arrived at it."
Timeline_military_meeting_july,Timeline,3,Timeline,Timeline,topic,/Timeline/military-meeting-july-20,site/docs/Timeline/military-meeting-july-20.mdx,"July 20, 2025 Military & Foreign-Leaders Meeting (Claims)",Military Meeting (July 20),Timeline,mdx,yes,316,"The full July 2025 sequence around the claimed July 20 military meeting with foreign leaders on U.S. soil — SU-BTT's first-ever American arrival at a Nebraska Army base, the July 20 Google-Trends anchor, and the political events on either side of that date."
nebraska_army_base_july,Timeline,3,Timeline,Timeline,topic,/Timeline/nebraska-army-base-july-20,site/docs/Timeline/nebraska-army-base-july-20.mdx,"Nebraska Army Base Visit — SU-BTT (July 20, 2025, Claims)",Nebraska Army Base (July 20),Timeline,mdx,yes,329,"The July 20, 2025 claim in full chronology: SU-BTT's reported first-ever U.S. trip into the Omaha–Lincoln corridor, the same-day foreign-leaders meeting allegation, what the flight-tracking evidence does and does not show, and the innocent readings."
october_15_2025,Timeline,3,Timeline,Timeline,topic,/Timeline/october-15-2025,site/docs/Timeline/october-15-2025.mdx,"October 15, 2025 — Post-Assassination Developments","October 15, 2025",Timeline,mdx,yes,262,"October 2025 in date order: the AES factory explosion, the Presidential Medal of Freedom, and the October 15 Discovery Protective Order — the docket entry that set the secrecy regime over State v. Robinson."
Timeline,Home,2,,Timeline,overview,/Timeline/overview,site/docs/Timeline/overview.mdx,Charlie Kirk Assassination Timeline,Timeline Overview,Timeline,mdx,yes,369,"Charlie Kirk assassination timeline: 2024 signals, the 2025 lead-up, September 10 at UVU minute by minute, the surrender and booking disputes, and after."
Timeline_post_assassination,Timeline,3,Timeline,Timeline,topic,/Timeline/post-assassination-investigations,site/docs/Timeline/post-assassination-investigations.mdx,Post-Assassination Investigation Timeline,Post-Assassination Investigations,Timeline,mdx,yes,306,"Chronology of every investigation opened after the September 10, 2025 UVU shooting — dispatch and scene response, the federal takeover, the surrender and arrest-time conflicts, charging and court milestones, the halted foreign-nexus inquiry, sealed evidence, and the 2026 preliminary hearing."
Timeline_roof_jumping,Timeline,3,Timeline,Timeline,topic,/Timeline/roof-jumping-timeline,site/docs/Timeline/roof-jumping-timeline.mdx,"Roof Jumping Timeline (September 10, 2025)",Roof Jumping Timeline,Timeline,mdx,yes,285,"The alleged roof-egress sequence at the Losee Center minute by minute — ascent, firing position, the drop to the grass, the run north — and the feasibility disputes citizen investigators raise against the morning camera sightings and the 12:23 vs 12:27 shot-time conflict."
Timeline_kill_me_text,Timeline,3,Timeline,Timeline,topic,/Timeline/they-are-going-to-kill-me-text,site/docs/Timeline/they-are-going-to-kill-me-text.mdx,"""They Are Going to Kill Me"" Text (September 9, 2025)",They Are Going to Kill Me Text,Timeline,mdx,yes,442,"The alleged September 9, 2025 messages in which Charlie Kirk reportedly told confidants ""they are going to kill me"" — a chronology of when each claimed recipient and variant entered the record, the denial that the messages exist, and what would authenticate them."
Timeline_witness_discrepancies,Timeline,3,Timeline,Timeline,topic,/Timeline/witness-testimony-discrepancies,site/docs/Timeline/witness-testimony-discrepancies.mdx,Witness Testimony & Timeline Discrepancies,Witness Testimony Discrepancies,Timeline,mdx,yes,434,"Where witness accounts contradict each other and the official clock — shot time, wound location, call chains, off-site sightings, custody hours, and the handling of bystander video, arranged chronologically with both versions shown."
Timeline_years,Timeline,3,Timeline,Timeline,topic,/Timeline/years,site/docs/Timeline/years.mdx,Timeline by Year,Timeline by Year,Timeline,mdx,yes,522,"The year-level routing page for the Charlie Kirk investigation — 2024's search-trend anomalies, 2025's pressure campaign and the September 10 assassination, and 2026's court year — with the anchor events of each year and links into the detailed timelines."
Timeline_Arrest_Booking_Affidavit,Timeline,3,Timeline,Timeline,topic,/Timeline/arrest-booking-affidavit-timeline,site/docs/Timeline/arrest-booking-affidavit-timeline.mdx,"Arrest, Booking & Probable Cause Affidavit Timeline",Arrest & Affidavit,Timeline,mdx,yes,313,"Document-anchored chronology of the arrest: what the Affidavit of Probable Cause asserts and at what times, the Utah County inmate booking sheet, the police computer system arrest record, the charging documents, and every interval where the three documents contradict each other."
Timeline_Audio_Acoustic_Mic,Timeline,3,Timeline,Timeline,topic,/Timeline/audio-acoustic-mic-timeline,site/docs/Timeline/audio-acoustic-mic-timeline.mdx,"Audio, Acoustic & Mic Timeline (Shot Timing & Analysis)",Audio & Mic,Timeline,mdx,yes,300,"Two clocks in one: the millisecond acoustic sequence captured on the Canon XA55 at 12:23:30 PM, and the month-by-month emergence of the RODE transmitter, under-shirt mic, shirt-pull and burnt-object claims that challenge the roof origin."
Timeline_Autopsy_Forensic,Timeline,3,Timeline,Timeline,topic,/Timeline/autopsy-forensic-timeline,site/docs/Timeline/autopsy-forensic-timeline.mdx,"Autopsy, Forensic & Medical Examiner Timeline",Autopsy & Forensics,Timeline,mdx,yes,499,"The forensic chronology — the May 2025 autopsy-photo law, the July 2025 medical examiner change, the OR and pronouncement times, the death certificate question, the mystery-signatory claim, wound-description conflicts, and the ATF-to-FBI ballistics testing sequence."
Timeline_Baron_Coleman,Timeline,3,Timeline,Timeline,topic,/Timeline/baron-coleman-timeline,site/docs/Timeline/baron-coleman-timeline.mdx,Baron Coleman Allegations & Timeline,Baron Coleman,Timeline,mdx,yes,276,"Date-ordered record of attorney and radio host Baron Coleman's public claims about the Charlie Kirk case — the custody-versus-Discord-confession argument, the Bates 003996-R2 Miranda reading, the 'grave danger' prediction, the enhanced-photo criticism, and his public-records work. Attributed opinion throughout."
Timeline_Camera_Sightings_Robinson,Timeline,3,Timeline,Timeline,topic,/Timeline/camera-sightings-tyler-robinson,site/docs/Timeline/camera-sightings-tyler-robinson.mdx,Surveillance Cameras: Tyler Robinson Sightings Timeline,Camera Sightings,Timeline,mdx,yes,290,"Every timestamped camera frame attributed to Tyler Robinson across September 10-11, 2025 — Ring and WYZE doorbell captures, UVU campus cameras, the stairwell and rooftop stills, the low-resolution released video, the clothing seams, and the intervals where no footage has been released."
Timeline_Candace_Owens,Timeline,3,Timeline,Timeline,topic,/Timeline/candace-owens-timeline,site/docs/Timeline/candace-owens-timeline.mdx,Candace Owens Public Statements & Releases Timeline,Candace Owens,Timeline,mdx,yes,286,"What Candace Owens said and released, in order: the September 9 three-sources claim, the donor texts, the 'it was supposed to be you' account, the flight-log episodes, the June 2026 SUV photographs, and the disputes that followed. Living person — strict attribution."
Timeline_Cell_Phone_Data,Timeline,3,Timeline,Timeline,topic,/Timeline/cell-tower-phone-data-timeline,site/docs/Timeline/cell-tower-phone-data-timeline.mdx,"Cell Tower, Phone Data & Movement Timeline (Claims)",Cell & Phone Data,Timeline,mdx,yes,323,"A device-data chronology: the cell-ping gaps in the charged route, the claimed 44 foreign phones and 16 Israeli-registered devices at UVU, the NSA Bumblehive retention argument, the Cellebrite extractions and Discord timestamps, and which records exist but have never been released."
Timeline_Censorship_Info_Control,Timeline,3,Timeline,Timeline,topic,/Timeline/censorship-information-control-timeline,site/docs/Timeline/censorship-information-control-timeline.mdx,"Censorship, Platform Activity & Information Control Timeline",Censorship,Timeline,mdx,yes,305,"An information-control chronology: the Google Trends anomalies from December 2024 through the Sept 9 n888kg spike, the video takedowns and account actions, the witness phones said to have been wiped, the cease-and-desist letters to investigators, and the December 16 gag order."
Timeline_Custody_Surrender_Miranda,Timeline,3,Timeline,Timeline,topic,/Timeline/custody-surrender-mirandizing-timeline,site/docs/Timeline/custody-surrender-mirandizing-timeline.mdx,"Custody, Surrender & Mirandizing Timeline (September 11–12)",Custody & Surrender,Timeline,mdx,yes,497,"The September 11-12 custody chain minute by minute: the family call, Sheriff Nate Brooksby's 8:02 PM account, the 6:25 PM Miranda video timestamp, the 10:00 PM Sept 11 booking-sheet arrest time against the 4:00 AM Sept 12 affidavit, transport to the Utah County Jail, booking #460956, and the dispute over whether Tyler Robinson turned himself in at all."
Timeline_Custody_Discord_Conflict,Timeline,3,Timeline,Timeline,topic,/Timeline/custody-vs-discord-confession-timeline,site/docs/Timeline/custody-vs-discord-confession-timeline.mdx,6:25 PM Custody vs Discord Confession Timeline Conflict,Custody vs Discord,Timeline,mdx,yes,310,"Hour-by-hour reconstruction of September 11, 2025: the 6:25 PM Miranda timestamp in a Washington County video exhibit versus the 7:57 PM Discord confession, the 10:00 PM booking-sheet arrest entry, the 4:00 AM affidavit — and the official counterargument."
Timeline_Discovery_Brady_Evidence,Timeline,3,Timeline,Timeline,topic,/Timeline/discovery-brady-evidence-timeline,site/docs/Timeline/discovery-brady-evidence-timeline.mdx,"Discovery, Brady & Evidence Timeline (2025–2026)",Discovery & Brady,Timeline,mdx,yes,310,"Docket-by-docket chronology of evidence handling in State v. Robinson — preservation orders, the October 2025 discovery protective order, sealed transcripts, the Jan 21 2026 FedEx discovery list, the 600,000-file production, withheld raw DNA data, the destroyed SUV and the deleted surrender video."
Timeline_Dispatch_Radio_Scanner,Timeline,3,Timeline,Timeline,topic,/Timeline/dispatch-radio-scanner-timeline,site/docs/Timeline/dispatch-radio-scanner-timeline.mdx,"Dispatch, Police Radio & Scanner Timeline — September 10",Dispatch & Scanner,Timeline,mdx,yes,301,"What the Utah police radio actually carried on September 10, 2025: the 12:26 first report, the all-black suspect description, 911 calls near the Fulton Library, the Zinn detention, the hospital-car chase that the hospital denied, and where the tapes diverge from the press timeline."
Timeline_Distraction_Events,Timeline,3,Timeline,Timeline,topic,/Timeline/distraction-events-timeline,site/docs/Timeline/distraction-events-timeline.mdx,Distraction Events Timeline — September 10–11,Distraction Events,Timeline,mdx,yes,245,"How the first 33 hours of coverage were consumed: George Zinn's shout and detention, the Zachariah Qureshi detention and release, two separate false 'suspect in custody' news cycles, the parallel weapon scares, and what was still unresolved when the September 11 surrender began."
Timeline_FBI_Involvement,Timeline,3,Timeline,Timeline,topic,/Timeline/fbi-involvement-timeline,site/docs/Timeline/fbi-involvement-timeline.mdx,FBI Involvement & Announcements Timeline,FBI Involvement,Timeline,mdx,yes,498,"The FBI's chronology in the Charlie Kirk case — the August 2025 field-office change, the detained-and-released announcement, enhanced photo releases while Robinson was reportedly already in custody, the halting of other agencies' inquiries, the ATF-to-FBI ballistics transfer, and records responses."
Timeline_Funeral_Memorial,Timeline,3,Timeline,Timeline,topic,/Timeline/funeral-memorial-timeline,site/docs/Timeline/funeral-memorial-timeline.mdx,"Funeral, Memorial & Immediate Aftermath Timeline",Funeral & Memorial,Timeline,mdx,yes,291,"September 10, 2025 onward — the family notification chain, the casket flight, the 55-hour speech, memorial planning and the stadium service, attendees and speakers, the TPUSA succession announcement, the honors that followed, and the institutional resignations."
Timeline_Israel_Events_Pressure,Timeline,3,Timeline,Timeline,topic,/Timeline/israel-events-pressure-timeline,site/docs/Timeline/israel-events-pressure-timeline.mdx,Israel-Related Events & Pressure Timeline 2025,Israel Events,Timeline,mdx,yes,320,"The Israel-linked 2025 chronology: the June 13 twelve-day war, Kirk's June 18 White House Iran advice, the July Netanyahu visit, the July 31 meeting TPUSA was absent from, the Hamptons intervention, the Sept 8 donor texts, the Sept 9 Shapiro appearance, and the Jerusalem Post timing question."
Timeline_Kash_Patel_Manhunt,Timeline,3,Timeline,Timeline,topic,/Timeline/kash-patel-manhunt-timeline,site/docs/Timeline/kash-patel-manhunt-timeline.mdx,Kash Patel Announcements & Manhunt Narrative Timeline,Kash Patel & Manhunt,Timeline,mdx,yes,319,"September 10-12, 2025 traced through one actor: the FBI Director's briefings, the detained-then-released reversals, suspect photos released relative to custody, the low-quality roof video, and the 33-hour manhunt figure."
Timeline_Media_vs_Citizen,Timeline,3,Timeline,Timeline,topic,/Timeline/media-vs-citizen-investigation-timeline,site/docs/Timeline/media-vs-citizen-investigation-timeline.mdx,Media Coverage vs Citizen Investigation Timeline,Media vs Citizens,Timeline,mdx,yes,288,"Two parallel tracks from September 10, 2025 forward: what mainstream outlets reported on each date versus what citizen investigators had already published — the Jerusalem Post early death report, the roof-jump framing, and which citizen findings were later confirmed, contradicted, or never covered."
Timeline_Medical_Death,Timeline,3,Timeline,Timeline,topic,/Timeline/medical-death-timeline,site/docs/Timeline/medical-death-timeline.mdx,Medical & Death Timeline — Shot to Pronouncement,Medical & Death,Timeline,mdx,yes,429,"The 12:23 PM shot to the reported 1:03:30 PM pronouncement — SUV transport instead of an ambulance, the hospital-choice question, the modeled 33–50 minute window, the Jerusalem Post early-announcement conflict, and the conflicting CPR accounts."
Timeline_N1098L_Plane_Activity,Timeline,3,Timeline,Timeline,topic,/Timeline/n1098l-plane-activity-timeline,site/docs/Timeline/n1098l-plane-activity-timeline.mdx,N1098L (HADES) Plane Activity Timeline — Pre & Post Shot,N1098L Timeline,Timeline,mdx,yes,343,"Chronology of N1098L, the US Army-contracted HADES Bombardier Global 6500: the two low, slow passes near UVU on September 10, 2025, the conflicting altitude and clock-time accounts, LASAI Aviation II operator questions, and the flight days before and after."
Timeline_Open_Questions_Gaps,Timeline,3,Timeline,Timeline,topic,/Timeline/open-questions-gaps-timeline,site/docs/Timeline/open-questions-gaps-timeline.mdx,"Open Questions, Unresolved Gaps & Missing Records Timeline",Open Questions & Gaps,Timeline,mdx,yes,311,"A timeline of holes rather than events — every interval with no record, every record requested and refused, and every contradiction still unresolved, ordered by clock position so a reader can see exactly where the official chronology goes silent."
Timeline_Other_Planes_Activity,Timeline,3,Timeline,Timeline,topic,/Timeline/other-planes-activity-timeline,site/docs/Timeline/other-planes-activity-timeline.mdx,"Other Planes Activity Timeline (N888KG, SAM Flights, Cluster)",Other Planes,Timeline,mdx,yes,345,"Everything in the air except N1098L and SU-BTT: the N888KG Provo vanish and its Sept 9 Google-trends spike, SAM-702 and 99-0404 out of Fort Huachuca and the unverified claim that Bradley Hansell was aboard, SAM650, the Egyptian jet cluster at Provo, and the Sept 10 arrival stack of N560TW, N40JD, N102DZ and N872RA."
Timeline_Pre_Event_Pressure,Timeline,3,Timeline,Timeline,topic,/Timeline/pre-event-political-pressure,site/docs/Timeline/pre-event-political-pressure.mdx,Pre-Event Political Pressure Timeline (July–September 2025),Political Pressure,Timeline,mdx,yes,293,"The nine-week pressure arc: the July 11 anti-Israel speaker fallout, the July 13-14 Florida summit split, the July 31 White House meeting Kirk was not at, the August Hamptons intervention and reported Netanyahu call, the Megyn Kelly donor complaint, and the September collapse ending on Ben Shapiro's show."
Timeline_Press_Conferences_Statements,Timeline,3,Timeline,Timeline,topic,/Timeline/press-conferences-statements-timeline,site/docs/Timeline/press-conferences-statements-timeline.mdx,Press Conferences & Official Statements Timeline,Press Conferences,Timeline,mdx,yes,391,"Every official podium moment in order — the UVU campus alert, Orem PD and UVU statements, the governor's appearances, the FBI's premature custody claim and its retraction, the Sept 11 evening briefing, the 33-hour manhunt characterization, and the Sept 16 charging announcement — and how each one moved the public timeline."
Timeline_Vehicles_Rentals,Timeline,3,Timeline,Timeline,topic,/Timeline/rental-cars-vehicle-movements-timeline,site/docs/Timeline/rental-cars-vehicle-movements-timeline.mdx,Rental Cars & Vehicle Movements Timeline,Vehicles & Rentals,Timeline,mdx,yes,367,"Every vehicle in the case in clock order — the grey Dodge Challenger and its unrecorded departure, the grey van with the back hatch, the monopod camera truck, the black SUV that carried Kirk and was later destroyed, the Duncan Aviation rental cars, and the September 11-12 drives across Utah."
Timeline_Scene_Changes_Paving,Timeline,3,Timeline,Timeline,topic,/Timeline/scene-changes-paving-timeline,site/docs/Timeline/scene-changes-paving-timeline.mdx,"Post-Shooting Scene Changes, Paving & Evidence Handling Timeline",Scene Changes & Paving,Timeline,mdx,yes,268,"What happened to the UVU courtyard after 12:23 PM on September 10, 2025 — camera and SD-card removal, the reported ~10-inch soil excavation by an unidentified first team, the 'governor and FBI want this by Monday' account, the Sunday September 14 paver install, and UVU's prescheduled explanation."
Timeline_Shooting_66_Seconds,Timeline,3,Timeline,Timeline,topic,/Timeline/shooting-minute-by-minute,site/docs/Timeline/shooting-minute-by-minute.mdx,The Shooting: 12:23 PM MDT Minute-by-Minute Timeline,12:23 Minute-by-Minute,Timeline,mdx,yes,271,"Second-by-second reconstruction of the 66 seconds from 12:23:30 PM MDT to 12:24:36 PM MDT — security movement at 00:18, Terryl Farnsworth already filming from the rock pile at 00:27, the SUV load, the Mikey McCoy / Blake Neff frame problem, Frank Turek entering the SUV, and the two spoken lines that bracket the window."
Timeline_SUBTT_Plane_Movements,Timeline,3,Timeline,Timeline,topic,/Timeline/su-btt-plane-movements-timeline,site/docs/Timeline/su-btt-plane-movements-timeline.mdx,SU-BTT Plane Movements Timeline 2025,SU-BTT Movements,Timeline,mdx,yes,368,"Every claimed 2025 movement of the Egyptian-registered Falcon 7X SU-BTT in date order — the July 20 first U.S. trip to Nebraska, the August Paris–Omaha–Wilmington loop, the Sept 4 arrival at Provo, the disputed Sept 10 departure, and the Sept 11 return to Cairo."
Timeline_Ten_Minutes_After,Timeline,3,Timeline,Timeline,topic,/Timeline/ten-minutes-after-shot,site/docs/Timeline/ten-minutes-after-shot.mdx,Immediate Aftermath: 10 Minutes After the Shot (12:23–12:33 PM MDT),10 Min After,Timeline,mdx,yes,311,"12:23–12:33 PM MDT reconstructed second by second: security evacuation, the SUV loading and departure, the Mikey McCoy calls, the 12:24:02 frame problem with Blake Neff, the 12:26 dispatch gap, rooftop egress claims, and the drive to Timpanogos."
Timeline_Ten_Minutes_Before,Timeline,3,Timeline,Timeline,topic,/Timeline/ten-minutes-before-shot,site/docs/Timeline/ten-minutes-before-shot.mdx,10 Minutes Before the Shot (12:13–12:23 PM MDT),10 Min Before,Timeline,mdx,yes,286,"Minute-by-minute reconstruction of 12:13–12:23 PM MDT on September 10, 2025: Kirk on stage under the white canopy, the wireless mic placed under his shirt, camera and monopod positions, the affidavit's rooftop and stairwell intervals, and the security posture in the final ten minutes."
Timeline_Robinson_Post_Shot,Timeline,3,Timeline,Timeline,topic,/Timeline/tyler-robinson-post-shot-escape,site/docs/Timeline/tyler-robinson-post-shot-escape.mdx,Tyler Robinson: Post-Shot Escape & Flight Timeline,Tyler Post-Shot Escape,Timeline,mdx,yes,298,"The alleged 12:24 PM roof descent, the wooded-area gun drop, the missing car-departure time, the Dairy Queen and Cowboy's Smokehouse conflict, the overnight I-15 drive south, and the Washington County surrender."
Timeline_Robinson_Pre_Shot,Timeline,3,Timeline,Timeline,topic,/Timeline/tyler-robinson-pre-shot-campus,site/docs/Timeline/tyler-robinson-pre-shot-campus.mdx,Tyler Robinson: Pre-Shot UVU Campus Movements Timeline,Tyler Pre-Shot Campus,Timeline,mdx,yes,266,"8:07 AM through 12:22 PM MDT on September 10, 2025 — the doorbell and campus camera sightings attributed to Tyler Robinson, the reported clothing change, the backpack disputes, the parking and approach route, the stairwell stills, and the gaps citizen investigators flag."
Timeline_Utah_Officials_Cox,Timeline,3,Timeline,Timeline,topic,/Timeline/utah-officials-cox-timeline,site/docs/Timeline/utah-officials-cox-timeline.mdx,"Spencer Cox, Utah Officials & Governor Timeline",Utah Officials,Timeline,mdx,yes,323,"State-official chronology: Governor Spencer Cox's appointments and public statements, the reported 'by Monday' crime-scene deadline attribution, Utah County Attorney charging decisions, the DPS role, Phil Lyman commentary, and the 2025 autopsy-records law."
Timeline_UVU_Security_Cameras,Timeline,3,Timeline,Timeline,topic,/Timeline/uvu-security-surveillance-timeline,site/docs/Timeline/uvu-security-surveillance-timeline.mdx,"UVU Campus Security, Surveillance & Camera Timeline",UVU Security & Cameras,Timeline,mdx,yes,264,"The Utah Valley University institutional chronology — GRAMA records and pre-shooting warnings, security planning and the perimeter and rooftop decisions, which camera feeds exist, Losee Center sightlines, and the footage release and withholding sequence from September 2025 into 2026."
Topic_Analyses,Home,2,,,topic,/Topic-Analyses,site/docs/Topic-Analyses.mdx,Topic Analyses,Topic Analyses,,mdx,yes,195,"Focused deep-dive analyses of the Charlie Kirk assassination — pre-event context, day-of timeline, ballistics claims, and political aftermath."
Topics,Home,2,,,topic,/Topics,site/docs/Topics.mdx,Investigation Topics,Investigation Topics,,mdx,yes,185,This document provides a comprehensive list of all 128 topics related to the Charlie Kirk assassination investigation.
Home,,1,,,index,/,site/docs/index.mdx,Who Assassinated Charlie Kirk,Who Assassinated Charlie Kirk,,mdx,yes,507,"Citizen investigation into the September 10, 2025 assassination of Charlie Kirk at Utah Valley University: evidence, suspects, motive, cover-up, reform laws."
Vote,Home,2,,Vote,overview,/Vote/overview,site/docs/Vote/overview.mdx,Vote,Vote,Vote,mdx,yes,189,This page focuses on how citizens might respond through voting and civic engagement in light of the questions raised by the Charlie Kirk case. It does not…
Your_Actions_Fix_It,Home,2,,Your_Actions_Fix_It,overview,/Your_Actions_Fix_It/overview,site/docs/Your_Actions_Fix_It/overview.mdx,Your Actions Fix It,Your Actions Fix It,Your_Actions_Fix_It,mdx,yes,257,"This page provides concrete actions that individuals can take to promote transparency, accountability, and justice in the Charlie Kirk case and to prevent…"
Court_Cellebrite,Court,3,Court,court,topic,/court/Cellebrite,site/docs/court/Cellebrite.mdx,Cellebrite — Israeli Forensics Firm,Cellebrite,court,mdx,yes,201,"Cellebrite, the Israeli digital-forensics company named in courtroom testimony as the tool used to extract data from Lance Twiggs' phone in State of Utah v. Tyler Robinson."
Court_Phone_Extraction,Court,3,Court,court,topic,/court/Phone_Extraction,site/docs/court/Phone_Extraction.mdx,Forensic Phone Extraction,Phone Extraction,court,mdx,yes,210,Courtroom testimony that a Cellebrite forensic extraction was performed on Lance Twiggs' phone in State of Utah v. Tyler Robinson — and how that squares with prosecutors' earlier statement that they would not offer forensic-extraction evidence.
Court_Twiggs_Phone,Court,3,Court,court,topic,/court/Twiggs_Phone,site/docs/court/Twiggs_Phone.mdx,Lance Twiggs' Phone,Twiggs' Phone,court,mdx,yes,236,"Lance Twiggs' phone as evidence in State of Utah v. Tyler Robinson — the Cellebrite extraction, the reported Robinson-Twiggs texts of September 10-11 2025, and why the device matters to the case."
Court_Ballistics_ATF,Court,3,Court,court,topic,/court/ballistics-atf-cbla,site/docs/court/ballistics-atf-cbla.mdx,Ballistics — ATF Inconclusive & CBLA,Ballistics ATF,court,mdx,yes,241,"ATF inconclusive report on Charlie Kirk autopsy bullet jacket vs seized Mauser rifle, FBI Virtual Comparison Microscopy, CBLA commentary, and casing-vs-fragment distinction in State v. Tyler Robinson."
Court_Case_Overview,Court,3,Court,court,topic,/court/case-overview,site/docs/court/case-overview.mdx,Case Overview — State v. Robinson,Case Overview,court,mdx,yes,230,"State of Utah v. Tyler James Robinson — Case No. 251403576, capital aggravated-murder charges, first appearance September 16 2025, and pretrial posture in the Charlie Kirk assassination prosecution."
Court_Defense_Team,Court,3,Court,court,topic,/court/defense-team,site/docs/court/defense-team.mdx,Defense Team — Tyler Robinson,Defense Team,court,mdx,yes,226,"Lead counsel Kathryn Nester and co-counsel Michael Burt, Richard Novak, and Staci Visser in the Tyler Robinson capital defense — appointments, motions, and estimated cost. Living attorneys; no accusation of wrongdoing."
Court_Discord_Evidence,Court,3,Court,court,topic,/court/discord-evidence-court,site/docs/court/discord-evidence-court.mdx,Discord Evidence in Court,Discord Evidence,court,mdx,yes,279,"Alleged Discord messages attributed to Tyler Robinson after the September 11 2025 Miranda reading — authentication, custody timeline, and preliminary-hearing admissibility questions."
Court_Discovery_Brady,Court,3,Court,court,topic,/court/discovery-brady-disputes,site/docs/court/discovery-brady-disputes.mdx,Discovery & Brady Disputes,Discovery & Brady,court,mdx,yes,250,"FBI and ATF discovery fights in State v. Tyler Robinson — DNA and chain-of-custody materials the defense says were not produced, a reported 600k-file production, sealed digital forensics, and defense continuance motions."
Court_Gag_Sealing,Court,3,Court,court,topic,/court/gag-orders-sealing,site/docs/court/gag-orders-sealing.mdx,Gag Orders & Sealing,Gag Orders & Sealing,court,mdx,yes,231,"December 2025 gag order, closed hearings, March 2026 seal motion over inconclusive ATF report, media coalition opposition, and pretrial publicity contempt in State v. Tyler Robinson."
Court_Investigation_Index,Court,3,Court,court,index,/court/investigation-index,site/docs/court/investigation-index.mdx,Court Investigation Index,Court Investigation Index,court,mdx,yes,218,"Working memo for the Court & Trial section — case roster, discovery fights, gag orders, ballistics, Miranda timing, and pretrial scheduling in State v. Tyler Robinson."
Court_Judge_Lunnen,Court,3,Court,court,person,/court/judge-robert-lunnen,site/docs/court/judge-robert-lunnen.mdx,Judge Robert Lunnen — Prior Bench Vacancy,Judge Lunnen,court,mdx,yes,196,"Judge Robert Lunnen retired August 1 2025 from Utah Fourth District Court, creating the vacancy filled by Tony Graf before the Tyler Robinson capital case arrived. Living person; no accusation of wrongdoing."
Court_Judge_Graf,Court,3,Court,court,person,/court/judge-tony-graf,site/docs/court/judge-tony-graf.mdx,Judge Tony F. Graf Jr.,Judge Tony Graf,court,mdx,yes,232,"Judge Tony F. Graf Jr. presides over State v. Tyler Robinson — appointment timeline, first-appearance ruling, gag order, closed hearings, and June 2026 contempt finding. Living person; court actions documented, not accused of wrongdoing."
court_mirandize_grok_analysis,Court,4,Court,court,topic,/court/mirandize/grok-analysis,site/docs/court/mirandize/grok-analysis.mdx,Grok AI Analysis: Mirandizing Date,Grok Analysis (PDF),court/mirandize,mdx,yes,273,This document is an AI analysis (Grok) of the Bates 003996-R2 exhibit and surrounding court filings. It addresses the question of when Tyler Robinson was…
court_sept_11_image,Court,4,Court,court,topic,/court/mirandize/mirandized-sept-11-image,site/docs/court/mirandize/mirandized-sept-11-image.mdx,Image: Mirandized Sept 11 — Bates 003996-R2 Reference,Mirandized Sept 11 (Image),court/mirandize,mdx,yes,302,This screenshot documents a search-result summary describing the Bates 003996-R2 exhibit — the video recording of Tyler Robinson's Miranda encounter. The…
court_mirandize,Court,3,Court,court,overview,/court/mirandize/mirandize-overview,site/docs/court/mirandize/overview.mdx,Mirandizing — Court Evidence,Mirandize Overview,court/mirandize,mdx,yes,430,This section hosts the primary evidence documents related to the Mirandizing of Tyler Robinson. The central question: was Robinson read his Miranda rights on…
court_probable_cause_affidavit,Court,4,Court,court,topic,/court/mirandize/probable-cause-affidavit,site/docs/court/mirandize/probable-cause-affidavit.mdx,Probable Cause Affidavit (Police Booking),Probable Cause Affidavit,court/mirandize,mdx,yes,289,This is the Probable Cause Affidavit filed by law enforcement in connection with Tyler Robinson's arrest. This is the police-side booking document that…
court_11_grok_image,Court,4,Court,court,topic,/court/mirandize/sept-11-grok-image,site/docs/court/mirandize/sept-11-grok-image.mdx,Image: Sept 11 Grok Screenshot — Bates 003996-R2 Analysis,Sept 11 Grok (Image),court/mirandize,mdx,yes,195,"This screenshot captures a Grok AI analysis of the Bates 003996-R2 exhibit, explaining what the exhibit is and why it is significant to the Mirandizing date…"
Court,Home,2,,court,overview,/court/overview,site/docs/court/overview.mdx,Tyler Robinson Trial — Court Case and Hearings,Court & Trial,court,mdx,yes,252,"State of Utah v. Tyler Robinson — judges, prosecution and defense teams, discovery fights, gag orders, ballistics disputes, Miranda timing, and pretrial motions in the Charlie Kirk capital case."
Court_Bindover_Aggravator,Court,3,Court,court,topic,/court/defense-bindover-brief-aggravator,site/docs/court/defense-bindover-brief-aggravator.mdx,Defense Bindover Brief — Hearsay and the 'Intended Target' Aggravator,Bindover Brief & Aggravator,court,mdx,yes,291,"Tyler Robinson's defense argues the State cannot bind over on Rule 1102 hearsay and cannot prove the capital aggravator, because a single scoped-rifle shot that hit its intended target created no high probability of death to anyone else."
Court_Preliminary_Hearing,Court,3,Court,court,topic,/court/preliminary-hearing-motions,site/docs/court/preliminary-hearing-motions.mdx,Preliminary Hearing & Motions,Preliminary Hearing,court,mdx,yes,119,"Scheduling, delay motions, camera access, roommate testimony disputes, and expected evidence in the Tyler Robinson preliminary hearing — rescheduled toward July 2026."
Court_Prosecution_Team,Court,3,Court,court,topic,/court/prosecution-team,site/docs/court/prosecution-team.mdx,Prosecution Team — Utah County,Prosecution Team,court,mdx,yes,115,"Utah County Attorney Jeffrey S. Gray and deputy prosecutors in State v. Tyler Robinson — team roster, preliminary-hearing strategy, and June 2026 Christopher Ballard contempt ruling."
Court_Jail_Custody,Court,3,Court,court,topic,/court/utah-county-jail-custody,site/docs/court/utah-county-jail-custody.mdx,Utah County Jail & Custody,Utah County Jail,court,mdx,yes,106,"Tyler Robinson custody at Utah County Jail Spanish Fork — Booking 460956, restricted housing, remote court appearances, and jailhouse-informant process questions."
Court_Robinson_Devices,Court,3,Court,court,topic,/court/Robinson_Phone_Devices,site/docs/court/Robinson_Phone_Devices.mdx,Tyler Robinson's Phone & Devices,Robinson's Devices,court,mdx,yes,249,"Tyler Robinson's phone and seized electronics in State of Utah v. Tyler Robinson — reported Cellebrite extractions, location and cell-tower metadata, Discord, and the discovery questions the defense would press."
Court_Hearing_Witnesses,Court,3,Court,court,index,/court/hearing-witnesses,site/docs/court/hearing-witnesses.mdx,Who Testified — Hearing Witnesses,Who Testified,court,mdx,yes,244,"The roster of people who took the stand in State of Utah v. Tyler Robinson — officers, agents, forensic analysts, and cooperating witnesses — and what each was reportedly there to establish."
Court_Judges,Court,3,Court,court,index,/court/judges,site/docs/court/judges.mdx,The Judges,The Judges,court,mdx,yes,264,"The judges in State of Utah v. Tyler Robinson — Judge Tony F. Graf Jr. presiding, Judge Robert Lunnen's retirement and the vacancy that reassigned the case, and the rulings under public scrutiny."
Court_Testimony,Court,3,Court,court,topic,/court/testimony,site/docs/court/testimony.mdx,Testimony,Testimony,court,mdx,yes,167,"Sworn testimony in State of Utah v. Tyler Robinson — what witnesses said under oath at the 2026 preliminary hearing, which accounts are contested, and where the record has gaps."
Prelim_Hearing_Day_1,Preliminary_Hearing,4,Court,court,topic,/court/Preliminary_Hearing/Day_1,site/docs/court/Preliminary_Hearing/Day_1.mdx,Preliminary Hearing — Day 1 (July 2026),Day 1 — Rooftop & Autopsy,court/Preliminary_Hearing,mdx,yes,5417,"Day 1 of Tyler Robinson's preliminary hearing: decorum protocol, Officer Bagley on the Losee rooftop perch, and Agent Hull on video and autopsy evidence."
Prelim_Hearing_Day_2,Preliminary_Hearing,4,Court,court,topic,/court/Preliminary_Hearing/Day_2,site/docs/court/Preliminary_Hearing/Day_2.mdx,Preliminary Hearing — Day 2,Day 2 — Forensics & Cross,court/Preliminary_Hearing,mdx,yes,4355,"Day 2 of Tyler Robinson's preliminary hearing: Agent Hull's UVU surveillance testimony, phone extraction and Discord evidence, and Michael Burt's cross-examination."
Prelim_Hearing_Day_3,Preliminary_Hearing,4,Court,court,topic,/court/Preliminary_Hearing/Day_3,site/docs/court/Preliminary_Hearing/Day_3.mdx,Preliminary Hearing — Day 3,Day 3 — Twiggs 1102 Video,court/Preliminary_Hearing,mdx,yes,1409,"Agent Brian Davis testifies on Tyler Robinson's surrender, arrest, and booking; parties fight over publishing Lance Twiggs' recorded 1102 video interview."
Prelim_Hearing_Day_4,Preliminary_Hearing,4,Court,court,topic,/court/Preliminary_Hearing/Day_4,site/docs/court/Preliminary_Hearing/Day_4.mdx,Preliminary Hearing — Day 4,Day 4 — Forensics & Rifle,court/Preliminary_Hearing,mdx,yes,1336,"Final prelim day: Agent Davis reads the Twiggs texts and note, Sgt. Faumuina details the rooftop and rifle recovery, ATF examiner Karner defends ballistics."
Preliminary_Hearing,Court,3,Court,court,overview,/court/Preliminary_Hearing/overview,site/docs/court/Preliminary_Hearing/overview.mdx,Preliminary Hearing,Preliminary Hearing,court/Preliminary_Hearing,mdx,yes,219,"Day-by-day record of the July 2026 preliminary hearing in State of Utah v. Tyler Robinson — rooftop, autopsy, forensics, the Twiggs video, and the ballistics fight, with full color-coded transcripts."
Mirandize_Baron_Coleman,court_mirandize,4,Court,court,topic,/court/mirandize/baron-coleman-early-turn-in,site/docs/court/mirandize/baron-coleman-early-turn-in.mdx,Baron Coleman: Early Turn-In & the Refused Surrender Video,Baron Coleman Analysis,court/mirandize,mdx,yes,362,"Attorney Baron Coleman argues that if Tyler Robinson turned himself in during the early afternoon of September 11 — not after 9 PM — and Washington County refused or deleted the surrender video, it would point to a multi-agency problem with the official timeline."
Mirandize_Bodycam_GRAMA,court_mirandize,4,Court,court,topic,/court/mirandize/bodycam-grama-no-footage,site/docs/court/mirandize/bodycam-grama-no-footage.mdx,Missing Bodycam & the GRAMA 'No Footage' Admission,Bodycam & GRAMA No-Footage,court/mirandize,mdx,yes,277,"In a GRAMA public-records appeal, Washington County's representative said a search for bodycam footage of Tyler Robinson's surrender found none. Investigators argue that is either impossible or a records problem."
Mirandize_Custody_Timeline,court_mirandize,4,Court,court,topic,/court/mirandize/custody-timeline-fake-confession,site/docs/court/mirandize/custody-timeline-fake-confession.mdx,6:25 PM Custody & the Discord Confession,Custody Timeline & Confession,court/mirandize,mdx,yes,343,"The pivotal Mirandize claim: if Tyler Robinson was in custody at the Washington County Sheriff's Office at 6:25 PM on September 11 with his phone seized, who typed the 7:57 PM Discord confession?"
Mirandize_Investigative_Hold,court_mirandize,4,Court,court,topic,/court/mirandize/investigative-hold-counterpoint,site/docs/court/mirandize/investigative-hold-counterpoint.mdx,Counterpoint: The 24-Hour Investigative Hold,Investigative-Hold Counterpoint,court/mirandize,mdx,yes,285,"A fair counterargument to the Mirandize timeline: a delayed Miranda reading is not by itself a rights violation, because a suspect can be held on an investigative hold. Why investigators say the custody-and-phone question still matters."
Laws,Home,2,,laws,overview,/laws/,site/docs/laws/README.md,Charlie Kirk Assassination — Forced Disclosure,Charlie Kirk Assassination — Forced Disclosure,laws,md,no,288,"Section hub for the four proposed federal disclosure laws — DoJ/FBI, U.S. Intelligence, Mandatory Investigation, Trusted Investigators — plus the court discovery list and the exploding-microphone disclosure items."
Law1_Human_Requirements,Law1_DoJ_FBI,5,Laws,laws,topic,/laws/DoJ_FBI/more/Human_Requirements,site/docs/laws/1_DoJ_FBI/more/Human_Requirements.md,Human Requirements: Law 1 - DoJ/FBI Forced Disclosure,Human Requirements: Law 1 - DoJ/FBI Forced Disclosure,laws/1_DoJ_FBI/more,md,yes,238,"The plain-language goals behind Law 1: force the DOJ, FBI and every police agency to disclose all their files on the Charlie Kirk assassination."
Law1_Notes,Law1_DoJ_FBI,5,Laws,laws,topic,/laws/DoJ_FBI/more/Notes_1_DoJ_FBI,site/docs/laws/1_DoJ_FBI/more/Notes_1_DoJ_FBI.md,Notes: Law 1 - DoJ/FBI Forced Disclosure,Notes: Law 1 - DoJ/FBI Forced Disclosure,laws/1_DoJ_FBI/more,md,yes,228,"Legal research behind Law 1: lessons from the Epstein Files Transparency Act and the JFK Records Act, plus the pros and cons of forcing DOJ/FBI disclosure."
Law1_Output_Analysis,Law1_DoJ_FBI,5,Laws,laws,topic,/laws/DoJ_FBI/more/Output_Analysis,site/docs/laws/1_DoJ_FBI/more/Output_Analysis.md,Output Analysis: Law 1 - DoJ/FBI Forced Disclosure,Output Analysis: Law 1 - DoJ/FBI Forced Disclosure,laws/1_DoJ_FBI/more,md,yes,222,"Checks Law 1, DOJ/FBI forced disclosure on Charlie Kirk, requirement by requirement against its plain-language goals, with problems and recommendations."
Law2_US_Intel,Laws,4,Laws,laws,topic,/laws/US_Intel/Law_2_US_Intel,site/docs/laws/2_US_Intel/Law_2_US_Intel.md,Law 2: Charlie Kirk Investigation - Intelligence Services Disclosure Act,Law 2: Charlie Kirk Investigation - Intelligence Services Disclosure Act,laws/2_US_Intel,md,yes,1435,"Full text of Law 2, the Intelligence Services Disclosure Act: requires the CIA, NSA and all U.S. spy agencies to release what they hold on Charlie Kirk's death."
Law2_Human_Requirements,Law2_US_Intel,5,Laws,laws,topic,/laws/US_Intel/more/Human_Requirements,site/docs/laws/2_US_Intel/more/Human_Requirements.md,Human Requirements: Law 2 - US Intelligence Services Forced Disclosure,Human Requirements: Law 2 - US Intelligence Services Forced Disclosure,laws/2_US_Intel/more,md,yes,197,"The plain-language goals behind Law 2: make U.S. intelligence services release anything that could identify Charlie Kirk's real killer, shielding only sources."
Law2_Notes,Law2_US_Intel,5,Laws,laws,topic,/laws/US_Intel/more/Notes_2_US_Intel,site/docs/laws/2_US_Intel/more/Notes_2_US_Intel.md,Notes: Law 2 - US Intelligence Services Forced Disclosure,Notes: Law 2 - US Intelligence Services Forced Disclosure,laws/2_US_Intel/more,md,yes,211,"Legal research behind Law 2: the JFK Records Act, classification rules under Executive Order 13526 and Epstein Act compliance failures, with pros and cons."
Law2_Output_Analysis,Law2_US_Intel,5,Laws,laws,topic,/laws/US_Intel/more/Output_Analysis,site/docs/laws/2_US_Intel/more/Output_Analysis.md,Output Analysis: Law 2 - US Intelligence Services Forced Disclosure,Output Analysis: Law 2 - US Intelligence Services Forced Disclosure,laws/2_US_Intel/more,md,yes,221,"Checks Law 2, intelligence services disclosure on Charlie Kirk, requirement by requirement against its plain-language goals, with problems and recommendations."
Law3_Human_Requirements,Law3_Require_Investigate,5,Laws,laws,topic,/laws/Require_to_Investigate/more/Human_Requirements,site/docs/laws/3_Require_to_Investigate/more/Human_Requirements.md,Human Requirements: Law 3 - Require Investigation,Human Requirements: Law 3 - Require Investigation,laws/3_Require_to_Investigate/more,md,yes,204,"The plain-language goals behind Law 3: require the FBI, police and U.S. intelligence services to carry out a real investigation of Charlie Kirk's death."
Law3_Notes,Law3_Require_Investigate,5,Laws,laws,topic,/laws/Require_to_Investigate/more/Notes_3_Require_to_Investigate,site/docs/laws/3_Require_to_Investigate/more/Notes_3_Require_to_Investigate.md,Notes: Law 3 - Require Investigation,Notes: Law 3 - Require Investigation,laws/3_Require_to_Investigate/more,md,yes,209,"Legal research behind Law 3: special counsel rules, the Church Committee, the Warren Commission and HSCA, and the pros and cons of mandating an investigation."
Law3_Output_Analysis,Law3_Require_Investigate,5,Laws,laws,topic,/laws/Require_to_Investigate/more/Output_Analysis,site/docs/laws/3_Require_to_Investigate/more/Output_Analysis.md,Output Analysis: Law 3 - Require Investigation,Output Analysis: Law 3 - Require Investigation,laws/3_Require_to_Investigate/more,md,yes,215,"Checks Law 3, the mandatory Charlie Kirk investigation, requirement by requirement against its plain-language goals, with problems and recommendations."
Law4_Trusted_Investigators,Laws,4,Laws,laws,topic,/laws/Trusted_Investigations/Law_4_Trusted_Investigations,site/docs/laws/4_Trusted_Investigations/Law_4_Trusted_Investigations.md,Law 4: Charlie Kirk Investigation - Trusted Investigators Act,Law 4: Charlie Kirk Investigation - Trusted Investigators Act,laws/4_Trusted_Investigations,md,yes,1621,"Full text of Law 4, the Trusted Investigators Act: named trusted investigators get their own FBI and intelligence teams to investigate Charlie Kirk's death."
Law4_Human_Requirements,Law4_Trusted_Investigators,5,Laws,laws,topic,/laws/Trusted_Investigations/more/Human_Requirements,site/docs/laws/4_Trusted_Investigations/more/Human_Requirements.md,Human Requirements: Law 4 - Trusted Investigations,Human Requirements: Law 4 - Trusted Investigations,laws/4_Trusted_Investigations/more,md,yes,203,The plain-language goals behind Law 4: trusted investigators each get their own team inside the FBI and U.S. intelligence to investigate Charlie Kirk's death.
Law4_Notes,Law4_Trusted_Investigators,5,Laws,laws,topic,/laws/Trusted_Investigations/more/Notes_4_Trusted_Investigations,site/docs/laws/4_Trusted_Investigations/more/Notes_4_Trusted_Investigations.md,Notes: Law 4 - Trusted Investigations,Notes: Law 4 - Trusted Investigations,laws/4_Trusted_Investigations/more,md,yes,214,"Legal research behind Law 4: the special counsel framework, the 9/11 Commission and congressional investigation powers, and the pros and cons of trusted teams."
Law4_Output_Analysis,Law4_Trusted_Investigators,5,Laws,laws,topic,/laws/Trusted_Investigations/more/Output_Analysis,site/docs/laws/4_Trusted_Investigations/more/Output_Analysis.md,Output Analysis: Law 4 - Trusted Investigations,Output Analysis: Law 4 - Trusted Investigations,laws/4_Trusted_Investigations/more,md,yes,237,"Checks Law 4, the trusted investigator teams for Charlie Kirk, requirement by requirement against its plain-language goals, with problems and recommendations."
Laws_Explain_Four_Laws,Laws,4,Laws,laws,overview,/laws/explain/all/overview,site/docs/laws/explain/all/overview.mdx,Four Laws to Force the Truth About Charlie Kirk,Launch: All Four Laws,laws/explain/all,mdx,yes,433,"Launch article introducing the four proposed federal laws modeled on the Epstein Files Transparency Act — designed to force disclosure, mandate investigation, and establish trusted oversight of the Charlie Kirk case."
Laws_SVG_Slide_Law1,Laws_Explain_Four_Laws,6,Laws,laws,topic,/laws/explain/all/laws_svg/needs,site/docs/laws/explain/all/4_laws_svg/needs.mdx,SVG Slide Requirements,SVG Slide Requirements,laws/explain/all/4_laws_svg,mdx,yes,193,"Design brief for the slide explaining why four federal laws are proposed after Charlie Kirk's assassination: 16:9 SVG, solid colors, no imagery."
Laws_SVG_Slide_Law2,Laws_Explain_Four_Laws,6,Laws,laws,topic,/laws/explain/all/laws_svg/needs_law_2,site/docs/laws/explain/all/4_laws_svg/needs_law_2.mdx,SVG Slide Requirements — Law #2,SVG Slide Requirements — Law #2,laws/explain/all/4_laws_svg,mdx,yes,238,"Design brief for the Law 2 slide on intelligence disclosure in the Charlie Kirk case: a 16:9 SVG matching the Law 1 navy, red and gold template."
Laws_SVG_Slide_Law3,Laws_Explain_Four_Laws,6,Laws,laws,topic,/laws/explain/all/laws_svg/needs_law_3,site/docs/laws/explain/all/4_laws_svg/needs_law_3.mdx,SVG Slide Requirements — Law #3,SVG Slide Requirements — Law #3,laws/explain/all/4_laws_svg,mdx,yes,223,"Design brief for the Law 3 slide, Mandate the Investigation, in the Charlie Kirk case: a 16:9 SVG matching the Law 1 navy, red and gold template."
Laws_SVG_Slide_Law4,Laws_Explain_Four_Laws,6,Laws,laws,topic,/laws/explain/all/laws_svg/needs_law_4,site/docs/laws/explain/all/4_laws_svg/needs_law_4.mdx,SVG Slide Requirements — Law #4,SVG Slide Requirements — Law #4,laws/explain/all/4_laws_svg,mdx,yes,227,"Design brief for the Law 4 slide on trusted investigators in the Charlie Kirk case: a 16:9 SVG matching the Law 1 navy, red and gold template."
Laws_List_Of_Laws,Laws,4,Laws,laws,index,/laws/other/List_Of_Laws,site/docs/laws/other/List_Of_Laws.md,Charlie Kirk Files Forced Disclosure -- Summary of Four Proposed Federal Laws,Charlie Kirk Files Forced Disclosure -- Summary of Four Proposed Federal Laws,laws/other,md,no,233,"The project charter summarizing all four proposed laws — scope, covered agencies, and Schedule A item counts — dated March 10, 2026 and used as the yardstick for the compliance analyses."
Laws_Worries_Threat_Analysis,Laws,4,Laws,laws,topic,/laws/other/Worries_By_Each_4_Laws,site/docs/laws/other/Worries_By_Each_4_Laws.md,Charlie Kirk Files Forced Disclosure -- Threat Analysis & Recommended Fixes for All Four Laws,Charlie Kirk Files Forced Disclosure -- Threat Analysis & Recommended Fixes for All Four Laws,laws/other,md,no,479,"Adversarial threat model of every way agencies, courts, or Congress could evade the four laws — the claimed Israel exception, judicial suppression, delay, pre-passage destruction — each paired with a recommended statutory fix."
Laws_Factual_Challenges,Laws_List_Of_Laws,5,Laws,laws,topic,/laws/other/analysis/Challenges,site/docs/laws/other/analysis/Challenges.md,Factual Challenges — REMAINING UNFIXED ITEMS,Factual Challenges — REMAINING UNFIXED ITEMS,laws/other/analysis,md,yes,203,The one factual challenge to the four Charlie Kirk disclosure laws still open: an inconsistent count of Schedule A disclosure items across project documents.
Laws_Attorney_Improvements,Laws_List_Of_Laws,5,Laws,laws,topic,/laws/other/analysis/Improve,site/docs/laws/other/analysis/Improve.md,Attorney Analysis: Improvements for the Four [Charlie Kirk](/People/charlie-kirk) Disclosure Laws,Attorney Analysis: Improvements for the Four [Charlie Kirk](/People/charlie-kirk) Disclosure Laws,laws/other/analysis,md,no,487,"Attorney recommendations to strengthen the four laws — harmonize Schedule A counts, cure Appointments Clause and appropriations risks, add exhumation authority, and fix section numbering and notice periods."
Laws_Charter_Noncompliance,Laws_List_Of_Laws,5,Laws,laws,topic,/laws/other/analysis/Laws_Not_Complying,site/docs/laws/other/analysis/Laws_Not_Complying.md,Laws Not Complying with Charter (List_Of_Laws.md) -- Comprehensive Analysis,Laws Not Complying with Charter (List_Of_Laws.md) -- Comprehensive Analysis,laws/other/analysis,md,no,644,"Where each drafted law diverges from the List_Of_Laws charter — item counts, budget-cut percentages, disclaimer placement — and gaps such as explosive residue testing, Stingray surveillance, and the Carbyne 911 system."
Laws_Fixed_Any_Problems,Laws_Analysis_Any_Problems,6,Laws,laws,topic,/laws/other/analysis/Fixed/Any_Problems,site/docs/laws/other/analysis/Fixed/Any_Problems.md,"Problems, Vulnerabilities, and Recommended Fixes — FIXED ITEMS","Problems, Vulnerabilities, and Recommended Fixes — FIXED ITEMS",laws/other/analysis/Fixed,md,yes,274,"Attorney review of the four Charlie Kirk disclosure laws: weaknesses such as slow-rolled, unusable record productions, and how each one was fixed in the drafts."
Laws_Fixed_Items_Added,Laws_Additional_Disclosure_Items,6,Laws,laws,topic,/laws/other/analysis/Fixed/Any_more_to_Add,site/docs/laws/other/analysis/Fixed/Any_more_to_Add.md,Additional Disclosure Items to Consider (Beyond the 175) — ALL ADDED,Additional Disclosure Items to Consider (Beyond the 175) — ALL ADDED,laws/other/analysis/Fixed,md,yes,351,"26 more disclosure items proposed beyond the original 175 for the Charlie Kirk laws, from Robinson family statements to witness intimidation, all now added."
Laws_Fixed_Challenges,Laws_Factual_Challenges,6,Laws,laws,topic,/laws/other/analysis/Fixed/Challenges,site/docs/laws/other/analysis/Fixed/Challenges.md,Factual Challenges Analysis — FIXED ITEMS,Factual Challenges Analysis — FIXED ITEMS,laws/other/analysis/Fixed,md,no,224,"Nine of ten factual challenges resolved — mechanism of death, foreign aircraft, the AES factory explosion, rifle-planting claims, Lance Twiggs, Fort Huachuca, FBI evidence deletion — by conditional records-request framing."
Laws_Fixed_Improvements,Laws_Attorney_Improvements,6,Laws,laws,topic,/laws/other/analysis/Fixed/Improve,site/docs/laws/other/analysis/Fixed/Improve.md,Attorney Analysis: Improvements for Law 1 (DoJ/FBI Forced Disclosure Act) — FIXED ITEMS,Attorney Analysis: Improvements for Law 1 (DoJ/FBI Forced Disclosure Act) — FIXED ITEMS,laws/other/analysis/Fixed,md,no,384,"Ten Law 1 improvements verified as implemented — congressional findings, severability, no presidential override, special master, appropriations, a narrowed private right of action, and a defined review board."
Laws_Fixed_Charter_Items,Laws_Charter_Noncompliance,6,Laws,laws,topic,/laws/other/analysis/Fixed/Laws_Not_Complying,site/docs/laws/other/analysis/Fixed/Laws_Not_Complying.md,Laws Not Complying with Charter — FIXED / RESOLVED ITEMS,Laws Not Complying with Charter — FIXED / RESOLVED ITEMS,laws/other/analysis/Fixed,md,no,262,"Charter-compliance items now resolved across the four laws — Schedule A harmonized at 208 items, severability, congressional findings, special master, appropriations, and forensic audit enforcement."
Laws_Old_List_Of_Laws,Laws_List_Of_Laws,5,Laws,laws,index,/laws/other/old/List_Of_Laws,site/docs/laws/other/old/List_Of_Laws.md,Charlie Kirk Files Forced Disclosure -- Summary of Four Proposed Federal Laws (Earlier Draft),Charlie Kirk Files Forced Disclosure -- Summary of Four Proposed Federal Laws,laws/other/old,md,yes,317,"Archived March 10, 2026 charter summarizing the four laws before revision, including the original cross-cutting attorney notes on numbering, severability, findings, special master, and appropriations gaps."
Old_Law1_Requirements,Laws_Old_Law1_DoJ_FBI,7,Laws,laws,topic,/laws/other/old/DoJ_FBI/more/Human_Requirements,site/docs/laws/other/old/1_DoJ_FBI/more/Human_Requirements.md,Human Requirements: Law 1 - DoJ/FBI Forced Disclosure (Earlier Draft),Human Requirements: Law 1 - DoJ/FBI Forced Disclosure,laws/other/old/1_DoJ_FBI/more,md,yes,209,"Earlier draft of Law 1's plain-language goals: force the DOJ, FBI and every police agency to disclose all their files on the Charlie Kirk assassination."
Old_Law1_Notes,Laws_Old_Law1_DoJ_FBI,7,Laws,laws,topic,/laws/other/old/DoJ_FBI/more/Notes_1_DoJ_FBI,site/docs/laws/other/old/1_DoJ_FBI/more/Notes_1_DoJ_FBI.md,Notes: Law 1 - DoJ/FBI Forced Disclosure (Earlier Draft),Notes: Law 1 - DoJ/FBI Forced Disclosure,laws/other/old/1_DoJ_FBI/more,md,yes,224,Earlier draft of the Law 1 legal research: lessons from the Epstein Files Transparency Act and JFK Records Act for forcing DOJ/FBI disclosure on Charlie Kirk.
Old_Law1_Analysis,Laws_Old_Law1_DoJ_FBI,7,Laws,laws,topic,/laws/other/old/DoJ_FBI/more/Output_Analysis,site/docs/laws/other/old/1_DoJ_FBI/more/Output_Analysis.md,Output Analysis: Law 1 - DoJ/FBI Forced Disclosure (Earlier Draft),Output Analysis: Law 1 - DoJ/FBI Forced Disclosure,laws/other/old/1_DoJ_FBI/more,md,yes,222,"Earlier draft checking Law 1, DOJ/FBI forced disclosure on Charlie Kirk, against its plain-language goals, with problems found and recommendations."
Old_Law2_US_Intel,Laws_Old_List_Of_Laws,6,Laws,laws,topic,/laws/other/old/US_Intel/Law_2_US_Intel,site/docs/laws/other/old/2_US_Intel/Law_2_US_Intel.md,Law 2: Charlie Kirk Investigation - Intelligence Services Disclosure Act (Earlier Draft),Law 2: Charlie Kirk Investigation - Intelligence Services Disclosure Act,laws/other/old/2_US_Intel,md,yes,338,"Earlier draft of Law 2, the Intelligence Services Disclosure Act, requiring U.S. intelligence agencies to release what they hold on Charlie Kirk's death."
Old_Law2_Requirements,Old_Law2_US_Intel,7,Laws,laws,topic,/laws/other/old/US_Intel/more/Human_Requirements,site/docs/laws/other/old/2_US_Intel/more/Human_Requirements.md,Human Requirements: Law 2 - US Intelligence Services Forced Disclosure (Earlier Draft),Human Requirements: Law 2 - US Intelligence Services Forced Disclosure,laws/other/old/2_US_Intel/more,md,yes,203,Earlier draft of Law 2's plain-language goals: U.S. intelligence services must release anything that could identify Charlie Kirk's real killer.
Old_Law2_Notes,Old_Law2_US_Intel,7,Laws,laws,topic,/laws/other/old/US_Intel/more/Notes_2_US_Intel,site/docs/laws/other/old/2_US_Intel/more/Notes_2_US_Intel.md,Notes: Law 2 - US Intelligence Services Forced Disclosure (Earlier Draft),Notes: Law 2 - US Intelligence Services Forced Disclosure,laws/other/old/2_US_Intel/more,md,yes,211,"Earlier draft of the Law 2 legal research: the JFK Records Act, Executive Order 13526 and Epstein Act failures, applied to intelligence disclosure."
Old_Law2_Analysis,Old_Law2_US_Intel,7,Laws,laws,topic,/laws/other/old/US_Intel/more/Output_Analysis,site/docs/laws/other/old/2_US_Intel/more/Output_Analysis.md,Output Analysis: Law 2 - US Intelligence Services Forced Disclosure (Earlier Draft),Output Analysis: Law 2 - US Intelligence Services Forced Disclosure,laws/other/old/2_US_Intel/more,md,yes,223,"Earlier draft checking Law 2, intelligence disclosure on Charlie Kirk, against its plain-language goals, with problems found and recommendations."
Old_Law3_Investigate,Laws_Old_List_Of_Laws,6,Laws,laws,topic,/laws/other/old/Require_to_Investigate/Law_3_Require_to_Investigate,site/docs/laws/other/old/3_Require_to_Investigate/Law_3_Require_to_Investigate.md,Law 3: Charlie Kirk Investigation - Mandatory Investigation Act (Earlier Draft),Law 3: Charlie Kirk Investigation - Mandatory Investigation Act,laws/other/old/3_Require_to_Investigate,md,yes,330,"Earlier draft of Law 3, the Mandatory Investigation Act, requiring the FBI and intelligence agencies to actively investigate Charlie Kirk's assassination."
Old_Law3_Requirements,Old_Law3_Investigate,7,Laws,laws,topic,/laws/other/old/Require_to_Investigate/more/Human_Requirements,site/docs/laws/other/old/3_Require_to_Investigate/more/Human_Requirements.md,Human Requirements: Law 3 - Require Investigation (Earlier Draft),Human Requirements: Law 3 - Require Investigation,laws/other/old/3_Require_to_Investigate/more,md,yes,207,"Earlier draft of Law 3's plain-language goals: the FBI, police and intelligence services must carry out a real, thorough investigation of Charlie Kirk's death."
Old_Law3_Notes,Old_Law3_Investigate,7,Laws,laws,topic,/laws/other/old/Require_to_Investigate/more/Notes_3_Require_to_Investigate,site/docs/laws/other/old/3_Require_to_Investigate/more/Notes_3_Require_to_Investigate.md,Notes: Law 3 - Require Investigation (Earlier Draft),Notes: Law 3 - Require Investigation,laws/other/old/3_Require_to_Investigate/more,md,yes,213,"Earlier draft of the Law 3 legal research: special counsel rules, the Church Committee, Warren Commission and HSCA, applied to a Charlie Kirk investigation."
Old_Law3_Analysis,Old_Law3_Investigate,7,Laws,laws,topic,/laws/other/old/Require_to_Investigate/more/Output_Analysis,site/docs/laws/other/old/3_Require_to_Investigate/more/Output_Analysis.md,Output Analysis: Law 3 - Require Investigation (Earlier Draft),Output Analysis: Law 3 - Require Investigation,laws/other/old/3_Require_to_Investigate/more,md,yes,229,"Earlier draft checking Law 3, the mandatory Charlie Kirk investigation, against its plain-language goals, with problems found and recommendations."
Old_Law4_Trusted,Laws_Old_List_Of_Laws,6,Laws,laws,topic,/laws/other/old/Trusted_Investigations/Law_4_Trusted_Investigations,site/docs/laws/other/old/4_Trusted_Investigations/Law_4_Trusted_Investigations.md,Law 4: Charlie Kirk Investigation - Trusted Investigators Act (Earlier Draft),Law 4: Charlie Kirk Investigation - Trusted Investigators Act,laws/other/old/4_Trusted_Investigations,md,yes,333,"Earlier draft of Law 4, the Trusted Investigators Act: named trusted investigators get their own FBI and intelligence teams to look into Charlie Kirk's death."
Old_Law4_Requirements,Old_Law4_Trusted,7,Laws,laws,topic,/laws/other/old/Trusted_Investigations/more/Human_Requirements,site/docs/laws/other/old/4_Trusted_Investigations/more/Human_Requirements.md,Human Requirements: Law 4 - Trusted Investigations (Earlier Draft),Human Requirements: Law 4 - Trusted Investigations,laws/other/old/4_Trusted_Investigations/more,md,yes,211,Earlier draft of Law 4's plain-language goals: trusted investigators get their own FBI and intelligence teams to investigate Charlie Kirk's death.
Old_Law4_Notes,Old_Law4_Trusted,7,Laws,laws,topic,/laws/other/old/Trusted_Investigations/more/Notes_4_Trusted_Investigations,site/docs/laws/other/old/4_Trusted_Investigations/more/Notes_4_Trusted_Investigations.md,Notes: Law 4 - Trusted Investigations (Earlier Draft),Notes: Law 4 - Trusted Investigations,laws/other/old/4_Trusted_Investigations/more,md,yes,214,"Earlier draft of the Law 4 legal research: special counsel framework, 9/11 Commission and congressional powers, applied to trusted investigator teams."
Old_Law4_Analysis,Old_Law4_Trusted,7,Laws,laws,topic,/laws/other/old/Trusted_Investigations/more/Output_Analysis,site/docs/laws/other/old/4_Trusted_Investigations/more/Output_Analysis.md,Output Analysis: Law 4 - Trusted Investigations (Earlier Draft),Output Analysis: Law 4 - Trusted Investigations,laws/other/old/4_Trusted_Investigations/more,md,yes,242,"Earlier draft checking Law 4, trusted investigator teams for Charlie Kirk, against its plain-language goals, with problems found and recommendations."
Cause_of_Death,Home,2,,Cause_of_Death,overview,/Cause_of_Death/overview,site/docs/Cause_of_Death/overview.mdx,How Did Charlie Kirk Die? Cause of Death Evidence,Cause of Death,Cause_of_Death,mdx,yes,308,What citizen investigators conclude killed Charlie Kirk: an explosive at his RØDE lavalier microphone — not the .30-06 rifle round of the government's narrative.
Maps,Home,2,,maps,overview,/maps/overview,site/docs/maps/overview.mdx,Maps,Maps,maps,mdx,yes,264,This page explains how maps and spatial analysis are used in the investigation of the Charlie Kirk case. It focuses on key locations (such as the UVU campus…
Maps_Wooded_Area_Rifle,Maps,3,Maps,maps,topic,/maps/wooded-area-rifle-recovery,site/docs/maps/wooded-area-rifle-recovery.mdx,Wooded Area Map — Rifle Recovery and the Same-Morning Arrest,Wooded Area & Rifle Recovery,maps,mdx,yes,163,"An annotated aerial map of the UVU campus places the shot location, the escape sequence, and the wooded area where the rifle was announced found."
Legal_Investigation,Home,2,,legal_investigation,overview,/legal_investigation/overview,site/docs/legal_investigation/overview.mdx,Legal Investigation,Legal Investigation,legal_investigation,mdx,yes,114,This directory contains information about legal proceedings and evidence handling related to the Charlie Kirk investigation.
Messages_Overview,,2,Messages,Messages,topic,/Messages/overview,site/docs/Messages/overview.mdx,Messages & Threats,Messages & Threats,Messages,mdx,yes,202,"Every reported message Charlie Kirk sent or received in the weeks before September 10, 2025 — one page per message, with its source, its channel, and its verification status."
Messages_Cardoza_Moore,Messages_Overview,3,Messages,Messages,topic,/Messages/laurie-cardoza-moore-message,site/docs/Messages/laurie-cardoza-moore-message.mdx,Laurie Cardoza-Moore's Message to Charlie Kirk,Laurie Cardoza-Moore Message,Messages,mdx,yes,214,"A screenshot circulated on X shows a long religious rebuke reportedly sent to Charlie Kirk by Christian Zionist activist Laurie Cardoza-Moore days before September 10, 2025. Full text, context, and the case against reading it as a threat."
Messages_Sept8_Donor_Chat,Messages_Overview,3,Messages,Messages,topic,/Messages/sept-8-donor-group-chat,site/docs/Messages/sept-8-donor-group-chat.mdx,The September 8 Donor Group Chat,Sept 8 Donor Group Chat,Messages,mdx,yes,237,"The nine-person group chat from September 8, 2025 in which Charlie Kirk reportedly wrote about losing donors over Tucker Carlson and leaving the pro-Israel cause — the only message set with published screenshots and an on-the-record TPUSA confirmation."
Messages_Sept9_Kill_Me,Messages_Overview,3,Messages,Messages,topic,/Messages/sept-9-they-are-going-to-kill-me,site/docs/Messages/sept-9-they-are-going-to-kill-me.mdx,"September 9 — ""They Are Going To Kill Me""",Sept 9 Kill-Me Messages,Messages,mdx,yes,210,"On the day before he died, Charlie Kirk reportedly told at least three people he believed he was about to be killed. No screenshot of those messages has ever been published. What is claimed, by whom, and what is missing."
Messages_Dillon_Text,Messages_Overview,3,Messages,Messages,topic,/Messages/seth-dillon-text-exchange,site/docs/Messages/seth-dillon-text-exchange.mdx,"Seth Dillon's Text — ""A Cost""","Seth Dillon's Text — ""A Cost""",Messages,mdx,yes,271,"Carrie Prejean Boller published a screenshot of a text she attributes to Seth Dillon: Charlie Kirk never said he was bullied or threatened, only that saying certain things would come at a cost. The screenshot and the claim built on it are not the same thing."
Messages_Andrew_Kolvet,Messages_Overview,3,Messages,Messages,topic,/Messages/message-to-andrew-kolvet,site/docs/Messages/message-to-andrew-kolvet.mdx,The Message to Andrew Kolvet,Message to Andrew Kolvet,Messages,mdx,yes,201,"TPUSA spokesman Andrew Kolvet is reported to have received a message from Charlie Kirk reading ""They will kill me."" What Kolvet has confirmed, what he has not, and why he is the most important witness in this section."
Messages_Dan_Flood,Messages_Overview,3,Messages,Messages,topic,/Messages/message-to-dan-flood,site/docs/Messages/message-to-dan-flood.mdx,The Message to Dan Flood,Message to Dan Flood,Messages,mdx,yes,223,"Charlie Kirk's head of security is reported to have been told, the night before the assassination, that Kirk expected to be ""executed tomorrow."" Why a warning to the security chief is different from a warning to a friend."
Messages_Frank_Turek,Messages_Overview,3,Messages,Messages,topic,/Messages/frank-turek-messages,site/docs/Messages/frank-turek-messages.mdx,Frank Turek's Text and Email,Frank Turek Messages,Messages,mdx,yes,234,"Christian apologist Frank Turek, a mentor to Charlie Kirk, has said publicly that Kirk texted him ""I know they want me dead"" and emailed him the same warning weeks earlier. The strongest first-person account in this section."
Messages_Harrison_Smith,Messages_Overview,3,Messages,Messages,topic,/Messages/harrison-smith-account,site/docs/Messages/harrison-smith-account.mdx,Harrison Smith's Account,Harrison Smith Account,Messages,mdx,yes,195,Infowars host Harrison Smith went public saying Charlie Kirk told him days before the assassination that he feared being taken out over Israel. His report is one origin point for the widely circulated August 2025 quotes.
Messages_Against_Israel,Messages_Overview,3,Messages,Messages,topic,/Messages/if-i-go-against-israel,site/docs/Messages/if-i-go-against-israel.mdx,"""If I Go Against Israel, I Think They Will Kill Me""","""If I Go Against Israel""",Messages,mdx,yes,240,"The most widely circulated quote attributed to Charlie Kirk, reportedly said to a friend on August 13, 2025 — a month before his death. Every recorded variant, every cited source, and why no first-hand recording has ever surfaced."
Messages_Wiped_Out,Messages_Overview,3,Messages,Messages,topic,/Messages/wiped-out-premonition,site/docs/Messages/wiped-out-premonition.mdx,"""Wiped Out At Any Time"" — The Long-Running Premonition","""Wiped Out At Any Time""",Messages,mdx,yes,199,"A message attributed to Charlie Kirk describes a decade-long sense that he might be killed at any time, unrelated to any specific threat. It reframes the 2025 messages as an escalation rather than a beginning."
Messages_Signal_Telegram,Messages_Overview,3,Messages,Messages,topic,/Messages/signal-telegram-not-imessage,site/docs/Messages/signal-telegram-not-imessage.mdx,"Signal and Telegram, Not iMessage","Signal & Telegram, Not iMessage",Messages,mdx,yes,199,Investigation notes state Charlie Kirk sent the threat messages over Signal and Telegram rather than iMessage. That single technical detail reconciles the contradiction between the witnesses and the denial — and decides what can ever be recovered.
Messages_UVU_Request,Messages_Overview,3,Messages,Messages,topic,/Messages/uvu-message-to-charlie-sept-9,site/docs/Messages/uvu-message-to-charlie-sept-9.mdx,"UVU: ""He Wants Us To Get A Message To Charlie Kirk""","UVU Message Request, Sept 9",Messages,mdx,yes,202,"A GRAMA-released email sent through the UVU police chief's chain on September 9, 2025 asked that a message be passed to Charlie Kirk. Every identifying detail is redacted, and whether it was ever delivered is undocumented."
Messages_Commentator_Threats,Messages_Overview,3,Messages,Messages,topic,/Messages/threats-to-commentators,site/docs/Messages/threats-to-commentators.mdx,Threats to Other Commentators After the Assassination,Threats to Commentators,Messages,mdx,yes,196,"Megyn Kelly, Tucker Carlson, Candace Owens, and Ian Carroll have all publicly described threats in the period after September 10, 2025. What each has said, and what can and cannot be concluded from the pattern."
Messages_Huckabee_Remark,Messages_Overview,3,Messages,Messages,topic,/Messages/huckabee-disappear-remark,site/docs/Messages/huckabee-disappear-remark.mdx,"The ""Make You Disappear"" Remark","Huckabee ""Disappear"" Remark",Messages,mdx,yes,195,"In a 2024 on-camera interview, Mike Huckabee asked Candace Owens whether she worried that opponents would ""make you disappear."" The clip resurfaced after the assassination. What was actually said, and why the framing is contested."
Messages_Owens_Claims,Messages_Overview,3,Messages,Messages,topic,/Messages/candace-owens-threat-claims,site/docs/Messages/candace-owens-threat-claims.mdx,Candace Owens' Threat Claims,Candace Owens Threat Claims,Messages,mdx,yes,212,"Candace Owens has publicly alleged a foreign plot against her own life and a foreign role in Charlie Kirk's death. The most serious and least corroborated set of claims in this section, recorded with the caution it requires."
Consciousness_Control,charlie-kirk,2,Consciousness_Control,Consciousness_Control,index,/Consciousness_Control/overview,site/docs/Consciousness_Control/overview.mdx,Consciousness Control,Mind Control (Tyler?),Consciousness_Control,mdx,yes,227,"Consciousness-control claims relevant to the Charlie Kirk case — Havana Syndrome, Voice of God / V2K, directed energy, brain-to-brain research, and why intelligence services would want shooters who look 'crazy.'"
Consciousness_Havana_Syndrome,Consciousness_Control,3,Consciousness_Control,Consciousness_Control,topic,/Consciousness_Control/havana-syndrome,site/docs/Consciousness_Control/havana-syndrome.mdx,Havana Syndrome,Havana Syndrome,Consciousness_Control,mdx,yes,322,"Havana Syndrome — anomalous health incidents, pulsed RF findings vs IC denial, Voice of God / V2K overlap, X whistleblower discourse, and why the 'crazy person' cover matters."
Consciousness_Directed_Energy,Consciousness_Control,3,Consciousness_Control,Consciousness_Control,topic,/Consciousness_Control/directed-energy-weapons,site/docs/Consciousness_Control/directed-energy-weapons.mdx,Directed Energy Weapons,Directed Energy Weapons,Consciousness_Control,mdx,yes,273,"Directed energy weapons — lasers, HPM, ADS, pulsed RF, Voice of God / V2K overlap — what is fielded vs alleged, and why DEW discourse maps to 'crazy shooter' covers."
Consciousness_Covert_Comms,Consciousness_Control,3,Consciousness_Control,Consciousness_Control,topic,/Consciousness_Control/covert-communications,site/docs/Consciousness_Control/covert-communications.mdx,Covert Communications,Covert Communications,Consciousness_Control,mdx,yes,263,Covert communications tradecraft vs implant/nanotech claims — and how invisible channels create 'crazy lone shooter' covers without exotic physics.
Consciousness_Brain_To_Brain,Consciousness_Control,3,Consciousness_Control,Consciousness_Control,topic,/Consciousness_Control/brain-to-brain-communications,site/docs/Consciousness_Control/brain-to-brain-communications.mdx,Brain-to-Brain Communications,Brain-to-Brain Communications,Consciousness_Control,mdx,yes,289,"Brain-to-brain interfaces — peer-reviewed lab limits vs alleged operational IC systems, X discourse, and the political-shooter cover problem."
Consciousness_By_Consciousness,Consciousness_Control,3,Consciousness_Control,Consciousness_Control,topic,/Consciousness_Control/communication-by-consciousness,site/docs/Consciousness_Control/communication-by-consciousness.mdx,Communication by Consciousness,Communication by Consciousness,Consciousness_Control,mdx,yes,243,"Claims of consciousness-level communication — Stargate remote viewing, pure telepathy vs electronic synthetic telepathy, and why IC interest does not equal proven UVU use."
Consciousness_CIA_DARPA_DEW,Consciousness_Control,3,Consciousness_Control,Consciousness_Control,topic,/Consciousness_Control/cia-darpa-havana-mind-control,site/docs/Consciousness_Control/cia-darpa-havana-mind-control.mdx,"CIA, DARPA and DEW Mind Control","CIA, DARPA and DEW Mind Control",Consciousness_Control,mdx,yes,377,"A 23-minute July 2026 compilation arguing CIA and DARPA involvement in Havana Syndrome — with the underlying patents, the 1994 Air Force New World Vistas passage, DARPA's N3 program, and a line-by-line separation of what is documented from what is asserted."
Amfest_AI_Voice,Amfest,3,Amfest,Amfest,topic,/Amfest/ai-voice-and-memorial-tech,site/docs/Amfest/ai-voice-and-memorial-tech.mdx,AI Voice and Memorial Tech,AI Voice & Memorial Tech,Amfest,mdx,yes,202,"Authentication arguments around TPUSA AI voice cloning, Dream City Church / AmFest-style Charlie-from-beyond content, memorial phone tracking, and why unverified audio got harder to trust after 2025."
Amfest_2024_Epstein,Amfest,3,Amfest,Amfest,topic,/Amfest/amfest-2024-tucker-epstein,site/docs/Amfest/amfest-2024-tucker-epstein.mdx,AmFest 2024: Tucker on Epstein,AmFest 2024: Epstein,Amfest,mdx,yes,186,"At AmericaFest 2024, closing the first night, Tucker Carlson reportedly discussed Jeffrey Epstein's alleged role in a blackmail operation possibly run for foreign intelligence — a year before Charlie Kirk was killed."
Amfest_2025_December,Amfest,3,Amfest,Amfest,topic,/Amfest/amfest-2025-december,site/docs/Amfest/amfest-2025-december.mdx,AmericaFest December 2025,AmFest December 2025,Amfest,mdx,yes,208,"The first AmericaFest without Charlie Kirk — Phoenix, December 2025: published flyer from August 25, main-stage fights over AIPAC and courage, Bannon's war language, tent replica, and attendance claims."
Amfest_Year_Timeline,Amfest,3,Amfest,Amfest,topic,/Amfest/amfest-year-timeline,site/docs/Amfest/amfest-year-timeline.mdx,Year-by-Year AmFest Timeline,AmFest Timeline,Amfest,mdx,yes,191,"Every AmericaFest and TPUSA summit event the Charlie Kirk investigation touches, in order — from AmericaFest 2023 through AmericaFest 2025 and the 2026 succession disputes."
Amfest_Aug25_Flyer,Amfest,3,Amfest,Amfest,topic,/Amfest/august-25-flyer,site/docs/Amfest/august-25-flyer.mdx,"The August 25, 2025 AmFest Flyer",August 25 Flyer,Amfest,mdx,yes,198,"The promotional flyer for AmericaFest December 2025 dropped on August 25, 2025 — sixteen days before Charlie Kirk was killed. Investigators read the placement of Tucker Carlson as deliberate."
Amfest_Bannon_Israel_First,Amfest,3,Amfest,Amfest,topic,/Amfest/bannon-amfest-israel-first,site/docs/Amfest/bannon-amfest-israel-first.mdx,Bannon at AmFest: Israel First Contention,Bannon Israel First,Amfest,mdx,yes,201,"Steve Bannon on AmericaFest stages — flyer placement, Greater Israel / Israel First critique, Iran-war policy claims about Charlie Kirk, and how investigators fold Bannon into AmFest motive discourse."
Amfest_Bannon_War,Amfest,3,Amfest,Amfest,topic,/Amfest/bannon-we-are-at-war,site/docs/Amfest/bannon-we-are-at-war.mdx,"Bannon: ""We Are At War""",Bannon We Are At War,Amfest,mdx,yes,181,Steve Bannon at AmericaFest 2025 — December 19 remarks framing war language and elevating Charlie Kirk as a historic American figure on the first AmFest stage without him.
Amfest_Booking_Policy,Amfest,3,Amfest,Amfest,topic,/Amfest/booking-as-policy,site/docs/Amfest/booking-as-policy.mdx,Booking a Speaker as Policy,Booking as Policy,Amfest,mdx,yes,208,"Why investigators treat AmFest speaker invitations as public policy instruments — falsifiable signals about Israel, AIPAC, and who the movement is allowed to hear."
Amfest_Candace_Block,Amfest,3,Amfest,Amfest,topic,/Amfest/candace-amfest-block-pressure,site/docs/Amfest/candace-amfest-block-pressure.mdx,Candace Owens: AmFest Block Pressure,Candace Block Pressure,Amfest,mdx,yes,197,"Pro-Israel and donor-side pressure narratives around keeping Candace Owens off AmFest stages — Sept 9 invite text, America Only pivot claims, post-death exclusion, Shapiro attack, and investigation role."
Amfest_Candace_Invite,Amfest,3,Amfest,Amfest,topic,/Amfest/candace-invitation,site/docs/Amfest/candace-invitation.mdx,September 9: The Candace Invitation,The Candace Invitation,Amfest,mdx,yes,203,"On September 9, 2025 — the day before he was killed — Charlie Kirk reportedly texted that he would invite Candace Owens to speak at AmFest. Why investigators treat that text as the most significant AmFest item in the file."
Amfest_Dave_Smith_Booking,Amfest,3,Amfest,Amfest,topic,/Amfest/dave-smith-booking-pressure,site/docs/Amfest/dave-smith-booking-pressure.mdx,Dave Smith: Stage Booking and Donor Ire,Dave Smith Booking,Amfest,mdx,yes,195,"Dave Smith vs Josh Hammer at TPUSA July 2025 — often mislabeled AmFest — audience split, donor-ire claims, Hamptons/Hammer overlap, and assassination-motive packaging around platforming Israel critics."
Amfest_Debra_Carlson,Amfest,3,Amfest,Amfest,topic,/Amfest/debra-carlson-amfest,site/docs/Amfest/debra-carlson-amfest.mdx,Debra Carlson Name Search (AmFest),Debra Carlson Search,Amfest,mdx,yes,187,Research result for Debra/Deborah Carlson in the Charlie Kirk AmFest and assassination file — no public hits found; near-match is Tucker Carlson and the go-max / speaker-pressure track.
Amfest_Donor_Pressure,Amfest,3,Amfest,Amfest,topic,/Amfest/donor-pressure-bookings,site/docs/Amfest/donor-pressure-bookings.mdx,Donor Pressure on the Lineup,Donor Pressure,Amfest,mdx,yes,214,"How private donor pressure, group-chat texts, and public denials frame the fight over who Charlie Kirk was allowed to put on the AmFest stage — attributed claims only."
Amfest_Go_Max,Amfest,3,Amfest,Amfest,topic,/Amfest/go-max-tucker,site/docs/Amfest/go-max-tucker.mdx,"""Go Max"": Kirk's Instruction to Tucker",Go Max,Amfest,mdx,yes,208,"Charlie Kirk telling Tucker Carlson to 'go max' / 'go all the way' at the July 2025 TPUSA Florida summit — Megyn Kelly's backstage capture, X amplification, donor-war framing, and AmFest motive use."
Amfest_July20_Week,Amfest,3,Amfest,Amfest,topic,/Amfest/july-20-2025-amfest-week,site/docs/Amfest/july-20-2025-amfest-week.mdx,"The July 20, 2025 AmFest Week",July 20 AmFest Week,Amfest,mdx,yes,208,"Why commentators treat the week of July 20, 2025 — the AmFest/Tucker week — as the anchor date of the Charlie Kirk case, and the alleged AMFEST military-intelligence meeting on that date."
Amfest_Megyn_Kelly,Amfest,3,Amfest,Amfest,topic,/Amfest/megyn-kelly-amfest,site/docs/Amfest/megyn-kelly-amfest.mdx,"Megyn Kelly, AmFest, and Donor Pressure",Megyn Kelly,Amfest,mdx,yes,204,"Megyn Kelly's place in the AmFest/TPUSA record — SAS appearance, GO MAX capture, Kirk's donor-pressure interviews, Israel-lobby contention, AmFest 2025 keynote claims, and Shapiro's cowardice attack."
Amfest_MTG_AIPAC,Amfest,3,Amfest,Amfest,topic,/Amfest/mtg-aipac-amfest,site/docs/Amfest/mtg-aipac-amfest.mdx,"MTG, AIPAC, and the AmFest Invite Claim",MTG AIPAC Invite,Amfest,mdx,yes,198,"Circulating claims that Charlie Kirk invited Marjorie Taylor Greene to speak or debate AIPAC at AmFest shortly before September 10, 2025 — X posts, timeline packaging, and what remains unverified."
Amfest_Murder_Motive_X,Amfest,3,Amfest,Amfest,topic,/Amfest/murder-motive-amfest-x,site/docs/Amfest/murder-motive-amfest-x.mdx,Murder Motive and AmFest on X,Murder Motive on X,Amfest,mdx,yes,236,"X/Twitter discussions linking Charlie Kirk's murder to AmFest, speaker lineup fights, AIPAC, and donor pressure — raw attributed discourse, not findings. Do not treat posts as proof of who killed him."
Amfest_Tent_Replica,Amfest,3,Amfest,Amfest,topic,/Amfest/murder-tent-replica,site/docs/Amfest/murder-tent-replica.mdx,"The ""Prove Me Wrong"" Tent Replica",Tent Replica,Amfest,mdx,yes,204,"At AmericaFest 2025, TPUSA reportedly erected a replica of the Prove Me Wrong debate tent associated with the UVU shooting — tribute, trauma reenactment, or narrative infrastructure depending on who you ask."
Amfest_Open_Questions,Amfest,3,Amfest,Amfest,topic,/Amfest/open-questions-checklist,site/docs/Amfest/open-questions-checklist.mdx,Open Questions and Checklist,Open Questions,Amfest,mdx,yes,204,"Documentary checklist for the AmFest section — contracts, transcripts, guest lists, and authentication items that would confirm or refute the conference-control and donor-pressure claims."
Amfest,Home,2,,Amfest,overview,/Amfest/overview,site/docs/Amfest/overview.mdx,AmFest (AmericaFest),AmFest,Amfest,mdx,yes,212,"AmericaFest — TPUSA's flagship conference — and everything the investigation records about it: the speaker fights, the July 2025 anchor week, the August 25 flyer, the Candace invitation, and the first AmFest without Charlie Kirk."
Amfest_SAS_2025,Amfest,3,Amfest,Amfest,topic,/Amfest/sas-2025-tampa,site/docs/Amfest/sas-2025-tampa.mdx,July 2025 Summit: Smith vs Hammer,July 2025 Summit,Amfest,mdx,yes,188,"TPUSA's July 11-14, 2025 Student Action Summit in Tampa — the Dave Smith vs Josh Hammer Israel debate, Tucker Carlson's 'go all the way' appearance, and the fallout the event produced."
Amfest_Shapiro_2025,Amfest,3,Amfest,Amfest,topic,/Amfest/shapiro-amfest-2025,site/docs/Amfest/shapiro-amfest-2025.mdx,Shapiro Names Carlson and Kelly,Shapiro at AmFest 2025,Amfest,mdx,yes,192,"At AmericaFest 2025, Ben Shapiro criticized Tucker Carlson and Megyn Kelly by name for not denouncing Candace Owens's theories, calling the silence cowardice — the pro-Israel discipline speech on Kirk's stage."
Amfest_Speakers_Index,Amfest,3,Amfest,Amfest,topic,/Amfest/speakers-index,site/docs/Amfest/speakers-index.mdx,AmFest Speaker Index by Year,Speaker Index,Amfest,mdx,yes,213,"Who spoke at AmericaFest and the TPUSA summits, by year, and which of those speakers the Charlie Kirk investigation tracks — with the documented sources for each lineup."
Amfest_Tucker_AIPAC,Amfest,3,Amfest,Amfest,topic,/Amfest/tucker-aipac-speech,site/docs/Amfest/tucker-aipac-speech.mdx,Tucker's AIPAC Remarks on Stage,Tucker AIPAC Speech,Amfest,mdx,yes,192,"At AmericaFest 2025, Tucker Carlson told the audience that taking AIPAC money is America-last policy and that criticizing AIPAC should not be labeled antisemitism — and linked that fight to Charlie Kirk."
Amfest_Tucker_Invite,Amfest,3,Amfest,Amfest,topic,/Amfest/tucker-invitation-fight,site/docs/Amfest/tucker-invitation-fight.mdx,The Fight Over Tucker's Invitation,Tucker's Invitation,Amfest,mdx,yes,201,"The allegation that Charlie Kirk was pressed to rescind Tucker Carlson's AmFest invitation at an August 2025 donor weekend, refused, and lost a major donor over it — and the denials on record."
Amfest_What_Is,Amfest,3,Amfest,Amfest,topic,/Amfest/what-is-americafest,site/docs/Amfest/what-is-americafest.mdx,What AmericaFest Actually Is,What AmFest Is,Amfest,mdx,yes,194,"AmericaFest explained — TPUSA's flagship December conference in Phoenix, its scale, its format, and why a conference program matters to an assassination investigation."
Amfest_Who_Runs,Amfest,3,Amfest,Amfest,topic,/Amfest/who-runs-amfest,site/docs/Amfest/who-runs-amfest.mdx,Who Actually Runs AmFest,Who Runs AmFest,Amfest,mdx,yes,204,"Operational ownership of AmericaFest — TPUSA events leadership, Mosaic Pro Events production, and why vendor and executive control matter after Charlie Kirk's death."
Amfest_X_Speaker_Pressure,Amfest,3,Amfest,Amfest,topic,/Amfest/x-speaker-pressure-discourse,site/docs/Amfest/x-speaker-pressure-discourse.mdx,X Discourse: Pro-Israel Speaker Pressure,X Speaker Pressure,Amfest,mdx,yes,202,"Raw harvest of X/Twitter discussion about AmFest speaker fights — Candace, Tucker, donors, Shapiro replacement claims — preserved as discourse with attribution, not as court findings."
Mic_Explosive_Residue,Mic_Overview,3,Mic_Overview,Mic,topic,/Mic/Explosive_Residue_Coverup/overview,site/docs/Mic/Explosive_Residue_Coverup/overview.mdx,Removing Explosive Residue Cover-Up,Removing Explosive Residue,Mic/Explosive_Residue_Coverup,mdx,yes,261,"Every item that could still carry explosive residue from September 10, 2025 — the security team's clothing, the SUV, the shirt, the mic — was reportedly seized, cleaned, or destroyed before any independent test. Attributed claims, not findings of fact."
Mic_FBI_Seized_Clothing,Mic_Explosive_Residue,4,Mic_Overview,Mic,topic,/Mic/Explosive_Residue_Coverup/fbi-seized-security-team-clothing,site/docs/Mic/Explosive_Residue_Coverup/fbi-seized-security-team-clothing.mdx,FBI Seized Clothing From Charlie's Security Team,FBI Seized Security Team Clothing,Mic/Explosive_Residue_Coverup,mdx,yes,339,"Candace Owens says she was told the FBI took the clothing of certain members of Charlie Kirk's security detail 'down to their boxer briefs.' Unverified, secondhand, and directly relevant to whether explosive residue was ever tested."
Mic_Necklace_Residue,Mic_Explosive_Residue,4,Mic_Overview,Mic,topic,/Mic/Explosive_Residue_Coverup/charlie-kirk-necklace,site/docs/Mic/Explosive_Residue_Coverup/charlie-kirk-necklace.mdx,Charlie Kirk's Necklace — Residue Search and Custody,Charlie Kirk's Necklace,Mic/Explosive_Residue_Coverup,mdx,yes,263,"Reported federal urgency to recover Charlie Kirk's cross necklace after September 10, 2025 — Candace Owens and others read it as an explosive-residue hunt; Frank Turek and Erika Kirk give competing recovery accounts. No public residue test."
Mic_Dirt_Hauled_Immediate,Mic_Explosive_Residue,4,Mic_Overview,Mic,topic,/Mic/Explosive_Residue_Coverup/dirt-hauled-immediately,site/docs/Mic/Explosive_Residue_Coverup/dirt-hauled-immediately.mdx,10 Inches of Dirt Hauled Away Immediately,"10"" Dirt Hauled Immediately",Mic/Explosive_Residue_Coverup,mdx,yes,254,"Before the Sunday landscaping crew arrived, an earlier team reportedly stripped about ten inches of soil from under the UVU tent where Charlie Kirk was killed — a surface explosive-residue theory says would hold PETN. Attributed claims."
Mic_Dirt_Cement_Pavers,Mic_Explosive_Residue,4,Mic_Overview,Mic,topic,/Mic/Explosive_Residue_Coverup/dirt-replaced-with-cement,site/docs/Mic/Explosive_Residue_Coverup/dirt-replaced-with-cement.mdx,Landscaping Crew Replaced Dirt With Cement / Pavers,Dirt Replaced With Cement,Mic/Explosive_Residue_Coverup,mdx,yes,287,"After soil was hauled from the UVU tent courtyard, a rushed hardscape crew installed pavers (often described online as cement or concrete) over the spot Charlie Kirk was killed — sealing the ground surface residue analysts wanted tested."
Mic_Ceiling_Mudded,Mic_Explosive_Residue,4,Mic_Overview,Mic,topic,/Mic/Explosive_Residue_Coverup/ceiling-painted-rainbow-building,site/docs/Mic/Explosive_Residue_Coverup/ceiling-painted-rainbow-building.mdx,Ceiling Mudded / Painted Under the Courtyard Building,Ceiling Painted (Under Building),Mic/Explosive_Residue_Coverup,mdx,yes,243,Reported re-mudding or painting of the concrete underside / tunnel roof next to the UVU tent — a third surface (after soil and pavers) that explosive-residue theories say could hold blast blowback. Distinct from ground hardscape.
Mic_SUV_Not_Custody,Mic_Explosive_Residue,4,Mic_Overview,Mic,topic,/Mic/Explosive_Residue_Coverup/fbi-didnt-take-car-custody,site/docs/Mic/Explosive_Residue_Coverup/fbi-didnt-take-car-custody.mdx,Transport SUV Not Held in Long-Term Custody,SUV Not Taken Into Custody,Mic/Explosive_Residue_Coverup,mdx,yes,234,"Reported claims that the GMC Yukon that carried Charlie Kirk from UVU was towed, cleaned, and prepared for resale rather than retained as a sealed forensic surface — while residue and device-fragment questions still hang on its interior."
Court_Days_in_Court,Court,3,Court,court,overview,/court/Days_in_Court/overview,site/docs/court/Days_in_Court/overview.mdx,Days in Court,Days in Court,court/Days_in_Court,mdx,yes,202,Every reported court date in State of Utah v. Tyler Robinson (Case 251403576) — first appearance through the July 2026 preliminary hearing and September bind-over argument — with what happened each day.
Court_Day_2025_09_16,Court_Days_in_Court,4,Court,court,topic,/court/Days_in_Court/2025-09-16-first-appearance,site/docs/court/Days_in_Court/2025-09-16-first-appearance.mdx,09/16/2025 — First Appearance,09/16/2025 First Appearance,court/Days_in_Court,mdx,yes,205,"Tyler Robinson first court appearance September 16 2025 before Judge Tony Graf — video appearance, no bail, capital aggravated-murder charges in the Charlie Kirk case."
Court_Day_2025_09_23,Court_Days_in_Court,4,Court,court,topic,/court/Days_in_Court/2025-09-23-docket,site/docs/court/Days_in_Court/2025-09-23-docket.mdx,09/23/2025 — Pretrial Docket,09/23/2025 Docket,court/Days_in_Court,mdx,yes,185,September 23 2025 pretrial docket activity in State v. Tyler Robinson before Judge Tony Graf — early status and scheduling after first appearance.
Court_Day_2025_11_20,Court_Days_in_Court,4,Court,court,topic,/court/Days_in_Court/2025-11-20-docket,site/docs/court/Days_in_Court/2025-11-20-docket.mdx,11/20/2025 — Pretrial Docket,11/20/2025 Docket,court/Days_in_Court,mdx,yes,184,November 20 2025 pretrial docket activity in State v. Tyler Robinson — scheduling and filings between first appearance and the December gag order.
Court_Day_2025_12_16,Court_Days_in_Court,4,Court,court,topic,/court/Days_in_Court/2025-12-16-gag-order,site/docs/court/Days_in_Court/2025-12-16-gag-order.mdx,12/16/2025 — Gag Order,12/16/2025 Gag Order,court/Days_in_Court,mdx,yes,178,December 16 2025 gag order in State v. Tyler Robinson — Judge Tony Graf own-motion order limiting public commentary by case participants.
Court_Day_2026_03_10,Court_Days_in_Court,4,Court,court,topic,/court/Days_in_Court/2026-03-10-seal-motion,site/docs/court/Days_in_Court/2026-03-10-seal-motion.mdx,03/10/2026 — Seal Motion / ATF Fight,03/10/2026 Seal Motion,court/Days_in_Court,mdx,yes,187,March 2026 sealing fight in State v. Tyler Robinson over the inconclusive ATF ballistics report — media coalition opposition and public record stakes.
Court_Day_2026_05_08,Court_Days_in_Court,4,Court,court,topic,/court/Days_in_Court/2026-05-08-camera-access,site/docs/court/Days_in_Court/2026-05-08-camera-access.mdx,05/08/2026 — Camera Access Motions,05/08/2026 Cameras,court/Days_in_Court,mdx,yes,187,May 2026 camera and publicity motions in State v. Tyler Robinson — defense efforts to restrict courtroom cameras ahead of the preliminary hearing.
Court_Day_2026_06_contempt,Court_Days_in_Court,4,Court,court,topic,/court/Days_in_Court/2026-06-ballard-contempt,site/docs/court/Days_in_Court/2026-06-ballard-contempt.mdx,06/2026 — Ballard Contempt,06/2026 Contempt,court/Days_in_Court,mdx,yes,187,June 2026 civil contempt finding against Utah County prosecutor Christopher Ballard for pretrial publicity in State v. Tyler Robinson after ATF-related comments.
Court_Day_2026_07_06,Court_Days_in_Court,4,Court,court,topic,/court/Days_in_Court/2026-07-06-prelim-day-1,site/docs/court/Days_in_Court/2026-07-06-prelim-day-1.mdx,07/06/2026 — Preliminary Hearing Day 1,07/06/2026 Prelim Day 1,court/Days_in_Court,mdx,yes,201,July 6 2026 preliminary hearing day 1 in State v. Tyler Robinson — Officer Chris Bagley on the Losee rooftop and Agent David Hull on surveillance and autopsy evidence.
Court_Day_2026_07_07,Court_Days_in_Court,4,Court,court,topic,/court/Days_in_Court/2026-07-07-prelim-day-2,site/docs/court/Days_in_Court/2026-07-07-prelim-day-2.mdx,07/07/2026 — Preliminary Hearing Day 2,07/07/2026 Prelim Day 2,court/Days_in_Court,mdx,yes,196,"July 7 2026 preliminary hearing day 2 — Agent Hull UVU surveillance walk-through, Sgt. Jennifer Faumuina, FBI DNA examiner Amanda Bakker."
Court_Day_2026_07_08,Court_Days_in_Court,4,Court,court,topic,/court/Days_in_Court/2026-07-08-prelim-day-3,site/docs/court/Days_in_Court/2026-07-08-prelim-day-3.mdx,07/08/2026 — Preliminary Hearing Day 3,07/08/2026 Prelim Day 3,court/Days_in_Court,mdx,yes,188,July 8 2026 preliminary hearing day 3 — Agent Brian Davis on surrender and booking; fight over publishing Lance Twiggs Rule 1102 video interview.
Court_Day_2026_07_09,Court_Days_in_Court,4,Court,court,topic,/court/Days_in_Court/2026-07-09-prelim-day-4,site/docs/court/Days_in_Court/2026-07-09-prelim-day-4.mdx,07/09/2026 — Preliminary Hearing Day 4,07/09/2026 Prelim Day 4,court/Days_in_Court,mdx,yes,193,"July 9 2026 preliminary hearing day 4 — Lance Twiggs recorded interview, confession texts and note, Sgt. Faumuina rifle recovery, ATF examiner Samantha Karner inconclusive ballistics."
Court_Day_2026_07_10,Court_Days_in_Court,4,Court,court,topic,/court/Days_in_Court/2026-07-10-prelim-day-5,site/docs/court/Days_in_Court/2026-07-10-prelim-day-5.mdx,07/10/2026 — Preliminary Hearing Day 5,07/10/2026 Prelim Day 5,court/Days_in_Court,mdx,yes,196,"July 10 2026 preliminary hearing day 5 — ATF DNA chief Caitlin Oliver, State rests, emotional rooftop video for Kirk family, bind-over arguments set for September 1 2026."
Court_Day_2026_09_01,Court_Days_in_Court,4,Court,court,topic,/court/Days_in_Court/2026-09-01-bindover-argument,site/docs/court/Days_in_Court/2026-09-01-bindover-argument.mdx,09/01/2026 — Bind-Over Oral Argument,09/01/2026 Bind-Over,court/Days_in_Court,mdx,yes,189,September 1 2026 scheduled bind-over oral argument in State v. Tyler Robinson — Judge Graf to hear closings on probable cause after the July preliminary hearing.
Court_People_Witness_Stand,Court,3,Court,court,index,/court/people-on-witness-stand,site/docs/court/people-on-witness-stand.mdx,People on Witness Stand,People on Witness Stand,court,mdx,yes,125,"Full roster of people who took the stand or whose sworn/recorded testimony was presented in State of Utah v. Tyler Robinson — preliminary hearing witnesses, Rule 1102 statements, and linked profiles."
DoJ_FBI_Law_1_DoJ_FBI,,3,laws,laws,topic,/laws/DoJ_FBI/Law_1_DoJ_FBI,site/docs/laws/1_DoJ_FBI/Law_1_DoJ_FBI.md,Law 1: Charlie Kirk Investigation - DoJ/FBI Forced Disclosure Act,Law 1: Charlie Kirk Investigation - DoJ/FBI Forced Disclosure Act,laws/1_DoJ_FBI,md,yes,1481,"Full draft text of Law 1, the Charlie Kirk Files Forced Disclosure Act: forces the DOJ, FBI and all law enforcement to release every file on his assassination."
Require_to_Investigate_Law_3_Require_to_Investigate,,3,laws,laws,topic,/laws/Require_to_Investigate/Law_3_Require_to_Investigate,site/docs/laws/3_Require_to_Investigate/Law_3_Require_to_Investigate.md,Law 3: Charlie Kirk Investigation - Mandatory Investigation Act,Law 3: Charlie Kirk Investigation - Mandatory Investigation Act,laws/3_Require_to_Investigate,md,yes,1778,"Full text of Law 3, the Charlie Kirk Mandatory Investigation Act: the FBI and intelligence agencies must investigate every lead, not just release files."
court_ai_attorney,Court,3,Court,court,overview,/court/ai_attorney/overview,site/docs/court/ai_attorney/overview.mdx,AI Defense Attorney — What We Would Do Differently,AI Attorney Overview,court/ai_attorney,mdx,yes,340,"A theoretical exercise: what an idealised defense attorney would do in State of Utah v. Tyler Robinson that does not appear on the public record — twenty-one differences, the stage each belongs to, and the witness or discovery target for each."
court_legal_docs,Court,3,Court,court,overview,/court/legal_docs/overview,site/docs/court/legal_docs/overview.mdx,Legal Documents — State v. Robinson,Legal Documents,court/legal_docs,mdx,yes,173,"Primary-source filings in State of Utah v. Tyler Robinson, case 251403576 — 374 documents held against an 867-entry docket, the transcripts and exhibits, the remaining gaps, and the priced routes to close them."
court_score_card,Court,3,Court,court,overview,/court/score_card/overview,site/docs/court/score_card/overview.mdx,Score Card — The Ideal Defense Attorney,Defense Score Card,court/score_card,mdx,yes,159,"The legal courtroom score card: twenty-one areas where an idealised defense attorney might act differently, and a structured way for a reader to decide, area by area, whether they think there is a problem."
GoogleSearches_Hebrew_Egyptian_Jets,GoogleSearches,3,GoogleSearches,GoogleSearches,topic,/GoogleSearches/hebrew-searches-erika-kirk-egyptian-jets,site/docs/GoogleSearches/hebrew-searches-erika-kirk-egyptian-jets.mdx,Hebrew-Language Searches and the Egyptian Jets (Claims),Hebrew Searches & Egyptian Jets,GoogleSearches,mdx,yes,188,"Stew Peters' August 5 2026 segment claiming Hebrew-language Google searches for Erika Kirk's maiden name, Tyler Robinson's address, the Losee Center and Orem SIM cards appear on the same dates an Egyptian military aircraft was on the ground in the United States — with the limits of that inference stated."
aiatty_adsb_authentication_and_custody,court_ai_attorney,4,Court,court,topic,/court/ai_attorney/adsb-authentication-and-custody,site/docs/court/ai_attorney/adsb-authentication-and-custody.mdx,Getting The Recovered Flight Data Into Evidence,ADS-B Authentication And Custody,court/ai_attorney,mdx,yes,235,"Citizen-recovered flight data is worthless in a courtroom until it is authenticated. This is the Rule 901 and 902(13)/(14) route, the custodian and expert witnesses who make it stick, and why the control-aircraft discipline — including a published retraction — is the authentication. Theoretical exercise."
aiatty_aircraft_and_ground_vehicles,court_ai_attorney,4,Court,court,topic,/court/ai_attorney/aircraft-and-ground-vehicles,site/docs/court/ai_attorney/aircraft-and-ground-vehicles.mdx,"T6 — Aircraft Supported The Operation, And Associated Ground Vehicles Were Rented",T6 — Aircraft And Ground Vehicles,court/ai_attorney,mdx,yes,250,"The thesis with the best evidence-handling behind it and the hardest ceiling above it: 4,954 aircraft-days of recovered primary ADS-B data prove presence and nothing else, while the reachable half — rental agreements, fuel tickets, ramp logs, telematics — was never demanded from anyone before the retention windows shut. Theoretical exercise."
aiatty_alternative_perpetrator_notice,court_ai_attorney,4,Court,court,topic,/court/ai_attorney/alternative-perpetrator-notice,site/docs/court/ai_attorney/alternative-perpetrator-notice.mdx,File The Alternative-Perpetrator Notice First,Alternative-Perpetrator Notice,court/ai_attorney,mdx,yes,110,Every foreign-nexus subpoena in this case depends on one procedural step that has to come first: putting an alternative-perpetrator defense formally before the court. Theoretical exercise.
aiatty_av_procurement_chain_subpoena,court_ai_attorney,4,Court,court,topic,/court/ai_attorney/av-procurement-chain-subpoena,site/docs/court/ai_attorney/av-procurement-chain-subpoena.mdx,Subpoena The AV Procurement Chain — Purchase Orders To Delivery,AV Procurement Chain,court/ai_attorney,mdx,yes,206,"The documentary half of the device question: a subpoena duces tecum rider for the purchase orders, quotations, invoices, packing lists, bills of lading, receiving signatures, serial-number assignments and custody records behind the audio equipment used on September 10, 2025. Theoretical exercise."
aiatty_ballistics_daubert_challenge,court_ai_attorney,4,Court,court,topic,/court/ai_attorney/ballistics-daubert-challenge,site/docs/court/ai_attorney/ballistics-daubert-challenge.mdx,Move To Exclude Any Revived Lead-Comparison Evidence,Ballistics Rule 702 Challenge,court/ai_attorney,mdx,yes,111,The ATF comparison came back inconclusive and the fragment moved to a federal lab. A defense attorney would pre-emptively challenge any revival of comparative bullet-lead analysis. Theoretical exercise.
aiatty_blast_and_acoustics_experts,court_ai_attorney,4,Court,court,topic,/court/ai_attorney/blast-and-acoustics-experts,site/docs/court/ai_attorney/blast-and-acoustics-experts.mdx,Retain A Blast Expert And An Acoustics Expert,Blast & Acoustics Experts,court/ai_attorney,mdx,yes,106,No explosives expert and no acoustician appears on the public record in this case. A defense attorney testing an alternative mechanism of death would retain both. Theoretical exercise.
aiatty_bomb_dogs_and_eod_sweep,court_ai_attorney,4,Court,court,topic,/court/ai_attorney/bomb-dogs-and-eod-sweep,site/docs/court/ai_attorney/bomb-dogs-and-eod-sweep.mdx,Establish Whether A Bomb Sweep Was Ever Run,Bomb Dogs & EOD Sweep,court/ai_attorney,mdx,yes,105,"Explosive-detection dogs and EOD teams either swept the UVU site or they did not, and either found something or did not. A defense attorney would establish which. Theoretical exercise."
aiatty_brady_enforcement_and_sanctions,court_ai_attorney,4,Court,court,topic,/court/ai_attorney/brady-enforcement-and-sanctions,site/docs/court/ai_attorney/brady-enforcement-and-sanctions.mdx,Convert The Brady Demands Into A Sanctions Motion,Brady Enforcement,court/ai_attorney,mdx,yes,105,Discovery demands have been outstanding against federal agencies since 2025. A defense attorney would stop asking and start moving for sanctions. Theoretical exercise.
aiatty_campus_camera_inventory_and_retention,court_ai_attorney,4,Court,court,topic,/court/ai_attorney/campus-camera-inventory-and-retention,site/docs/court/ai_attorney/campus-camera-inventory-and-retention.mdx,Demand The Full Campus Camera Inventory And The Retention Record,Campus Camera Inventory,court/ai_attorney,mdx,yes,187,"The State produced sixteen Bates pages of UVU surveillance. A defense asks the other question: out of how many cameras? A Rule 14 subpoena for the campus camera inventory, the retention schedule and the machine-generated export log. Theoretical exercise."
aiatty_case_stage_map,court_ai_attorney,4,Court,court,topic,/court/ai_attorney/case-stage-map,site/docs/court/ai_attorney/case-stage-map.mdx,Case Stage Map — Which Files Track Which Stage,Case Stage Map,court/ai_attorney,mdx,yes,124,"How the court directories on this site map onto the stages of State of Utah v. Tyler Robinson, and what each status value in this section actually means."
aiatty_cell_site_and_tower_dump_discovery,court_ai_attorney,4,Court,court,topic,/court/ai_attorney/cell-site-and-tower-dump-discovery,site/docs/court/ai_attorney/cell-site-and-tower-dump-discovery.mdx,"What Was Collected, What Was Analysed, And What Happened To The Difference",Cell-Site & Tower Dump Discovery,court/ai_attorney,mdx,yes,201,"A tower dump was taken from three national carriers in this case and the return describes it in five words. An AI defense attorney would move for the collection inventory, the analysis log, the filter criteria and the disposition of everything filtered out. Theoretical exercise."
aiatty_confession_suppression_motion,court_ai_attorney,4,Court,court,topic,/court/ai_attorney/confession-suppression-motion,site/docs/court/ai_attorney/confession-suppression-motion.mdx,Move To Suppress The Attributed Confession,Confession Suppression,court/ai_attorney,mdx,yes,108,A defense exhibit puts the rights warning at 6:25 PM on September 11; the messages attributed to the defendant appear around 7:57 PM. A defense attorney would move to suppress. Theoretical exercise.
aiatty_crime_scene_warrant_gap_suppression,court_ai_attorney,4,Court,court,topic,/court/ai_attorney/crime-scene-warrant-gap-suppression,site/docs/court/ai_attorney/crime-scene-warrant-gap-suppression.mdx,Move To Suppress The Crime-Scene Evidence,Crime-Scene Warrant Gap,court/ai_attorney,mdx,yes,209,"Twenty-five search warrants are public in State v. Robinson. Not one of them covers the UVU crime scene itself. An AI defense attorney would move under Rule 12 to suppress everything taken from the four scenes, and in the alternative to compel the complete warrant inventory and every return. Theoretical exercise."
aiatty_detention_and_release_records,court_ai_attorney,4,Court,court,topic,/court/ai_attorney/detention-and-release-records,site/docs/court/ai_attorney/detention-and-release-records.mdx,Demand The Detention And Release Record — And The Arrival Order,Detention And Release Records,court/ai_attorney,mdx,yes,227,"A records-only defense instrument: the field-contact, detention, booking, Miranda, property-inventory and report-of-investigation paperwork for every stop in the operational period, plus the four machine-generated sources that fix which agency reached each address first. Theoretical exercise."
aiatty_direction_of_us_military_intelligence,court_ai_attorney,4,Court,court,topic,/court/ai_attorney/direction-of-us-military-intelligence,site/docs/court/ai_attorney/direction-of-us-military-intelligence.mdx,"T4 — US Military Intelligence Acted On Foreign Direction, And It Reaches The Hardware",T4 — Direction Of US Military Intelligence,court/ai_attorney,mdx,yes,243,"Thesis 4 of the AI defense attorney exercise: that elements of US military intelligence acted at foreign direction, and that the direction reaches the hardware — the ordering, funding and delivery of the audio equipment, and who was present. Split into a reachable documentary half and an unreachable half. Theoretical exercise."
aiatty_dispatch_and_cad_records,court_ai_attorney,4,Court,court,topic,/court/ai_attorney/dispatch-and-cad-records,site/docs/court/ai_attorney/dispatch-and-cad-records.mdx,Subpoena The Dispatch And CAD Record,Dispatch And CAD Records,court/ai_attorney,mdx,yes,176,"The cheapest instrument in the case: a Rule 14 subpoena duces tecum for the complete CAD incident record, the radio log, the look-out issuance record and the licence-plate-reader query log for September 10, 2025 — machine-generated, contemporaneous, and nobody wrote it for litigation. Theoretical exercise."
aiatty_exhibit_production_and_bates_audit,court_ai_attorney,4,Court,court,topic,/court/ai_attorney/exhibit-production-and-bates-audit,site/docs/court/ai_attorney/exhibit-production-and-bates-audit.mdx,Demand The State's Own Exhibits — And The Six Numbers Missing From Its List,Exhibit Production & Bates Audit,court/ai_attorney,mdx,yes,210,"A motion to compel native, Bates-numbered production of every preliminary-hearing exhibit, a demand for the clerk's list of what was actually received, and the question of what happened to exhibits 17, 18, 26, 27, 28 and 29. Theoretical exercise."
aiatty_explosive_residue_testing,court_ai_attorney,4,Court,court,topic,/court/ai_attorney/explosive-residue-testing,site/docs/court/ai_attorney/explosive-residue-testing.mdx,Move For Court-Ordered Explosive Residue Testing,Explosive Residue Testing,court/ai_attorney,mdx,yes,107,"The first motion an AI defense attorney would file: a court order compelling GC-MS and IMS explosive-residue testing of every item retained from September 10, 2025, and production of the full lab request log. Theoretical exercise."
aiatty_family_and_organization_witnesses,court_ai_attorney,4,Court,court,topic,/court/ai_attorney/family-and-organization-witnesses,site/docs/court/ai_attorney/family-and-organization-witnesses.mdx,Whether To Call The Victim's Widow And Inner Circle,Family & Inner-Circle Witnesses,court/ai_attorney,mdx,yes,109,"A theoretical exercise on whether an idealised defense attorney would call the victim's widow or inner circle, what could lawfully be asked, and why the answer is probably no."
aiatty_faro_point_cloud_expert,court_ai_attorney,4,Court,court,topic,/court/ai_attorney/faro-point-cloud-expert,site/docs/court/ai_attorney/faro-point-cloud-expert.mdx,Retain A Point-Cloud Expert — The State's Own 3D Scan Of The Scene,FARO Point-Cloud Expert,court/ai_attorney,mdx,yes,203,"660 gigabytes of raw FARO 3D laser-scan data of the scene reached the defense on July 20, 2026. An AI defense attorney would fund an expert to read it, demand the scan metadata and registration report, and date every scan position against the day the courtyard was resurfaced. Theoretical exercise."
aiatty_fbi_agents_on_the_stand,court_ai_attorney,4,Court,court,topic,/court/ai_attorney/fbi-agents-on-the-stand,site/docs/court/ai_attorney/fbi-agents-on-the-stand.mdx,Put FBI Case Agents On The Stand,FBI Agents On The Stand,court/ai_attorney,mdx,yes,106,"Exactly one FBI witness testified at the preliminary hearing, and she was a DNA examiner called by the defense. A defense attorney would subpoena the agents who ran the scene. Theoretical exercise."
aiatty_fbo_and_ground_handling_records,court_ai_attorney,4,Court,court,topic,/court/ai_attorney/fbo-and-ground-handling-records,site/docs/court/ai_attorney/fbo-and-ground-handling-records.mdx,Subpoena The FBO And Ground-Handling Records,FBO And Ground-Handling Records,court/ai_attorney,mdx,yes,216,"An ADS-B trace proves an aircraft was there. The fuel ticket, the ramp log, the badge swipe and the handling invoice prove what it did and sometimes who was aboard. The paper a physical aircraft generates on the ground, and how a defense would subpoena it. Theoretical exercise."
aiatty_federal_handling_and_nondisclosure,court_ai_attorney,4,Court,court,topic,/court/ai_attorney/federal-handling-and-nondisclosure,site/docs/court/ai_attorney/federal-handling-and-nondisclosure.mdx,T2 — Federal Handling Of The Scene And Of Discovery Has Kept Material Out Of The Case,T2 — Federal Handling,court/ai_attorney,mdx,yes,241,"A discovery and spoliation thesis in State of Utah v. Tyler Robinson: the death scene was processed by a federal agency and then excavated, evidence routed federally first, nine DNA samples entirely consumed, three autopsy fragments unaccounted for, and material the FBI and ATF have declined to produce. Theoretical exercise."
aiatty_foreign_carrier_records_mlat,court_ai_attorney,4,Court,court,topic,/court/ai_attorney/foreign-carrier-records-mlat,site/docs/court/ai_attorney/foreign-carrier-records-mlat.mdx,The Foreign-Carrier Route — And Why A Court Would Likely Refuse It,Foreign Carrier Records & MLAT,court/ai_attorney,mdx,yes,201,"A state trial court cannot subpoena a foreign telecom, and a criminal defendant cannot compel an MLAT request. We would serve the demand anyway, docket the refusal as evidence, and then answer the same question from the domestic tower dumps the State already holds. Theoretical exercise."
aiatty_foreign_decision_and_notification,court_ai_attorney,4,Court,court,topic,/court/ai_attorney/foreign-decision-and-notification,site/docs/court/ai_attorney/foreign-decision-and-notification.mdx,T3 — A Foreign State Decided On The Assassination And People Here Were Told Beforehand,T3 — Foreign Decision & Notification,court/ai_attorney,mdx,yes,251,"The contention that the decision to kill Charlie Kirk originated outside the United States and that there was advance notification inside it — built in the order a court would require, starting with the alternative-perpetrator notice and the one named official who has already spoken. Theoretical exercise."
aiatty_foreign_registered_handsets_on_campus,court_ai_attorney,4,Court,court,topic,/court/ai_attorney/foreign-registered-handsets-on-campus,site/docs/court/ai_attorney/foreign-registered-handsets-on-campus.mdx,Foreign-Registered Handsets On Campus,T7 — Foreign Handsets On Campus,court/ai_attorney,mdx,yes,240,"Thesis T7. A tower dump was taken from three national carriers and the return describes it in eight words. The discovery corpus holds at least 25,253 location records. Somebody decided which subset mattered. An AI defense attorney would demand that decision. Theoretical exercise."
aiatty_fort_huachuca_records,court_ai_attorney,4,Court,court,topic,/court/ai_attorney/fort-huachuca-records,site/docs/court/ai_attorney/fort-huachuca-records.mdx,Records Demand On The September 9 Meeting Week,Fort Huachuca Records,court/ai_attorney,mdx,yes,107,"A records demand for base access, flight and scheduling documents covering September 8 and 9, 2025 — sought as documents, with no attendee named. Theoretical exercise."
aiatty_gag_order_and_publicity,court_ai_attorney,4,Court,court,topic,/court/ai_attorney/gag-order-and-publicity,site/docs/court/ai_attorney/gag-order-and-publicity.mdx,Reconsider The Secrecy Posture,Gag Order & Publicity,court/ai_attorney,mdx,yes,105,The defense argued material was exculpatory and then moved to seal it. An AI defense attorney would examine whether secrecy still serves this defendant. Theoretical exercise.
aiatty_hearing_audio_and_transcript_release,court_ai_attorney,4,Court,court,topic,/court/ai_attorney/hearing-audio-and-transcript-release,site/docs/court/ai_attorney/hearing-audio-and-transcript-release.mdx,Move For The Hearing Audio The Court Already Ordered Released,Hearing Audio And Transcripts,court/ai_attorney,mdx,yes,201,"An instrument that asks for something a judge has already ordered released: the redacted audio of the October 24, 2025 sealed hearing, plus certified transcripts of the eight hearings that exist in no certified form outside the court. Theoretical exercise."
aiatty_hospital_and_transport_record,court_ai_attorney,4,Court,court,topic,/court/ai_attorney/hospital-and-transport-record,site/docs/court/ai_attorney/hospital-and-transport-record.mdx,Subpoena The Hospital And Transport Record,Hospital & Transport Record,court/ai_attorney,mdx,yes,105,The interval between the wound and the pronouncement of death is documented by people who are not police. A defense attorney would subpoena that record. Theoretical exercise.
aiatty_house_frontage_camera_canvass,court_ai_attorney,4,Court,court,topic,/court/ai_attorney/house-frontage-camera-canvass,site/docs/court/ai_attorney/house-frontage-camera-canvass.mdx,The Frontage Camera Canvass And The Retention Windows That Beat It,House Frontage Camera Canvass,court/ai_attorney,mdx,yes,208,"The neighbourhood video canvass is the most time-critical act a defense investigator ever performs. Consumer and small-business retention windows close in days to weeks. What an AI defense attorney would have served on 12 September 2025, and the one instrument that still works today. Theoretical exercise."
aiatty_independent_autopsy_review,court_ai_attorney,4,Court,court,topic,/court/ai_attorney/independent-autopsy-review,site/docs/court/ai_attorney/independent-autopsy-review.mdx,Retain An Independent Forensic Pathologist And Cross The Medical Examiner,Independent Autopsy Review,court/ai_attorney,mdx,yes,108,The autopsy entered the preliminary hearing through a case agent rather than the medical examiner. A defense attorney would retain an independent pathologist and cross the examiner directly. Theoretical exercise.
aiatty_independent_device_reexamination,court_ai_attorney,4,Court,court,topic,/court/ai_attorney/independent-device-reexamination,site/docs/court/ai_attorney/independent-device-reexamination.mdx,Order An Independent Re-Extraction Of The Devices,Independent Device Re-Examination,court/ai_attorney,mdx,yes,106,The device evidence was produced through a commercial forensic tool. A defense attorney would have its own examiner re-extract from the original images. Theoretical exercise.
aiatty_mechanism_of_death_explosive,court_ai_attorney,4,Court,court,topic,/court/ai_attorney/mechanism-of-death-explosive,site/docs/court/ai_attorney/mechanism-of-death-explosive.mdx,"T1 — The Mechanism Of Death Was An Explosive, Not A Rifle Round",T1 — Mechanism Of Death,court/ai_attorney,mdx,yes,240,"The load-bearing thesis of this section: an AI defense attorney would contend the fatal wound was caused by a shaped charge at chest height, not a .30-06 round from the Losee Center roof — and would prove or disprove it with the cheapest procedure in forensic chemistry. Theoretical exercise."
aiatty_method,court_ai_attorney,4,Court,court,topic,/court/ai_attorney/method,site/docs/court/ai_attorney/method.mdx,Method — How This Exercise Works,Method,court/ai_attorney,mdx,yes,108,"The rules this section follows: public record only, an honest counterargument on every page, timing before criticism, no accusations against living people, and a plain statement of what the defense is doing well."
aiatty_microphone_hardware_subpoena,court_ai_attorney,4,Court,court,topic,/court/ai_attorney/microphone-hardware-subpoena,site/docs/court/ai_attorney/microphone-hardware-subpoena.mdx,Subpoena The Microphone Itself,Microphone Hardware,court/ai_attorney,mdx,yes,106,"The device at the centre of the alternative theory of death is a specific piece of hardware with a serial number, a supply chain and an AV crew. A defense attorney would subpoena it. Theoretical exercise."
aiatty_nctc_halted_inquiry_subpoena,court_ai_attorney,4,Court,court,topic,/court/ai_attorney/nctc-halted-inquiry-subpoena,site/docs/court/ai_attorney/nctc-halted-inquiry-subpoena.mdx,Subpoena The Halted Foreign-Nexus Inquiry,NCTC Halted Inquiry,court/ai_attorney,mdx,yes,108,A sitting intelligence official has said publicly that his foreign-involvement inquiry into Charlie Kirk's death was stopped by the FBI. A defense attorney would subpoena him and the records. Theoretical exercise.
aiatty_overview,court_ai_attorney,3,Court,court,topic,/court/ai_attorney/overview,site/docs/court/ai_attorney/overview.mdx,AI Defense Attorney — What We Would Do Differently,AI Attorney Overview,court/ai_attorney,mdx,yes,340,"A theoretical exercise: what a defense attorney retained on September 12, 2025 would do in State of Utah v. Tyler Robinson that does not appear on the public record — nine contentions, thirty-seven instruments, the stage each belongs to, and the witness or discovery target for each."
aiatty_rental_vehicle_subpoenas,court_ai_attorney,4,Court,court,topic,/court/ai_attorney/rental-vehicle-subpoenas,site/docs/court/ai_attorney/rental-vehicle-subpoenas.mdx,Subpoena The Rental Agreements — The Reachable Half Of The Vehicle Question,Rental Vehicle Subpoenas,court/ai_attorney,mdx,yes,203,"The most reachable instrument in the aircraft-and-ground-vehicles cluster: an ordinary subpoena duces tecum to car rental companies for agreements, driver records, VINs, odometers, tolls and telematics in the September 2025 window. Theoretical exercise."
aiatty_scene_alteration_spoliation,court_ai_attorney,4,Court,court,topic,/court/ai_attorney/scene-alteration-spoliation,site/docs/court/ai_attorney/scene-alteration-spoliation.mdx,File A Spoliation Motion Over The Altered Crime Scene,Scene Alteration & Spoliation,court/ai_attorney,mdx,yes,106,"The courtyard was excavated, paved and reworked within days. A defense attorney would seek spoliation sanctions and an adverse-inference instruction. Theoretical exercise."
aiatty_security_team_clothing,court_ai_attorney,4,Court,court,topic,/court/ai_attorney/security-team-clothing,site/docs/court/ai_attorney/security-team-clothing.mdx,Force Disclosure Of The Seized Security-Detail Clothing,Security Team Clothing,court/ai_attorney,mdx,yes,107,"Clothing was reportedly taken from members of Charlie Kirk's protective detail after September 10, 2025. A defense attorney would demand the evidence numbers and every test run on those items. Theoretical exercise."
aiatty_soil_excavation_subpoena,court_ai_attorney,4,Court,court,topic,/court/ai_attorney/soil-excavation-subpoena,site/docs/court/ai_attorney/soil-excavation-subpoena.mdx,Subpoena The Soil — Who Ordered The Ten-Inch Dig,Soil Excavation Subpoena,court/ai_attorney,mdx,yes,106,"Roughly ten inches of soil left the UVU tent courtyard before the paving crew arrived. A defense attorney would subpoena the work order, the disposal manifest, and the destination. Theoretical exercise."
aiatty_state_expert_notice_exclusion,court_ai_attorney,4,Court,court,topic,/court/ai_attorney/state-expert-notice-exclusion,site/docs/court/ai_attorney/state-expert-notice-exclusion.mdx,Move To Exclude The State's Experts — No Notice Appears On The Docket,State Expert Notice & Exclusion,court/ai_attorney,mdx,yes,195,"A two-part instrument: compel the State's Utah Code 77-17-13 expert notice on a date certain now, and pre-commit a trial motion in limine excluding any expert never noticed and any laboratory report offered through a witness who did not write it. Theoretical exercise."
aiatty_the_day_one_track,court_ai_attorney,4,Court,court,topic,/court/ai_attorney/the-day-one-track,site/docs/court/ai_attorney/the-day-one-track.mdx,"The Day-One Track — What A Defense Retained On September 12, 2025 Would Have Served",The Day-One Track,court/ai_attorney,mdx,yes,178,"A dated counterfactual discovery calendar for State of Utah v. Tyler Robinson: what an AI defense attorney retained on September 12, 2025 would have served, on what date, what was still recoverable then, and when each window closed. Theoretical exercise."
aiatty_the_diverted_pursuit,court_ai_attorney,4,Court,court,topic,/court/ai_attorney/the-diverted-pursuit,site/docs/court/ai_attorney/the-diverted-pursuit.mdx,The Diverted Pursuit — Where The First Hours Of The Investigation Went,The Diverted Pursuit,court/ai_attorney,mdx,yes,238,"Appendix A thesis T5. Local police effort on the afternoon of September 10, 2025 was directed toward two private individuals in vehicles, and that direction absorbed the first hours of a capital investigation. A records thesis built entirely on machine-generated timestamps. Theoretical exercise."
aiatty_the_university_owned_house,court_ai_attorney,4,Court,court,topic,/court/ai_attorney/the-university-owned-house,site/docs/court/ai_attorney/the-university-owned-house.mdx,T8 — A University-Owned Property Near The Site Was Likely Used,The University-Owned House,court/ai_attorney,mdx,yes,240,"The most reachable thesis in the appendix: a public institution owns a house on the street the State drew a geofence through, and its occupancy, keying, access-control and utility records are obtainable by subpoena and by GRAMA with no gateway to clear. Theoretical exercise."
aiatty_tpusa_organizational_subpoenas,court_ai_attorney,4,Court,court,topic,/court/ai_attorney/tpusa-organizational-subpoenas,site/docs/court/ai_attorney/tpusa-organizational-subpoenas.mdx,Subpoena The Organization's Own Records,TPUSA Subpoenas,court/ai_attorney,mdx,yes,106,"The event, the venue contract, the security arrangements, the AV vendor and the travel were all organised by a private organisation whose records are reachable by ordinary subpoena. Theoretical exercise."
aiatty_transport_suv_custody,court_ai_attorney,4,Court,court,topic,/court/ai_attorney/transport-suv-custody,site/docs/court/ai_attorney/transport-suv-custody.mdx,Force The Custody File On The Transport SUV,Transport SUV Custody,court/ai_attorney,mdx,yes,105,"The GMC Yukon that carried Charlie Kirk from UVU was reportedly towed, cleaned and put on a resale path. A defense attorney would demand its evidence log, release date and test list. Theoretical exercise."
aiatty_trial_cursor,court_ai_attorney,4,Court,court,topic,/court/ai_attorney/trial-cursor,site/docs/court/ai_attorney/trial-cursor.mdx,Trial Cursor — Where The Case Is Right Now,Trial Cursor,court/ai_attorney,mdx,yes,112,"Where State of Utah v. Tyler Robinson stands as of September 1, 2026: the preliminary hearing is complete, the State has rested, and bind-over oral argument is being heard today. No ruling has issued."
aiatty_two_tracks_compared,court_ai_attorney,4,Court,court,topic,/court/ai_attorney/two-tracks-compared,site/docs/court/ai_attorney/two-tracks-compared.mdx,Two Tracks Compared — The Counterfactual Against The Visible Record,Two Tracks Compared,court/ai_attorney,mdx,yes,128,"The same twelve months, run twice: what an AI defense attorney retained on September 12, 2025 would have done by each milestone, set against what the public record of State of Utah v. Tyler Robinson actually shows. Theoretical exercise."
aiatty_university_property_records_subpoena,court_ai_attorney,4,Court,court,topic,/court/ai_attorney/university-property-records-subpoena,site/docs/court/ai_attorney/university-property-records-subpoena.mdx,Subpoena The University For Its Own Property Records,University Property Records,court/ai_attorney,mdx,yes,200,"The most reachable instrument in the whole appendix: a subpoena duces tecum to Utah Valley University for the occupancy, keying, access-control, work-order, utility, parking and insurance records of the house it owns at 691 W 925 S, Orem. Theoretical exercise."
aiatty_withheld_exculpatory_material,court_ai_attorney,4,Court,court,topic,/court/ai_attorney/withheld-exculpatory-material,site/docs/court/ai_attorney/withheld-exculpatory-material.mdx,Exculpatory Material Exists And Has Not Been Provided,Withheld Exculpatory Material,court/ai_attorney,mdx,yes,244,"Two halves of one thesis, kept apart on purpose: the campus half is ordinary Brady and spoliation practice against a reachable Utah custodian and is close to a certainty, and the federal half depends on a gateway ruling. Theoretical exercise."
GoogleSearches_Hibbs_Trends,GoogleSearches,3,GoogleSearches,GoogleSearches,topic,/GoogleSearches/butch-hibbs-sierra-vista-trends,site/docs/GoogleSearches/butch-hibbs-sierra-vista-trends.mdx,Butch Hibbs — Sierra Vista Trends Spike (Claims),Butch Hibbs Trends Spike,GoogleSearches,mdx,yes,187,"A Google Trends screenshot shows one image-search spike for Burton Hibbs on September 7, 2025 in the Tucson (Sierra Vista) AZ metro. What the chart shows, and why it does not place him at Fort Huachuca."
aiatty_fragment_composition,court_ai_attorney,4,Court,court,topic,/court/ai_attorney/fragments,site/docs/court/ai_attorney/fragments.mdx,Demand The Chemical Composition Of The Fragments,Fragment Composition,court/ai_attorney,mdx,yes,141,"Where the defense could win: no witness has testified what the fragments from Charlie Kirk's body are made of. An AI defense attorney would demand their chemistry — lead and copper for a bullet, plastic and polymer for an exploding microphone. Theoretical exercise."
serena_hotel,Home,2,,serena_hotel,overview,/serena_hotel/overview,site/docs/serena_hotel/overview.mdx,Serena Hotel — Israeli Phones from UVU at the Islamabad Talks,Serena Hotel,serena_hotel,mdx,yes,89,"Israeli-registered phones reported at UVU when Charlie Kirk was killed, and four of them reported seven months later inside Islamabad's sealed Serena Hotel on the eve of the April 2026 US–Iran talks — the claim, the hotel, the Red Zone, who could get in, and the records that would settle it."
serena_Phone_Claim,serena_hotel,3,serena_hotel,serena_hotel,topic,/serena_hotel/phones_uvu_to_serena,site/docs/serena_hotel/phones_uvu_to_serena.mdx,The Phone Claim — From UVU to the Serena Hotel,UVU to Serena Phones,serena_hotel,mdx,yes,100,"The claim, source by source: 12 to 16 Israeli-registered phones reported at UVU on September 10, 2025, and four of them reported at the Islamabad Serena Hotel on the eve of the April 2026 US–Iran talks."
serena_Who_Gets_Inside,serena_hotel,3,serena_hotel,serena_hotel,topic,/serena_hotel/hotel_lockdown_access,site/docs/serena_hotel/hotel_lockdown_access.mdx,Who Could Get Inside the Serena — Lockdown and Access Control,Who Could Get Inside,serena_hotel,mdx,yes,97,"How the Islamabad Serena Hotel was sealed for the April 2026 US–Iran talks — guests evicted, staff vetted and confined, roads closed, 10,000+ security personnel — and why an ordinary person could not walk in."
serena_Hotel_Building,serena_hotel,3,serena_hotel,serena_hotel,topic,/serena_hotel/islamabad_serena_hotel,site/docs/serena_hotel/islamabad_serena_hotel.mdx,The Islamabad Serena Hotel — The Building,The Hotel Itself,serena_hotel,mdx,yes,82,"The Islamabad Serena Hotel: opened 2002, Aga Khan–backed, 387+ rooms on 5.5 hectares beside Pakistan's Foreign Ministry in the Red Zone — and why it is Pakistan's default venue for sensitive diplomacy."
serena_Red_Zone,serena_hotel,3,serena_hotel,serena_hotel,topic,/serena_hotel/red_zone,site/docs/serena_hotel/red_zone.mdx,Islamabad's Red Zone — The Sealed District Around the Serena,The Red Zone,serena_hotel,mdx,yes,85,"What Islamabad's Red Zone is, what sits inside it, how entry is controlled, and how it was locked down around the Serena Hotel for the April 2026 US–Iran talks."
serena_Delegations,serena_hotel,3,serena_hotel,serena_hotel,topic,/serena_hotel/delegations,site/docs/serena_hotel/delegations.mdx,"Who Was There — The Delegations at the Serena, April 2026",Who Was There,serena_hotel,mdx,yes,98,"The accredited U.S., Iranian and Pakistani delegations at the April 11–12, 2026 Islamabad Talks at the Serena Hotel — about 300 Americans and 70 Iranians — listed as an access record, not an accusation."
serena_Talks_Timeline,serena_hotel,3,serena_hotel,serena_hotel,timeline,/serena_hotel/talks_timeline,site/docs/serena_hotel/talks_timeline.mdx,Timeline — The Islamabad Talks and the Phone Claim,Talks Timeline,serena_hotel,mdx,yes,98,"Day-by-day timeline from the April 8, 2026 ceasefire through the Serena Hotel talks, the phone post, the aborted second round, the June Islamabad Memorandum and the Bürgenstock round — with the phone claim placed on it."
serena_Phone_Tracking,serena_hotel,3,serena_hotel,serena_hotel,topic,/serena_hotel/how_phones_tracked,site/docs/serena_hotel/how_phones_tracked.mdx,How Phones Could Be Tracked from Utah to Islamabad,How Phones Are Tracked,serena_hotel,mdx,yes,87,"The three ways a phone seen at UVU could be recognized again at the Serena Hotel — carrier/SIGINT records, IMSI-catchers, and commercial advertising location data — what 'Israeli-registered' means, and what each method can and cannot prove."
serena_X_Posts,serena_hotel,3,serena_hotel,serena_hotel,topic,/serena_hotel/x_posts,site/docs/serena_hotel/x_posts.mdx,What X Posted — The Serena Phone Claim and the Islamabad Talks,What X Posted,serena_hotel,mdx,yes,97,"The X posts that carried the Serena Hotel phone claim, from Tony Seruga's April 11, 2026 alert through Project Constitution and later repeats, plus posts on the hotel's lockdown — quoted and attributed."
serena_Records_Settle,serena_hotel,3,serena_hotel,serena_hotel,topic,/serena_hotel/records_to_settle,site/docs/serena_hotel/records_to_settle.mdx,Records That Would Settle the Serena Phone Claim,Records That Settle It,serena_hotel,mdx,yes,93,"The specific records — in the U.S., in Pakistan, and in private data — that would confirm or refute that Israeli-registered phones at UVU later appeared at the Islamabad Serena Hotel, and who holds each one."
serena_Photos,serena_hotel,3,serena_hotel,serena_hotel,topic,/serena_hotel/photos,site/docs/serena_hotel/photos.mdx,Photos — The Serena Hotel and the Red Zone,Photos,serena_hotel,mdx,yes,97,"Freely licensed photographs of the Islamabad Serena Hotel and the Red Zone around it — Constitution Avenue, Parliament, the Supreme Court — plus the photos we are still looking for."
serena_Security_Rings,serena_hotel,3,serena_hotel,serena_hotel,topic,/serena_hotel/security_rings,site/docs/serena_hotel/security_rings.mdx,Rings of Security — From the City Edge to the Negotiating Room,Rings of Security,serena_hotel,mdx,yes,102,"The six layers anyone had to pass to reach the Islamabad Serena Hotel during the April 2026 US–Iran talks: the city edge, the sealed Red Zone, a 3 km army-held road cordon, the hotel gate, the locked-down building, and the U.S.-secured area."
serena_Security_Forces,serena_hotel,3,serena_hotel,serena_hotel,topic,/serena_hotel/security_forces,site/docs/serena_hotel/security_forces.mdx,"Who Guarded It — The Forces Around the Serena, April 2026",Who Guarded It,serena_hotel,mdx,yes,113,"The Pakistani army, Rangers, police, commandos and snipers, and the U.S. Secret Service advance teams, that secured the Islamabad Serena Hotel and the Red Zone during the April 2026 US–Iran talks, with numbers and sources."
serena_Allowed_Kept_Out,serena_hotel,3,serena_hotel,serena_hotel,topic,/serena_hotel/allowed_vs_kept_out,site/docs/serena_hotel/allowed_vs_kept_out.mdx,"Allowed In vs Kept Out — The Serena's Access List, April 2026",Allowed In vs Kept Out,serena_hotel,mdx,yes,84,"Who could enter the Islamabad Serena Hotel during the April 2026 US–Iran talks and who could not: accredited officials, security and vetted staff on one side; guests, residents, reporters and the public on the other."
serena_Media_Kept_Out,serena_hotel,3,serena_hotel,serena_hotel,topic,/serena_hotel/media_kept_outside,site/docs/serena_hotel/media_kept_outside.mdx,Journalists Kept Outside — Media at the Islamabad Talks,Journalists Kept Outside,serena_hotel,mdx,yes,80,"How reporters covering the April 2026 US–Iran talks were accredited, housed at the Jinnah Convention Centre half a kilometre away, bussed under escort, and kept from seeing anyone enter or leave the Serena Hotel."
serena_Second_Lockdown,serena_hotel,3,serena_hotel,serena_hotel,topic,/serena_hotel/second_lockdown,site/docs/serena_hotel/second_lockdown.mdx,"The Second Lockdown — Islamabad Sealed Again, April 19–26, 2026",The Second Lockdown,serena_hotel,mdx,yes,95,"For a second round of US–Iran talks that never happened, Pakistan emptied the Serena and Marriott again, closed the Expressway, put snipers and Rangers on rooftops, and kept the Red Zone sealed for a week."
serena_Why_Chosen,serena_hotel,3,serena_hotel,serena_hotel,topic,/serena_hotel/why_serena_chosen,site/docs/serena_hotel/why_serena_chosen.mdx,Why the Serena — A Hotel Built to Be Sealed,Why the Serena Was Chosen,serena_hotel,mdx,yes,91,"Why Pakistan picks the Islamabad Serena Hotel for its most sensitive guests: set-back gates, security staff drawn from retired officers, multi-layered checks, a Red Zone location, the 2024 SCO precedent, and a chain hardened by attacks in Kabul and Quetta."
serena_News_Coverage,serena_hotel,3,serena_hotel,serena_hotel,topic,/serena_hotel/news_coverage,site/docs/serena_hotel/news_coverage.mdx,News Coverage — Articles and Photo Galleries on the Serena Lockdown,News Coverage,serena_hotel,mdx,yes,115,"Links to the news reporting and photo galleries on the April 2026 US–Iran talks at Islamabad's Serena Hotel: the security lockdown, the Red Zone, the media restrictions, and the second lockdown."
serena_Security_Gallery,serena_hotel,3,serena_hotel,serena_hotel,topic,/serena_hotel/security_gallery,site/docs/serena_hotel/security_gallery.mdx,"Security Photo Gallery — The Serena, the Talks and Islamabad's Guard Forces",Security Photo Gallery,serena_hotel,mdx,yes,105,"Freely licensed photos of the Islamabad Serena Hotel during the April 2026 US–Iran talks, the talks venue and media centre, and the Rangers, police commandos, riot police and military escorts that guard Islamabad's Red Zone."
Messages_Threats_List,Messages_Overview,3,Messages,Messages,topic,/Messages/threats-list,site/docs/Messages/threats-list.mdx,Threats List — Candace Owens and Others,Threats List,Messages,mdx,yes,91,"A running, dated list of reported threats against people connected to the Charlie Kirk case — first a full list for Candace Owens, then the other commentators and journalists who say they were threatened."
Messages_DailyMail_Owens,Messages_Overview,3,Messages,Messages,topic,/Messages/daily-mail-candace-owens-crisis,site/docs/Messages/daily-mail-candace-owens-crisis.mdx,Daily Mail: Candace Owens' Family Fears She Could Be Killed,Daily Mail: Owens Family Fears,Messages,mdx,yes,98,"A September 27, 2026 Daily Mail exclusive reports Candace Owens' family begging her to 'disappear' and praying she isn't killed, with insiders describing a foreign reconnaissance mission. People are asking whether this is the kind of threat a lone wolf produces."
Photo_Fix_Laws,Photos,3,Photos,Photos,topic,/Photos/Fix_Laws/overview,site/docs/Photos/Fix_Laws/overview.mdx,Fix Laws — Photos,Fix Laws,Photos/Fix_Laws,mdx,yes,66,Photo cluster: Fix Laws — 12 images.
Photo_Fix_Churches,Photo_Fix_Laws,4,Photos,Photos,topic,/Photos/Fix_Laws/Fix_Churches/overview,site/docs/Photos/Fix_Laws/Fix_Churches/overview.mdx,Ask Churches to Ensure Justice Happens — Photos,Ask Churches to Ensure Justice Happens,Photos/Fix_Laws/Fix_Churches,mdx,yes,46,Photo cluster: Ask Churches to Ensure Justice Happens — 4 images.
Photo_Fix_Foreign_Influence,Photo_Fix_Laws,4,Photos,Photos,topic,/Photos/Fix_Laws/Fix_Foreign_Influence/overview,site/docs/Photos/Fix_Laws/Fix_Foreign_Influence/overview.mdx,Foreign Influence Transparency — Photos,Foreign Influence Transparency,Photos/Fix_Laws/Fix_Foreign_Influence,mdx,yes,38,Photo cluster: Foreign Influence Transparency — 2 images.
Photo_Fix_Politicans,Photo_Fix_Laws,4,Photos,Photos,topic,/Photos/Fix_Laws/Fix_Politicans/overview,site/docs/Photos/Fix_Laws/Fix_Politicans/overview.mdx,Vote out Cover-Up Politicians — Photos,Vote out Cover-Up Politicians,Photos/Fix_Laws/Fix_Politicans,mdx,yes,45,Photo cluster: Vote out Cover-Up Politicians — 3 images.
Photo_disabled,Photo_Fix_Laws,4,Photos,Photos,topic,/Photos/Fix_Laws/disabled/overview,site/docs/Photos/Fix_Laws/disabled/overview.mdx,disabled — Photos,disabled,Photos/Fix_Laws/disabled,mdx,yes,38,Photo cluster: disabled — 2 images.
Photo_Fix_disabled_Law1,Photo_disabled,5,Photos,Photos,topic,/Photos/Fix_Laws/disabled/Fix_disabled_Law1/overview,site/docs/Photos/Fix_Laws/disabled/Fix_disabled_Law1/overview.mdx,Law 1: Force Information Disclosure — Photos,Law 1: Force Information Disclosure,Photos/Fix_Laws/disabled/Fix_disabled_Law1,mdx,yes,42,Photo cluster: Law 1: Force Information Disclosure — 2 images.
Img_All_Laws_319de0,Photo_Fix_Laws,4,Photos,Photos,image,/Photos/Fix_Laws/Img_All_Laws_319de0,site/docs/Photos/Fix_Laws/Img_All_Laws_319de0.mdx,The Four Laws — Banner Graphic,All Laws,Photos/Fix_Laws,mdx,yes,121,"The banner graphic for the four proposed federal disclosure laws, pairing Charlie Kirk and Candace Owens against NSA, CIA and FBI labels."
Img_Photo_99f041,Photo_Fix_Churches,5,Photos,Photos,image,/Photos/Fix_Laws/Fix_Churches/Img_Photo_99f041,site/docs/Photos/Fix_Laws/Fix_Churches/Img_Photo_99f041.mdx,Ask Churches to Ensure Justice Happens — Photo 1,Ask Churches to Ensure Justice Happens —,Photos/Fix_Laws/Fix_Churches,mdx,yes,48,This is the poster frame — the single still image used as the thumbnail — for the video “11 Minutes Full”.
Img_Photo_7a7e31,Photo_Fix_Churches,5,Photos,Photos,image,/Photos/Fix_Laws/Fix_Churches/Img_Photo_7a7e31,site/docs/Photos/Fix_Laws/Fix_Churches/Img_Photo_7a7e31.mdx,Ask Churches to Ensure Justice Happens — Photo 2,Ask Churches to Ensure Justice Happens —,Photos/Fix_Laws/Fix_Churches,mdx,yes,48,This is the poster frame — the single still image used as the thumbnail — for the video “Charlie Bonhoeffer”.
Img_Photo_93658f,Photo_Fix_Churches,5,Photos,Photos,image,/Photos/Fix_Laws/Fix_Churches/Img_Photo_93658f,site/docs/Photos/Fix_Laws/Fix_Churches/Img_Photo_93658f.mdx,Ask Churches to Ensure Justice Happens — Photo 3,Ask Churches to Ensure Justice Happens —,Photos/Fix_Laws/Fix_Churches,mdx,yes,48,This is the poster frame — the single still image used as the thumbnail — for the video “Blake Bednarz UVU original”.
Img_Photo_57bf48,Photo_Fix_Churches,5,Photos,Photos,image,/Photos/Fix_Laws/Fix_Churches/Img_Photo_57bf48,site/docs/Photos/Fix_Laws/Fix_Churches/Img_Photo_57bf48.mdx,Ask Churches to Ensure Justice Happens — Photo 4,Ask Churches to Ensure Justice Happens —,Photos/Fix_Laws/Fix_Churches,mdx,yes,48,This is the poster frame — the single still image used as the thumbnail — for the video “Project Constitution - 🚨NEW： @AndrewKolvet just confirmed the text messages @RealCandaceO O”.
Img_Photo_b3ccc3,Photo_Fix_Foreign_Influence,5,Photos,Photos,image,/Photos/Fix_Laws/Fix_Foreign_Influence/Img_Photo_b3ccc3,site/docs/Photos/Fix_Laws/Fix_Foreign_Influence/Img_Photo_b3ccc3.mdx,Foreign Influence Transparency — Photo 2,Foreign Influence Transparency — Photo 2,Photos/Fix_Laws/Fix_Foreign_Influence,mdx,yes,40,"This image is a horizontal screenshot of a social media post on the platform X (formerly Twitter) by a user named ""Alan Watson"" (@DietHeartNews)."
Img_Photo_14ac95,Photo_Fix_Politicans,5,Photos,Photos,image,/Photos/Fix_Laws/Fix_Politicans/Img_Photo_14ac95,site/docs/Photos/Fix_Laws/Fix_Politicans/Img_Photo_14ac95.mdx,Vote: Politicians and Disclosure — Photo 1,Vote out Cover-Up Politicians — Photo 1,Photos/Fix_Laws/Fix_Politicans,mdx,yes,46,This is the poster frame — the single still image used as the thumbnail — for the video “Alley Files - Oh wow @RealCandaceO live today omg !
Img_Photo_0d7898,Photo_Fix_Politicans,5,Photos,Photos,image,/Photos/Fix_Laws/Fix_Politicans/Img_Photo_0d7898,site/docs/Photos/Fix_Laws/Fix_Politicans/Img_Photo_0d7898.mdx,Vote: Politicians and Disclosure — Photo 2,Vote out Cover-Up Politicians — Photo 2,Photos/Fix_Laws/Fix_Politicans,mdx,yes,48,This is the poster frame — the single still image used as the thumbnail — for the video “Tucker Carlson’s Message to America on the Epstein Cover...”.
Img_Photo_637465,Photo_Fix_Politicans,5,Photos,Photos,image,/Photos/Fix_Laws/Fix_Politicans/Img_Photo_637465,site/docs/Photos/Fix_Laws/Fix_Politicans/Img_Photo_637465.mdx,Vote: Politicians and Disclosure — Photo 3,Vote out Cover-Up Politicians — Photo 3,Photos/Fix_Laws/Fix_Politicans,mdx,yes,46,This is the poster frame — the single still image used as the thumbnail — for the video “@Wendy7839570959 - Clip: pro-Israel speaker says Western politicians blocking Iran war will...”.
Img_Photo_6570ea,Photo_Fix_disabled_Law1,6,Photos,Photos,image,/Photos/Fix_Laws/disabled/Fix_disabled_Law1/Img_Photo_6570ea,site/docs/Photos/Fix_Laws/disabled/Fix_disabled_Law1/Img_Photo_6570ea.mdx,Law 1: Force Information Disclosure — Photo 1,Law 1: Force Information Disclosure — Ph,Photos/Fix_Laws/disabled/Fix_disabled_Law1,mdx,yes,47,This is the poster frame — the single still image used as the thumbnail — for the video “GTG Trinity - 🚨 Fast-moving drones ignored in official reports 🚨 Do...”.
Img_Photo_a5999b,Photo_Fix_disabled_Law1,6,Photos,Photos,image,/Photos/Fix_Laws/disabled/Fix_disabled_Law1/Img_Photo_a5999b,site/docs/Photos/Fix_Laws/disabled/Fix_disabled_Law1/Img_Photo_a5999b.mdx,Law 1: Force Information Disclosure — Photo 2,Law 1: Force Information Disclosure — Ph,Photos/Fix_Laws/disabled/Fix_disabled_Law1,mdx,yes,44,This image is a digital graphic or screenshot showing the text of an email message displayed against a dark charcoal-gray background with a subtle tan border and watermark.
UVU_CIA_Profiles,UVU,3,UVU,UVU,topic,/UVU/CIA-UVU-Profiles,site/docs/UVU/CIA-UVU-Profiles.mdx,CIA-Linked UVU Profiles (Claims),CIA UVU Profiles,UVU,mdx,yes,287,"Claims that UVU National Security Society profiles with CIA/CNSSI ties were removed September 24, 2025, naming Rusty Needs and other campus figures."
UVU_Campus_Security_Gaps,UVU,3,UVU,UVU,topic,/UVU/Campus_Security_Gaps,site/docs/UVU/Campus_Security_Gaps.mdx,UVU Campus Security Gaps on September 10,Campus Security Gaps,UVU,mdx,yes,321,"Documented and alleged security failures at UVU for the Charlie Kirk event — staffing, rooftop access, law-enforcement coordination, and emergency alerts."
UVU_After_Action_Report,UVU,3,UVU,UVU,topic,/UVU/After_Action_Report,site/docs/UVU/After_Action_Report.mdx,UVU After-Action Report — Contested Points,UVU After-Action Report,UVU,mdx,yes,146,"UVU's commissioned 158-page After-Action Report on September 10, 2025, the points readers contest (assumed cause of death, EMP-device tip, venue, rooftops, six officers, false alerts, no-bad-faith finding), and a button to the full report as a page-by-page HTML mirror."
UVU_Courtyward,UVU,3,UVU,UVU,topic,/UVU/Courtyward,site/docs/UVU/Courtyward.mdx,UVU Courtyard,UVU Courtyard,UVU,mdx,yes,229,"This page focuses on the UVU courtyard area where the event took place, including its layout, surrounding structures, and how it factors into analyses of…"
UVU_Hardscape_Specialties,UVU,3,UVU,UVU,organization,/UVU/Hardscape-Specialties,site/docs/UVU/Hardscape-Specialties.mdx,Hardscape Specialties LLC — UVU Courtyard Paving,Hardscape Specialties,UVU,mdx,yes,227,"Hardscape Specialties LLC — dormant 20 years, revived February 2025 — performed UVU courtyard paving after the assassination; owners tied to Utah AG and former UVU operations staff."
UVU_Losee_Center,UVU,3,UVU,UVU,topic,/UVU/Losee_Center,site/docs/UVU/Losee_Center.mdx,Losee Center (Alleged Sniper Rooftop),Losee Center,UVU,mdx,yes,298,"The Losee Center is the UVU building whose rooftop, according to charging documents, the suspect used to fire the shot that killed Charlie Kirk on September 10, 2025."
UVU_Pavers,UVU,3,UVU,UVU,topic,/UVU/Pavers,site/docs/UVU/Pavers.mdx,Pavers — Dan Merrell's Account,Pavers — Merrell's Account,UVU,mdx,yes,313,"Contractor Dan Merrell describes on video how he was called to pave over the UVU courtyard where Charlie Kirk was shot, and reports that the on-site coordinators told him the Utah governor and Kash Patel's FBI ordered the work completed by Monday."
UVU_Stingray_Device,UVU,3,UVU,UVU,topic,/UVU/Stingray-Device,site/docs/UVU/Stingray-Device.mdx,Stingray Device at UVU (Claims),Stingray Device,UVU,mdx,yes,268,"Claims that Turning Point USA deployed an IMSI-catcher (Stingray) surveillance device at UVU on September 10, 2025, with photo evidence cited in commentary."
UVU_Tent,UVU,3,UVU,UVU,topic,/UVU/Tent,site/docs/UVU/Tent.mdx,The Tent — Exploding Mic Theory,Tent,UVU,mdx,yes,268,"The event tent at the UVU courtyard sits at the center of the 'exploding microphone' theory. Commentator Candace Owens argues, per a Project Constitution video, that a rigged mic explains the paved-over crime scene, excavated soil, and the search for Charlie Kirk's necklace."
UVU_Administration_Response,UVU,3,UVU,UVU,topic,/UVU/UVU-Administration-Response,site/docs/UVU/UVU-Administration-Response.mdx,UVU Administration Response,UVU Administration Response,UVU,mdx,yes,307,"Documented leadership and cabinet-level actions after the Charlie Kirk assassination — emergency alerts, campus closure, GRAMA-recorded pre-event decisions, and post-shooting messaging."
UVU_Faculty_Statements,UVU,3,UVU,UVU,topic,/UVU/UVU-Faculty-Statements,site/docs/UVU/UVU-Faculty-Statements.mdx,UVU Faculty Statements,UVU Faculty Statements,UVU,mdx,yes,258,"What GRAMA records and public sources document about UVU faculty exposure on September 10 — training gaps, lockdown conditions, and publicly traceable statements."
UVU_Institutional_Response,UVU,3,UVU,UVU,topic,/UVU/UVU-Institutional-Response,site/docs/UVU/UVU-Institutional-Response.mdx,UVU Institutional Response,UVU Institutional Response,UVU,mdx,yes,322,"Institution-wide UVU response to the Charlie Kirk assassination — GRAMA-documented security posture, undelivered warnings, emergency systems, records withholding, and site changes."
UVU_Student_Reactions,UVU,3,UVU,UVU,topic,/UVU/UVU-Student-Reactions,site/docs/UVU/UVU-Student-Reactions.mdx,UVU Student Reactions,UVU Student Reactions,UVU,mdx,yes,281,"Documented student-facing impacts at UVU on September 10 — lockdown, false alerts, counseling, vigil, and eyewitness media — grounded in official posts and GRAMA."
UVU_Investigation_Index,UVU,3,UVU,UVU,index,/UVU/UVU_Investigation_Index,site/docs/UVU/UVU_Investigation_Index.mdx,UVU Investigation Index,UVU Investigation Index,UVU,mdx,yes,270,"Working memo for the UVU angle — GRAMA failures, courtyard crime scene, security gaps, paving, tent/mic theories, witness accounts, and trial evidence at Utah Valley University."
UVU_Social_Media_Response,UVU,3,UVU,UVU,topic,/UVU/UVU_Social_Media_Response,site/docs/UVU/UVU_Social_Media_Response.mdx,UVU Social Media and Public Statements,UVU Social Media Response,UVU,mdx,yes,241,Compiled factual claims from UVU's official X posts and related public statements after the Charlie Kirk assassination.
UVU_maps,UVU,3,UVU,UVU,topic,/UVU/maps,site/docs/UVU/maps.mdx,UVU Campus Maps,UVU Campus Maps,UVU,mdx,yes,279,"Geographic guide to Utah Valley University's Orem campus for the Charlie Kirk investigation — courtyard event site, Losee Center, access paths, and links to spatial analysis."
UVU,Home,2,,UVU,overview,/UVU/overview,site/docs/UVU/overview.mdx,UVU,UVU,UVU,mdx,yes,333,"Utah Valley University was the host site of the Charlie Kirk event on September 10, 2025 and plays a central role in understanding both the physical setting…"
UVU_pre_shooting_warnings,UVU,3,UVU,UVU,topic,/UVU/pre-shooting-warnings,site/docs/UVU/pre-shooting-warnings.mdx,Pre-Shooting Warnings: Two Men Contacted UVU the Night Before,Pre-Shooting Warnings: Two Men Contacted UVU the Night Before,UVU,mdx,yes,361,"According to UVU GRAMA records obtained by the Daily Caller News Foundation (50 documents, 112 pages), two separate individuals or groups attempted to flag…"
UVU_Command_Center_Truck,UVU,3,UVU,UVU,topic,/UVU/Command-Center-Truck,site/docs/UVU/Command-Center-Truck.mdx,The Command-Center Truck Across From UVU (Claims),Command-Center Truck,UVU,mdx,yes,159,"A citizen journalist says the white box truck parked across from UVU on September 10, 2025 carries the same roof-mounted communications antenna and climate-control unit as a special-operations SWAT vehicle photographed in St George — the comparison, and why matching roof silhouettes cannot identify a vehicle."
UVU_EMP_Device_Tip,UVU,3,UVU,UVU,topic,/UVU/EMP-Device-Tip,site/docs/UVU/EMP-Device-Tip.mdx,The EMP-Device Tip UVU Received the Morning of September 10,EMP-Device Tip,UVU,mdx,yes,206,UVU's After-Action Report confirms an anonymous 7:30 a.m. tip about an electromagnetic-pulse device at the Charlie Kirk event; commentary connecting it to camera blackouts and SUV logistics.
UVU_Maycee_Crofts_Questions,UVU,3,UVU,UVU,topic,/UVU/Maycee_Crofts_Questions,site/docs/UVU/Maycee_Crofts_Questions.mdx,Open Questions About the Courtyard Request — Maycee Crofts,Courtyard Request Questions (Crofts),UVU,mdx,yes,156,"UVU's After-Action Report says TPUSA field rep Maycee Crofts asked the club president to request the courtyard; @BasedSamParker's questions about who was upstream, Hunter Kozak's account of being moved up the line, video and full transcript."
UVU_House_Report,UVU,3,UVU,UVU,topic,/UVU/UVU_House_Report,site/docs/UVU/UVU_House_Report.mdx,Critical Request: UVU House / Charlie Kirk Report,Critical Request: UVU House Report,UVU,mdx,yes,251,UVU's 158-page After-Action Report never mentions the house UVU owns at 691 W 925 S above the construction site and the rooftop man's exit path; a request that UVU release a UVU House / Charlie Kirk Report.
UVU_Metal_Doors_Tent,UVU,3,UVU,UVU,topic,/UVU/Metal-Hatches-Under-Tent,site/docs/UVU/Metal-Hatches-Under-Tent.mdx,Two Locked Metal Doors in the Paved Courtyard,Locked Metal Doors (Tent Spot),UVU,mdx,yes,106,Two padlocked steel doors are set into the new pavers of the UVU courtyard. This may have been where Charlie Kirk was at. People have reported an entry to an area or tunnel underneath.
