file_path,level2,status,blocks,agent,updated
site/docs/Topic-Analyses.mdx,Topic-Analyses,DONE,HOSW,8,w4check
site/docs/Topics.mdx,Topics,DONE,-O-W,11,wave4
site/docs/maps/overview.mdx,maps,TODO,----,11,
site/docs/maps/wooded-area-rifle-recovery.mdx,maps,TODO,----,11,
site/docs/Censorship/Censorship_Investigation_Index.mdx,Censorship,DONE,HOSW,11,wave2-partial
site/docs/Censorship/Court_Gag_Orders.mdx,Censorship,DONE,HOSW,11,wave2-partial
site/docs/Censorship/Google_Search_Trends_Scrubbing.mdx,Censorship,DONE,HOSW,11,wave2-partial
site/docs/Censorship/Platform_YouTube_Meta.mdx,Censorship,DONE,HOSW,11,wave2-partial
site/docs/Censorship/Ryne_Simmons_FBI_Video.mdx,Censorship,DONE,HOSW,11,wave2-partial
site/docs/Censorship/TPUSA_Legal_Threats.mdx,Censorship,DONE,HOSW,11,wave2-partial
site/docs/Censorship/Witness_Footage_Pressure.mdx,Censorship,DONE,HOSW,11,wave2-partial
site/docs/Censorship/X_Candace_Engagement_Bans.mdx,Censorship,DONE,HOSW,11,wave2-partial
site/docs/Censorship/X_Deboosting_Investigators.mdx,Censorship,DONE,HOSW,11,wave2-partial
site/docs/Censorship/X_EU_DSA_Fine.mdx,Censorship,DONE,HOSW,11,wave2-partial
site/docs/Censorship/X_Poll_Blocked_Kirk_Narrative.mdx,Censorship,DONE,HOSW,11,wave2-partial
site/docs/Censorship/overview.mdx,Censorship,DONE,HOSW,11,wave3-check
site/docs/Vote/overview.mdx,Vote,DONE,-O-W,12,wave4
site/docs/Proof_Not_Tyler/ATF_Inconclusive_Ballistics.mdx,Proof_Not_Tyler,DONE,HOSW,10,wave4
site/docs/Proof_Not_Tyler/Acoustic_Two_Event_Split.mdx,Proof_Not_Tyler,DONE,HOSW,10,wave4
site/docs/Proof_Not_Tyler/Alternative_Kill_Mechanisms.mdx,Proof_Not_Tyler,DONE,HOSW,10,wave4
site/docs/Proof_Not_Tyler/Backpack_Rifle_Impossibility.mdx,Proof_Not_Tyler,DONE,HOSW,10,wave4
site/docs/Proof_Not_Tyler/Discord_Custody_Timeline.mdx,Proof_Not_Tyler,DONE,HOSW,10,wave4
site/docs/Proof_Not_Tyler/Gun_Discovery_Sequence.mdx,Proof_Not_Tyler,DONE,HOSW,10,wave4
site/docs/Proof_Not_Tyler/Investigation_Index.mdx,Proof_Not_Tyler,DONE,HOSW,10,wave4
site/docs/Proof_Not_Tyler/No_GSR_And_Physical_Tests.mdx,Proof_Not_Tyler,DONE,HOSW,10,wave4
site/docs/Proof_Not_Tyler/Stairs_Guy_Identity_Gap.mdx,Proof_Not_Tyler,DONE,HOSW,10,wave4
site/docs/Proof_Not_Tyler/Trajectory_Wound_Mismatch.mdx,Proof_Not_Tyler,DONE,HOSW,10,wave4
site/docs/Proof_Not_Tyler/Witness_Audio_Conflicts.mdx,Proof_Not_Tyler,DONE,HOSW,10,wave4
site/docs/Proof_Not_Tyler/overview.mdx,Proof_Not_Tyler,DONE,HOSW,10,wave4
site/docs/Proof_Intel_Services/Egyptian_Jets_Provo.mdx,Proof_Intel_Services,DONE,HOSW,9,wave3-check
site/docs/Proof_Intel_Services/FBI_Intel_Cover_Signatures.mdx,Proof_Intel_Services,DONE,HOSW,9,wave3-check
site/docs/Proof_Intel_Services/Foreign_Weapons_And_Hardware.mdx,Proof_Intel_Services,DONE,HOSW,9,wave3-check
site/docs/Proof_Intel_Services/Fort_Huachuca_Sept_9.mdx,Proof_Intel_Services,DONE,HOSW,9,wave3-check
site/docs/Proof_Intel_Services/Investigation_Index.mdx,Proof_Intel_Services,DONE,HOSW,9,wave3-check
site/docs/Proof_Intel_Services/Israel_Motive_Timeline.mdx,Proof_Intel_Services,DONE,HOSW,9,wave3-check
site/docs/Proof_Intel_Services/Israeli_Phones_Bumblehive.mdx,Proof_Intel_Services,DONE,HOSW,9,wave3-check
site/docs/Proof_Intel_Services/Joe_Kent_Foreign_Inquiry_Shutdown.mdx,Proof_Intel_Services,DONE,HOSW,9,wave3-check
site/docs/Proof_Intel_Services/N1098L_HADES_Over_UVU.mdx,Proof_Intel_Services,DONE,HOSW,9,wave3-check
site/docs/Proof_Intel_Services/Provo_Airport_Counter_UAS.mdx,Proof_Intel_Services,DONE,HOSW,9,wave3-check
site/docs/Proof_Intel_Services/State_Actors_Professional_Hit.mdx,Proof_Intel_Services,DONE,HOSW,9,wave3-check
site/docs/Proof_Intel_Services/UVU_Sept_9_Foreknowledge.mdx,Proof_Intel_Services,DONE,HOSW,9,wave3-check
site/docs/Proof_Intel_Services/overview.mdx,Proof_Intel_Services,DONE,HOSW,9,wave3-check
site/docs/campus_university/overview.mdx,campus_university,TODO,----,8,
site/docs/government_organizations/overview.mdx,government_organizations,TODO,----,10,
site/docs/Security_Team/bobby-harpole.mdx,Security_Team,DONE,HOSW,6,wave3-check
site/docs/Security_Team/brian-harpole.mdx,Security_Team,DONE,HOSW,6,wave3-check
site/docs/Security_Team/dan-flood.mdx,Security_Team,DONE,HOSW,6,wave3-check
site/docs/Security_Team/greg-shaffer.mdx,Security_Team,DONE,HOSW,6,wave3-check
site/docs/Security_Team/integrity-security.mdx,Security_Team,DONE,HOSW,6,wave3-check
site/docs/Security_Team/next-event-no-plan.mdx,Security_Team,DONE,HOSW,6,wave3-check
site/docs/Security_Team/no-counter-snipers.mdx,Security_Team,DONE,HOSW,6,wave3-check
site/docs/Security_Team/overview.mdx,Security_Team,DONE,HOSW,6,wave3-check
site/docs/Security_Team/perimeter-rooftop-failures.mdx,Security_Team,DONE,HOSW,6,wave3-check
site/docs/Security_Team/screening-credentials.mdx,Security_Team,DONE,HOSW,6,wave3-check
site/docs/Security_Team/shaffer-security-group.mdx,Security_Team,DONE,HOSW,6,wave3-check
site/docs/TPUSA/Conservative-Activist-Movement.mdx,TPUSA,DONE,HOSW,8,wave3-check
site/docs/TPUSA/DOGE-TPUSA-Connection.mdx,TPUSA,DONE,HOSW,8,wave3-check
site/docs/TPUSA/Faith-Freedom-Coalition.mdx,TPUSA,DONE,HOSW,8,wave3-check
site/docs/TPUSA/July_31_Meeting_Without_TPUSA.mdx,TPUSA,DONE,HOSW,8,wave3-check
site/docs/TPUSA/Latino-Coalition-Israel.mdx,TPUSA,DONE,HOSW,8,wave3-check
site/docs/TPUSA/Paul_Singer_Funding.mdx,TPUSA,DONE,HOSW,8,wave3-check
site/docs/TPUSA/Philos_Project_Funding.mdx,TPUSA,DONE,HOSW,8,wave3-check
site/docs/TPUSA/Progressive-Policy-Opposition.mdx,TPUSA,DONE,HOSW,8,wave3-check
site/docs/TPUSA/Right-Wing-Politics-Context.mdx,TPUSA,DONE,HOSW,8,w4check
site/docs/TPUSA/TPUSA-Absence-July-31.mdx,TPUSA,DONE,HOSW,8,w4check
site/docs/TPUSA/TPUSA-Founder-Charlie.mdx,TPUSA,DONE,HOSW,8,w4check
site/docs/TPUSA/TPUSA.mdx,TPUSA,DONE,HOSW,8,w4check
site/docs/TPUSA/TPUSA_Opposite_Charlie.mdx,TPUSA,DONE,HOSW,8,w4check
site/docs/TPUSA/TPUSA_Replacement_Timeline.mdx,TPUSA,DONE,HOSW,8,w4check
site/docs/TPUSA/Trump-Support-After-Death.mdx,TPUSA,DONE,HOSW,8,w4check
site/docs/TPUSA/apple-podcasts-removed-charlie.mdx,TPUSA,DONE,HOSW,8,w4check
site/docs/TPUSA/apple-podcasts-removed-episode-list.mdx,TPUSA,DONE,HOSW,8,w4check
site/docs/TPUSA/charlie-kirk-handler-remark.mdx,TPUSA,DONE,HOSW,8,w4check
site/docs/TPUSA/charlie-replace-coo.mdx,TPUSA,DONE,HOSW,8,w4check
site/docs/TPUSA/doge-audit.mdx,TPUSA,DONE,HOSW,8,w4check
site/docs/TPUSA/no-security-plan-sept-11.mdx,TPUSA,DONE,HOSW,8,w4check
site/docs/TPUSA/overview.mdx,TPUSA,DONE,HOSW,8,w4check
site/docs/TPUSA/people-related-to-tpusa.mdx,TPUSA,DONE,HOSW,8,w4check
site/docs/TPUSA/tpusa-iran-bombing-support.mdx,TPUSA,DONE,HOSW,8,w4check
site/docs/TPUSA/tpusa-tyler-robinson-chat.mdx,TPUSA,DONE,HOSW,8,w4check
site/docs/TPUSA/were-charlie-podcasts-deleted.mdx,TPUSA,DONE,HOSW,8,w4check
site/docs/TPUSA/Nonprofits/americas-turning-point.mdx,TPUSA,DONE,HOSW,8,wave3-check
site/docs/TPUSA/Nonprofits/faith-and-family-foundation.mdx,TPUSA,DONE,HOSW,8,wave3-check
site/docs/TPUSA/Nonprofits/heritage-foundation.mdx,TPUSA,DONE,HOSW,8,wave3-check
site/docs/TPUSA/Nonprofits/overview.mdx,TPUSA,DONE,HOSW,8,wave3-check
site/docs/TPUSA/Nonprofits/turning-point-action.mdx,TPUSA,DONE,HOSW,8,wave3-check
site/docs/TPUSA/Nonprofits/turning-point-endowment.mdx,TPUSA,DONE,HOSW,8,wave3-check
site/docs/TPUSA/Nonprofits/turning-point-pac.mdx,TPUSA,DONE,HOSW,8,wave3-check
site/docs/TPUSA/Nonprofits/turning-point-usa.mdx,TPUSA,DONE,HOSW,8,wave3-check
site/docs/TPUSA/Nonprofits/tw-lewis-foundation.mdx,TPUSA,DONE,HOSW,8,wave3-check
site/docs/TPUSA/LLCs/1ten-llc.mdx,TPUSA,DONE,HOSW,8,wave3-check
site/docs/TPUSA/LLCs/clock-tower-x-llc.mdx,TPUSA,DONE,HOSW,8,wave3-check
site/docs/TPUSA/LLCs/clocktower-llc.mdx,TPUSA,DONE,HOSW,8,wave3-check
site/docs/TPUSA/LLCs/cloverstone-llc.mdx,TPUSA,DONE,HOSW,8,wave3-check
site/docs/TPUSA/LLCs/gglf-2023-llc.mdx,TPUSA,DONE,HOSW,8,wave3-check
site/docs/TPUSA/LLCs/hardscape-specialties-llc.mdx,TPUSA,DONE,HOSW,8,wave3-check
site/docs/TPUSA/LLCs/lasai-aviation-ii-llc.mdx,TPUSA,DONE,HOSW,8,wave3-check
site/docs/TPUSA/LLCs/lionrock-llc.mdx,TPUSA,DONE,HOSW,8,wave3-check
site/docs/TPUSA/LLCs/n888kg-llc.mdx,TPUSA,DONE,HOSW,8,wave3-check
site/docs/TPUSA/LLCs/overview.mdx,TPUSA,DONE,HOSW,8,wave3-check
site/docs/TPUSA/LLCs/precision-granite-marble-llc.mdx,TPUSA,DONE,HOSW,8,wave3-check
site/docs/TPUSA/LLCs/robinsonstg-llc.mdx,TPUSA,DONE,HOSW,8,wave3-check
site/docs/TPUSA/LLCs/rockhouse-integrity-group-llc.mdx,TPUSA,DONE,HOSW,8,wave3-check
site/docs/TPUSA/LLCs/tw-lewis-aviation-llc.mdx,TPUSA,DONE,HOSW,8,wave3-check
site/docs/TPUSA/Companies/baker-tilly.mdx,TPUSA,DONE,HOSW,8,wave2-partial
site/docs/TPUSA/Companies/boston-consulting-group.mdx,TPUSA,DONE,HOSW,8,wave2-partial
site/docs/TPUSA/Companies/moore-dm-group.mdx,TPUSA,DONE,HOSW,8,wave3-check
site/docs/TPUSA/Companies/overview.mdx,TPUSA,DONE,HOSW,8,wave3-check
site/docs/TPUSA/Companies/salem-media.mdx,TPUSA,DONE,HOSW,8,wave3-check
site/docs/TPUSA/Companies/superfeed-technologies.mdx,TPUSA,DONE,HOSW,8,wave3-check
site/docs/court/Cellebrite.mdx,court,DONE,HOSW,9,wave3-check
site/docs/court/Phone_Extraction.mdx,court,DONE,HOSW,9,w4check
site/docs/court/Robinson_Phone_Devices.mdx,court,DONE,HOSW,9,w4check
site/docs/court/Twiggs_Phone.mdx,court,DONE,HOSW,9,w4check
site/docs/court/ballistics-atf-cbla.mdx,court,DONE,HOSW,9,w4check
site/docs/court/case-overview.mdx,court,DONE,HOSW,9,w4check
site/docs/court/defense-bindover-brief-aggravator.mdx,court,DONE,HOSW,9,w4check
site/docs/court/defense-team.mdx,court,DONE,HOSW,9,w4check
site/docs/court/discord-evidence-court.mdx,court,DONE,HOSW,9,w4check
site/docs/court/discovery-brady-disputes.mdx,court,DONE,HOSW,9,w4check
site/docs/court/gag-orders-sealing.mdx,court,DONE,HOSW,9,w4check
site/docs/court/hearing-witnesses.mdx,court,DONE,HOSW,9,w4check
site/docs/court/investigation-index.mdx,court,DONE,HOSW,9,w4check
site/docs/court/jaxson-fox-informant-order.mdx,court,DONE,HOSW,9,w4check
site/docs/court/judge-robert-lunnen.mdx,court,DONE,HOSW,9,w4check
site/docs/court/judge-tony-graf.mdx,court,DONE,HOSW,9,w4check
site/docs/court/judges.mdx,court,DONE,HOSW,9,w4check
site/docs/court/overview.mdx,court,TODO,----,9,
site/docs/court/people-on-witness-stand.mdx,court,TODO,----,9,
site/docs/court/preliminary-hearing-motions.mdx,court,TODO,----,9,
site/docs/court/prosecution-team.mdx,court,TODO,----,9,
site/docs/court/testimony.mdx,court,TODO,----,9,
site/docs/court/utah-county-jail-custody.mdx,court,TODO,----,9,
site/docs/court/Days_in_Court/2025-09-16-first-appearance.mdx,court,DONE,HOSW,9,wave3-check
site/docs/court/Days_in_Court/2025-09-23-docket.mdx,court,DONE,HOSW,9,wave3-check
site/docs/court/Days_in_Court/2025-11-20-docket.mdx,court,DONE,HOSW,9,wave3-check
site/docs/court/Days_in_Court/2025-12-16-gag-order.mdx,court,DONE,HOSW,9,w4check
site/docs/court/Days_in_Court/2026-03-10-seal-motion.mdx,court,DONE,HOSW,9,w4check
site/docs/court/Days_in_Court/2026-05-08-camera-access.mdx,court,DONE,HOSW,9,w4check
site/docs/court/Days_in_Court/2026-06-ballard-contempt.mdx,court,DONE,HOSW,9,w4check
site/docs/court/Days_in_Court/2026-07-06-prelim-day-1.mdx,court,DONE,HOSW,9,w4check
site/docs/court/Days_in_Court/2026-07-07-prelim-day-2.mdx,court,DONE,HOSW,9,w4check
site/docs/court/Days_in_Court/2026-07-08-prelim-day-3.mdx,court,DONE,HOSW,9,w4check
site/docs/court/Days_in_Court/2026-07-09-prelim-day-4.mdx,court,DONE,HOSW,9,w4check
site/docs/court/Days_in_Court/2026-07-10-prelim-day-5.mdx,court,DONE,HOSW,9,w4check
site/docs/court/Days_in_Court/2026-09-01-bindover-argument.mdx,court,DONE,HOSW,9,w4check
site/docs/court/Days_in_Court/overview.mdx,court,DONE,HOSW,9,w4check
site/docs/court/mirandize/baron-coleman-early-turn-in.mdx,court,DONE,HOSW,9,w4check
site/docs/court/mirandize/bodycam-grama-no-footage.mdx,court,DONE,HOSW,9,w4check
site/docs/court/mirandize/custody-timeline-fake-confession.mdx,court,DONE,HOSW,9,w4check
site/docs/court/mirandize/grok-analysis.mdx,court,DONE,HOSW,9,w4check
site/docs/court/mirandize/investigative-hold-counterpoint.mdx,court,DONE,HOSW,9,w4check
site/docs/court/mirandize/mirandized-sept-11-image.mdx,court,DONE,HOSW,9,w4check
site/docs/court/mirandize/overview.mdx,court,DONE,HOSW,9,w4check
site/docs/court/mirandize/probable-cause-affidavit.mdx,court,DONE,HOSW,9,w4check
site/docs/court/mirandize/sept-11-grok-image.mdx,court,TODO,----,9,
site/docs/court/Preliminary_Hearing/Day_1.mdx,court,DONE,HOSW,9,w4check
site/docs/court/Preliminary_Hearing/Day_2.mdx,court,DONE,HOSW,9,w4check
site/docs/court/Preliminary_Hearing/Day_3.mdx,court,DONE,HOSW,9,w4check
site/docs/court/Preliminary_Hearing/Day_4.mdx,court,DONE,HOSW,9,w4check
site/docs/court/Preliminary_Hearing/overview.mdx,court,DONE,HOSW,9,w4check
site/docs/Planes/99-0004-Vance/overview.mdx,Planes,DONE,HOSW,12,wave3-check
site/docs/Planes/Airport-Biggs-Army-Airfield.mdx,Planes,DONE,HOSW,12,wave3-check
site/docs/Planes/Airport-Joint-Base-Andrews.mdx,Planes,DONE,HOSW,12,wave3-check
site/docs/Planes/Airport-Roland-Wright-ANGB.mdx,Planes,DONE,HOSW,12,wave3-check
site/docs/Planes/Casket-Flight.mdx,Planes,DONE,HOSW,12,wave3-check
site/docs/Planes/Cox-Foreign-Meetings.mdx,Planes,DONE,HOSW,12,wave3-check
site/docs/Planes/Egyptian-Crew-Hotel.mdx,Planes,DONE,HOSW,12,wave3-check
site/docs/Planes/Erika-Flight-Logs-Erased.mdx,Planes,DONE,HOSW,12,wave3-check
site/docs/Planes/Following-Charlie-Erika.mdx,Planes,DONE,HOSW,12,wave3-check
site/docs/Planes/ISR-Operations.mdx,Planes,DONE,HOSW,12,wave3-check
site/docs/Planes/Israel-Planes.mdx,Planes,DONE,HOSW,12,wave3-check
site/docs/Planes/N102DZ/overview.mdx,Planes,DONE,HOSW,12,wave3-check
site/docs/Planes/N2100L/overview.mdx,Planes,DONE,HOSW,12,wave3-check
site/docs/Planes/N40JD/overview.mdx,Planes,DONE,HOSW,12,wave3-check
site/docs/Planes/N55906/overview.mdx,Planes,DONE,HOSW,12,wave3-check
site/docs/Planes/N560TW/overview.mdx,Planes,DONE,HOSW,12,wave3-check
site/docs/Planes/N582MM/overview.mdx,Planes,DONE,HOSW,12,wave3-check
site/docs/Planes/N59906/overview.mdx,Planes,DONE,HOSW,12,wave3-check
site/docs/Planes/N872RA/overview.mdx,Planes,DONE,HOSW,12,wave3-check
site/docs/Planes/N888KG/overview.mdx,Planes,DONE,HOSW,12,wave3-check
site/docs/Planes/Pilatus-PC-12/overview.mdx,Planes,DONE,HOSW,12,wave3-check
site/docs/Planes/Planes_Investigation_Index.mdx,Planes,DONE,HOSW,12,wave3-check
site/docs/Planes/SAM-000/overview.mdx,Planes,DONE,HOSW,12,wave3-check
site/docs/Planes/SAM-112/overview.mdx,Planes,DONE,HOSW,12,w4check
site/docs/Planes/SAM-650/overview.mdx,Planes,DONE,HOSW,12,w4check
site/docs/Planes/SAM-702/overview.mdx,Planes,DONE,HOSW,12,w4check
site/docs/Planes/SAM-99-0404/overview.mdx,Planes,DONE,HOSW,12,w4check
site/docs/Planes/SU-BGM/overview.mdx,Planes,DONE,HOSW,12,w4check
site/docs/Planes/SU-BND/overview.mdx,Planes,DONE,HOSW,12,w4check
site/docs/Planes/SU-BTT/overview.mdx,Planes,DONE,HOSW,12,w4check
site/docs/Planes/SU-BTU/overview.mdx,Planes,DONE,HOSW,12,w4check
site/docs/Planes/SU-BTV/overview.mdx,Planes,DONE,HOSW,12,w4check
site/docs/Planes/Sept10-Flight-Timeline.mdx,Planes,DONE,HOSW,12,w4check
site/docs/Planes/T7ELL-EJM36/overview.mdx,Planes,DONE,HOSW,12,w4check
site/docs/Planes/overview.mdx,Planes,DONE,HOSW,12,w4check
site/docs/Planes/N1098L/overview.mdx,Planes,DONE,HOSW,12,wave3-check
site/docs/Messages/candace-owens-threat-claims.mdx,Messages,DONE,HOSW,4,wave4
site/docs/Messages/erika-kirk-denial.mdx,Messages,DONE,HOSW,4,wave4
site/docs/Messages/frank-turek-messages.mdx,Messages,DONE,HOSW,4,wave4
site/docs/Messages/harrison-smith-account.mdx,Messages,DONE,HOSW,4,wave4
site/docs/Messages/huckabee-disappear-remark.mdx,Messages,DONE,HOSW,4,wave4
site/docs/Messages/if-i-go-against-israel.mdx,Messages,DONE,HOSW,4,wave4
site/docs/Messages/laurie-cardoza-moore-message.mdx,Messages,DONE,HOSW,4,wave4
site/docs/Messages/message-to-andrew-kolvet.mdx,Messages,DONE,HOSW,4,wave4
site/docs/Messages/message-to-dan-flood.mdx,Messages,DONE,HOSW,4,wave4
site/docs/Messages/overview.mdx,Messages,DONE,HOSW,4,wave4
site/docs/Messages/sept-8-donor-group-chat.mdx,Messages,DONE,HOSW,4,wave4
site/docs/Messages/sept-9-they-are-going-to-kill-me.mdx,Messages,DONE,HOSW,4,wave4
site/docs/Messages/seth-dillon-text-exchange.mdx,Messages,DONE,HOSW,4,wave4
site/docs/Messages/signal-telegram-not-imessage.mdx,Messages,DONE,HOSW,4,wave4
site/docs/Messages/threats-to-commentators.mdx,Messages,DONE,HOSW,4,wave4
site/docs/Messages/uvu-message-to-charlie-sept-9.mdx,Messages,DONE,HOSW,4,wave4
site/docs/Messages/wiped-out-premonition.mdx,Messages,DONE,HOSW,4,wave4
site/docs/US_Intelligence_Assisted/aes-factory-explosion.mdx,US_Intelligence_Assisted,DONE,HOSW,6,wave3-check
site/docs/US_Intelligence_Assisted/faked-confession.mdx,US_Intelligence_Assisted,DONE,HOSW,6,wave3-check
site/docs/US_Intelligence_Assisted/fort-huachuca-uvu-attendance.mdx,US_Intelligence_Assisted,DONE,HOSW,6,wave3-check
site/docs/US_Intelligence_Assisted/narrative-control.mdx,US_Intelligence_Assisted,DONE,HOSW,6,wave3-check
site/docs/US_Intelligence_Assisted/overview.mdx,US_Intelligence_Assisted,DONE,HOSW,6,wave3-check
site/docs/US_Intelligence_Assisted/rode-mic.mdx,US_Intelligence_Assisted,DONE,HOSW,6,wave3-check
site/docs/US_Intelligence_Assisted/signs-of-cover-up.mdx,US_Intelligence_Assisted,DONE,HOSW,6,wave3-check
site/docs/Motive/Geopolitical_Intel_Service_Theories.mdx,Motive,DONE,HOSW,5,wave2-check
site/docs/Motive/Institutional_Media_Organizational_Dynamics.mdx,Motive,DONE,HOSW,5,wave2-check
site/docs/Motive/Motive_Investigation_Index.mdx,Motive,DONE,HOSW,5,wave2-check
site/docs/Motive/Tyler_Robinson_Alleged_Motive.mdx,Motive,DONE,HOSW,5,wave2-check
site/docs/Motive/overview.mdx,Motive,DONE,HOSW,5,wave2-check
site/docs/Tyler_Robinson/Before.mdx,Tyler_Robinson,DONE,HOSW,7,wave2-check
site/docs/Tyler_Robinson/Discord_Messages.mdx,Tyler_Robinson,DONE,HOSW,7,wave2-check
site/docs/Tyler_Robinson/Family.mdx,Tyler_Robinson,DONE,HOSW,7,wave2-check
site/docs/Tyler_Robinson/Investigation_Index.mdx,Tyler_Robinson,DONE,HOSW,7,wave2-check
site/docs/Tyler_Robinson/Recruited.mdx,Tyler_Robinson,DONE,HOSW,7,wave2-check
site/docs/Tyler_Robinson/Risk_Of_Assassination.mdx,Tyler_Robinson,DONE,HOSW,7,wave3-check
site/docs/Tyler_Robinson/Stairs_Guy.mdx,Tyler_Robinson,DONE,HOSW,7,wave3-check
site/docs/Tyler_Robinson/Surrender.mdx,Tyler_Robinson,DONE,HOSW,7,wave3-check
site/docs/Tyler_Robinson/Travel.mdx,Tyler_Robinson,DONE,HOSW,7,wave3-check
site/docs/Tyler_Robinson/Tyler_9_10_2025.mdx,Tyler_Robinson,DONE,HOSW,7,wave3-check
site/docs/Tyler_Robinson/Weapon_Rifle.mdx,Tyler_Robinson,DONE,HOSW,7,wave3-check
site/docs/Tyler_Robinson/baron-coleman-family-denial.mdx,Tyler_Robinson,DONE,HOSW,7,wave3-check
site/docs/Tyler_Robinson/clothing-change-agent-david-hull.mdx,Tyler_Robinson,DONE,HOSW,7,wave3-check
site/docs/Tyler_Robinson/cowboys-smokehouse-full-visit.mdx,Tyler_Robinson,DONE,HOSW,7,wave3-check
site/docs/Tyler_Robinson/cowboys-smokehouse-receipt.mdx,Tyler_Robinson,DONE,HOSW,7,wave3-check
site/docs/Tyler_Robinson/eyewitness-black-clad-fugitive.mdx,Tyler_Robinson,DONE,HOSW,7,wave3-check
site/docs/Tyler_Robinson/lance-twiggs-drawings.mdx,Tyler_Robinson,DONE,HOSW,7,wave4
site/docs/Tyler_Robinson/overview.mdx,Tyler_Robinson,DONE,HOSW,7,wave4
site/docs/Tyler_Robinson/twenty-five-hour-driving-timeline.mdx,Tyler_Robinson,DONE,HOSW,7,wave4
site/docs/Tyler_Robinson/Messages/discord-messages.mdx,Tyler_Robinson,DONE,HOSW,7,wave2-check
site/docs/Tyler_Robinson/Messages/handwritten-note.mdx,Tyler_Robinson,DONE,HOSW,7,wave2-check
site/docs/Tyler_Robinson/Messages/overview.mdx,Tyler_Robinson,DONE,HOSW,7,wave2-check
site/docs/Tyler_Robinson/Messages/steam-messages.mdx,Tyler_Robinson,DONE,HOSW,7,wave2-check
site/docs/Tyler_Robinson/Messages/text-messages-twiggs.mdx,Tyler_Robinson,DONE,HOSW,7,wave2-check
site/docs/Tyler_Robinson/discord/bates-003996-miranda-vs-discord.mdx,Tyler_Robinson,DONE,HOSW,7,wave3-check
site/docs/Tyler_Robinson/discord/bryson-gray-discord-logs-claim.mdx,Tyler_Robinson,DONE,HOSW,7,wave3-check
site/docs/Tyler_Robinson/discord/confession-screenshot-zealous-monkey.mdx,Tyler_Robinson,DONE,HOSW,7,wave3-check
site/docs/Tyler_Robinson/discord/confession-sourcing-klippenstein.mdx,Tyler_Robinson,DONE,HOSW,7,wave3-check
site/docs/Tyler_Robinson/discord/discord-denies-planning-messages.mdx,Tyler_Robinson,DONE,HOSW,7,wave3-check
site/docs/Tyler_Robinson/discord/discord-removed-robinson-account.mdx,Tyler_Robinson,DONE,HOSW,7,wave3-check
site/docs/Tyler_Robinson/discord/discord-says-no-plotting.mdx,Tyler_Robinson,DONE,HOSW,7,wave3-check
site/docs/Tyler_Robinson/discord/discord_friends.mdx,Tyler_Robinson,DONE,HOSW,7,wave3-check
site/docs/Tyler_Robinson/discord/friel-twiggs-text-exchange.mdx,Tyler_Robinson,DONE,HOSW,7,wave3-check
site/docs/Tyler_Robinson/discord/google-trends-discord-searches.mdx,Tyler_Robinson,DONE,HOSW,7,wave3-check
site/docs/Tyler_Robinson/discord/keyboard-note-full-exchange.mdx,Tyler_Robinson,DONE,HOSW,7,wave3-check
site/docs/Tyler_Robinson/discord/overview.mdx,Tyler_Robinson,DONE,HOSW,7,wave3-check
site/docs/Tyler_Robinson/discord/pca-affidavit-roommate-screen-photos.mdx,Tyler_Robinson,DONE,HOSW,7,wave3-check
site/docs/Tyler_Robinson/discord/phil-lyman-discord-radicalization.mdx,Tyler_Robinson,DONE,HOSW,7,wave3-check
site/docs/Tyler_Robinson/discord/search-warrant-tylor-kum-vs-zealous-monkey.mdx,Tyler_Robinson,DONE,HOSW,7,wave3-check
site/docs/Tyler_Robinson/discord/state-wont-offer-forensic-extractions.mdx,Tyler_Robinson,DONE,HOSW,7,wave3-check
site/docs/Tyler_Robinson/discord/surrendering-vs-turning-himself-in.mdx,Tyler_Robinson,DONE,HOSW,7,wave3-check
site/docs/Tyler_Robinson/discord/twiggs-immunity-and-statements.mdx,Tyler_Robinson,DONE,HOSW,7,wave3-check
site/docs/Tyler_Robinson/discord/two-surrender-messages.mdx,Tyler_Robinson,DONE,HOSW,7,wave3-check
site/docs/Tyler_Robinson/discord/warrant-twiggs-texts-own-terms.mdx,Tyler_Robinson,DONE,HOSW,7,wave3-check
site/docs/Tyler_Robinson/discord/warrant-twiggs-texts-page5.mdx,Tyler_Robinson,DONE,HOSW,7,wave3-check
site/docs/Tyler_Robinson/discord/zealous-monkey-vs-tylor-ikum.mdx,Tyler_Robinson,DONE,HOSW,7,wave3-check
site/docs/Tyler_Robinson/steam/device-record-not-being-offered.mdx,Tyler_Robinson,DONE,HOSW,7,wave5-partial
site/docs/Tyler_Robinson/steam/fbi-interview-one-phone-that-was-read.mdx,Tyler_Robinson,DONE,HOSW,7,wave5-partial
site/docs/Tyler_Robinson/steam/overview.mdx,Tyler_Robinson,DONE,HOSW,7,wave4
site/docs/Tyler_Robinson/steam/roommate-transcript-three-renderings.mdx,Tyler_Robinson,DONE,HOSW,7,wave5-partial
site/docs/Tyler_Robinson/steam/self-reported-location-vs-login-ip.mdx,Tyler_Robinson,DONE,HOSW,7,wave5-partial
site/docs/Tyler_Robinson/steam/steam-ankha-egypt-profile.mdx,Tyler_Robinson,DONE,HOSW,7,wave4
site/docs/Tyler_Robinson/steam/steam-comments-cento-egypt.mdx,Tyler_Robinson,DONE,HOSW,7,wave4
site/docs/Tyler_Robinson/steam/steam-comments-discord-handles.mdx,Tyler_Robinson,DONE,HOSW,7,wave4
site/docs/Tyler_Robinson/steam/steam-friend-list-and-what-valve-holds.mdx,Tyler_Robinson,DONE,HOSW,7,wave5-partial
site/docs/Tyler_Robinson/steam/steam-friends-and-handles-roster.mdx,Tyler_Robinson,DONE,HOSW,7,wave5-partial
site/docs/Tyler_Robinson/steam/warrant-redacted-every-other-username.mdx,Tyler_Robinson,DONE,HOSW,7,wave5-partial
site/docs/Tyler_Robinson/steam/x-thread-ankha-egypt.mdx,Tyler_Robinson,DONE,HOSW,7,wave4
site/docs/Tyler_Robinson/steam/x-thread-craftin247-steam.mdx,Tyler_Robinson,DONE,HOSW,7,wave4
site/docs/Tyler_Robinson/Trial/overview.mdx,Tyler_Robinson,DONE,HOSW,7,wave3-check
site/docs/Tyler_Robinson/Shooting/overview.mdx,Tyler_Robinson,DONE,HOSW,7,wave3-check
site/docs/Gun_Bullet/ATF_Fragment_Inconclusive.mdx,Gun_Bullet,DONE,HOSW,5,wave1
site/docs/Gun_Bullet/Alternative_Calibers_Weapons.mdx,Gun_Bullet,DONE,HOSW,5,wave1
site/docs/Gun_Bullet/Barrel_Dust_And_Diameter.mdx,Gun_Bullet,DONE,HOSW,5,wave1
site/docs/Gun_Bullet/Bullet_Stage_Wood.mdx,Gun_Bullet,DONE,HOSW,5,wave1
site/docs/Gun_Bullet/Engraved_Bullets_Towel_Implausibility.mdx,Gun_Bullet,DONE,HOSW,5,wave1
site/docs/Gun_Bullet/Gun_Bullet_Investigation_Index.mdx,Gun_Bullet,DONE,HOSW,5,wave1
site/docs/Gun_Bullet/Gun_Dropped_Location.mdx,Gun_Bullet,DONE,HOSW,5,wave1
site/docs/Gun_Bullet/Mauser_30_06_Rifle.mdx,Gun_Bullet,DONE,HOSW,5,wave1
site/docs/Gun_Bullet/Rifle_Fingerprints_Mismatch.mdx,Gun_Bullet,DONE,HOSW,5,wave1
site/docs/Gun_Bullet/Rifle_Site_Kia_Soul_Turnaround.mdx,Gun_Bullet,DONE,HOSW,5,wave2-check
site/docs/Gun_Bullet/Scope_Zero_And_Concealment.mdx,Gun_Bullet,DONE,HOSW,5,wave2-check
site/docs/Gun_Bullet/Thirty_06_Energy_Mismatch.mdx,Gun_Bullet,DONE,HOSW,5,wave2-check
site/docs/Gun_Bullet/Wound_Trajectory_Angle.mdx,Gun_Bullet,DONE,HOSW,5,wave2-check
site/docs/Gun_Bullet/overview.mdx,Gun_Bullet,DONE,HOSW,5,wave2-check
site/docs/intelligence/Chinese_Russian_Iranian_Presence.mdx,intelligence,DONE,HOSW,7,wave4
site/docs/intelligence/CornerShot_Technology.mdx,intelligence,DONE,HOSW,7,wave4
site/docs/intelligence/Egyptian_Foreign_Ops.mdx,intelligence,DONE,HOSW,7,wave4
site/docs/intelligence/Foreign_Phones_UVU.mdx,intelligence,DONE,HOSW,7,wave4
site/docs/intelligence/Foreign_Search_IP_Patterns.mdx,intelligence,DONE,HOSW,7,wave4
site/docs/intelligence/French_Foreign_Legion_Claims.mdx,intelligence,DONE,HOSW,7,wave4
site/docs/intelligence/Investigation_Index.mdx,intelligence,DONE,HOSW,7,wave5-partial
site/docs/intelligence/Islamabad_Serena_Link.mdx,intelligence,DONE,HOSW,7,wave5-partial
site/docs/intelligence/Joe_Kent_Dorey_Interview.mdx,intelligence,DONE,HOSW,7,wave5-partial
site/docs/intelligence/Mossad.mdx,intelligence,DONE,HOSW,7,wave5-partial
site/docs/intelligence/TPUSA_Foreign_Recruitment.mdx,intelligence,DONE,HOSW,7,wave5-partial
site/docs/intelligence/overview.mdx,intelligence,DONE,HOSW,7,wave5-partial
site/docs/Electrocution/bfrc-hypothesis.mdx,Electrocution,DONE,HOSW,9,wave1
site/docs/Electrocution/fort-huachuca-em-expertise.mdx,Electrocution,DONE,HOSW,9,wave1
site/docs/Electrocution/overview.mdx,Electrocution,DONE,HOSW,9,wave1
site/docs/Electrocution/resonant-site-preparation.mdx,Electrocution,DONE,HOSW,9,wave1
site/docs/organizations_groups/belo.mdx,organizations_groups,DONE,HO-W,12,wave4
site/docs/organizations_groups/overview.mdx,organizations_groups,DONE,HO-W,12,wave4
site/docs/other_topics/overview.mdx,other_topics,DONE,-O-W,12,wave4
site/docs/laws/README.md,laws,DONE,HOSW,6,wave4
site/docs/laws/2_US_Intel/Law_2_US_Intel.md,laws,DONE,HOSW,6,wave3
site/docs/laws/2_US_Intel/more/Human_Requirements.md,laws,DONE,HOSW,6,wave3
site/docs/laws/2_US_Intel/more/Notes_2_US_Intel.md,laws,DONE,HOSW,6,wave3
site/docs/laws/2_US_Intel/more/Output_Analysis.md,laws,DONE,HOSW,6,wave3
site/docs/laws/explain/all/overview.mdx,laws,DONE,HOSW,6,wave4
site/docs/laws/explain/all/4_laws_svg/needs.mdx,laws,DONE,HOSW,6,wave4
site/docs/laws/explain/all/4_laws_svg/needs_law_2.mdx,laws,DONE,HOSW,6,wave4
site/docs/laws/explain/all/4_laws_svg/needs_law_3.mdx,laws,DONE,HOSW,6,wave4
site/docs/laws/explain/all/4_laws_svg/needs_law_4.mdx,laws,DONE,HOSW,6,wave4
site/docs/laws/3_Require_to_Investigate/Law_3_Require_to_Investigate.md,laws,DONE,HOSW,6,wave3
site/docs/laws/3_Require_to_Investigate/more/Human_Requirements.md,laws,DONE,HOSW,6,wave3
site/docs/laws/3_Require_to_Investigate/more/Notes_3_Require_to_Investigate.md,laws,DONE,HOSW,6,wave3
site/docs/laws/3_Require_to_Investigate/more/Output_Analysis.md,laws,DONE,HOSW,6,wave3
site/docs/laws/other/List_Of_Laws.md,laws,DONE,HOSW,6,wave4
site/docs/laws/other/Worries_By_Each_4_Laws.md,laws,DONE,HOSW,6,wave4
site/docs/laws/other/analysis/Challenges.md,laws,DONE,HOSW,6,wave4
site/docs/laws/other/analysis/Improve.md,laws,DONE,HOSW,6,wave4
site/docs/laws/other/analysis/Laws_Not_Complying.md,laws,DONE,HOSW,6,wave4
site/docs/laws/other/analysis/Fixed/Any_Problems.md,laws,DONE,HOSW,6,wave4
site/docs/laws/other/analysis/Fixed/Any_more_to_Add.md,laws,DONE,HOSW,6,wave4
site/docs/laws/other/analysis/Fixed/Challenges.md,laws,DONE,HOSW,6,wave4
site/docs/laws/other/analysis/Fixed/Improve.md,laws,DONE,HOSW,6,wave4
site/docs/laws/other/analysis/Fixed/Laws_Not_Complying.md,laws,DONE,HOSW,6,wave4
site/docs/laws/other/old/List_Of_Laws.md,laws,DONE,HOSW,6,wave4
site/docs/laws/other/old/2_US_Intel/Law_2_US_Intel.md,laws,DONE,HOSW,6,wave4
site/docs/laws/other/old/2_US_Intel/more/Human_Requirements.md,laws,DONE,HOSW,6,wave4
site/docs/laws/other/old/2_US_Intel/more/Notes_2_US_Intel.md,laws,DONE,HOSW,6,wave4
site/docs/laws/other/old/2_US_Intel/more/Output_Analysis.md,laws,DONE,HOSW,6,wave4
site/docs/laws/other/old/3_Require_to_Investigate/Law_3_Require_to_Investigate.md,laws,DONE,HOSW,6,wave4
site/docs/laws/other/old/3_Require_to_Investigate/more/Human_Requirements.md,laws,DONE,HOSW,6,wave4
site/docs/laws/other/old/3_Require_to_Investigate/more/Notes_3_Require_to_Investigate.md,laws,DONE,HOSW,6,wave4
site/docs/laws/other/old/3_Require_to_Investigate/more/Output_Analysis.md,laws,DONE,HOSW,6,wave4
site/docs/laws/other/old/4_Trusted_Investigations/Law_4_Trusted_Investigations.md,laws,DONE,HOSW,6,wave4
site/docs/laws/other/old/4_Trusted_Investigations/more/Human_Requirements.md,laws,DONE,HOSW,6,wave4
site/docs/laws/other/old/4_Trusted_Investigations/more/Notes_4_Trusted_Investigations.md,laws,DONE,HOSW,6,wave4
site/docs/laws/other/old/4_Trusted_Investigations/more/Output_Analysis.md,laws,DONE,HOSW,6,wave4
site/docs/laws/other/old/1_DoJ_FBI/more/Human_Requirements.md,laws,DONE,HOSW,6,wave4
site/docs/laws/other/old/1_DoJ_FBI/more/Notes_1_DoJ_FBI.md,laws,DONE,HOSW,6,wave4
site/docs/laws/other/old/1_DoJ_FBI/more/Output_Analysis.md,laws,DONE,HOSW,6,wave4
site/docs/laws/4_Trusted_Investigations/Law_4_Trusted_Investigations.md,laws,DONE,HOSW,6,wave3
site/docs/laws/4_Trusted_Investigations/more/Human_Requirements.md,laws,DONE,HOSW,6,wave4
site/docs/laws/4_Trusted_Investigations/more/Notes_4_Trusted_Investigations.md,laws,DONE,HOSW,6,wave4
site/docs/laws/4_Trusted_Investigations/more/Output_Analysis.md,laws,DONE,HOSW,6,wave4
site/docs/laws/1_DoJ_FBI/Law_1_DoJ_FBI.md,laws,DONE,HOSW,6,wave3
site/docs/laws/1_DoJ_FBI/more/Human_Requirements.md,laws,DONE,HOSW,6,wave3
site/docs/laws/1_DoJ_FBI/more/Notes_1_DoJ_FBI.md,laws,DONE,HOSW,6,wave3
site/docs/laws/1_DoJ_FBI/more/Output_Analysis.md,laws,DONE,HOSW,6,wave3
site/docs/Companies_Organizations/overview.mdx,Companies_Organizations,DONE,-O-W,10,wave1
site/docs/distraction_people/Andrew_Piskadlo.mdx,distraction_people,DONE,HOSW,5,w4check
site/docs/distraction_people/Beau_Mason.mdx,distraction_people,DONE,HOSW,5,w4check
site/docs/distraction_people/Black_Clothing_Figure.mdx,distraction_people,DONE,HOSW,5,w4check
site/docs/distraction_people/Distraction_Timeline.mdx,distraction_people,DONE,HOSW,5,w4check
site/docs/distraction_people/Fake_Cop_Badge_Man.mdx,distraction_people,DONE,HOSW,5,w4check
site/docs/distraction_people/George_Zinn.mdx,distraction_people,DONE,HOSW,5,w4check
site/docs/distraction_people/Hunter_Kozak.mdx,distraction_people,DONE,HOSW,5,w4check
site/docs/distraction_people/Investigation_Index.mdx,distraction_people,DONE,HOSW,5,w4check
site/docs/distraction_people/Jaxson_Thomas_Fox.mdx,distraction_people,DONE,HOSW,5,w4check
site/docs/distraction_people/Outer_TikTok_Streamer.mdx,distraction_people,DONE,HOSW,5,w4check
site/docs/distraction_people/Pellet_Gun_Man.mdx,distraction_people,TODO,----,5,
site/docs/distraction_people/Phil_Lyman.mdx,distraction_people,TODO,----,5,
site/docs/distraction_people/Rick_Cutler.mdx,distraction_people,TODO,----,5,
site/docs/distraction_people/Russell_Kennington.mdx,distraction_people,TODO,----,5,
site/docs/distraction_people/SMBB_Break_Man.mdx,distraction_people,TODO,----,5,
site/docs/distraction_people/USA_Chant_Man.mdx,distraction_people,TODO,----,5,
site/docs/distraction_people/Zachariah_Qureshi.mdx,distraction_people,TODO,----,5,
site/docs/distraction_people/overview.mdx,distraction_people,TODO,----,5,
site/docs/Defamation/Brian_Harpole_Candace_Defemation.mdx,Defamation,DONE,HO-W,11,w4check
site/docs/Defamation/overview.mdx,Defamation,DONE,HO-W,11,w4check
site/docs/Witnesses/EksAyn-Anderson.mdx,Witnesses,DONE,HOSW,4,wave5-partial
site/docs/Witnesses/Nick.mdx,Witnesses,DONE,HOSW,4,wave5-partial
site/docs/Witnesses/Shot_in_Chest_Reversal.mdx,Witnesses,DONE,HOSW,4,wave5-partial
site/docs/Witnesses/hit-his-chest-blood-squirt.mdx,Witnesses,DONE,HOSW,4,wave5-partial
site/docs/Witnesses/overview.mdx,Witnesses,DONE,HOSW,4,wave5-partial
site/docs/Witnesses/shot-to-the-heart.mdx,Witnesses,DONE,HOSW,4,wave5-partial
site/docs/Witnesses/wrong_witnesses.mdx,Witnesses,DONE,HOSW,4,wave5-partial
site/docs/Other/Evidence-Contradictions.mdx,Other,DONE,HOSW,4,wave4
site/docs/Other/Forensic-Analysis-Gaps.mdx,Other,DONE,HOSW,4,wave4
site/docs/Other/Investigation-Challenges.mdx,Other,DONE,HOSW,4,wave4
site/docs/Other/Investigation_Methodology.mdx,Other,DONE,HOSW,4,wave4
site/docs/Other/Miscellaneous_Evidence_Leads.mdx,Other,DONE,HOSW,4,wave4
site/docs/Other/Psychological-Profiling-Claims.mdx,Other,DONE,HOSW,4,wave4
site/docs/Other/Public_Response.mdx,Other,DONE,HOSW,4,wave4
site/docs/Other/Witness-Reliability.mdx,Other,DONE,HOSW,4,wave4
site/docs/Other/overview.mdx,Other,DONE,HOSW,4,wave4
site/docs/Theories/Foreign_Intelligence_Claims.mdx,Theories,TODO,----,10,
site/docs/Theories/Government_Agencies_Claims.mdx,Theories,TODO,----,10,
site/docs/Theories/Mossad_Involvement_Claims.mdx,Theories,TODO,----,10,
site/docs/Theories/overview.mdx,Theories,TODO,----,10,
site/docs/Narrative/Shot_in_the_heart.mdx,Narrative,DONE,HO-W,12,wave3-check
site/docs/Narrative/overview.mdx,Narrative,DONE,HO-W,12,wave3-check
site/docs/Mic/AES.mdx,Mic,DONE,HOSW,12,wave1
site/docs/Mic/AV_Team_Mic_Setup.mdx,Mic,DONE,HOSW,12,wave1
site/docs/Mic/Canon_XA55_Audio.mdx,Mic,DONE,HOSW,12,wave1
site/docs/Mic/Chest_Shot_Witnesses.mdx,Mic,DONE,HOSW,12,wave2-partial
site/docs/Mic/Demo_of_shape_charge.mdx,Mic,DONE,HOSW,12,wave2-partial
site/docs/Mic/DoD_Contract.mdx,Mic,DONE,HOSW,12,wave2-partial
site/docs/Mic/Investigation_Index.mdx,Mic,DONE,HOSW,12,wave2-partial
site/docs/Mic/Mic_vs_Pendant.mdx,Mic,DONE,HOSW,12,wave2-partial
site/docs/Mic/Stew_Peters_Broke_AES_Mic.mdx,Mic,DONE,HOSW,12,wave2-partial
site/docs/Mic/Table_Jumpers_Device.mdx,Mic,DONE,HOSW,12,wave2-partial
site/docs/Mic/aes-explosion-factory.mdx,Mic,DONE,HOSW,12,wave2-partial
site/docs/Mic/aes-heber-nashville-flight.mdx,Mic,DONE,HOSW,12,wave2-partial
site/docs/Mic/burnt-object-rode-transmitter.mdx,Mic,DONE,HOSW,12,wave2-partial
site/docs/Mic/exploding-earpiece-iem.mdx,Mic,DONE,HOSW,12,wave2-partial
site/docs/Mic/exploding-pendant-shaped-charge.mdx,Mic,DONE,HOSW,12,wave2-partial
site/docs/Mic/explosive-residue.mdx,Mic,DONE,HOSW,12,wave2-partial
site/docs/Mic/get-that-off-of-him-911-call.mdx,Mic,DONE,HOSW,12,wave3-check
site/docs/Mic/high-explosive.mdx,Mic,DONE,HOSW,12,wave3-check
site/docs/Mic/lipo-battery-short-charge.mdx,Mic,DONE,HOSW,12,wave3-check
site/docs/Mic/mic-explosion-video-analysis.mdx,Mic,DONE,HOSW,12,wave3-check
site/docs/Mic/overview.mdx,Mic,DONE,HOSW,12,wave3-check
site/docs/Mic/rob-oneill-navy-seal-testimony.mdx,Mic,DONE,HOSW,12,wave3-check
site/docs/Mic/rode-wireless-mic.mdx,Mic,DONE,HOSW,12,wave3-check
site/docs/Mic/six-forensic-physics-phenomena.mdx,Mic,DONE,HOSW,12,wave3-check
site/docs/Mic/suv-transporting-charlie.mdx,Mic,DONE,HOSW,12,wave3-check
site/docs/Mic/Explosive_Residue_Coverup/ceiling-painted-rainbow-building.mdx,Mic,DONE,HOSW,12,wave2-partial
site/docs/Mic/Explosive_Residue_Coverup/charlie-kirk-necklace.mdx,Mic,DONE,HOSW,12,wave2-partial
site/docs/Mic/Explosive_Residue_Coverup/dirt-hauled-immediately.mdx,Mic,DONE,HOSW,12,wave2-partial
site/docs/Mic/Explosive_Residue_Coverup/dirt-replaced-with-cement.mdx,Mic,DONE,HOSW,12,wave2-partial
site/docs/Mic/Explosive_Residue_Coverup/fbi-didnt-take-car-custody.mdx,Mic,DONE,HOSW,12,wave2-partial
site/docs/Mic/Explosive_Residue_Coverup/fbi-seized-security-team-clothing.mdx,Mic,DONE,HOSW,12,wave2-partial
site/docs/Mic/Explosive_Residue_Coverup/overview.mdx,Mic,DONE,HOSW,12,wave2-partial
site/docs/Your_Actions_Fix_It/overview.mdx,Your_Actions_Fix_It,DONE,-O-W,5,w4check
site/docs/Law_Enforcement/Investigation_Index.mdx,Law_Enforcement,DONE,HOSW,6,wave2-partial
site/docs/Law_Enforcement/court-proceedings.mdx,Law_Enforcement,DONE,HOSW,6,wave2-partial
site/docs/Law_Enforcement/crime-scene-handling.mdx,Law_Enforcement,DONE,HOSW,6,wave2-partial
site/docs/Law_Enforcement/fbi-role.mdx,Law_Enforcement,DONE,HOSW,6,wave2-partial
site/docs/Law_Enforcement/nctc-shutdown.mdx,Law_Enforcement,DONE,HOSW,6,wave2-partial
site/docs/Law_Enforcement/officer-bagley-bodycam.mdx,Law_Enforcement,DONE,HOSW,6,wave2-check
site/docs/Law_Enforcement/official-resignations.mdx,Law_Enforcement,DONE,HOSW,6,wave2-check
site/docs/Law_Enforcement/orem-police-response.mdx,Law_Enforcement,DONE,HOSW,6,wave2-check
site/docs/Law_Enforcement/overview.mdx,Law_Enforcement,DONE,HOSW,6,wave2-check
site/docs/Law_Enforcement/rifle-chain-of-custody.mdx,Law_Enforcement,DONE,HOSW,6,wave2-check
site/docs/Law_Enforcement/suspect-manhunt.mdx,Law_Enforcement,DONE,HOSW,6,wave2-check
site/docs/Law_Enforcement/utah-county-sheriff.mdx,Law_Enforcement,DONE,HOSW,6,wave2-check
site/docs/Law_Enforcement/utah-dps-beau-mason.mdx,Law_Enforcement,DONE,HOSW,6,wave2-check
site/docs/Law_Enforcement/uvu-campus-police.mdx,Law_Enforcement,DONE,HOSW,6,wave2-check
site/docs/Law_Enforcement/washington-county-sheriff.mdx,Law_Enforcement,DONE,HOSW,6,wave2-check
site/docs/US_Intelligence/US_Army_HADES.mdx,US_Intelligence,DONE,HOSW,11,wave4
site/docs/US_Intelligence/US_Intelligence_Investigation_Index.mdx,US_Intelligence,DONE,HOSW,11,wave4
site/docs/US_Intelligence/cia.mdx,US_Intelligence,DONE,HOSW,11,wave4
site/docs/US_Intelligence/joe-kent.mdx,US_Intelligence,DONE,HOSW,11,wave4
site/docs/US_Intelligence/nctc.mdx,US_Intelligence,TODO,----,11,
site/docs/US_Intelligence/nsa.mdx,US_Intelligence,TODO,----,11,
site/docs/US_Intelligence/odni.mdx,US_Intelligence,TODO,----,11,
site/docs/US_Intelligence/overview.mdx,US_Intelligence,TODO,----,11,
site/docs/US_Intelligence/tulsi-gabbard.mdx,US_Intelligence,TODO,----,11,
site/docs/US_Intelligence/Fort_Huachuca/Cabot_alibi.mdx,US_Intelligence,DONE,HOSW,11,wave4
site/docs/US_Intelligence/Fort_Huachuca/overview.mdx,US_Intelligence,DONE,HOSW,11,wave4
site/docs/Topic-Analyses/Ballistics_And_Surveillance_Claims.mdx,Topic-Analyses,DONE,HOSW,8,w4check
site/docs/Topic-Analyses/Political_Aftermath.mdx,Topic-Analyses,DONE,HOSW,8,w4check
site/docs/Topic-Analyses/Pre_Assassination_Context.mdx,Topic-Analyses,DONE,HOSW,8,w4check
site/docs/Topic-Analyses/September_10_Event_Timeline.mdx,Topic-Analyses,DONE,HOSW,8,w4check
site/docs/cameras/Canon_XA55_Broadcast.mdx,cameras,DONE,HOSW,5,w4check
site/docs/cameras/Eyewitness_Mobile_Video.mdx,cameras,DONE,HOSW,5,w4check
site/docs/cameras/Investigation_Index.mdx,cameras,DONE,HOSW,5,w4check
site/docs/cameras/Merchant_And_Travel_CCTV.mdx,cameras,DONE,HOSW,5,w4check
site/docs/cameras/Tyler_On_Cameras.mdx,cameras,DONE,HOSW,5,w4check
site/docs/cameras/Tyler_Placeholder.mdx,cameras,DONE,HOSW,5,w4check
site/docs/cameras/UVU_Surveillance.mdx,cameras,DONE,HOSW,5,w4check
site/docs/cameras/WYZE.mdx,cameras,DONE,HOSW,5,w4check
site/docs/cameras/overview.mdx,cameras,DONE,HOSW,5,w4check
site/docs/CoverUp/AES_Tennessee_Explosion.mdx,CoverUp,DONE,HOSW,11,wave3-check
site/docs/CoverUp/Airborne_Surveillance_Records.mdx,CoverUp,DONE,HOSW,11,wave3-check
site/docs/CoverUp/Antisemitism_Branding.mdx,CoverUp,DONE,HOSW,11,wave3-check
site/docs/CoverUp/Archive_Is_Purge.mdx,CoverUp,DONE,HOSW,11,wave3-check
site/docs/CoverUp/Autopsy_Sealed_Examiner.mdx,CoverUp,DONE,HOSW,11,wave3-check
site/docs/CoverUp/Bagley_Bodycam_Gap.mdx,CoverUp,DONE,HOSW,11,wave3-check
site/docs/CoverUp/Ballistics_Sealed_CBLA.mdx,CoverUp,DONE,HOSW,11,wave3-check
site/docs/CoverUp/Black_Clad_Suspect_Dropped.mdx,CoverUp,DONE,HOSW,11,wave3-check
site/docs/CoverUp/CIA_Blocked.mdx,CoverUp,DONE,HOSW,11,wave3-check
site/docs/CoverUp/Cellebrite_Extraction_Contradiction.mdx,CoverUp,DONE,HOSW,11,wave3-check
site/docs/CoverUp/Censorship_Investigators.mdx,CoverUp,DONE,HOSW,11,wave3-check
site/docs/CoverUp/Confession_Fabrication.mdx,CoverUp,DONE,HOSW,11,wave3-check
site/docs/CoverUp/Dirt_Removed.mdx,CoverUp,DONE,HOSW,11,wave3-check
site/docs/CoverUp/Discovery_Document_Dump.mdx,CoverUp,DONE,HOSW,11,wave3-check
site/docs/CoverUp/Enhanced_Suspect_Photos.mdx,CoverUp,DONE,HOSW,11,wave3-check
site/docs/CoverUp/FARA_Salem_Capture.mdx,CoverUp,DONE,HOSW,11,wave3-check
site/docs/CoverUp/FBI_Asked_Delete_Video.mdx,CoverUp,DONE,HOSW,11,wave3-check
site/docs/CoverUp/Foreign_Flight_Records.mdx,CoverUp,DONE,HOSW,11,wave3-check
site/docs/CoverUp/Forensic_Tests_Skipped.mdx,CoverUp,DONE,HOSW,11,wave3-check
site/docs/CoverUp/Google_Censorship.mdx,CoverUp,DONE,HOSW,11,wave3-check
site/docs/CoverUp/Hospital_Footage_And_NDAs.mdx,CoverUp,DONE,HOSW,11,wave3-check
site/docs/CoverUp/Huachuca_Records_Withheld.mdx,CoverUp,DONE,HOSW,11,wave3-check
site/docs/CoverUp/Investigation_Index.mdx,CoverUp,DONE,HOSW,11,wave3-check
site/docs/CoverUp/Joe_Kent_Halt.mdx,CoverUp,DONE,HOSW,11,wave3-check
site/docs/CoverUp/Mic_Explosive.mdx,CoverUp,DONE,HOSW,11,wave3-check
site/docs/CoverUp/Narrative_Psyop.mdx,CoverUp,DONE,HOSW,11,wave3-check
site/docs/CoverUp/Pre_Event_Personnel_Swaps.mdx,CoverUp,DONE,HOSW,11,wave3-check
site/docs/CoverUp/Prosecutor_Conflict.mdx,CoverUp,DONE,HOSW,11,wave3-check
site/docs/CoverUp/Purge_600_Fired.mdx,CoverUp,DONE,HOSW,11,wave3-check
site/docs/CoverUp/Railroading_Defense.mdx,CoverUp,DONE,HOSW,11,wave3-check
site/docs/CoverUp/Rifle_Found_After_Feds.mdx,CoverUp,DONE,HOSW,11,wave3-check
site/docs/CoverUp/Rooftop_Video_Trimmed.mdx,CoverUp,DONE,HOSW,11,wave3-check
site/docs/CoverUp/SD_Cards_And_Cameras_Removed.mdx,CoverUp,DONE,HOSW,11,wave3-check
site/docs/CoverUp/SUV_Destroyed.mdx,CoverUp,DONE,HOSW,11,wave3-check
site/docs/CoverUp/Sheriff_Video_Withheld.mdx,CoverUp,DONE,HOSW,11,w4check
site/docs/CoverUp/Therapy_Intimidation.mdx,CoverUp,DONE,HOSW,11,w4check
site/docs/CoverUp/UVU_GRAMA_Records.mdx,CoverUp,DONE,HOSW,11,w4check
site/docs/CoverUp/UVU_HD_Footage_Withheld.mdx,CoverUp,DONE,HOSW,11,w4check
site/docs/CoverUp/Utah_Autopsy_Law.mdx,CoverUp,DONE,HOSW,11,w4check
site/docs/CoverUp/Videos_Deleted_Remotely.mdx,CoverUp,DONE,HOSW,11,w4check
site/docs/CoverUp/WhiteHouse_Halt_IC.mdx,CoverUp,DONE,HOSW,11,w4check
site/docs/CoverUp/Wikipedia_Control.mdx,CoverUp,DONE,HOSW,11,w4check
site/docs/CoverUp/Witness_Interviews_Blocked.mdx,CoverUp,DONE,HOSW,11,w4check
site/docs/CoverUp/X_HolonCitizen_Censored.mdx,CoverUp,DONE,HOSW,11,w4check
site/docs/CoverUp/YouTube_HolonCitizen_Censored.mdx,CoverUp,DONE,HOSW,11,w4check
site/docs/CoverUp/overview.mdx,CoverUp,DONE,HOSW,11,w4check
site/docs/Tent/Daniel_Merrell_Hardscape_Utah.mdx,Tent,DONE,HOSW,4,wave4
site/docs/Tent/Dirt_Removed_Before_Pavers.mdx,Tent,DONE,HOSW,4,wave4
site/docs/Tent/Hardscape_Specialties.mdx,Tent,DONE,HOSW,4,wave4
site/docs/Tent/Investigation_Index.mdx,Tent,DONE,HOSW,4,wave4
site/docs/Tent/Other_Contractors.mdx,Tent,DONE,HOSW,4,wave4
site/docs/Tent/Paving_Timeline_Sept_14.mdx,Tent,DONE,HOSW,4,wave4
site/docs/Tent/Platform_Water_Bottles.mdx,Tent,DONE,HOSW,4,wave4
site/docs/Tent/Site_Alteration_Evidence.mdx,Tent,DONE,HOSW,4,wave4
site/docs/Tent/State_Workers_Groundskeepers.mdx,Tent,DONE,HOSW,4,wave4
site/docs/Tent/Tent_Shooter_Theories.mdx,Tent,DONE,HOSW,4,wave4
site/docs/Tent/Tent_Structure_Under_Charlie.mdx,Tent,DONE,HOSW,4,wave5-partial
site/docs/Tent/overview.mdx,Tent,DONE,HOSW,4,wave5-partial
site/docs/Suspicious/overview.mdx,Suspicious,DONE,HOSW,3,wave5-partial
site/docs/Suspicious/TPUSA_Peripheral/cease-desist-drone-contradiction.mdx,Suspicious,DONE,HOSW,3,w4check
site/docs/Suspicious/TPUSA_Peripheral/cooper-brown-witness.mdx,Suspicious,DONE,HOSW,3,w4check
site/docs/Suspicious/TPUSA_Peripheral/doge-audit-bowyer-timing.mdx,Suspicious,DONE,HOSW,3,w4check
site/docs/Suspicious/TPUSA_Peripheral/erika-ceo-succession-disputed.mdx,Suspicious,DONE,HOSW,3,w4check
site/docs/Suspicious/TPUSA_Peripheral/executive-sd-cards.mdx,Suspicious,DONE,HOSW,3,w4check
site/docs/Suspicious/TPUSA_Peripheral/flood-scrubbed-from-site.mdx,Suspicious,DONE,HOSW,3,w4check
site/docs/Suspicious/TPUSA_Peripheral/insider-payments-990s.mdx,Suspicious,DONE,HOSW,3,w4check
site/docs/Suspicious/TPUSA_Peripheral/overview.mdx,Suspicious,DONE,HOSW,3,w4check
site/docs/Suspicious/TPUSA_Peripheral/schoneberger-yrefy-sponsor.mdx,Suspicious,DONE,HOSW,3,w4check
site/docs/Suspicious/TPUSA_Peripheral/secret-stock-fund.mdx,Suspicious,DONE,HOSW,3,w4check
site/docs/Suspicious/TPUSA_Peripheral/streiff-du-pont-call.mdx,Suspicious,DONE,HOSW,3,w4check
site/docs/Suspicious/TPUSA_Peripheral/successor-on-fox.mdx,Suspicious,DONE,HOSW,3,w4check
site/docs/Suspicious/Pre_Event_Posts/overview.mdx,Suspicious,DONE,HOSW,3,w4check
site/docs/Suspicious/Pre_Event_Posts/uninterviewed-student-poster.mdx,Suspicious,DONE,HOSW,3,w4check
site/docs/Suspicious/Defense_Attorneys/coleman-grave-danger.mdx,Suspicious,DONE,HOSW,3,wave1
site/docs/Suspicious/Defense_Attorneys/gag-order-acquiescence.mdx,Suspicious,DONE,HOSW,3,wave1
site/docs/Suspicious/Defense_Attorneys/jail-informant-transport-order.mdx,Suspicious,DONE,HOSW,3,wave1
site/docs/Suspicious/Defense_Attorneys/kent-probe-defense-ammunition.mdx,Suspicious,DONE,HOSW,3,wave1
site/docs/Suspicious/Defense_Attorneys/miranda-defense-filing.mdx,Suspicious,DONE,HOSW,3,wave1
site/docs/Suspicious/Defense_Attorneys/missing-surrender-discovery.mdx,Suspicious,DONE,HOSW,3,wave1
site/docs/Suspicious/Defense_Attorneys/nester-google-trends.mdx,Suspicious,DONE,HOSW,3,wave1
site/docs/Suspicious/Defense_Attorneys/overview.mdx,Suspicious,DONE,HOSW,3,wave2-partial
site/docs/Suspicious/Defense_Attorneys/parents-declined-attorneys.mdx,Suspicious,DONE,HOSW,3,wave2-partial
site/docs/Suspicious/Defense_Attorneys/plea-versus-confession.mdx,Suspicious,DONE,HOSW,3,wave2-partial
site/docs/Suspicious/Law_Enforcement/arrest-time-discrepancy.mdx,Suspicious,DONE,HOSW,3,wave3-check
site/docs/Suspicious/Law_Enforcement/autopsy-death-certificate.mdx,Suspicious,DONE,HOSW,3,wave3-check
site/docs/Suspicious/Law_Enforcement/brooksby-resignation.mdx,Suspicious,DONE,HOSW,3,wave3-check
site/docs/Suspicious/Law_Enforcement/courtyard-paved-over.mdx,Suspicious,DONE,HOSW,3,wave3-check
site/docs/Suspicious/Law_Enforcement/gun-drop-and-search-sequence.mdx,Suspicious,DONE,HOSW,3,wave3-check
site/docs/Suspicious/Law_Enforcement/miranda-vs-brooksby-account.mdx,Suspicious,DONE,HOSW,3,wave3-check
site/docs/Suspicious/Law_Enforcement/missing-surrender-footage.mdx,Suspicious,DONE,HOSW,3,wave3-check
site/docs/Suspicious/Law_Enforcement/mystery-woman-signed-me-report.mdx,Suspicious,DONE,HOSW,3,wave3-check
site/docs/Suspicious/Law_Enforcement/overview.mdx,Suspicious,DONE,HOSW,3,wave3-check
site/docs/Suspicious/Law_Enforcement/robinson-did-not-surrender.mdx,Suspicious,DONE,HOSW,3,wave3-check
site/docs/Suspicious/Law_Enforcement/suv-blurred-windows.mdx,Suspicious,DONE,HOSW,3,wave3-check
site/docs/Suspicious/Law_Enforcement/uvu-grama-warnings.mdx,Suspicious,DONE,HOSW,3,wave3-check
site/docs/Suspicious/US_Intel/clock-tower-x-and-vfx-la.mdx,Suspicious,DONE,HOSW,3,wave4
site/docs/Suspicious/US_Intel/counter-uas-provo.mdx,Suspicious,DONE,HOSW,3,wave4
site/docs/Suspicious/US_Intel/drones-and-butler.mdx,Suspicious,DONE,HOSW,3,wave4
site/docs/Suspicious/US_Intel/fort-huachuca-jtf-meeting.mdx,Suspicious,DONE,HOSW,3,wave4
site/docs/Suspicious/US_Intel/image-results-wiped.mdx,Suspicious,DONE,HOSW,3,wave4
site/docs/Suspicious/US_Intel/kent-nctc-probe-halted.mdx,Suspicious,DONE,HOSW,3,wave4
site/docs/Suspicious/US_Intel/n1098l-hades-low-passes.mdx,Suspicious,DONE,HOSW,3,wave4
site/docs/Suspicious/US_Intel/n560tw-turnaround.mdx,Suspicious,DONE,HOSW,3,wave4
site/docs/Suspicious/US_Intel/nsa-bumblehive-phones.mdx,Suspicious,DONE,HOSW,3,wave5-partial
site/docs/Suspicious/US_Intel/overview.mdx,Suspicious,DONE,HOSW,3,wave5-partial
site/docs/Suspicious/US_Intel/palantir-land-claim.mdx,Suspicious,DONE,HOSW,3,wave5-partial
site/docs/Suspicious/US_Intel/provo-badge-list-modified.mdx,Suspicious,DONE,HOSW,3,wave5-partial
site/docs/Suspicious/US_Intel/sam-702-fort-huachuca.mdx,Suspicious,DONE,HOSW,3,wave5-partial
site/docs/Suspicious/Trial_Legal/closed-hearings-no-transcripts.mdx,Suspicious,DONE,HOSW,3,wave4
site/docs/Suspicious/Trial_Legal/death-notice-six-days.mdx,Suspicious,DONE,HOSW,3,wave4
site/docs/Suspicious/Trial_Legal/denied-access-to-testing.mdx,Suspicious,DONE,HOSW,3,wave4
site/docs/Suspicious/Trial_Legal/discovery-dump-continuance.mdx,Suspicious,DONE,HOSW,3,wave4
site/docs/Suspicious/Trial_Legal/informant-transport-timing.mdx,Suspicious,DONE,HOSW,3,wave4
site/docs/Suspicious/Trial_Legal/judge-trends-claims.mdx,Suspicious,DONE,HOSW,3,wave4
site/docs/Suspicious/Trial_Legal/kennington-charges-dropped.mdx,Suspicious,DONE,HOSW,3,wave4
site/docs/Suspicious/Trial_Legal/overview.mdx,Suspicious,DONE,HOSW,3,wave4
site/docs/Suspicious/Trial_Legal/state-disclaims-extractions.mdx,Suspicious,DONE,HOSW,3,wave4
site/docs/Suspicious/Trial_Legal/uncalled-roof-eyewitness.mdx,Suspicious,DONE,HOSW,3,wave4
site/docs/Suspicious/Trial_Legal/victim-lawyers-oppose-continuance.mdx,Suspicious,DONE,HOSW,3,wave4
site/docs/Suspicious/Trial_Legal/withholding-rooftop-video.mdx,Suspicious,DONE,HOSW,3,wave4
site/docs/Suspicious/UVU_9_10/acoustics-from-south.mdx,Suspicious,DONE,HOSW,3,wave5-partial
site/docs/Suspicious/UVU_9_10/all-black-construction-worker.mdx,Suspicious,DONE,HOSW,3,wave5-partial
site/docs/Suspicious/UVU_9_10/burnt-object-rode.mdx,Suspicious,DONE,HOSW,3,wave5-partial
site/docs/Suspicious/UVU_9_10/butch-hibbs-access.mdx,Suspicious,DONE,HOSW,3,wave5-partial
site/docs/Suspicious/UVU_9_10/canon-xa55-audio.mdx,Suspicious,DONE,HOSW,3,wave5-partial
site/docs/Suspicious/UVU_9_10/group-blocked-security.mdx,Suspicious,DONE,HOSW,3,wave5-partial
site/docs/Suspicious/UVU_9_10/ksl-chopper-screwdriver-absent.mdx,Suspicious,DONE,HOSW,3,wave5-partial
site/docs/Suspicious/UVU_9_10/mic-under-not-over.mdx,Suspicious,DONE,HOSW,3,wave5-partial
site/docs/Suspicious/UVU_9_10/overview.mdx,Suspicious,DONE,HOSW,3,wave5-partial
site/docs/Suspicious/UVU_9_10/robinson-clothing-changes.mdx,Suspicious,DONE,HOSW,3,wave5-partial
site/docs/Suspicious/UVU_9_10/sd-card-removed.mdx,Suspicious,DONE,HOSW,3,wave5-partial
site/docs/Suspicious/UVU_9_10/six-officers-no-ambulance.mdx,Suspicious,DONE,HOSW,3,wave5-partial
site/docs/Suspicious/UVU_9_10/stairs-guy-backpack.mdx,Suspicious,DONE,HOSW,3,wave5-partial
site/docs/Suspicious/Medical/body-transport-burial.mdx,Suspicious,DONE,HOSW,3,wave3-check
site/docs/Suspicious/Medical/charred-material-fragments.mdx,Suspicious,DONE,HOSW,3,wave3-check
site/docs/Suspicious/Medical/chest-versus-neck-accounts.mdx,Suspicious,DONE,HOSW,3,wave3-check
site/docs/Suspicious/Medical/empty-er-personnel-changes.mdx,Suspicious,DONE,HOSW,3,wave3-check
site/docs/Suspicious/Medical/necklace-cavitation-residue.mdx,Suspicious,DONE,HOSW,3,wave3-check
site/docs/Suspicious/Medical/no-ambulance-scoop-and-run.mdx,Suspicious,DONE,HOSW,3,w4check
site/docs/Suspicious/Medical/or-timeline-jerusalem-post.mdx,Suspicious,DONE,HOSW,3,w4check
site/docs/Suspicious/Medical/overview.mdx,Suspicious,DONE,HOSW,3,w4check
site/docs/Suspicious/Medical/surgeon-search-trends.mdx,Suspicious,DONE,HOSW,3,w4check
site/docs/Suspicious/Medical/trauma-center-bypassed.mdx,Suspicious,DONE,HOSW,3,w4check
site/docs/Suspicious/Medical/wound-entrance-exit-dispute.mdx,Suspicious,DONE,HOSW,3,w4check
site/docs/Suspicious/Five_Minutes/farnsworth-rock-pile.mdx,Suspicious,DONE,HOSW,3,wave2-partial
site/docs/Suspicious/Five_Minutes/first-police-report-gap.mdx,Suspicious,DONE,HOSW,3,wave2-partial
site/docs/Suspicious/Five_Minutes/mccoy-calls-wife.mdx,Suspicious,DONE,HOSW,3,wave2-partial
site/docs/Suspicious/Five_Minutes/mccoy-neff-call-conflict.mdx,Suspicious,DONE,HOSW,3,wave2-partial
site/docs/Suspicious/Five_Minutes/n1098l-low-pass-timing.mdx,Suspicious,DONE,HOSW,3,wave3-check
site/docs/Suspicious/Five_Minutes/overview.mdx,Suspicious,DONE,HOSW,3,wave3-check
site/docs/Suspicious/Five_Minutes/rifle-towel-on-roof.mdx,Suspicious,DONE,HOSW,3,wave3-check
site/docs/Suspicious/Five_Minutes/roof-run-limp-disappears.mdx,Suspicious,DONE,HOSW,3,wave3-check
site/docs/Suspicious/Five_Minutes/runner-sprint-before-shot.mdx,Suspicious,DONE,HOSW,3,wave3-check
site/docs/Suspicious/Five_Minutes/shirt-pull-at-the-shot.mdx,Suspicious,DONE,HOSW,3,wave3-check
site/docs/Suspicious/Five_Minutes/shot-time-1223-vs-1227.mdx,Suspicious,DONE,HOSW,3,wave3-check
site/docs/Suspicious/FBI/bomb-dogs-kept-away.mdx,Suspicious,DONE,HOSW,3,wave2-partial
site/docs/Suspicious/FBI/cbla-bullet-lead-test.mdx,Suspicious,DONE,HOSW,3,wave2-partial
site/docs/Suspicious/FBI/discovery-withholding.mdx,Suspicious,DONE,HOSW,3,wave2-partial
site/docs/Suspicious/FBI/enhanced-photos-after-custody.mdx,Suspicious,DONE,HOSW,3,wave2-partial
site/docs/Suspicious/FBI/locals-told-not-to-investigate.mdx,Suspicious,DONE,HOSW,3,wave2-partial
site/docs/Suspicious/FBI/overview.mdx,Suspicious,DONE,HOSW,3,wave2-partial
site/docs/Suspicious/FBI/patel-shut-down-kent-probe.mdx,Suspicious,DONE,HOSW,3,wave2-partial
site/docs/Suspicious/FBI/rav4-flashed-badge.mdx,Suspicious,DONE,HOSW,3,wave2-partial
site/docs/Suspicious/FBI/rifle-found-after-federal-redirect.mdx,Suspicious,DONE,HOSW,3,wave2-partial
site/docs/Suspicious/FBI/selective-4k-release.mdx,Suspicious,DONE,HOSW,3,wave2-partial
site/docs/Suspicious/FBI/simmons-video-deletion.mdx,Suspicious,DONE,HOSW,3,wave2-partial
site/docs/Suspicious/FBI/surgeon-blocked-from-room.mdx,Suspicious,DONE,HOSW,3,wave2-partial
site/docs/Suspicious/FBI/suv-destroyed-adl-floor.mdx,Suspicious,DONE,HOSW,3,wave2-partial
site/docs/Suspicious/Israel/donor-texts-48-hours.mdx,Suspicious,DONE,HOSW,3,wave3-check
site/docs/Suspicious/Israel/egyptian-jet-su-btt.mdx,Suspicious,DONE,HOSW,3,wave3-check
site/docs/Suspicious/Israel/flood-netanyahu-detail.mdx,Suspicious,DONE,HOSW,3,wave3-check
site/docs/Suspicious/Israel/gglf-life-insurance.mdx,Suspicious,DONE,HOSW,3,wave3-check
site/docs/Suspicious/Israel/grim-beeper-capability.mdx,Suspicious,DONE,HOSW,3,wave3-check
site/docs/Suspicious/Israel/hamptons-intervention.mdx,Suspicious,DONE,HOSW,3,wave3-check
site/docs/Suspicious/Israel/israeli-phones-at-uvu.mdx,Suspicious,DONE,HOSW,3,wave3-check
site/docs/Suspicious/Israel/it-was-supposed-to-be-you.mdx,Suspicious,DONE,HOSW,3,wave3-check
site/docs/Suspicious/Israel/overview.mdx,Suspicious,DONE,HOSW,3,wave3-check
site/docs/Suspicious/Israel/peterson-whistleblower.mdx,Suspicious,DONE,HOSW,3,wave3-check
site/docs/Suspicious/Israel/phones-islamabad-serena.mdx,Suspicious,DONE,HOSW,3,wave3-check
site/docs/Suspicious/Cause_of_Death/acoustics-south.mdx,Suspicious,DONE,HOSW,3,wave1
site/docs/Suspicious/Cause_of_Death/atf-fragment-class-only.mdx,Suspicious,DONE,HOSW,3,wave1
site/docs/Suspicious/Cause_of_Death/burnt-object-transmitter.mdx,Suspicious,DONE,HOSW,3,wave1
site/docs/Suspicious/Cause_of_Death/canon-audio-detonation.mdx,Suspicious,DONE,HOSW,3,wave1
site/docs/Suspicious/Cause_of_Death/electrocution-trigger.mdx,Suspicious,DONE,HOSW,3,wave1
site/docs/Suspicious/Cause_of_Death/energy-mismatch.mdx,Suspicious,DONE,HOSW,3,wave1
site/docs/Suspicious/Cause_of_Death/entrance-or-exit.mdx,Suspicious,DONE,HOSW,3,wave1
site/docs/Suspicious/Cause_of_Death/mic-under-shirt.mdx,Suspicious,DONE,HOSW,3,wave1
site/docs/Suspicious/Cause_of_Death/necklace-and-residue.mdx,Suspicious,DONE,HOSW,3,wave1
site/docs/Suspicious/Cause_of_Death/overview.mdx,Suspicious,DONE,HOSW,3,wave1
site/docs/Suspicious/Cause_of_Death/shirt-before-blood.mdx,Suspicious,DONE,HOSW,3,wave1
site/docs/Suspicious/Cause_of_Death/shot-through-heart-narrative.mdx,Suspicious,DONE,HOSW,3,wave1
site/docs/Charlie/Candace_Owens_Friendship.mdx,Charlie,DONE,HOSW,4,wave1
site/docs/Charlie/Charlie_Investigation_Index.mdx,Charlie,DONE,HOSW,4,wave1
site/docs/Charlie/Epstein_Files_Push.mdx,Charlie,DONE,HOSW,4,wave1
site/docs/Charlie/Future_Governor.mdx,Charlie,DONE,HOSW,4,wave2-check
site/docs/Charlie/Future_President.mdx,Charlie,DONE,HOSW,4,wave3-check
site/docs/Charlie/Groyper_Wars.mdx,Charlie,DONE,HOSW,4,wave3-check
site/docs/Charlie/Leader_of_Churches.mdx,Charlie,DONE,HOSW,4,wave3-check
site/docs/Charlie/Phone_Surveillance_Claims.mdx,Charlie,DONE,HOSW,4,wave3-check
site/docs/Charlie/Pre_Event_Timeline.mdx,Charlie,DONE,HOSW,4,wave3-check
site/docs/Charlie/Reported_Quotes_and_Warnings.mdx,Charlie,DONE,HOSW,4,wave3-check
site/docs/Charlie/Star_Witness_Own_Words.mdx,Charlie,DONE,HOSW,4,wave3-check
site/docs/Charlie/overview.mdx,Charlie,DONE,HOSW,4,wave4
site/docs/Charlie/Comments/aipac-lobby-comments.mdx,Charlie,DONE,HOSW,4,wave1
site/docs/Charlie/Comments/bonhoeffer-martyr-rhetoric.mdx,Charlie,DONE,HOSW,4,wave1
site/docs/Charlie/Comments/donor-pressure-on-air.mdx,Charlie,DONE,HOSW,4,wave1
site/docs/Charlie/Comments/gaza-remarks.mdx,Charlie,DONE,HOSW,4,wave1
site/docs/Charlie/Comments/iran-war-opposition.mdx,Charlie,DONE,HOSW,4,wave1
site/docs/Charlie/Comments/israel-break-public-rhetoric.mdx,Charlie,DONE,HOSW,4,wave1
site/docs/Charlie/Comments/megyn-kelly-segments.mdx,Charlie,DONE,HOSW,4,wave1
site/docs/Charlie/Comments/overview.mdx,Charlie,DONE,HOSW,4,wave1
site/docs/Charlie/Comments/sept-9-shapiro-appearance.mdx,Charlie,DONE,HOSW,4,wave1
site/docs/Charlie/Discord_Messages/charlie-vs-killer-discord.mdx,Charlie,DONE,HOSW,4,wave1
site/docs/Charlie/Discord_Messages/court-filings-discord.mdx,Charlie,DONE,HOSW,4,wave1
site/docs/Charlie/Discord_Messages/overview.mdx,Charlie,DONE,HOSW,4,wave1
site/docs/Charlie/Discord_Messages/platform-mixups.mdx,Charlie,DONE,HOSW,4,wave1
site/docs/Charlie/Discord_Messages/radicalization-discord-theories.mdx,Charlie,DONE,HOSW,4,wave1
site/docs/Charlie/Discord_Messages/screenshot-provenance.mdx,Charlie,DONE,HOSW,4,wave1
site/docs/Charlie/Discord_Messages/tpusa-campus-discord.mdx,Charlie,DONE,HOSW,4,wave1
site/docs/Charlie/Text_Messages/authenticity-and-fakes.mdx,Charlie,DONE,HOSW,4,wave3-check
site/docs/Charlie/Text_Messages/candace-owens-private-texts.mdx,Charlie,DONE,HOSW,4,wave3-check
site/docs/Charlie/Text_Messages/dan-flood-security-texts.mdx,Charlie,DONE,HOSW,4,wave3-check
site/docs/Charlie/Text_Messages/erika-kirk-denial.mdx,Charlie,DONE,HOSW,4,wave3-check
site/docs/Charlie/Text_Messages/frank-turek-fear-texts.mdx,Charlie,DONE,HOSW,4,wave3-check
site/docs/Charlie/Text_Messages/kill-me-01-wiped-out.mdx,Charlie,DONE,HOSW,4,wave3-check
site/docs/Charlie/Text_Messages/kill-me-02-harrison-smith-report.mdx,Charlie,DONE,HOSW,4,wave3-check
site/docs/Charlie/Text_Messages/kill-me-03-break-away-pro-israel.mdx,Charlie,DONE,HOSW,4,wave3-check
site/docs/Charlie/Text_Messages/kill-me-04-go-against-israel.mdx,Charlie,DONE,HOSW,4,wave3-check
site/docs/Charlie/Text_Messages/kill-me-05-turek-want-me-dead.mdx,Charlie,DONE,HOSW,4,wave3-check
site/docs/Charlie/Text_Messages/kill-me-06-worried-israel-kill-me.mdx,Charlie,DONE,HOSW,4,wave3-check
site/docs/Charlie/Text_Messages/kill-me-07-sept-9-all-caps.mdx,Charlie,DONE,HOSW,4,wave3-check
site/docs/Charlie/Text_Messages/kill-me-08-kolvet-they-will-kill-me.mdx,Charlie,DONE,HOSW,4,wave3-check
site/docs/Charlie/Text_Messages/kill-me-09-three-people-warned.mdx,Charlie,DONE,HOSW,4,wave3-check
site/docs/Charlie/Text_Messages/kill-me-10-flood-executed-tomorrow.mdx,Charlie,DONE,HOSW,4,wave3-check
site/docs/Charlie/Text_Messages/kill-me-11-the-left-will-kill-me.mdx,Charlie,DONE,HOSW,4,wave3-check
site/docs/Charlie/Text_Messages/kill-me-12-sept-9-security-exchange.mdx,Charlie,DONE,HOSW,4,wave3-check
site/docs/Charlie/Text_Messages/kill-me-13-donor-executed-tomorrow.mdx,Charlie,DONE,HOSW,4,wave3-check
site/docs/Charlie/Text_Messages/leave-pro-israel-whatsapp.mdx,Charlie,DONE,HOSW,4,wave3-check
site/docs/Charlie/Text_Messages/overview.mdx,Charlie,DONE,HOSW,4,wave4
site/docs/Charlie/Text_Messages/signal-telegram-channels.mdx,Charlie,DONE,HOSW,4,wave4
site/docs/Charlie/Text_Messages/they-are-going-to-kill-me.mdx,Charlie,DONE,HOSW,4,wave4
site/docs/Charlie/Phone_Calls/erika-how-much-do-you-know.mdx,Charlie,DONE,HOSW,4,wave3-check
site/docs/Charlie/Phone_Calls/joe-kent-last-conversation.mdx,Charlie,DONE,HOSW,4,wave3-check
site/docs/Charlie/Phone_Calls/missing-911-harpole.mdx,Charlie,DONE,HOSW,4,wave3-check
site/docs/Charlie/Phone_Calls/netanyahu-iran-call.mdx,Charlie,DONE,HOSW,4,wave3-check
site/docs/Charlie/Phone_Calls/overview.mdx,Charlie,DONE,HOSW,4,wave3-check
site/docs/Charlie/Phone_Calls/phone-surveillance-anomalies.mdx,Charlie,DONE,HOSW,4,wave3-check
site/docs/Charlie/Phone_Calls/security-detail-call-chain.mdx,Charlie,DONE,HOSW,4,wave3-check
site/docs/Charlie/Phone_Calls/shapiro-security-call.mdx,Charlie,DONE,HOSW,4,wave3-check
site/docs/Charlie/Phone_Calls/suv-911-audio.mdx,Charlie,DONE,HOSW,4,wave3-check
site/docs/Charlie/Fear_Kill_Warnings/overview.mdx,Charlie,DONE,HOSW,4,wave2-check
site/docs/Charlie/Fear_Kill_Warnings/August_13_Break_Away/break-away-quote.mdx,Charlie,DONE,HOSW,4,wave1
site/docs/Charlie/Fear_Kill_Warnings/August_13_Break_Away/harrison-smith-x-post.mdx,Charlie,DONE,HOSW,4,wave2-check
site/docs/Charlie/Fear_Kill_Warnings/August_13_Break_Away/overview.mdx,Charlie,DONE,HOSW,4,wave2-check
site/docs/Charlie/Fear_Kill_Warnings/August_13_Break_Away/viral-carriers-aug13.mdx,Charlie,DONE,HOSW,4,wave2-check
site/docs/Charlie/Fear_Kill_Warnings/August_16_Go_Against_Israel/friend-conversation-claims.mdx,Charlie,DONE,HOSW,4,wave2-check
site/docs/Charlie/Fear_Kill_Warnings/August_16_Go_Against_Israel/go-against-israel-quote.mdx,Charlie,DONE,HOSW,4,wave2-check
site/docs/Charlie/Fear_Kill_Warnings/August_16_Go_Against_Israel/instagram-x-amplification.mdx,Charlie,DONE,HOSW,4,wave2-check
site/docs/Charlie/Fear_Kill_Warnings/August_16_Go_Against_Israel/overview.mdx,Charlie,DONE,HOSW,4,wave2-check
site/docs/Charlie/Fear_Kill_Warnings/Sept_48_Hours_Donor_Texts/candace-kolvet-authentication.mdx,Charlie,DONE,HOSW,4,wave2-check
site/docs/Charlie/Fear_Kill_Warnings/Sept_48_Hours_Donor_Texts/jewish-donors-stereotypes-line.mdx,Charlie,DONE,HOSW,4,wave2-check
site/docs/Charlie/Fear_Kill_Warnings/Sept_48_Hours_Donor_Texts/leave-pro-israel-cause-line.mdx,Charlie,DONE,HOSW,4,wave2-check
site/docs/Charlie/Fear_Kill_Warnings/Sept_48_Hours_Donor_Texts/overview.mdx,Charlie,DONE,HOSW,4,wave2-check
site/docs/Charlie/Fear_Kill_Warnings/Sept_48_Hours_Donor_Texts/x-stack-posts-48hrs.mdx,Charlie,DONE,HOSW,4,wave2-check
site/docs/Charlie/Fear_Kill_Warnings/Other_Fear_Channels/dan-flood-executed-tomorrow.mdx,Charlie,DONE,HOSW,4,wave2-check
site/docs/Charlie/Fear_Kill_Warnings/Other_Fear_Channels/frank-turek-want-me-dead.mdx,Charlie,DONE,HOSW,4,wave2-check
site/docs/Charlie/Fear_Kill_Warnings/Other_Fear_Channels/overview.mdx,Charlie,DONE,HOSW,4,wave2-check
site/docs/Charlie/Fear_Kill_Warnings/Other_Fear_Channels/sept-9-kill-me-cluster.mdx,Charlie,DONE,HOSW,4,wave2-check
site/docs/Charlie/Fear_Kill_Warnings/Other_Fear_Channels/verbal-vs-text-vs-discord.mdx,Charlie,DONE,HOSW,4,wave2-check
site/docs/Charlie/Fear_Kill_Warnings/Other_Fear_Channels/wiped-out-premonition.mdx,Charlie,DONE,HOSW,4,wave2-check
site/docs/key_individuals/Central_Figures.mdx,key_individuals,DONE,HOSW,12,wave4
site/docs/key_individuals/Distraction_And_Early_Suspects.mdx,key_individuals,DONE,HOSW,12,wave4
site/docs/key_individuals/Donor_Meeting_Circle.mdx,key_individuals,DONE,HOSW,12,wave4
site/docs/key_individuals/Eyewitnesses_And_Workers.mdx,key_individuals,DONE,HOSW,12,wave4
site/docs/key_individuals/Investigation_Index.mdx,key_individuals,DONE,HOSW,12,wave4
site/docs/key_individuals/Investigators_And_Media.mdx,key_individuals,DONE,HOSW,12,wave4
site/docs/key_individuals/Medical_Legal_Periphery.mdx,key_individuals,DONE,HOSW,12,wave4
site/docs/key_individuals/Officials_And_Law_Enforcement.mdx,key_individuals,DONE,HOSW,12,wave4
site/docs/key_individuals/Security_And_Protection.mdx,key_individuals,DONE,HOSW,12,wave4
site/docs/key_individuals/TPUSA_Staff_Sept_10.mdx,key_individuals,DONE,HOSW,12,wave4
site/docs/key_individuals/overview.mdx,key_individuals,DONE,HOSW,12,wave4
site/docs/social_media_analysis/overview.mdx,social_media_analysis,DONE,-O-W,7,wave5-partial
site/docs/UVU/CIA-UVU-Profiles.mdx,UVU,DONE,HOSW,7,w4check
site/docs/UVU/Campus_Security_Gaps.mdx,UVU,DONE,HOSW,7,w4check
site/docs/UVU/Courtyward.mdx,UVU,DONE,HOSW,7,w4check
site/docs/UVU/Hardscape-Specialties.mdx,UVU,DONE,HOSW,7,w4check
site/docs/UVU/Losee_Center.mdx,UVU,DONE,HOSW,7,w4check
site/docs/UVU/Pavers.mdx,UVU,DONE,HOSW,7,w4check
site/docs/UVU/Stingray-Device.mdx,UVU,DONE,HOSW,7,w4check
site/docs/UVU/Tent.mdx,UVU,DONE,HOSW,7,w4check
site/docs/UVU/UVU-Administration-Response.mdx,UVU,DONE,HOSW,7,w4check
site/docs/UVU/UVU-Faculty-Statements.mdx,UVU,DONE,HOSW,7,w4check
site/docs/UVU/UVU-Institutional-Response.mdx,UVU,DONE,HOSW,7,w4check
site/docs/UVU/UVU-Student-Reactions.mdx,UVU,DONE,HOSW,7,w4check
site/docs/UVU/UVU_Investigation_Index.mdx,UVU,DONE,HOSW,7,w4check
site/docs/UVU/UVU_Social_Media_Response.mdx,UVU,DONE,HOSW,7,w4check
site/docs/UVU/maps.mdx,UVU,DONE,HOSW,7,w4check
site/docs/UVU/overview.mdx,UVU,DONE,HOSW,7,w4check
site/docs/UVU/pre-shooting-warnings.mdx,UVU,DONE,HOSW,7,w4check
site/docs/Israel_Main_Suspect/censorship-extreme.mdx,Israel_Main_Suspect,DONE,HOSW,11,wave4
site/docs/Israel_Main_Suspect/charlie-said-israel-would-kill-him.mdx,Israel_Main_Suspect,DONE,HOSW,11,wave4
site/docs/Israel_Main_Suspect/control-amfest-conferences.mdx,Israel_Main_Suspect,DONE,HOSW,11,wave4
site/docs/Israel_Main_Suspect/control-christian-churches.mdx,Israel_Main_Suspect,DONE,HOSW,11,wave4
site/docs/Israel_Main_Suspect/control-college-campuses.mdx,Israel_Main_Suspect,DONE,HOSW,11,wave4
site/docs/Israel_Main_Suspect/control-over-tpusa.mdx,Israel_Main_Suspect,DONE,HOSW,11,wave4
site/docs/Israel_Main_Suspect/control-podcast.mdx,Israel_Main_Suspect,DONE,HOSW,11,wave4
site/docs/Israel_Main_Suspect/control-social-videos.mdx,Israel_Main_Suspect,DONE,HOSW,11,wave4
site/docs/Israel_Main_Suspect/coverup-foreign-involvement.mdx,Israel_Main_Suspect,DONE,HOSW,11,wave4
site/docs/Israel_Main_Suspect/extreme-motivation.mdx,Israel_Main_Suspect,DONE,HOSW,11,wave4
site/docs/Israel_Main_Suspect/intelligence-service-behind.mdx,Israel_Main_Suspect,DONE,HOSW,11,wave4
site/docs/Israel_Main_Suspect/iran-war-charlie-vs-israel.mdx,Israel_Main_Suspect,DONE,HOSW,11,wave4
site/docs/Israel_Main_Suspect/israel-intel-flights-uvu.mdx,Israel_Main_Suspect,DONE,HOSW,11,wave4
site/docs/Israel_Main_Suspect/israelis-present-at-uvu.mdx,Israel_Main_Suspect,DONE,HOSW,11,wave4
site/docs/Israel_Main_Suspect/leads-to-foreign-involvement.mdx,Israel_Main_Suspect,DONE,HOSW,11,wave4
site/docs/Israel_Main_Suspect/more-israel.mdx,Israel_Main_Suspect,DONE,HOSW,11,wave4
site/docs/Israel_Main_Suspect/online-narrative-control.mdx,Israel_Main_Suspect,DONE,HOSW,11,wave4
site/docs/Israel_Main_Suspect/overview.mdx,Israel_Main_Suspect,DONE,HOSW,11,wave4
site/docs/Israel_Main_Suspect/tpusa-before-vs-after.mdx,Israel_Main_Suspect,DONE,HOSW,11,wave4
site/docs/Locations/Cedar_City_Maverik.mdx,Locations,DONE,HOSW,9,wave1
site/docs/Locations/Construction_Site_785_College.mdx,Locations,DONE,HOSW,9,wave1
site/docs/Locations/Dairy_Queen_Orem.mdx,Locations,DONE,HOSW,9,wave1
site/docs/Locations/Fourth_District_Court_Provo.mdx,Locations,DONE,HOSW,9,wave1
site/docs/Locations/Goat_Island.mdx,Locations,DONE,HOSW,9,wave1
site/docs/Locations/Investigation_Index.mdx,Locations,DONE,HOSW,9,wave2-partial
site/docs/Locations/Palentire-House-Connection.mdx,Locations,DONE,HOSW,9,wave2-partial
site/docs/Locations/Provo_Airport.mdx,Locations,DONE,HOSW,9,wave2-partial
site/docs/Locations/Public-Speaking-Event-UVU.mdx,Locations,DONE,HOSW,9,wave2-partial
site/docs/Locations/Timpanogos_Regional_Hospital.mdx,Locations,DONE,HOSW,9,wave2-partial
site/docs/Locations/Tyler_Apartment.mdx,Locations,DONE,HOSW,9,wave2-partial
site/docs/Locations/University-House-Ownership.mdx,Locations,DONE,HOSW,9,wave2-partial
site/docs/Locations/Utah_County_Jail.mdx,Locations,DONE,HOSW,9,wave2-partial
site/docs/Locations/Valhalla.mdx,Locations,DONE,HOSW,9,wave2-partial
site/docs/Locations/Washington_County_Sheriff.mdx,Locations,DONE,HOSW,9,wave2-partial
site/docs/Locations/Wooded_Area_Gun_Recovery.mdx,Locations,DONE,HOSW,9,wave2-partial
site/docs/Locations/overview.mdx,Locations,DONE,HOSW,9,wave2-partial
site/docs/technology_surveillance/overview.mdx,technology_surveillance,TODO,----,8,
site/docs/Medical/Death_Timeline.mdx,Medical,DONE,HOSW,10,wave3-check
site/docs/Medical/Investigation_Index.mdx,Medical,DONE,HOSW,10,wave3-check
site/docs/Medical/Timpanogos_Facility.mdx,Medical,DONE,HOSW,10,wave3-check
site/docs/Medical/Witness_Account_Conflicts.mdx,Medical,DONE,HOSW,10,wave3-check
site/docs/Medical/autopsy_report_not_public.mdx,Medical,DONE,HOSW,10,wave3-check
site/docs/Medical/ballistics_and_wound_analysis.mdx,Medical,DONE,HOSW,10,wave3-check
site/docs/Medical/buses_to_move_patients.mdx,Medical,DONE,HOSW,10,wave3-check
site/docs/Medical/charlie_kirk_autopsy_report.mdx,Medical,DONE,HOSW,10,wave3-check
site/docs/Medical/charlie_kirk_medical_examiner_name.mdx,Medical,DONE,HOSW,10,wave3-check
site/docs/Medical/charlie_kirk_medical_examiner_report.mdx,Medical,DONE,HOSW,10,wave3-check
site/docs/Medical/charlie_kirk_medical_records_before_shooting.mdx,Medical,DONE,HOSW,10,wave3-check
site/docs/Medical/charlie_trip_to_hospital.mdx,Medical,DONE,HOSW,10,wave3-check
site/docs/Medical/charlies_injuries.mdx,Medical,DONE,HOSW,10,wave3-check
site/docs/Medical/construction_and_site_changes.mdx,Medical,DONE,HOSW,10,wave3-check
site/docs/Medical/doctor_dc_phone_call.mdx,Medical,DONE,HOSW,10,wave3-check
site/docs/Medical/doctors.mdx,Medical,DONE,HOSW,10,wave3-check
site/docs/Medical/doctors_question_me_report.mdx,Medical,DONE,HOSW,10,wave3-check
site/docs/Medical/events_at_hospital.mdx,Medical,DONE,HOSW,10,w4check
site/docs/Medical/hospital_leader.mdx,Medical,DONE,HOSW,10,w4check
site/docs/Medical/hospital_people_and_bullet_claims.mdx,Medical,DONE,HOSW,10,w4check
site/docs/Medical/hospital_security_cameras_removed.mdx,Medical,DONE,HOSW,10,w4check
site/docs/Medical/israel_google_searches_medical_people.mdx,Medical,DONE,HOSW,10,w4check
site/docs/Medical/lapel_mic_and_audio_theories.mdx,Medical,DONE,HOSW,10,w4check
site/docs/Medical/medical_examiner.mdx,Medical,DONE,HOSW,10,w4check
site/docs/Medical/medical_staff_changes.mdx,Medical,DONE,HOSW,10,w4check
site/docs/Medical/military_backgrounds_hospital_staff.mdx,Medical,DONE,HOSW,10,w4check
site/docs/Medical/missing_spinal_cord_question.mdx,Medical,DONE,HOSW,10,w4check
site/docs/Medical/overview.mdx,Medical,DONE,HOSW,10,w4check
site/docs/Medical/patient_medical_records_transferred.mdx,Medical,DONE,HOSW,10,w4check
site/docs/Medical/patients_moved_to_another_hospital.mdx,Medical,DONE,HOSW,10,w4check
site/docs/Medical/patients_moved_to_another_wing.mdx,Medical,DONE,HOSW,10,w4check
site/docs/Medical/shape_charge_vs_bullet.mdx,Medical,DONE,HOSW,10,w4check
site/docs/Medical/state_brief_trajectory_contradiction.mdx,Medical,DONE,HOSW,10,w4check
site/docs/Medical/surgeon_warned_before_surgery.mdx,Medical,DONE,HOSW,10,w4check
site/docs/Medical/timpanogos_911_call.mdx,Medical,DONE,HOSW,10,w4check
site/docs/Medical/timpanogos_er_cleared_before_shooting.mdx,Medical,DONE,HOSW,10,w4check
site/docs/Medical/trial_and_autopsy_report.mdx,Medical,DONE,HOSW,10,w4check
site/docs/Medical/utah_autopsy_law_changes.mdx,Medical,DONE,HOSW,10,w4check
site/docs/Medical/Hospital/emergency_response.mdx,Medical,DONE,HOSW,10,wave3-check
site/docs/Medical/Hospital/hospital_choice_transport.mdx,Medical,DONE,HOSW,10,wave3-check
site/docs/Medical/Hospital/hospital_scene_ems.mdx,Medical,DONE,HOSW,10,wave3-check
site/docs/Medical/Hospital/overview.mdx,Medical,DONE,HOSW,10,wave3-check
site/docs/Medical/Autopsy/autopsy_law_sb0082.mdx,Medical,DONE,HOSW,10,wave3-check
site/docs/Medical/Autopsy/death_certificate.mdx,Medical,DONE,HOSW,10,wave3-check
site/docs/Medical/Autopsy/medical_examiner_surgeons.mdx,Medical,DONE,HOSW,10,wave3-check
site/docs/Medical/Autopsy/no_autopsy_claims.mdx,Medical,DONE,HOSW,10,wave3-check
site/docs/Medical/Autopsy/overview.mdx,Medical,DONE,HOSW,10,wave3-check
site/docs/Medical/Autopsy/wound_analysis_theories.mdx,Medical,DONE,HOSW,10,wave3-check
site/docs/Fix/Churches.mdx,Fix,DONE,HOSW,12,wave1
site/docs/Fix/Conclusion_Logic.mdx,Fix,DONE,HOSW,12,wave1
site/docs/Fix/Digital_Evidence.mdx,Fix,DONE,HOSW,12,wave1
site/docs/Fix/Discovery_Rights.mdx,Fix,DONE,HOSW,12,wave1
site/docs/Fix/Event_Security.mdx,Fix,DONE,HOSW,12,wave1
site/docs/Fix/Foreign_Influence.mdx,Fix,DONE,HOSW,12,wave1
site/docs/Fix/Media_Reform.mdx,Fix,DONE,HOSW,12,wave1
site/docs/Fix/Medical_Transparency.mdx,Fix,DONE,HOSW,12,wave1
site/docs/Fix/Politicans.mdx,Fix,DONE,HOSW,12,wave1
site/docs/Fix/TSUSA.mdx,Fix,DONE,HOSW,12,wave1
site/docs/Fix/Victim_Family_Rights.mdx,Fix,DONE,HOSW,12,wave1
site/docs/Fix/Whistleblower.mdx,Fix,DONE,HOSW,12,wave1
site/docs/Fix/overview.mdx,Fix,DONE,HOSW,12,wave1
site/docs/Fix/disabled/Law1.mdx,Fix,DONE,HOSW,12,wave1
site/docs/Fix/disabled/Law2.mdx,Fix,DONE,HOSW,12,wave1
site/docs/Fix/disabled/Law3.mdx,Fix,DONE,HOSW,12,wave1
site/docs/Fix/disabled/Law4.mdx,Fix,DONE,HOSW,12,wave1
site/docs/People/Central_Figures.mdx,People,DONE,HOSW,2,wave1
site/docs/People/Families_And_Close_Associates.mdx,People,DONE,HOSW,2,wave1
site/docs/People/Investigation_Index.mdx,People,DONE,HOSW,2,wave1
site/docs/People/Lance_Twiggs_Family.mdx,People,DONE,HOSW,2,wave1
site/docs/People/Officials_And_Institutions.mdx,People,DONE,HOSW,2,wave1
site/docs/People/Witnesses_Security_And_CitizenInvestigators.mdx,People,DONE,HOSW,2,wave1
site/docs/People/abdel-fattah-el-sisi.mdx,People,DONE,HOSW,2,wave1
site/docs/People/adam-bartholomew.mdx,People,DONE,HOSW,2,wave1
site/docs/People/adam-neff.mdx,People,DONE,HOSW,2,wave1
site/docs/People/ahmed-khalil.mdx,People,DONE,HOSW,2,wave1
site/docs/People/ahmed-qureshi.mdx,People,DONE,HOSW,2,wave1
site/docs/People/alan-robertson.mdx,People,DONE,HOSW,2,wave1
site/docs/People/alex-faria.mdx,People,DONE,HOSW,2,wave1
site/docs/People/amanda-bakker.mdx,People,DONE,HOSW,2,wave1
site/docs/People/amy-r-twiggs.mdx,People,DONE,HOSW,2,wave1
site/docs/People/andrea-burkhart.mdx,People,DONE,HOSW,2,wave1
site/docs/People/andrew-feraci.mdx,People,DONE,HOSW,2,wave1
site/docs/People/andrew-kolvet.mdx,People,DONE,HOSW,2,wave1
site/docs/People/andrew-sypher.mdx,People,DONE,HOSW,2,wave1
site/docs/People/andrew-wilson.mdx,People,DONE,HOSW,2,wave1
site/docs/People/angela-hammond.mdx,People,DONE,HOSW,2,wave2-partial
site/docs/People/angie-martin.mdx,People,DONE,HOSW,2,wave2-partial
site/docs/People/anthony-west.mdx,People,DONE,HOSW,2,wave2-partial
site/docs/People/apostle-mario-bramnick.mdx,People,DONE,HOSW,2,wave2-partial
site/docs/People/arynne-wexler.mdx,People,DONE,HOSW,2,wave2-partial
site/docs/People/astrid-s-tuminez.mdx,People,DONE,HOSW,2,wave2-partial
site/docs/People/ben-shapiro.mdx,People,DONE,HOSW,2,wave2-partial
site/docs/People/benjamin-netanyahu.mdx,People,DONE,HOSW,2,wave2-partial
site/docs/People/bill-lee.mdx,People,DONE,HOSW,2,wave2-partial
site/docs/People/blaine-holt.mdx,People,DONE,HOSW,2,wave2-partial
site/docs/People/blake-bednarz.mdx,People,DONE,HOSW,2,wave2-partial
site/docs/People/blake-haruff.mdx,People,DONE,HOSW,2,wave2-partial
site/docs/People/blake-neff.mdx,People,DONE,HOSW,2,wave2-partial
site/docs/People/bradley-hansell.mdx,People,DONE,HOSW,2,wave2-partial
site/docs/People/brayden-glascock.mdx,People,DONE,HOSW,2,wave2-partial
site/docs/People/brian-davis.mdx,People,DONE,HOSW,2,wave2-partial
site/docs/People/brian-gill.mdx,People,DONE,HOSW,2,wave2-partial
site/docs/People/bryan-starbuck.mdx,People,DONE,HOSW,2,wave2-partial
site/docs/People/burton-romrell.mdx,People,DONE,HOSW,2,wave2-partial
site/docs/People/butch-hibbs.mdx,People,DONE,HOSW,2,wave2-partial
site/docs/People/cabot-phillips.mdx,People,DONE,HOSW,2,wave3-check
site/docs/People/caitlin-oliver.mdx,People,DONE,HOSW,2,wave3-check
site/docs/People/caleb-chilcutt.mdx,People,DONE,HOSW,2,wave3-check
site/docs/People/candace-owens.mdx,People,DONE,HOSW,2,wave3-check
site/docs/People/carrie-prejean-boller.mdx,People,DONE,HOSW,2,wave3-check
site/docs/People/chad-e-grunander.mdx,People,DONE,HOSW,2,wave3-check
site/docs/People/charles-mcclintock-wilson.mdx,People,DONE,HOSW,2,wave3-check
site/docs/People/charlie-kirk-girlfriend-claims.mdx,People,DONE,HOSW,2,wave3-check
site/docs/People/charlie-kirk.mdx,People,DONE,HOSW,2,wave3-check
site/docs/People/chris-bagley.mdx,People,DONE,HOSW,2,wave3-check
site/docs/People/chris-martenson.mdx,People,DONE,HOSW,2,wave3-check
site/docs/People/christopher-d-ballard.mdx,People,DONE,HOSW,2,wave3-check
site/docs/People/cj-pearson.mdx,People,DONE,HOSW,2,wave3-check
site/docs/People/connor-dority.mdx,People,DONE,HOSW,2,wave3-check
site/docs/People/connor-henderson.mdx,People,DONE,HOSW,2,wave3-check
site/docs/People/dan-bongino.mdx,People,DONE,HOSW,2,wave3-check
site/docs/People/dan-flood.mdx,People,DONE,HOSW,2,wave3-check
site/docs/People/dan-harpole.mdx,People,DONE,HOSW,2,wave3-check
site/docs/People/dan-merrell.mdx,People,DONE,HOSW,2,wave3-check
site/docs/People/daniel-neff.mdx,People,DONE,HOSW,2,wave3-check
site/docs/People/danny-phillip.mdx,People,DONE,HOSW,2,wave3-check
site/docs/People/david-engelhardt.mdx,People,DONE,HOSW,2,wave3-check
site/docs/People/david-hull.mdx,People,DONE,HOSW,2,wave3-check
site/docs/People/david-sturgill.mdx,People,DONE,HOSW,2,wave3-check
site/docs/People/deidre-henderson.mdx,People,DONE,HOSW,2,wave3-check
site/docs/People/deirdre-amaro.mdx,People,DONE,HOSW,2,wave3-check
site/docs/People/derek-maxfield.mdx,People,DONE,HOSW,2,wave3-check
site/docs/People/derek-p-pullan.mdx,People,DONE,HOSW,2,wave3-check
site/docs/People/donald-trump.mdx,People,DONE,HOSW,2,wave3-check
site/docs/People/doug-degroote.mdx,People,DONE,HOSW,2,wave3-check
site/docs/People/doug-terry.mdx,People,DONE,HOSW,2,wave3-check
site/docs/People/dustin-gard-weiss.mdx,People,DONE,HOSW,2,wave3-check
site/docs/People/dylan-hope.mdx,People,DONE,HOSW,2,wave3-check
site/docs/People/eitan-weiss.mdx,People,DONE,HOSW,2,wave3-check
site/docs/People/eksayn-anderson.mdx,People,DONE,HOSW,2,wave3-check
site/docs/People/elena-vasquez.mdx,People,DONE,HOSW,2,w4check
site/docs/People/elizabeth-mccoy.mdx,People,DONE,HOSW,2,w4check
site/docs/People/emily-wilson.mdx,People,DONE,HOSW,2,w4check
site/docs/People/emmanuel-beerer.mdx,People,DONE,HOSW,2,w4check
site/docs/People/emmanuel-macron.mdx,People,DONE,HOSW,2,w4check
site/docs/People/eric-bolling.mdx,People,DONE,HOSW,2,w4check
site/docs/People/erika-kirk.mdx,People,DONE,HOSW,2,w4check
site/docs/People/erwin-steele-caldera.mdx,People,DONE,HOSW,2,w4check
site/docs/People/frank-turek.mdx,People,DONE,HOSW,2,w4check
site/docs/People/furkan-gozukara.mdx,People,DONE,HOSW,2,w4check
site/docs/People/gernot-ohner.mdx,People,DONE,HOSW,2,w4check
site/docs/People/gina-romney-henderson.mdx,People,DONE,HOSW,2,w4check
site/docs/People/grace-ashford.mdx,People,DONE,HOSW,2,w4check
site/docs/People/gray-hughes.mdx,People,DONE,HOSW,2,w4check
site/docs/People/harrison-smith.mdx,People,DONE,HOSW,2,w4check
site/docs/People/henry-dells.mdx,People,DONE,HOSW,2,w4check
site/docs/People/hunter-kozak.mdx,People,DONE,HOSW,2,w4check
site/docs/People/ian-carroll.mdx,People,DONE,HOSW,2,w4check
site/docs/People/jack-hibbs.mdx,People,DONE,HOSW,2,w4check
site/docs/People/jack-posobiec.mdx,People,DONE,HOSW,2,w4check
site/docs/People/jacob-reses.mdx,People,DONE,HOSW,2,w4check
site/docs/People/jamal-reed.mdx,People,DONE,HOSW,2,w4check
site/docs/People/jason-behunin.mdx,People,DONE,HOSW,2,w4check
site/docs/People/jayden-wilson.mdx,People,DONE,HOSW,2,w4check
site/docs/People/jd-vance.mdx,People,DONE,HOSW,2,w4check
site/docs/People/jeb-jacobi.mdx,People,DONE,HOSW,2,w4check
site/docs/People/jeff-long.mdx,People,DONE,HOSW,2,w4check
site/docs/People/jeffrey-neiman.mdx,People,DONE,HOSW,2,w4check
site/docs/People/jeffrey-s-gray.mdx,People,DONE,HOSW,2,w4check
site/docs/People/jennifer-faumuina.mdx,People,DONE,HOSW,2,w4check
site/docs/People/jeremy-gallman.mdx,People,DONE,HOSW,2,w4check
site/docs/People/jeremy-king.mdx,People,DONE,HOSW,2,w4check
site/docs/People/jerry-t-twiggs.mdx,People,DONE,HOSW,2,w4check
site/docs/People/jessica-krauss.mdx,People,DONE,HOSW,2,w4check
site/docs/People/john-kiriakou.mdx,People,DONE,HOSW,2,w4check
site/docs/People/john-ratcliffe.mdx,People,DONE,HOSW,2,w4check
site/docs/People/jon-bray.mdx,People,DONE,HOSW,2,w4check
site/docs/People/josh-hammer.mdx,People,DONE,HOSW,2,w4check
site/docs/People/justin-davis.mdx,People,DONE,HOSW,2,w4check
site/docs/People/justin-streiff.mdx,People,DONE,HOSW,2,w4check
site/docs/People/kash-patel.mdx,People,TODO,----,2,
site/docs/People/kathryn-nester.mdx,People,TODO,----,2,
site/docs/People/kevin-steele.mdx,People,TODO,----,2,
site/docs/People/kyle-saltz.mdx,People,TODO,----,2,
site/docs/People/laine-schoenberg.mdx,People,TODO,----,2,
site/docs/People/laine-schoneberger.mdx,People,TODO,----,2,
site/docs/People/lance-alfred.mdx,People,TODO,----,2,
site/docs/People/lance-twiggs.mdx,People,TODO,----,2,
site/docs/People/lauren-hunt.mdx,People,TODO,----,2,
site/docs/People/laurie-cardoza-moore.mdx,People,TODO,----,2,
site/docs/People/lee-patterson.mdx,People,TODO,----,2,
site/docs/People/lee-trotter.mdx,People,TODO,----,2,
site/docs/People/lisa-thornton.mdx,People,TODO,----,2,
site/docs/People/liz-wheeler.mdx,People,TODO,----,2,
site/docs/People/lori-frantzve.mdx,People,TODO,----,2,
site/docs/People/lori-robinson.mdx,People,TODO,----,2,
site/docs/People/luke-moon.mdx,People,TODO,----,2,
site/docs/People/marcus-wada.mdx,People,TODO,----,2,
site/docs/People/marjorie-taylor-greene.mdx,People,TODO,----,2,
site/docs/People/mark-harlan.mdx,People,TODO,----,2,
site/docs/People/mathew-franke.mdx,People,TODO,----,2,
site/docs/People/matt-robinson.mdx,People,TODO,----,2,
site/docs/People/matthew-st-baker.mdx,People,TODO,----,2,
site/docs/People/mehtab-syed.mdx,People,TODO,----,2,
site/docs/People/michael-burt.mdx,People,TODO,----,2,
site/docs/People/michael-dutsun.mdx,People,TODO,----,2,
site/docs/People/michael-olbert.mdx,People,TODO,----,2,
site/docs/People/michael-powell.mdx,People,TODO,----,2,
site/docs/People/michelle-cammack.mdx,People,TODO,----,2,
site/docs/People/mikayla-r-twiggs.mdx,People,TODO,----,2,
site/docs/People/mike-glover.mdx,People,TODO,----,2,
site/docs/People/mike-miller.mdx,People,TODO,----,2,
site/docs/People/mike-mitchell.mdx,People,TODO,----,2,
site/docs/People/mike-smith.mdx,People,TODO,----,2,
site/docs/People/mikey-mccoy.mdx,People,TODO,----,2,
site/docs/People/minjae-kim.mdx,People,TODO,----,2,
site/docs/People/mitch-snow.mdx,People,TODO,----,2,
site/docs/People/moyo-dasaolu.mdx,People,TODO,----,2,
site/docs/People/mystery-woman-signed-off.mdx,People,TODO,----,2,
site/docs/People/natasha-hausdorff.mdx,People,TODO,----,2,
site/docs/People/nate-brooksby.mdx,People,TODO,----,2,
site/docs/People/nate-friedman.mdx,People,TODO,----,2,
site/docs/People/nathan-henderson.mdx,People,TODO,----,2,
site/docs/People/olivia-bishop.mdx,People,TODO,----,2,
site/docs/People/omar-nassar.mdx,People,TODO,----,2,
site/docs/People/ory-rinat.mdx,People,TODO,----,2,
site/docs/People/overview.mdx,People,TODO,----,2,
site/docs/People/pam-bondi.mdx,People,TODO,----,2,
site/docs/People/pete-hegseth.mdx,People,TODO,----,2,
site/docs/People/phillip-goldsberry-jr.mdx,People,TODO,----,2,
site/docs/People/pierce-beck.mdx,People,TODO,----,2,
site/docs/People/pierre-du-pont.mdx,People,TODO,----,2,
site/docs/People/rabbi-pesach-wolicki.mdx,People,TODO,----,2,
site/docs/People/ralph-reed.mdx,People,TODO,----,2,
site/docs/People/richard-g-novak.mdx,People,TODO,----,2,
site/docs/People/richard-rasmussen.mdx,People,TODO,----,2,
site/docs/People/rob-hild.mdx,People,TODO,----,2,
site/docs/People/rob-mccoy.mdx,People,TODO,----,2,
site/docs/People/rob-oneill.mdx,People,TODO,----,2,
site/docs/People/robbie-hill.mdx,People,TODO,----,2,
site/docs/People/robert-bohls.mdx,People,TODO,----,2,
site/docs/People/robert-golo.mdx,People,TODO,----,2,
site/docs/People/robert-patterson.mdx,People,TODO,----,2,
site/docs/People/robert-shillman.mdx,People,TODO,----,2,
site/docs/People/rudy-bautista.mdx,People,TODO,----,2,
site/docs/People/rusty-needs.mdx,People,TODO,----,2,
site/docs/People/ryan-mcbride.mdx,People,TODO,----,2,
site/docs/People/samantha-karner.mdx,People,TODO,----,2,
site/docs/People/sameer-massey.mdx,People,TODO,----,2,
site/docs/People/sarah-klein.mdx,People,TODO,----,2,
site/docs/People/scott-lazerson.mdx,People,TODO,----,2,
site/docs/People/scott-messinger.mdx,People,TODO,----,2,
site/docs/People/sean-parnell.mdx,People,TODO,----,2,
site/docs/People/sean-reyes.mdx,People,TODO,----,2,
site/docs/People/sergeant-elsholz.mdx,People,TODO,----,2,
site/docs/People/seth-dillon.mdx,People,TODO,----,2,
site/docs/People/skye-valadez.mdx,People,TODO,----,2,
site/docs/People/spencer-cox.mdx,People,TODO,----,2,
site/docs/People/staci-visser.mdx,People,TODO,----,2,
site/docs/People/stacy-sheridan.mdx,People,TODO,----,2,
site/docs/People/steve-cameron.mdx,People,TODO,----,2,
site/docs/People/steve-kozak.mdx,People,TODO,----,2,
site/docs/People/steven-crowder.mdx,People,TODO,----,2,
site/docs/People/steven-denoon.mdx,People,TODO,----,2,
site/docs/People/steven-neeleman.mdx,People,TODO,----,2,
site/docs/People/tami-radabaugh.mdx,People,TODO,----,2,
site/docs/People/terryl-farnsworth.mdx,People,TODO,----,2,
site/docs/People/tiffany-barker.mdx,People,TODO,----,2,
site/docs/People/tim-ballard.mdx,People,TODO,----,2,
site/docs/People/tom-sodeika.mdx,People,TODO,----,2,
site/docs/People/tony-seruga.mdx,People,TODO,----,2,
site/docs/People/trigger-smart.mdx,People,DONE,HOSW,2,wave5-partial
site/docs/People/tucker-carlson.mdx,People,DONE,HOSW,2,wave5-partial
site/docs/People/tyler-bowyer.mdx,People,DONE,HOSW,2,wave5-partial
site/docs/People/tyler-robinson.mdx,People,DONE,HOSW,2,wave5-partial
site/docs/People/unnamed-surgeon.mdx,People,DONE,HOSW,2,wave5-partial
site/docs/People/walid-mahmoud.mdx,People,DONE,HOSW,2,wave5-partial
site/docs/People/william-pugh.mdx,People,DONE,HOSW,2,wave5-partial
site/docs/People/xaviaer-durousseau.mdx,People,DONE,HOSW,2,wave5-partial
site/docs/People/yair-netanyahu.mdx,People,DONE,HOSW,2,wave5-partial
site/docs/People/yehuda-kaploun.mdx,People,DONE,HOSW,2,wave5-partial
site/docs/People/zane-qureshi.mdx,People,DONE,HOSW,2,wave5-partial
site/docs/Before/Before_Investigation_Index.mdx,Before,DONE,HOSW,8,wave1
site/docs/Before/Free-Speech-Campus-Issues.mdx,Before,DONE,HOSW,8,wave1
site/docs/Before/Heightened-Political-Tensions.mdx,Before,DONE,HOSW,8,wave1
site/docs/Before/MAGA-Antisemitism-Debate.mdx,Before,DONE,HOSW,8,wave1
site/docs/Before/Political-Violence-Debate.mdx,Before,DONE,HOSW,8,wave1
site/docs/Before/Political_Pressure_And_Meetings_2025.mdx,Before,DONE,HOSW,8,wave1
site/docs/Before/PreEvent_Searches_And_Recon.mdx,Before,DONE,HOSW,8,wave1
site/docs/Before/State-Department-Response.mdx,Before,DONE,HOSW,8,wave1
site/docs/Before/Woke-Right-Defamation.mdx,Before,DONE,HOSW,8,wave1
site/docs/Before/overview.mdx,Before,DONE,HOSW,8,wave1
site/docs/legal_investigation/overview.mdx,legal_investigation,TODO,----,11,
site/docs/Roof/black-clothing-vs-jeans.mdx,Roof,DONE,HOSW,12,w4check
site/docs/Roof/decoy-no-shot-from-roof.mdx,Roof,DONE,HOSW,12,w4check
site/docs/Roof/military-lateral-crawl.mdx,Roof,DONE,HOSW,12,w4check
site/docs/Roof/multiple-roofs-figures.mdx,Roof,DONE,HOSW,12,w4check
site/docs/Roof/news-helicopter-screwdriver.mdx,Roof,DONE,HOSW,12,w4check
site/docs/Roof/no-muzzle-flash-or-recoil.mdx,Roof,DONE,HOSW,12,wave0
site/docs/Roof/overview.mdx,Roof,DONE,HOSW,12,w4check
site/docs/Roof/pre-shot-signal-claims.mdx,Roof,DONE,HOSW,12,w4check
site/docs/Roof/roof-figure-not-tyler.mdx,Roof,DONE,HOSW,12,w4check
site/docs/Roof/roof-line-of-sight.mdx,Roof,DONE,HOSW,12,w4check
site/docs/Roof/roof-timeline.mdx,Roof,DONE,HOSW,12,w4check
site/docs/Roof/screwdriver-and-crime-scene-tape.mdx,Roof,DONE,HOSW,12,w4check
site/docs/Roof/tactical-roof-run.mdx,Roof,DONE,HOSW,12,w4check
site/docs/Roof/trained-roof-drop.mdx,Roof,DONE,HOSW,12,w4check
site/docs/Drones/Butch_Hibbs_Crowd_Drones.mdx,Drones,DONE,HOSW,9,wave1
site/docs/Drones/Butler_PA_Drone_Parallel.mdx,Drones,DONE,HOSW,9,wave1
site/docs/Drones/Investigation_Index.mdx,Drones,DONE,HOSW,9,wave1
site/docs/Drones/Israeli_Armed_Quadcopter.mdx,Drones,DONE,HOSW,9,wave1
site/docs/Drones/Military_Drones_On_Video.mdx,Drones,DONE,HOSW,9,wave1
site/docs/Drones/N1098L_Air_Launched_Drones.mdx,Drones,DONE,HOSW,9,wave1
site/docs/Drones/Switchblade_DARPA_Claims.mdx,Drones,DONE,HOSW,9,wave1
site/docs/Drones/TPUSA_Production_Drone.mdx,Drones,DONE,HOSW,9,wave1
site/docs/Drones/UVU_Security_No_Drones.mdx,Drones,DONE,HOSW,9,wave1
site/docs/Drones/overview.mdx,Drones,DONE,HOSW,9,wave1
site/docs/Influencers/Censorship_of_Investigators.mdx,Influencers,DONE,HOSW,1,wave1
site/docs/Influencers/Influencers_Investigation_Index.mdx,Influencers,DONE,HOSW,1,wave1
site/docs/Influencers/Trusted_Investigators.mdx,Influencers,DONE,HOSW,1,wave1
site/docs/Influencers/holon-citizen.mdx,Influencers,DONE,HOSW,1,wave1
site/docs/Influencers/john-cullen.mdx,Influencers,DONE,HOSW,1,wave1
site/docs/Influencers/overview.mdx,Influencers,DONE,HOSW,1,wave1
site/docs/Influencers/podcasts-alex-jones.mdx,Influencers,DONE,HOSW,1,wave1
site/docs/Influencers/podcasts-baron.mdx,Influencers,DONE,HOSW,1,wave1
site/docs/Influencers/podcasts-benny-johnson.mdx,Influencers,DONE,HOSW,1,wave1
site/docs/Influencers/podcasts-candace-owens.mdx,Influencers,DONE,HOSW,1,wave1
site/docs/Influencers/podcasts-charlie-kirk-show.mdx,Influencers,DONE,HOSW,1,wave1
site/docs/Influencers/podcasts-dave-smith.mdx,Influencers,DONE,HOSW,1,wave1
site/docs/Influencers/podcasts-elijah-schaffer.mdx,Influencers,DONE,HOSW,1,wave1
site/docs/Influencers/podcasts-glenn-greenwald.mdx,Influencers,DONE,HOSW,1,wave1
site/docs/Influencers/podcasts-hodgetwins.mdx,Influencers,DONE,HOSW,1,wave1
site/docs/Influencers/podcasts-ian-carroll.mdx,Influencers,DONE,HOSW,1,wave1
site/docs/Influencers/podcasts-jason-whitlock.mdx,Influencers,DONE,HOSW,1,wave1
site/docs/Influencers/podcasts-jimmy-dore.mdx,Influencers,DONE,HOSW,1,wave1
site/docs/Influencers/podcasts-joe-rogan.mdx,Influencers,DONE,HOSW,1,wave1
site/docs/Influencers/podcasts-megyn-kelly.mdx,Influencers,DONE,HOSW,1,wave1
site/docs/Influencers/podcasts-patrick-bet-david.mdx,Influencers,DONE,HOSW,1,wave2-partial
site/docs/Influencers/podcasts-project-constitution.mdx,Influencers,DONE,HOSW,1,wave2-partial
site/docs/Influencers/podcasts-shawn-ryan.mdx,Influencers,DONE,HOSW,1,wave2-partial
site/docs/Influencers/podcasts-steve-bannon.mdx,Influencers,DONE,HOSW,1,wave2-partial
site/docs/Influencers/podcasts-stew-peters.mdx,Influencers,DONE,HOSW,1,wave2-partial
site/docs/Influencers/podcasts-tucker-carlson.mdx,Influencers,DONE,HOSW,1,wave2-partial
site/docs/Influencers/podcasts.mdx,Influencers,DONE,HOSW,1,wave2-partial
site/docs/Influencers/sam-parker.mdx,Influencers,DONE,HOSW,1,wave2-partial
site/docs/Influencers/x.mdx,Influencers,DONE,HOSW,1,wave2-partial
site/docs/Influencers/youtube.mdx,Influencers,TODO,----,1,
site/docs/Influencers/x/1mrswhistledown.mdx,Influencers,DONE,HOSW,1,wave2-partial
site/docs/Influencers/x/2smartski.mdx,Influencers,DONE,HOSW,1,wave2-partial
site/docs/Influencers/x/5149jamesli.mdx,Influencers,DONE,HOSW,1,wave2-partial
site/docs/Influencers/x/aburkhartlaw.mdx,Influencers,DONE,HOSW,1,wave2-partial
site/docs/Influencers/x/adamemedia.mdx,Influencers,DONE,HOSW,1,wave2-partial
site/docs/Influencers/x/aducarrabh.mdx,Influencers,DONE,HOSW,1,wave2-partial
site/docs/Influencers/x/afpost.mdx,Influencers,DONE,HOSW,1,wave2-partial
site/docs/Influencers/x/aggelos-syr.mdx,Influencers,DONE,HOSW,1,wave2-partial
site/docs/Influencers/x/aghamilton29.mdx,Influencers,DONE,HOSW,1,wave2-partial
site/docs/Influencers/x/aldamu-jo.mdx,Influencers,DONE,HOSW,1,wave2-partial
site/docs/Influencers/x/alexboge.mdx,Influencers,DONE,HOSW,1,wave2-partial
site/docs/Influencers/x/alleytopfiles.mdx,Influencers,DONE,HOSW,1,wave3-check
site/docs/Influencers/x/ameadowinquiry.mdx,Influencers,DONE,HOSW,1,wave3-check
site/docs/Influencers/x/americaonlybro.mdx,Influencers,DONE,HOSW,1,wave3-check
site/docs/Influencers/x/ammermazing.mdx,Influencers,DONE,HOSW,1,wave3-check
site/docs/Influencers/x/anaescobarshow.mdx,Influencers,DONE,HOSW,1,wave3-check
site/docs/Influencers/x/andrewkolvet.mdx,Influencers,DONE,HOSW,1,wave3-check
site/docs/Influencers/x/angelabethmoore.mdx,Influencers,DONE,HOSW,1,wave3-check
site/docs/Influencers/x/angertab.mdx,Influencers,DONE,HOSW,1,wave3-check
site/docs/Influencers/x/ariana-j-21.mdx,Influencers,DONE,HOSW,1,wave3-check
site/docs/Influencers/x/aric333.mdx,Influencers,DONE,HOSW,1,wave3-check
site/docs/Influencers/x/artifexmemor.mdx,Influencers,DONE,HOSW,1,wave3-check
site/docs/Influencers/x/askperplexity.mdx,Influencers,DONE,HOSW,1,wave3-check
site/docs/Influencers/x/balochramzan2.mdx,Influencers,DONE,HOSW,1,wave3-check
site/docs/Influencers/x/based-sam-parker.mdx,Influencers,DONE,HOSW,1,wave3-check
site/docs/Influencers/x/bayonerd09.mdx,Influencers,DONE,HOSW,1,wave3-check
site/docs/Influencers/x/bdpelton.mdx,Influencers,DONE,HOSW,1,wave3-check
site/docs/Influencers/x/bechedith.mdx,Influencers,DONE,HOSW,1,wave3-check
site/docs/Influencers/x/bethcharron1.mdx,Influencers,DONE,HOSW,1,wave3-check
site/docs/Influencers/x/bgilberg79.mdx,Influencers,DONE,HOSW,1,wave3-check
site/docs/Influencers/x/bizarro-videos.mdx,Influencers,DONE,HOSW,1,wave3-check
site/docs/Influencers/x/blakesneff.mdx,Influencers,DONE,HOSW,1,wave3-check
site/docs/Influencers/x/blesamerica.mdx,Influencers,DONE,HOSW,1,wave3-check
site/docs/Influencers/x/borrowed7time.mdx,Influencers,DONE,HOSW,1,wave3-check
site/docs/Influencers/x/boweschay.mdx,Influencers,DONE,HOSW,1,wave3-check
site/docs/Influencers/x/brandisiciliani.mdx,Influencers,DONE,HOSW,1,wave3-check
site/docs/Influencers/x/bratpain.mdx,Influencers,DONE,HOSW,1,wave3-check
site/docs/Influencers/x/bren45000.mdx,Influencers,DONE,HOSW,1,wave3-check
site/docs/Influencers/x/brenda11831.mdx,Influencers,DONE,HOSW,1,wave3
site/docs/Influencers/x/brianharpole.mdx,Influencers,DONE,HOSW,1,wave3
site/docs/Influencers/x/cabot-phillips.mdx,Influencers,DONE,HOSW,1,wave3
site/docs/Influencers/x/camelotjack1963.mdx,Influencers,DONE,HOSW,1,wave3
site/docs/Influencers/x/candice60896290.mdx,Influencers,DONE,HOSW,1,wave3
site/docs/Influencers/x/cashloren.mdx,Influencers,DONE,HOSW,1,wave3
site/docs/Influencers/x/catquestionsall.mdx,Influencers,DONE,HOSW,1,wave3
site/docs/Influencers/x/cayla-patricia.mdx,Influencers,DONE,HOSW,1,wave3
site/docs/Influencers/x/censoredhumans.mdx,Influencers,DONE,HOSW,1,w4check
site/docs/Influencers/x/charlie-ward77.mdx,Influencers,DONE,HOSW,1,w4check
site/docs/Influencers/x/charliekirk11.mdx,Influencers,DONE,HOSW,1,w4check
site/docs/Influencers/x/charlottelee-88.mdx,Influencers,DONE,HOSW,1,w4check
site/docs/Influencers/x/cinemashogun.mdx,Influencers,DONE,HOSW,1,w4check
site/docs/Influencers/x/cletus-jethro.mdx,Influencers,DONE,HOSW,1,w4check
site/docs/Influencers/x/conservativedv.mdx,Influencers,DONE,HOSW,1,w4check
site/docs/Influencers/x/crimetalknet.mdx,Influencers,DONE,HOSW,1,w4check
site/docs/Influencers/x/crossbbritt.mdx,Influencers,DONE,HOSW,1,w4check
site/docs/Influencers/x/crystalsmallen.mdx,Influencers,DONE,HOSW,1,w4check
site/docs/Influencers/x/dailymail.mdx,Influencers,DONE,HOSW,1,w4check
site/docs/Influencers/x/dailymindvirus.mdx,Influencers,DONE,HOSW,1,w4check
site/docs/Influencers/x/dailyplanetoid.mdx,Influencers,DONE,HOSW,1,w4check
site/docs/Influencers/x/dancampbel44604.mdx,Influencers,DONE,HOSW,1,w4check
site/docs/Influencers/x/dangeroustruth1.mdx,Influencers,DONE,HOSW,1,w4check
site/docs/Influencers/x/danifesto.mdx,Influencers,DONE,HOSW,1,w4check
site/docs/Influencers/x/danksterintel.mdx,Influencers,DONE,HOSW,1,w4check
site/docs/Influencers/x/datarepublican.mdx,Influencers,DONE,HOSW,1,w4check
site/docs/Influencers/x/daviddunn177.mdx,Influencers,DONE,HOSW,1,w4check
site/docs/Influencers/x/ddgotapodcast.mdx,Influencers,DONE,HOSW,1,w4check
site/docs/Influencers/x/denton-doyle.mdx,Influencers,DONE,HOSW,1,w4check
site/docs/Influencers/x/derrickevans4wv.mdx,Influencers,DONE,HOSW,1,w4check
site/docs/Influencers/x/diddlezs.mdx,Influencers,DONE,HOSW,1,w4check
site/docs/Influencers/x/diligent-denizen-2.mdx,Influencers,DONE,HOSW,1,w4check
site/docs/Influencers/x/diligent-denizen.mdx,Influencers,DONE,HOSW,1,w4check
site/docs/Influencers/x/drfrankturek.mdx,Influencers,DONE,HOSW,1,wave4
site/docs/Influencers/x/ericldaugh.mdx,Influencers,DONE,HOSW,1,wave4
site/docs/Influencers/x/evanakilgore.mdx,Influencers,DONE,HOSW,1,wave4
site/docs/Influencers/x/factsvszee.mdx,Influencers,DONE,HOSW,1,wave4
site/docs/Influencers/x/faithdrivur.mdx,Influencers,DONE,HOSW,1,wave4
site/docs/Influencers/x/financewolves.mdx,Influencers,DONE,HOSW,1,wave4
site/docs/Influencers/x/foxusnews.mdx,Influencers,DONE,HOSW,1,wave4
site/docs/Influencers/x/fratercrc.mdx,Influencers,DONE,HOSW,1,wave4
site/docs/Influencers/x/furkangozukara.mdx,Influencers,DONE,HOSW,1,wave4
site/docs/Influencers/x/gatewood.mdx,Influencers,DONE,HOSW,1,wave4
site/docs/Influencers/x/generalmcnews.mdx,Influencers,DONE,HOSW,1,wave4
site/docs/Influencers/x/gigabeers.mdx,Influencers,DONE,HOSW,1,wave4
site/docs/Influencers/x/gillx-af.mdx,Influencers,DONE,HOSW,1,wave4
site/docs/Influencers/x/ginamilan.mdx,Influencers,DONE,HOSW,1,wave4
site/docs/Influencers/x/godfatherofchao.mdx,Influencers,DONE,HOSW,1,wave4
site/docs/Influencers/x/goingstrategic.mdx,Influencers,DONE,HOSW,1,wave5-partial
site/docs/Influencers/x/goldenone1980.mdx,Influencers,DONE,HOSW,1,wave5-partial
site/docs/Influencers/x/gouncensored.mdx,Influencers,DONE,HOSW,1,wave5-partial
site/docs/Influencers/x/govcox.mdx,Influencers,DONE,HOSW,1,wave5-partial
site/docs/Influencers/x/grayhuze.mdx,Influencers,DONE,HOSW,1,wave5-partial
site/docs/Influencers/x/greatunwokening.mdx,Influencers,DONE,HOSW,1,wave5-partial
site/docs/Influencers/x/grok.mdx,Influencers,DONE,HOSW,1,wave5-partial
site/docs/Influencers/x/gunthereagleman.mdx,Influencers,DONE,HOSW,1,wave5-partial
site/docs/Influencers/x/harkjjytte.mdx,Influencers,DONE,HOSW,1,wave5-partial
site/docs/Influencers/x/harrisonhsmith.mdx,Influencers,DONE,HOSW,1,wave5-partial
site/docs/Influencers/x/headlineusa.mdx,Influencers,DONE,HOSW,1,wave5-partial
site/docs/Influencers/x/healthranger.mdx,Influencers,DONE,HOSW,1,wave5-partial
site/docs/Influencers/x/hippyygoat.mdx,Influencers,DONE,HOSW,1,wave5-partial
site/docs/Influencers/x/holoncitizen.mdx,Influencers,DONE,HOSW,1,wave5-partial
site/docs/Influencers/x/hotspothotspot.mdx,Influencers,DONE,HOSW,1,wave5-partial
site/docs/Influencers/x/hurtfeelingzday.mdx,Influencers,DONE,HOSW,1,wave5-partial
site/docs/Influencers/x/ian-carroll.mdx,Influencers,DONE,HOSW,1,wave5-partial
site/docs/Influencers/x/iluminomoly.mdx,Influencers,DONE,HOSW,1,wave5-partial
site/docs/Influencers/x/imbreckworsham.mdx,Influencers,DONE,HOSW,1,wave5-partial
site/docs/Influencers/x/in2thinair.mdx,Influencers,DONE,HOSW,1,wave5-partial
site/docs/Influencers/x/ingrahamangle.mdx,Influencers,DONE,HOSW,1,wave5-partial
site/docs/Influencers/x/its-the-dr.mdx,Influencers,DONE,HOSW,1,wave5-partial
site/docs/Influencers/x/itsmorganariel.mdx,Influencers,DONE,HOSW,1,wave5-partial
site/docs/Influencers/x/iwendtster.mdx,Influencers,DONE,HOSW,1,wave5-partial
site/docs/Influencers/x/jackposobiec.mdx,Influencers,DONE,HOSW,1,wave5-partial
site/docs/Influencers/x/jacksonhinkle.mdx,Influencers,DONE,HOSW,1,wave5-partial
site/docs/Influencers/x/jamiburns45.mdx,Influencers,DONE,HOSW,1,wave5-partial
site/docs/Influencers/x/jeannin55385803.mdx,Influencers,DONE,HOSW,1,wave5-partial
site/docs/Influencers/x/jenellen773.mdx,Influencers,DONE,HOSW,1,wave5-partial
site/docs/Influencers/x/jg-cstt.mdx,Influencers,DONE,HOSW,1,wave5-partial
site/docs/Influencers/x/jglasseir.mdx,Influencers,DONE,HOSW,1,wave5-partial
site/docs/Influencers/x/jodychasetn.mdx,Influencers,DONE,HOSW,1,wave5-partial
site/docs/Influencers/x/joekent16jan19.mdx,Influencers,DONE,HOSW,1,wave5
site/docs/Influencers/x/johnmccloy.mdx,Influencers,DONE,HOSW,1,wave5
site/docs/Influencers/x/johnmcvicar16.mdx,Influencers,DONE,HOSW,1,wave5
site/docs/Influencers/x/johnparson35771.mdx,Influencers,DONE,HOSW,1,wave5
site/docs/Influencers/x/jokaqarmy1.mdx,Influencers,DONE,HOSW,1,wave5
site/docs/Influencers/x/josettecaruso.mdx,Influencers,DONE,HOSW,1,wave5
site/docs/Influencers/x/josh-hammer.mdx,Influencers,DONE,HOSW,1,wave5
site/docs/Influencers/x/josh89220.mdx,Influencers,DONE,HOSW,1,wave5
site/docs/Influencers/x/joshbreslo.mdx,Influencers,DONE,HOSW,1,wave5
site/docs/Influencers/x/joshua-the-car.mdx,Influencers,DONE,HOSW,1,wave5
site/docs/Influencers/x/juliandorey.mdx,Influencers,DONE,HOSW,1,wave5
site/docs/Influencers/x/justthetweets17.mdx,Influencers,DONE,HOSW,1,wave5
site/docs/Influencers/x/kagdrogo.mdx,Influencers,DONE,HOSW,1,wave5-partial
site/docs/Influencers/x/kahlissee.mdx,Influencers,DONE,HOSW,1,wave5-partial
site/docs/Influencers/x/kanekoathegreat.mdx,Influencers,DONE,HOSW,1,wave5-partial
site/docs/Influencers/x/kangminlee.mdx,Influencers,DONE,HOSW,1,wave5-partial
site/docs/Influencers/x/kaysu00.mdx,Influencers,DONE,HOSW,1,wave5-partial
site/docs/Influencers/x/kelirabon.mdx,Influencers,DONE,HOSW,1,wave5-partial
site/docs/Influencers/x/kellyomeara5556.mdx,Influencers,DONE,HOSW,1,wave5-partial
site/docs/Influencers/x/kimmagagal2.mdx,Influencers,DONE,HOSW,1,wave5-partial
site/docs/Influencers/x/kuhnsamuel2.mdx,Influencers,DONE,HOSW,1,wave5-partial
site/docs/Influencers/x/kutv2news.mdx,Influencers,DONE,HOSW,1,wave5-partial
site/docs/Influencers/x/kyliejanekremer.mdx,Influencers,DONE,HOSW,1,wave5-partial
site/docs/Influencers/x/leahfiles.mdx,Influencers,DONE,HOSW,1,wave5-partial
site/docs/Influencers/x/letsgobrando45.mdx,Influencers,DONE,HOSW,1,wave5-partial
site/docs/Influencers/x/libertylockpod.mdx,Influencers,DONE,HOSW,1,wave5-partial
site/docs/Influencers/x/lindseey-loo.mdx,Influencers,DONE,HOSW,1,wave5-partial
site/docs/Influencers/x/lionelmedia.mdx,Influencers,DONE,HOSW,1,wave5-partial
site/docs/Influencers/x/liz-wheeler.mdx,Influencers,DONE,HOSW,1,wave5-partial
site/docs/Influencers/x/ltjohnwade.mdx,Influencers,DONE,HOSW,1,wave5-partial
site/docs/Influencers/x/malteselove67.mdx,Influencers,DONE,HOSW,1,wave5-partial
site/docs/Influencers/x/mamacrazee.mdx,Influencers,DONE,HOSW,1,wave5-partial
site/docs/Influencers/x/marionawfal.mdx,Influencers,DONE,HOSW,1,wave5-partial
site/docs/Influencers/x/matt82704417.mdx,Influencers,DONE,HOSW,1,wave5-partial
site/docs/Influencers/x/maxblumenthal.mdx,Influencers,DONE,HOSW,1,wave5-partial
site/docs/Influencers/x/maxnordau.mdx,Influencers,TODO,----,1,
site/docs/Influencers/x/maxthecrowhouse.mdx,Influencers,TODO,----,1,
site/docs/Influencers/x/maxwell1995vjjo.mdx,Influencers,TODO,----,1,
site/docs/Influencers/x/michael-vina27.mdx,Influencers,TODO,----,1,
site/docs/Influencers/x/mini-111111.mdx,Influencers,TODO,----,1,
site/docs/Influencers/x/misfitpatriot.mdx,Influencers,TODO,----,1,
site/docs/Influencers/x/mistressdivy.mdx,Influencers,TODO,----,1,
site/docs/Influencers/x/mjtruthultra.mdx,Influencers,TODO,----,1,
site/docs/Influencers/x/mmpadellan.mdx,Influencers,TODO,----,1,
site/docs/Influencers/x/mrdiscordeous.mdx,Influencers,TODO,----,1,
site/docs/Influencers/x/msjanedoeuknow.mdx,Influencers,TODO,----,1,
site/docs/Influencers/x/mzakkiel.mdx,Influencers,TODO,----,1,
site/docs/Influencers/x/natenewsnow.mdx,Influencers,TODO,----,1,
site/docs/Influencers/x/nihilox.mdx,Influencers,TODO,----,1,
site/docs/Influencers/x/ninoboxer.mdx,Influencers,TODO,----,1,
site/docs/Influencers/x/nurse4mercy.mdx,Influencers,TODO,----,1,
site/docs/Influencers/x/ofvoice35353.mdx,Influencers,TODO,----,1,
site/docs/Influencers/x/outnumberedfnc.mdx,Influencers,TODO,----,1,
site/docs/Influencers/x/owenbenjamin.mdx,Influencers,TODO,----,1,
site/docs/Influencers/x/paramounttactcl-2.mdx,Influencers,TODO,----,1,
site/docs/Influencers/x/partisangirl.mdx,Influencers,TODO,----,1,
site/docs/Influencers/x/patriotpaul82.mdx,Influencers,TODO,----,1,
site/docs/Influencers/x/patriotverity.mdx,Influencers,TODO,----,1,
site/docs/Influencers/x/paulyrubino.mdx,Influencers,DONE,HOSW,1,wave5
site/docs/Influencers/x/peakprosperity.mdx,Influencers,DONE,HOSW,1,wave5
site/docs/Influencers/x/petehegseth.mdx,Influencers,DONE,HOSW,1,wave5
site/docs/Influencers/x/phantompain1984.mdx,Influencers,DONE,HOSW,1,wave5
site/docs/Influencers/x/phil-lyman.mdx,Influencers,DONE,HOSW,1,wave5
site/docs/Influencers/x/pnutgalaree.mdx,Influencers,DONE,HOSW,1,wave5
site/docs/Influencers/x/politickleai.mdx,Influencers,DONE,HOSW,1,wave5
site/docs/Influencers/x/project-constitution.mdx,Influencers,DONE,HOSW,1,wave5
site/docs/Influencers/x/rahul-eiwf.mdx,Influencers,DONE,HOSW,1,wave5
site/docs/Influencers/x/rapidresponse47.mdx,Influencers,DONE,HOSW,1,wave5
site/docs/Influencers/x/raumgeist.mdx,Influencers,DONE,HOSW,1,wave5
site/docs/Influencers/x/realhonestash.mdx,Influencers,DONE,HOSW,1,wave5
site/docs/Influencers/x/realk12lioness.mdx,Influencers,DONE,HOSW,1,wave5
site/docs/Influencers/x/realtheforce.mdx,Influencers,DONE,HOSW,1,wave5
site/docs/Influencers/x/realtoriabrooke.mdx,Influencers,DONE,HOSW,1,wave5
site/docs/Influencers/x/realtruthjustic.mdx,Influencers,DONE,HOSW,1,wave5
site/docs/Influencers/x/recklesstruth00.mdx,Influencers,DONE,HOSW,1,wave5
site/docs/Influencers/x/redactednews.mdx,Influencers,DONE,HOSW,1,wave5
site/docs/Influencers/x/redpillb0t.mdx,Influencers,DONE,HOSW,1,wave5
site/docs/Influencers/x/redpillmediax.mdx,Influencers,DONE,HOSW,1,wave5
site/docs/Influencers/x/restrictd-truth.mdx,Influencers,DONE,HOSW,1,wave5
site/docs/Influencers/x/returnofkappy.mdx,Influencers,DONE,HOSW,1,wave5
site/docs/Influencers/x/revwutruth.mdx,Influencers,DONE,HOSW,1,wave5
site/docs/Influencers/x/richtidwell.mdx,Influencers,DONE,HOSW,1,wave5
site/docs/Influencers/x/rickytheguido.mdx,Influencers,DONE,HOSW,1,wave5
site/docs/Influencers/x/robertcalliste1.mdx,Influencers,DONE,HOSW,1,wave5
site/docs/Influencers/x/rt-com.mdx,Influencers,DONE,HOSW,1,wave5
site/docs/Influencers/x/rustyrockets.mdx,Influencers,DONE,HOSW,1,wave5
site/docs/Influencers/x/ryan-matta.mdx,Influencers,DONE,HOSW,1,wave5
site/docs/Influencers/x/samparkersenate.mdx,Influencers,DONE,HOSW,1,wave5
site/docs/Influencers/x/sarahiscensored.mdx,Influencers,DONE,HOSW,1,wave5
site/docs/Influencers/x/seanmccarthycom.mdx,Influencers,DONE,HOSW,1,wave5-final
site/docs/Influencers/x/seeracists.mdx,Influencers,DONE,HOSW,1,wave5-final
site/docs/Influencers/x/selinaannexx.mdx,Influencers,DONE,HOSW,1,wave5-final
site/docs/Influencers/x/shadowofezra.mdx,Influencers,DONE,HOSW,1,wave5-final
site/docs/Influencers/x/shaffergroup.mdx,Influencers,DONE,HOSW,1,wave5-final
site/docs/Influencers/x/shekandapeoples.mdx,Influencers,DONE,HOSW,1,wave5-final
site/docs/Influencers/x/sina1maga.mdx,Influencers,DONE,HOSW,1,wave5-final
site/docs/Influencers/x/sj27426.mdx,Influencers,DONE,HOSW,1,wave5-final
site/docs/Influencers/x/sonnydayzzzz.mdx,Influencers,DONE,HOSW,1,wave5-final
site/docs/Influencers/x/spencerhakimian.mdx,Influencers,DONE,HOSW,1,wave5-final
site/docs/Influencers/x/starforcehh.mdx,Influencers,DONE,HOSW,1,wave5-final
site/docs/Influencers/x/stellarman22.mdx,Influencers,DONE,HOSW,1,wave5-final
site/docs/Influencers/x/stevecameronpr1.mdx,Influencers,DONE,HOSW,1,wave5-final
site/docs/Influencers/x/stevendenoon.mdx,Influencers,DONE,HOSW,1,wave5-final
site/docs/Influencers/x/stewpetersnet.mdx,Influencers,DONE,HOSW,1,wave5-final
site/docs/Influencers/x/stratagemmer.mdx,Influencers,DONE,HOSW,1,wave5-final
site/docs/Influencers/x/sunny61120.mdx,Influencers,DONE,HOSW,1,wave5-final
site/docs/Influencers/x/swordtruth.mdx,Influencers,DONE,HOSW,1,wave5-final
site/docs/Influencers/x/tallyhallalbum.mdx,Influencers,TODO,----,1,
site/docs/Influencers/x/theckfiles.mdx,Influencers,TODO,----,1,
site/docs/Influencers/x/theckfiles1.mdx,Influencers,TODO,----,1,
site/docs/Influencers/x/thedibsterx.mdx,Influencers,TODO,----,1,
site/docs/Influencers/x/thegrimrepairer.mdx,Influencers,TODO,----,1,
site/docs/Influencers/x/themarketswork.mdx,Influencers,TODO,----,1,
site/docs/Influencers/x/theofficial1984.mdx,Influencers,TODO,----,1,
site/docs/Influencers/x/thequartering.mdx,Influencers,TODO,----,1,
site/docs/Influencers/x/thrillarilla369.mdx,Influencers,TODO,----,1,
site/docs/Influencers/x/tjphager.mdx,Influencers,TODO,----,1,
site/docs/Influencers/x/tnd.mdx,Influencers,TODO,----,1,
site/docs/Influencers/x/tonyseruga.mdx,Influencers,TODO,----,1,
site/docs/Influencers/x/tpostmillennial.mdx,Influencers,TODO,----,1,
site/docs/Influencers/x/tpusa.mdx,Influencers,TODO,----,1,
site/docs/Influencers/x/tpv-john.mdx,Influencers,TODO,----,1,
site/docs/Influencers/x/triciathom40938.mdx,Influencers,TODO,----,1,
site/docs/Influencers/x/triggersmarthq.mdx,Influencers,TODO,----,1,
site/docs/Influencers/x/troofevades.mdx,Influencers,TODO,----,1,
site/docs/Influencers/x/tsorama.mdx,Influencers,TODO,----,1,
site/docs/Influencers/x/uncommonsince76.mdx,Influencers,TODO,----,1,
site/docs/Influencers/x/universehop00.mdx,Influencers,TODO,----,1,
site/docs/Influencers/x/uvu.mdx,Influencers,TODO,----,1,
site/docs/Influencers/x/vigilantfox.mdx,Influencers,TODO,----,1,
site/docs/Influencers/x/villgecrazylady.mdx,Influencers,TODO,----,1,
site/docs/Influencers/x/vluvmully.mdx,Influencers,TODO,----,1,
site/docs/Influencers/x/weare-theelite.mdx,Influencers,TODO,----,1,
site/docs/Influencers/x/wearenotgoingto.mdx,Influencers,TODO,----,1,
site/docs/Influencers/x/wendy7839570959.mdx,Influencers,TODO,----,1,
site/docs/Influencers/x/whokilledck.mdx,Influencers,TODO,----,1,
site/docs/Influencers/x/willdbuckley.mdx,Influencers,TODO,----,1,
site/docs/Influencers/x/wtshesaid72.mdx,Influencers,TODO,----,1,
site/docs/Influencers/x/xrp4me33.mdx,Influencers,TODO,----,1,
site/docs/Influencers/x/zachcostello.mdx,Influencers,TODO,----,1,
site/docs/Influencers/x/zeeemedia.mdx,Influencers,TODO,----,1,
site/docs/Influencers/x/zreikmiester.mdx,Influencers,TODO,----,1,
site/docs/Topics3/charlie-kirk.mdx,Topics3,TODO,----,8,
site/docs/Topics3/overview.mdx,Topics3,TODO,----,8,
site/docs/Topics3/Maps/overview.mdx,Topics3,DONE,HOSW,8,wave4
site/docs/Topics3/TPUSA/overview.mdx,Topics3,DONE,HOSW,8,wave4
site/docs/Topics3/Tyler Robinson Shooting/overview.mdx,Topics3,TODO,----,8,
site/docs/Topics3/Location/overview.mdx,Topics3,DONE,HOSW,8,wave4
site/docs/Topics3/Podcast_YouTube_Analysis/overview.mdx,Topics3,DONE,HOSW,8,wave4
site/docs/Topics3/Other/overview.mdx,Topics3,DONE,HOSW,8,wave4
site/docs/Topics3/Tyler Robinson/overview.mdx,Topics3,TODO,----,8,
site/docs/Topics3/Videos/overview.mdx,Topics3,TODO,----,8,
site/docs/Topics3/Locations/overview.mdx,Topics3,DONE,HOSW,8,wave4
site/docs/Topics3/Medical/overview.mdx,Topics3,DONE,HOSW,8,wave4
site/docs/Topics3/Before/overview.mdx,Topics3,DONE,HOSW,8,wave4
site/docs/Topics3/Drones/overview.mdx,Topics3,DONE,HOSW,8,wave4
site/docs/Topics3/South Stairs/overview.mdx,Topics3,DONE,HOSW,8,wave4
site/docs/Topics3/After/overview.mdx,Topics3,DONE,HOSW,8,wave4
site/docs/Topics3/Suspect Before Actions/overview.mdx,Topics3,DONE,HOSW,8,wave4
site/docs/Topics3/FBI/overview.mdx,Topics3,DONE,HOSW,8,wave4
site/docs/Topics3/Photos/overview.mdx,Topics3,DONE,HOSW,8,wave4
site/docs/Topics3/Timeline/overview.mdx,Topics3,TODO,----,8,
site/docs/Topics3/CIA/overview.mdx,Topics3,DONE,HOSW,8,wave4
site/docs/Topics3/Israel/overview.mdx,Topics3,DONE,HOSW,8,wave4
site/docs/Topics3/Which/overview.mdx,Topics3,TODO,----,8,
site/docs/Topics3/Suspects (List)/overview.mdx,Topics3,DONE,HOSW,8,wave4
site/docs/After/Institutional_Resignations.mdx,After,DONE,HOSW,7,wave1
site/docs/After/Investigation_Index.mdx,After,DONE,HOSW,7,wave1
site/docs/After/Legal_Process_Gag_Orders_And_Secrecy.mdx,After,DONE,HOSW,7,wave1
site/docs/After/Media_Narratives_And_Censorship_After.mdx,After,DONE,HOSW,7,wave1
site/docs/After/Sept_11_Surrender_And_Custody.mdx,After,DONE,HOSW,7,wave1
site/docs/After/Site_Changes_And_Crime_Scene_Handling.mdx,After,DONE,HOSW,7,wave1
site/docs/After/Visa-Revocation-Celebrations.mdx,After,DONE,HOSW,7,wave1
site/docs/After/overview.mdx,After,DONE,HOSW,7,wave2-partial
site/docs/After/house/citizen-investigation-coverage.mdx,After,DONE,HOSW,7,wave1
site/docs/After/house/comms-antenna-mast.mdx,After,DONE,HOSW,7,wave1
site/docs/After/house/deed-chain.mdx,After,DONE,HOSW,7,wave1
site/docs/After/house/location-and-property.mdx,After,DONE,HOSW,7,wave1
site/docs/After/house/neighborhood-reports.mdx,After,DONE,HOSW,7,wave1
site/docs/After/house/overview.mdx,After,DONE,HOSW,7,wave1
site/docs/After/house/ownership.mdx,After,DONE,HOSW,7,wave1
site/docs/After/house/prior-owners.mdx,After,DONE,HOSW,7,wave1
site/docs/After/house/records-requests.mdx,After,DONE,HOSW,7,wave1
site/docs/After/house/rental-listings.mdx,After,DONE,HOSW,7,wave1
site/docs/After/house/staging-allegation.mdx,After,DONE,HOSW,7,wave1
site/docs/After/house/tax-and-values.mdx,After,DONE,HOSW,7,wave1
site/docs/After/house/w-925-south-block.mdx,After,DONE,HOSW,7,wave2-partial
site/docs/After/house/web-search-log.mdx,After,DONE,HOSW,7,wave2-partial
site/docs/Iran/charlie-anti-iran-war.mdx,Iran,DONE,HOSW,8,wave2-partial
site/docs/Iran/funding-rejection-claims.mdx,Iran,DONE,HOSW,8,wave2-partial
site/docs/Iran/iran-war-motive.mdx,Iran,DONE,HOSW,8,wave2-partial
site/docs/Iran/israel-iran-war-push.mdx,Iran,DONE,HOSW,8,wave2-partial
site/docs/Iran/joe-kent-cartel.mdx,Iran,DONE,HOSW,8,wave2-partial
site/docs/Iran/kirk-warnings-quotes.mdx,Iran,DONE,HOSW,8,wave2-partial
site/docs/Iran/midnight-hammer-12-day-war.mdx,Iran,DONE,HOSW,8,wave2-partial
site/docs/Iran/mossad-files-exploding-mic.mdx,Iran,DONE,HOSW,8,wave2-partial
site/docs/Iran/overview.mdx,Iran,DONE,HOSW,8,wave2-partial
site/docs/Iran/post-death-pivot.mdx,Iran,DONE,HOSW,8,wave2-partial
site/docs/Iran/timing-between-conflicts.mdx,Iran,DONE,HOSW,8,wave2-partial
site/docs/Iran/truman-show-bubble.mdx,Iran,DONE,HOSW,8,wave2-partial
site/docs/Iran/x-discourse-and-counter-narratives.mdx,Iran,DONE,HOSW,8,wave2-partial
site/docs/Suspects/Black_Clad_Figure_Transport_SUV.mdx,Suspects,DONE,HOSW,10,wave4
site/docs/Suspects/Black_Clad_Fugitive_Escape_Path.mdx,Suspects,DONE,HOSW,10,wave4
site/docs/Suspects/Construction_Site_Gunman_Contact.mdx,Suspects,DONE,HOSW,10,wave4
site/docs/Suspects/Escape_Path_Video_Transcript.mdx,Suspects,DONE,HOSW,10,wave4
site/docs/Suspects/Grey_Van_Shooter.mdx,Suspects,DONE,HOSW,10,wave4
site/docs/Suspects/Shooting_Locations.mdx,Suspects,DONE,HOSW,10,wave4
site/docs/Suspects/Suspects_Investigation_Index.mdx,Suspects,TODO,----,10,
site/docs/Suspects/Van_Man_Bednarz.mdx,Suspects,TODO,----,10,
site/docs/Suspects/overview.mdx,Suspects,TODO,----,10,
site/docs/Killer/Coverup_Indicators.mdx,Killer,DONE,HOSW,7,wave2-partial
site/docs/Killer/Patsies_Distraction_Actors.mdx,Killer,DONE,HOSW,7,wave2-partial
site/docs/Killer/israel-mossad.mdx,Killer,DONE,HOSW,7,wave2-partial
site/docs/Killer/more-theories.mdx,Killer,DONE,HOSW,7,wave2-partial
site/docs/Killer/overview.mdx,Killer,DONE,HOSW,7,wave2-partial
site/docs/Killer/tyler-robinson.mdx,Killer,DONE,HOSW,7,wave2-partial
site/docs/Killer/us-intelligence.mdx,Killer,DONE,HOSW,7,wave2-partial
site/docs/FBI/Ballistics_Forensics.mdx,FBI,DONE,HOSW,10,wave1
site/docs/FBI/Black_Clothing_Photo.mdx,FBI,DONE,HOSW,10,wave1
site/docs/FBI/Bomb_Dogs.mdx,FBI,DONE,HOSW,10,wave1
site/docs/FBI/CIA_Block.mdx,FBI,DONE,HOSW,10,wave1
site/docs/FBI/Connecticut.mdx,FBI,DONE,HOSW,10,wave1
site/docs/FBI/Crime_Scene_Paving.mdx,FBI,DONE,HOSW,10,wave1
site/docs/FBI/Discovery_Delays.mdx,FBI,DONE,HOSW,10,wave1
site/docs/FBI/Enhanced_Suspect_Photos.mdx,FBI,DONE,HOSW,10,wave1
site/docs/FBI/Evidence_Footage.mdx,FBI,DONE,HOSW,10,wave1
site/docs/FBI/FBI_Investigation.mdx,FBI,DONE,HOSW,10,wave1
site/docs/FBI/Foreign_Leads.mdx,FBI,DONE,HOSW,10,wave1
site/docs/FBI/Gag_Orders.mdx,FBI,DONE,HOSW,10,wave1
site/docs/FBI/Hospital_Footage_Seizure.mdx,FBI,DONE,HOSW,10,wave1
site/docs/FBI/Kash_Patel_Briefings.mdx,FBI,DONE,HOSW,10,wave1
site/docs/FBI/Official_Narrative.mdx,FBI,DONE,HOSW,10,wave1
site/docs/FBI/Rigged_Mic_Explains_Anomalies.mdx,FBI,DONE,HOSW,10,wave1
site/docs/FBI/SLC_Field_Office.mdx,FBI,DONE,HOSW,10,wave1
site/docs/FBI/Security_Team_Clothing_Seized.mdx,FBI,DONE,HOSW,10,wave1
site/docs/FBI/Witness_Coordination.mdx,FBI,DONE,HOSW,10,wave1
site/docs/FBI/overview.mdx,FBI,DONE,HOSW,10,wave2-check
site/docs/Consciousness_Control/brain-to-brain-communications.mdx,Consciousness_Control,DONE,HOSW,8,wave1
site/docs/Consciousness_Control/cia-darpa-havana-mind-control.mdx,Consciousness_Control,DONE,HOSW,8,wave1
site/docs/Consciousness_Control/communication-by-consciousness.mdx,Consciousness_Control,DONE,HOSW,8,wave2-partial
site/docs/Consciousness_Control/covert-communications.mdx,Consciousness_Control,DONE,HOSW,8,wave2-partial
site/docs/Consciousness_Control/directed-energy-weapons.mdx,Consciousness_Control,DONE,HOSW,8,wave2-partial
site/docs/Consciousness_Control/havana-syndrome.mdx,Consciousness_Control,DONE,HOSW,8,wave2-partial
site/docs/Consciousness_Control/overview.mdx,Consciousness_Control,DONE,HOSW,8,wave2-partial
site/docs/Legal/Assassination-Investigation.mdx,Legal,DONE,HOSW,6,wave2-check
site/docs/Legal/DOJ_Prosecution_And_Secrecy.mdx,Legal,DONE,HOSW,6,wave2-check
site/docs/Legal/Evidence-Sealing-2026.mdx,Legal,DONE,HOSW,6,wave2-check
site/docs/Legal/FBI-Local-Coordination.mdx,Legal,DONE,HOSW,6,wave2-check
site/docs/Legal/FBI-Witness-Intimidation.mdx,Legal,DONE,HOSW,6,wave3-check
site/docs/Legal/Official-Statements.mdx,Legal,DONE,HOSW,6,wave3-check
site/docs/Legal/Parent-Attorney-Selection.mdx,Legal,DONE,HOSW,6,wave3-check
site/docs/Legal/overview.mdx,Legal,DONE,HOSW,6,wave3-check
site/docs/analysis_documentation/overview.mdx,analysis_documentation,DONE,-O-W,7,wave4
site/docs/Timeline/12-23-shooting-time.mdx,Timeline,DONE,HOSW,5,wave2-check
site/docs/Timeline/2025.mdx,Timeline,DONE,HOSW,5,wave2-check
site/docs/Timeline/2026.mdx,Timeline,DONE,HOSW,5,wave2-check
site/docs/Timeline/Charlie_Kirk.mdx,Timeline,DONE,HOSW,5,wave2-check
site/docs/Timeline/Investigation_Index.mdx,Timeline,DONE,HOSW,5,wave2-check
site/docs/Timeline/Sept_10_2025.mdx,Timeline,DONE,HOSW,5,wave2-check
site/docs/Timeline/Sept_8_to_13.mdx,Timeline,DONE,HOSW,5,wave2-check
site/docs/Timeline/Tyler_Robinson.mdx,Timeline,DONE,HOSW,5,wave2-check
site/docs/Timeline/Year_2024.mdx,Timeline,DONE,HOSW,5,wave3-check
site/docs/Timeline/Year_2025.mdx,Timeline,DONE,HOSW,5,wave3-check
site/docs/Timeline/arrest-booking-affidavit-timeline.mdx,Timeline,DONE,HOSW,5,wave3-check
site/docs/Timeline/audio-acoustic-mic-timeline.mdx,Timeline,DONE,HOSW,5,wave3-check
site/docs/Timeline/autopsy-forensic-timeline.mdx,Timeline,DONE,HOSW,5,wave3-check
site/docs/Timeline/baron-coleman-timeline.mdx,Timeline,DONE,HOSW,5,wave3-check
site/docs/Timeline/camera-sightings-tyler-robinson.mdx,Timeline,DONE,HOSW,5,wave3-check
site/docs/Timeline/candace-owens-timeline.mdx,Timeline,DONE,HOSW,5,wave3-check
site/docs/Timeline/cell-tower-phone-data-timeline.mdx,Timeline,DONE,HOSW,5,wave3-check
site/docs/Timeline/censorship-information-control-timeline.mdx,Timeline,DONE,HOSW,5,wave3-check
site/docs/Timeline/custody-surrender-mirandizing-timeline.mdx,Timeline,DONE,HOSW,5,wave3-check
site/docs/Timeline/custody-vs-discord-confession-timeline.mdx,Timeline,DONE,HOSW,5,wave3-check
site/docs/Timeline/discovery-brady-evidence-timeline.mdx,Timeline,DONE,HOSW,5,wave3-check
site/docs/Timeline/dispatch-radio-scanner-timeline.mdx,Timeline,DONE,HOSW,5,wave3-check
site/docs/Timeline/distraction-events-timeline.mdx,Timeline,DONE,HOSW,5,wave3-check
site/docs/Timeline/erika-kirk-timeline.mdx,Timeline,DONE,HOSW,5,wave3-check
site/docs/Timeline/fbi-involvement-timeline.mdx,Timeline,DONE,HOSW,5,wave3-check
site/docs/Timeline/foreign-leaders-meeting-july-20.mdx,Timeline,DONE,HOSW,5,wave3-check
site/docs/Timeline/funeral-memorial-timeline.mdx,Timeline,DONE,HOSW,5,wave3-check
site/docs/Timeline/hamptons-intervention-meeting.mdx,Timeline,DONE,HOSW,5,wave3-check
site/docs/Timeline/high-pressure-meeting-sept-9.mdx,Timeline,DONE,HOSW,5,wave3-check
site/docs/Timeline/israel-events-pressure-timeline.mdx,Timeline,DONE,HOSW,5,wave3-check
site/docs/Timeline/july-18-decision.mdx,Timeline,DONE,HOSW,5,wave3-check
site/docs/Timeline/kash-patel-manhunt-timeline.mdx,Timeline,DONE,HOSW,5,wave3-check
site/docs/Timeline/media-vs-citizen-investigation-timeline.mdx,Timeline,DONE,HOSW,5,wave3-check
site/docs/Timeline/medical-death-timeline.mdx,Timeline,DONE,HOSW,5,wave3-check
site/docs/Timeline/military-meeting-july-20.mdx,Timeline,DONE,HOSW,5,wave3-check
site/docs/Timeline/n1098l-plane-activity-timeline.mdx,Timeline,DONE,HOSW,5,wave3-check
site/docs/Timeline/nebraska-army-base-july-20.mdx,Timeline,DONE,HOSW,5,wave3-check
site/docs/Timeline/october-15-2025.mdx,Timeline,DONE,HOSW,5,wave3-check
site/docs/Timeline/open-questions-gaps-timeline.mdx,Timeline,DONE,HOSW,5,wave3-check
site/docs/Timeline/other-planes-activity-timeline.mdx,Timeline,DONE,HOSW,5,wave3-check
site/docs/Timeline/overview.mdx,Timeline,DONE,HOSW,5,wave3-check
site/docs/Timeline/post-assassination-investigations.mdx,Timeline,DONE,HOSW,5,wave3-check
site/docs/Timeline/pre-event-political-pressure.mdx,Timeline,DONE,HOSW,5,wave4
site/docs/Timeline/press-conferences-statements-timeline.mdx,Timeline,DONE,HOSW,5,wave4
site/docs/Timeline/rental-cars-vehicle-movements-timeline.mdx,Timeline,DONE,HOSW,5,wave4
site/docs/Timeline/roof-jumping-timeline.mdx,Timeline,DONE,HOSW,5,wave4
site/docs/Timeline/scene-changes-paving-timeline.mdx,Timeline,DONE,HOSW,5,wave4
site/docs/Timeline/shooting-minute-by-minute.mdx,Timeline,DONE,HOSW,5,wave4
site/docs/Timeline/su-btt-plane-movements-timeline.mdx,Timeline,DONE,HOSW,5,wave4
site/docs/Timeline/ten-minutes-after-shot.mdx,Timeline,DONE,HOSW,5,wave4
site/docs/Timeline/ten-minutes-before-shot.mdx,Timeline,DONE,HOSW,5,wave4
site/docs/Timeline/they-are-going-to-kill-me-text.mdx,Timeline,DONE,HOSW,5,wave4
site/docs/Timeline/tyler-robinson-post-shot-escape.mdx,Timeline,DONE,HOSW,5,wave4
site/docs/Timeline/tyler-robinson-pre-shot-campus.mdx,Timeline,DONE,HOSW,5,wave4
site/docs/Timeline/utah-officials-cox-timeline.mdx,Timeline,DONE,HOSW,5,wave4
site/docs/Timeline/uvu-security-surveillance-timeline.mdx,Timeline,DONE,HOSW,5,wave4
site/docs/Timeline/witness-testimony-discrepancies.mdx,Timeline,DONE,HOSW,5,wave4
site/docs/Timeline/years.mdx,Timeline,DONE,HOSW,5,wave4
site/docs/Timeline/Tyler_Robinson/2025_Sept.mdx,Timeline,DONE,HOSW,5,wave2-check
site/docs/Timeline/Tyler_Robinson/Affidavit_Probable_Cause.mdx,Timeline,DONE,HOSW,5,wave2-check
site/docs/Timeline/Tyler_Robinson/Mirandizing.mdx,Timeline,DONE,HOSW,5,wave3-check
site/docs/Tyler_Robinson_Not_Assassin/explosive-mic-killed-charlie.mdx,Tyler_Robinson_Not_Assassin,DONE,HOSW,7,w4check
site/docs/Tyler_Robinson_Not_Assassin/faked-confession.mdx,Tyler_Robinson_Not_Assassin,DONE,HOSW,7,w4check
site/docs/Tyler_Robinson_Not_Assassin/more-reasons.mdx,Tyler_Robinson_Not_Assassin,DONE,HOSW,7,w4check
site/docs/Tyler_Robinson_Not_Assassin/overview.mdx,Tyler_Robinson_Not_Assassin,DONE,HOSW,7,w4check
site/docs/Tyler_Robinson_Not_Assassin/panguitch-breaks-the-timeline.mdx,Tyler_Robinson_Not_Assassin,DONE,HOSW,7,w4check
site/docs/Tyler_Robinson_Not_Assassin/signs-of-cover-up.mdx,Tyler_Robinson_Not_Assassin,DONE,HOSW,7,w4check
site/docs/Tyler_Robinson_Not_Assassin/thirty-06-did-not-kill-charlie.mdx,Tyler_Robinson_Not_Assassin,DONE,HOSW,7,w4check
site/docs/Israel/Beepers.mdx,Israel,DONE,HOSW,10,wave2-check
site/docs/Israel/Charlie_Israel_Friction.mdx,Israel,DONE,HOSW,10,wave2-check
site/docs/Israel/Charlie_Quotes_Israel.mdx,Israel,DONE,HOSW,10,wave2-check
site/docs/Israel/Hezbollah.mdx,Israel,DONE,HOSW,10,wave2-check
site/docs/Israel/Islamabad_Serena_Tracking.mdx,Israel,DONE,HOSW,10,wave2-check
site/docs/Israel/Israel_Investigation_Index.mdx,Israel,DONE,HOSW,10,wave2-check
site/docs/Israel/Israeli_Presence_And_Connectivity_Claims.mdx,Israel,DONE,HOSW,10,wave2-check
site/docs/Israel/Israeli_Search_Patterns_Claims.mdx,Israel,DONE,HOSW,10,wave2-check
site/docs/Israel/Mossad.mdx,Israel,DONE,HOSW,10,wave2-check
site/docs/Israel/NSA_Cellphones_Bumblehive.mdx,Israel,DONE,HOSW,10,wave2-check
site/docs/Israel/Operation_Grim_Beeper.mdx,Israel,DONE,HOSW,10,wave2-check
site/docs/Israel/Russell_Brand_Cabinet_Claims.mdx,Israel,DONE,HOSW,10,wave2-check
site/docs/Israel/Tucker_Carlson_Israel.mdx,Israel,DONE,HOSW,10,wave2-check
site/docs/Israel/bibi-replacement-tpusa-cost.mdx,Israel,DONE,HOSW,10,wave2-check
site/docs/Israel/foreign-leads.mdx,Israel,DONE,HOSW,10,wave2-check
site/docs/Israel/ian-carroll-israel-assassination-history.mdx,Israel,DONE,HOSW,10,wave2-check
site/docs/Israel/israel-google-trends-645-w-925-s.mdx,Israel,DONE,HOSW,10,wave2-check
site/docs/Israel/israel-hamptons.mdx,Israel,DONE,HOSW,10,wave3-check
site/docs/Israel/israel-pm.mdx,Israel,DONE,HOSW,10,wave3-check
site/docs/Israel/israeli-tech-in-investigation.mdx,Israel,DONE,HOSW,10,wave3-check
site/docs/Israel/israelis-at-uvu.mdx,Israel,DONE,HOSW,10,wave3-check
site/docs/Israel/motivation.mdx,Israel,DONE,HOSW,10,wave3-check
site/docs/Israel/overview.mdx,Israel,DONE,HOSW,10,wave3-check
site/docs/Israel/petn.mdx,Israel,DONE,HOSW,10,wave3-check
site/docs/Israel/threat-to-western-politicians-iran-war.mdx,Israel,DONE,HOSW,10,wave3-check
site/docs/Israel/Mossad_TPUSA/Joshua_Peterson.mdx,Israel,DONE,HOSW,10,wave2-check
site/docs/Israel/Mossad_TPUSA/overview.mdx,Israel,DONE,HOSW,10,wave2-check
site/docs/security_law_enforcement/overview.mdx,security_law_enforcement,DONE,-O-W,6,wave4
site/docs/Gov_Mind_Control/discord-confession-timing.mdx,Gov_Mind_Control,DONE,HOSW,5,wave1
site/docs/Gov_Mind_Control/frey-effect-v2k.mdx,Gov_Mind_Control,DONE,HOSW,5,wave1
site/docs/Gov_Mind_Control/hypnosis-programmed-patsy.mdx,Gov_Mind_Control,DONE,HOSW,5,wave1
site/docs/Gov_Mind_Control/investigation-index.mdx,Gov_Mind_Control,DONE,HOSW,5,wave1
site/docs/Gov_Mind_Control/making-a-shooter-playbook.mdx,Gov_Mind_Control,DONE,HOSW,5,wave1
site/docs/Gov_Mind_Control/mkultra-2-digital-engineering.mdx,Gov_Mind_Control,DONE,HOSW,5,wave1
site/docs/Gov_Mind_Control/mkultra-program.mdx,Gov_Mind_Control,DONE,HOSW,5,wave1
site/docs/Gov_Mind_Control/overview.mdx,Gov_Mind_Control,DONE,HOSW,5,wave1
site/docs/Gov_Mind_Control/project-artichoke-memo.mdx,Gov_Mind_Control,DONE,HOSW,5,wave1
site/docs/Gov_Mind_Control/radicalization-psyop-claims.mdx,Gov_Mind_Control,DONE,HOSW,5,wave1
site/docs/Gov_Mind_Control/tyler-robinson-patsy-framework.mdx,Gov_Mind_Control,DONE,HOSW,5,wave1
site/docs/political_context/overview.mdx,political_context,TODO,----,5,
site/docs/GoogleSearches/centcom-search-patterns.mdx,GoogleSearches,DONE,HOSW,6,wave1
site/docs/GoogleSearches/crane-search-patterns.mdx,GoogleSearches,DONE,HOSW,6,wave1
site/docs/GoogleSearches/dc-metro-search-patterns.mdx,GoogleSearches,DONE,HOSW,6,wave1
site/docs/GoogleSearches/dia-search-patterns.mdx,GoogleSearches,DONE,HOSW,6,wave1
site/docs/GoogleSearches/fbi-dps-law-enforcement-searches.mdx,GoogleSearches,DONE,HOSW,6,wave1
site/docs/GoogleSearches/fort-huachuca-image-searches.mdx,GoogleSearches,DONE,HOSW,6,wave1
site/docs/GoogleSearches/fort-huachuca-sept-9-searches.mdx,GoogleSearches,DONE,HOSW,6,wave1
site/docs/GoogleSearches/investigation-index.mdx,GoogleSearches,DONE,HOSW,6,wave1
site/docs/GoogleSearches/israel-ip-search-patterns.mdx,GoogleSearches,DONE,HOSW,6,wave1
site/docs/GoogleSearches/judges-graf-lunnen-searches.mdx,GoogleSearches,DONE,HOSW,6,wave1
site/docs/GoogleSearches/july-20-2025-anchor.mdx,GoogleSearches,DONE,HOSW,6,wave1
site/docs/GoogleSearches/kathryn-nester-searches.mdx,GoogleSearches,DONE,HOSW,6,wave1
site/docs/GoogleSearches/misc-figures-searches.mdx,GoogleSearches,DONE,HOSW,6,wave1
site/docs/GoogleSearches/nester-israel-trends-repull.mdx,GoogleSearches,DONE,HOSW,6,wave1
site/docs/GoogleSearches/overview.mdx,GoogleSearches,DONE,HOSW,6,wave1
site/docs/GoogleSearches/planes-search-patterns.mdx,GoogleSearches,DONE,HOSW,6,wave1
site/docs/GoogleSearches/timpanogos-medical-searches.mdx,GoogleSearches,DONE,HOSW,6,wave1
site/docs/GoogleSearches/tpusa-political-figures-searches.mdx,GoogleSearches,DONE,HOSW,6,wave1
site/docs/GoogleSearches/trends-deletion-suppression.mdx,GoogleSearches,DONE,HOSW,6,wave1
site/docs/GoogleSearches/tyler-robinson-lance-twiggs-searches.mdx,GoogleSearches,DONE,HOSW,6,wave1
site/docs/GoogleSearches/uvu-campus-location-searches.mdx,GoogleSearches,DONE,HOSW,6,wave2-check
site/docs/Cause_of_Death/overview.mdx,Cause_of_Death,DONE,-O-W,9,wave1
site/docs/gov/overview.mdx,gov,TODO,----,9,
site/docs/Amfest/ai-voice-and-memorial-tech.mdx,Amfest,DONE,HOSW,11,wave1
site/docs/Amfest/amfest-2024-tucker-epstein.mdx,Amfest,DONE,HOSW,11,wave1
site/docs/Amfest/amfest-2025-december.mdx,Amfest,DONE,HOSW,11,wave1
site/docs/Amfest/amfest-year-timeline.mdx,Amfest,DONE,HOSW,11,wave1
site/docs/Amfest/august-25-flyer.mdx,Amfest,DONE,HOSW,11,wave1
site/docs/Amfest/bannon-amfest-israel-first.mdx,Amfest,DONE,HOSW,11,wave1
site/docs/Amfest/bannon-we-are-at-war.mdx,Amfest,DONE,HOSW,11,wave1
site/docs/Amfest/booking-as-policy.mdx,Amfest,DONE,HOSW,11,wave1
site/docs/Amfest/candace-amfest-block-pressure.mdx,Amfest,DONE,HOSW,11,wave1
site/docs/Amfest/candace-invitation.mdx,Amfest,DONE,HOSW,11,wave1
site/docs/Amfest/dave-smith-booking-pressure.mdx,Amfest,DONE,HOSW,11,wave1
site/docs/Amfest/debra-carlson-amfest.mdx,Amfest,DONE,HOSW,11,wave1
site/docs/Amfest/donor-pressure-bookings.mdx,Amfest,DONE,HOSW,11,wave1
site/docs/Amfest/go-max-tucker.mdx,Amfest,DONE,HOSW,11,wave1
site/docs/Amfest/july-20-2025-amfest-week.mdx,Amfest,DONE,HOSW,11,wave1
site/docs/Amfest/megyn-kelly-amfest.mdx,Amfest,DONE,HOSW,11,wave1
site/docs/Amfest/mtg-aipac-amfest.mdx,Amfest,DONE,HOSW,11,wave1
site/docs/Amfest/murder-motive-amfest-x.mdx,Amfest,DONE,HOSW,11,wave1
site/docs/Amfest/murder-tent-replica.mdx,Amfest,DONE,HOSW,11,wave1
site/docs/Amfest/open-questions-checklist.mdx,Amfest,DONE,HOSW,11,wave1
site/docs/Amfest/overview.mdx,Amfest,DONE,HOSW,11,wave2-partial
site/docs/Amfest/sas-2025-tampa.mdx,Amfest,DONE,HOSW,11,wave2-partial
site/docs/Amfest/shapiro-amfest-2025.mdx,Amfest,DONE,HOSW,11,wave2-partial
site/docs/Amfest/speakers-index.mdx,Amfest,DONE,HOSW,11,wave2-partial
site/docs/Amfest/tucker-aipac-speech.mdx,Amfest,DONE,HOSW,11,wave2-partial
site/docs/Amfest/tucker-invitation-fight.mdx,Amfest,DONE,HOSW,11,wave2-partial
site/docs/Amfest/what-is-americafest.mdx,Amfest,DONE,HOSW,11,wave2-partial
site/docs/Amfest/who-runs-amfest.mdx,Amfest,DONE,HOSW,11,wave2-partial
site/docs/Amfest/x-speaker-pressure-discourse.mdx,Amfest,DONE,HOSW,11,wave2-partial
site/docs/Media/Candace-Owens-Israel-Controversies.mdx,Media,DONE,HOSW,9,wave2-partial
site/docs/Media/Censorship.mdx,Media,DONE,HOSW,9,wave2-partial
site/docs/Media/Guardian-Kirk-Beliefs.mdx,Media,DONE,HOSW,9,wave2-partial
site/docs/Media/Israeli-Agenda-Criticism.mdx,Media,DONE,HOSW,9,wave2-partial
site/docs/Media/Leaked-Kirk-Texts.mdx,Media,DONE,HOSW,9,wave2-partial
site/docs/Media/Mainstream-vs-Alternative-Media.mdx,Media,DONE,HOSW,9,wave2-partial
site/docs/Media/Media-Timeline-Compilation.mdx,Media,DONE,HOSW,9,wave2-partial
site/docs/Media/Media_Articles.mdx,Media,DONE,HOSW,9,wave2-partial
site/docs/Media/Media_Response.mdx,Media,DONE,HOSW,9,wave3-check
site/docs/Media/National-Day-Remembrance.mdx,Media,DONE,HOSW,9,wave3-check
site/docs/Media/News-Sources-Analysis.mdx,Media,DONE,HOSW,9,wave3-check
site/docs/Media/Presidential-Medal-of-Freedom.mdx,Media,DONE,HOSW,9,wave3-check
site/docs/Media/Trump-Votes-Speech.mdx,Media,DONE,HOSW,9,wave3-check
site/docs/Media/Vance-Mission-Continuation.mdx,Media,DONE,HOSW,9,wave3-check
site/docs/Media/Wikipedia-Coverage.mdx,Media,DONE,HOSW,9,wave3-check
site/docs/Media/broadcast-tv-networks.mdx,Media,DONE,HOSW,9,wave3-check
site/docs/Media/fbi-press-conference-media.mdx,Media,DONE,HOSW,9,wave3-check
site/docs/Media/fox-news-coverage.mdx,Media,DONE,HOSW,9,wave3-check
site/docs/Media/investigation-index.mdx,Media,DONE,HOSW,9,wave3-check
site/docs/Media/overview.mdx,Media,DONE,HOSW,9,wave3-check
site/docs/Media/september-10-breaking-news.mdx,Media,DONE,HOSW,9,wave3-check
site/docs/Media/social-media-platforms.mdx,Media,DONE,HOSW,9,wave3-check
site/docs/Media/tabloid-digital-press.mdx,Media,DONE,HOSW,9,wave3-check
site/docs/Media/tpusa-replacement-fox-interview.mdx,Media,DONE,HOSW,9,wave3-check
site/docs/Media/tyler-robinson-trial-press.mdx,Media,DONE,HOSW,9,wave3-check
site/docs/Media/utah-local-press.mdx,Media,DONE,HOSW,9,wave3-check
