media_path,bytes
site/internals/static/img/Apple_Podcast_Removed_1793.jpg,310313
site/internals/static/img/Iran_Timeline.jpeg,173769
site/internals/static/img/Panguitch_Timeline_Infographic.jpg,928881
site/internals/static/img/evidence/0025bec0012f06dfe546a255976341eabf6ce9dda466c3042734d619882d280f.jpg,173029
site/internals/static/img/evidence/00307fc4dcb3ad9ba1d9b676868334a3f9e58203bdcd5f71bb4a68168669d708.jpg,103607
site/internals/static/img/evidence/003bde255ec4e5bf06f36eec5490d1414030ee4a8e6c014502254f606fcb3537.jpg,62870
site/internals/static/img/evidence/006832bbc3f35d9c818007e48721b28d2f8cebec06490101443d73666196e1a9.jpg,38024
site/internals/static/img/evidence/006fa6a882b1174eb4862eff276ad11cd3a784805155456aa0b54d327384c518.jpg,71519
site/internals/static/img/evidence/007fd52a63772d5ee113507eb225edfa46b8912663cca8e437e73143e8095e94.svg,7667
site/internals/static/img/evidence/00b73fc67aaf241846d2ee06808d38c6424b1a9725830f6db6a9597afc7e8939.jpg,635858
site/internals/static/img/evidence/00f6eae2dd7e29c2cf04d97a33a6fd674ceb860820a57f50f1d07cc2eea78195.jpg,340430
site/internals/static/img/evidence/00fc70688dd237a4121de8de8da43d0c6f6bcc5e6b6c67077cf6186c9f7861af.jpg,63860
site/internals/static/img/evidence/00feaca2cd78c3b54e49091c7a5a47b850aa19a5faa69bd96f993917bed41b31.jpg,633024
site/internals/static/img/evidence/010788f009cf482b62ddd1305675e65f3325dac8fac3f268d59f18208a3f2c76.jpg,935256
site/internals/static/img/evidence/016575c85758fd97c5e99640b1f4bee0c345f6a4250dcc5608d4727a8345901b.jpg,615517
site/internals/static/img/evidence/0170d1412c8c17e85aabf8196cc9c4d6bd859196cf9d824827e8d43f0b0ad40c.jpg,130293
site/internals/static/img/evidence/017f41a3d1444a98520e5ba0910f98f0cd1929413e6e67a392443fec8f253c8d.jpg,100112
site/internals/static/img/evidence/0189f63636d88e4b9f36d3976ae9ad58f9b0028ab69aa676d4c52c2de0f703ec.jpg,62310
site/internals/static/img/evidence/019a512db6d82dffb2c36afbfdb8862fee1c879f643ac06b8632118519b9c6fd.webp,245016
site/internals/static/img/evidence/01f288dd98ed7c0862b01395d1b1b5519d78707037cabf9fa56bb438c19e1510.jpg,181954
site/internals/static/img/evidence/023f137ef4ab3a7edb1d6228d6329adf4e5f5bb3b6c7c500e5576623b564848b.jpg,494723
site/internals/static/img/evidence/025a4e374b3dc77f649f8c71b555ee2e940ecb042ccd5aeff8a08dff7385010c.jpg,430169
site/internals/static/img/evidence/0260b48cee9dc2386927e886a472f7216d7c151a9f5f43e06a1e374acfc2e7c0.jpg,187019
site/internals/static/img/evidence/02874b1600db454df7971ac856d91aef0515619e31a2ac7c2bf6f8fcce198231.jpg,114993
site/internals/static/img/evidence/02e4908504a420257025110f233182e5fc542e5f76ae7290cdeff04a4dc051e7.jpg,210624
site/internals/static/img/evidence/031e7470b81664a0eb7db21e55278ef0c5f0be4610f16b82f65b8288f99c6a21.jpg,313382
site/internals/static/img/evidence/03a85ccbdfbce49a0305855516fddb18f8ed717ad2d8efed9799b6404cf5c6ac.jpg,74858
site/internals/static/img/evidence/03af759f5e2b225ba9d34e2002e02c77afccd7dc96d42b225d77e3b1fcc4e089.svg,7661
site/internals/static/img/evidence/03c506fdbe3140107ab6759ee9a985c008e294017295338955711299afefdd60.jpg,1593396
site/internals/static/img/evidence/03c56bb514b43cdb48f115c9733cd79036791cb4dae3fa032e07aa8ff997a1aa.jpg,107524
site/internals/static/img/evidence/03ce18422b46bcb754960f9d726419fd8a55c67e5d7be0a741e14eb54f402a19.jpg,103433
site/internals/static/img/evidence/03d655c5893622b5b5e603feda4127fae7f80d63dda06543809e4994407a9bbc.jpg,191774
site/internals/static/img/evidence/03ea3bbe7aff1a78ddd8e4f6941e39e24e116d51f7a370a06d8f0c9e9b1380c0.svg,7062
site/internals/static/img/evidence/041c45929c29bdadfac551152a922723440af3024d8cf1111554064d0faa10fd.jpg,2065937
site/internals/static/img/evidence/0435055fa6ba16d351a07472e5da64b866bcfb3e76287b79cf0d28a4d6be5b4a.jpg,395971
site/internals/static/img/evidence/0439875cd57aa71ea17bc49797b5936f7df772a5227307b237dbfd19f17239e8.jpg,229697
site/internals/static/img/evidence/043c41e2216a3e2ec0fd3dd648d2d3cb40477ca85afa0fca278ba6250588869e.svg,7175
site/internals/static/img/evidence/0448af2886218a4c4323d74c082336e935d24eb92a22d9f59352c370d3edfc91.jpg,146943
site/internals/static/img/evidence/048ab68c27066f2bd3eb0f7498cf2f3ee668fded8176ed7699487298e9249d4c.jpg,193894
site/internals/static/img/evidence/0499a6777c0d5f60f9b6bc38256ee2592b86945bdd893822ce0359fba92a314d.jpg,33746
site/internals/static/img/evidence/04a5f50fc4f03e9784c0b2b296fcdd5c5ba69685d0eeb31c6ad47a952100cb32.jpg,31263
site/internals/static/img/evidence/04a9534d0bf9bd5446dd32b3da456d17b5366381e825c14943674c883e60ac81.jpg,259224
site/internals/static/img/evidence/04b26ac3f2b978af237c7f4bda64b2378935be63a2e27a0e6f38fbbbac58d49c.jpg,186738
site/internals/static/img/evidence/04b41888f409c5709ecd00f041729458e7aafb9a0bc77758773bbd6f5e3ad4a4.jpg,159099
site/internals/static/img/evidence/04d249d89e588fa81099250c66a86b4a3e52789be71da5319b55534a4c7b26f2.jpg,216151
site/internals/static/img/evidence/050022d6ef714e6476d8d8c1690b3eb0d8223f0597bc44c6f31eee24e494a99c.jpg,193111
site/internals/static/img/evidence/051114d93da5398da7a8df874660587370b7552dc56065ef48cd890b33623cff.jpg,1533063
site/internals/static/img/evidence/052d53201b2a844d537807eea1ddad9d8eb951f5a5c7e4de75d46dbb37f054a8.jpg,601157
site/internals/static/img/evidence/0543976aef435f31eccdc1cb0e9cfa97fa623cb8e281d8f836d1b1ef075c4d89.jpg,214866
site/internals/static/img/evidence/059741b9577db7634c4a0bbec3e1dc4f3123da595045ea7cfdde6fad3f3248af.jpg,137837
site/internals/static/img/evidence/05a3b8e972b98670f8282c6fbb951f0d8cde855a67ef284c90efc7bd5893848f.jpg,299122
site/internals/static/img/evidence/05cfc07ca6ea1b317217efae7af38306d225a4b8e449fd1e77e959d8dc926867.jpg,75894
site/internals/static/img/evidence/05d3df3d76a0b564ea79ee3249b1d2e0891d6cf578adc98ab60b272bfedad30f.svg,7655
site/internals/static/img/evidence/0603639ecb021ccf90198e8f2a8077641c8c8fcd4f381e8cf989a683a9f68a24.jpg,120723
site/internals/static/img/evidence/061145dfe9a18b041518f098d28bac14521c7e0c7c8545362c06bf14e60bcdc0.jpg,156615
site/internals/static/img/evidence/062bb66616832b4d0b93f0ca457cdb5e7d8e6490cd72616340a090b99a868a4b.jpg,196847
site/internals/static/img/evidence/062d0e1193775fb9eeadb575a5b30dd07b312705a1d97f4c216f9c665202f80c.jpg,77030
site/internals/static/img/evidence/06a29b918396812061d72bca19da64fb683b8afa043da475f795956b054d9a87.jpg,353677
site/internals/static/img/evidence/06a911c14ad76388896350adefb1ccc157d68796056e9f7a50a65ab0312bc6f2.jpg,697261
site/internals/static/img/evidence/06b37748e229359992ae7310e1a62ea4502a53cd320de6a06fad0d4d2db00861.jpg,155769
site/internals/static/img/evidence/06ea3a8c6193a94b5d5c39beffb80f704de5509e49f9213781cec3fdc0ce43bf.png,56304
site/internals/static/img/evidence/071317987a2b89dbf255682b0d202db9eb4baf042b676ab14d6c2907ae9a3a1d.jpg,120925
site/internals/static/img/evidence/076535db634a3e573d4761b3f9dfc5db90e44069136ca34442c005ec2af185cf.jpg,155850
site/internals/static/img/evidence/077382eeb6aec53cf2e4b0013f6cb346b8aa7b14c1bbb6a5bf184d1c15d51237.jpg,40556
site/internals/static/img/evidence/079b3e95ae5db92e8dd89e0481e540c3f8f9414ebf849d1e3a9819ffd83344b9.jpg,540198
site/internals/static/img/evidence/07a8cec9c0c9f262bc18461f56c769cb4c81e986b873ba69c7cf14fef812bfa8.svg,7975
site/internals/static/img/evidence/08b425fbed6935fc7c536df71d5c4a22e5e3628fe52d52dae0506bec677958bc.jpg,148548
site/internals/static/img/evidence/08c369517e46e9cb8933f190c645c5f9778e68c2c3843d6cb4aefd6dd534b299.jpg,2777502
site/internals/static/img/evidence/08e646b6168bcaa212f8ec4a5b091a830ac59975b7bf4add0d6452515851d511.jpg,145126
site/internals/static/img/evidence/08e9b1152e61ffce258dbe37555dfa53ef7078025cd24fcd2939bbdec9deaa94.jpg,116530
site/internals/static/img/evidence/0901208ba8923497b1b3ef3ffee5b75a12c58965bd0125ae0a11999e6335bc9e.jpg,477642
site/internals/static/img/evidence/090d7ee14cc051b161d710c20c53057cdea70a90ed96c12d65ea33c8004fdb32.jpg,1527776
site/internals/static/img/evidence/0922d1822febde4c016eed0c88f7ed2767f366d0e7f7adcd9837e5ce739eb6a2.jpg,144944
site/internals/static/img/evidence/092b3263a229298edd28eea3075ffe06892e403618fb0dd292527c0fec5e5898.jpg,78729
site/internals/static/img/evidence/096c4966542693c443d7e41713df5cf1d93ff066485ce239871c96f8846757a1.jpg,195016
site/internals/static/img/evidence/0981712c680e9f015233ffa8f3ac4518a4c273416056e661421fbd3a8e8ed43d.jpg,36234
site/internals/static/img/evidence/09afd019605860d2ef5e28614de9a752eb796471319fbcb0bbac45916f3aad69.png,17940
site/internals/static/img/evidence/09d03efb8a39f8591c5241bf70644b35ed2179e9c1f73484a6c384922ff873b3.jpg,75196
site/internals/static/img/evidence/09d1f40500f84f1c7b87f2cc94ea736f4a2cf3b24eab56393220401894ba503f.jpg,41906
site/internals/static/img/evidence/0a47633848420b36740ab626cf6214b9ddf1e113d548856071a93cf0c152303a.jpg,187202
site/internals/static/img/evidence/0a60ea40cf0ac4113ef36b8b672ba95ea8c0e48143bd20a6c6d229bfcbb53585.jpg,288695
site/internals/static/img/evidence/0a6273f90102bb14e3fd1c457cbd152fb751b9f7690a2f030750506f386b6d97.jpg,179096
site/internals/static/img/evidence/0a65f2ce79520ebf589106ca3e60c753b7dba0b6a7ce876bb9cc6bc8d285843b.jpg,92970
site/internals/static/img/evidence/0aaa83ae4e7fc897131ec616b6fec40c5b498dbf8087b45662673ed7577812e3.jpg,166625
site/internals/static/img/evidence/0ac5c253dec1e9d26f5f0e7246a1c4ffbdbc2f6dc7f7b82b396050cb06a298d5.jpg,233720
site/internals/static/img/evidence/0b04e3d57edc706281f91e6ff7e03f3bdad140577cebcbc933e5ca7265008bfb.jpg,917517
site/internals/static/img/evidence/0b0914bc81da8bd7d6dd6fd17b07df6ac2f587ca3c2a091bb0060ee3066daf69.jpg,292944
site/internals/static/img/evidence/0b1efe79c8af24a1ae24f50ff2a4bc2acffe4c9bb4859456c6a027c2bff21c66.jpg,233792
site/internals/static/img/evidence/0b36202914f7446393db81a5147111146b52f9b5727415fdf333af899597702c.jpg,268190
site/internals/static/img/evidence/0b4b3f6073af175df8bf1c877121e404dfffb24aad2504685f0f99d700790731.jpg,186071
site/internals/static/img/evidence/0b6071e83523ffa2596e753829d8371dad4b1b30eaad73500e0f7de55da779d1.jpg,1083230
site/internals/static/img/evidence/0b67455b1a9e60eabcfb6b6fe5837177b20fb1e2213365ad98bee2271fd50fcc.jpg,224798
site/internals/static/img/evidence/0b9721d27ed2fb54f977d31e00deb6f5c3e19b35d610029b2bf1f86fbe1f5e9d.jpg,821473
site/internals/static/img/evidence/0bd55e8a375e8fc741253de4f7bdd291e923581825a032c6ae1dd02460bb8981.jpg,43465
site/internals/static/img/evidence/0c0441aa5ea1eb3b1919725fc03d44bcb4bd57b4b7f238a4d2c640526244e179.jpg,149799
site/internals/static/img/evidence/0c0d8c9c2933bf8ebd61acb19d75b46b7778e8cfd48b50aba99c8b368f8fa2d2.jpg,91534
site/internals/static/img/evidence/0c43078d0bbfa917fd059a838a984e8ff7ff74d5927edc2013799f1b7133f01e.jpg,788301
site/internals/static/img/evidence/0c46ce1ac2c92f88d605f462edbe0cd16184cd6b5a239024ac378402b3da86f4.jpg,275804
site/internals/static/img/evidence/0c5ac73c62ae3ebe298126abf5f29762aeb45dad8c7d898f78c304a06ce89ca6.jpg,147450
site/internals/static/img/evidence/0c607020a6461e78404d5f85d4523fc77d9e53116885972dbbf37aae0d454147.jpg,216520
site/internals/static/img/evidence/0c63ee703e4f043acfd40e258d986ed03ffdc13b5ed23a7754e21d7cdd24553b.jpg,127433
site/internals/static/img/evidence/0c881e3e2e01ef6fc282b98456918d42491ffe9236288d26043015962626d3ab.jpg,224286
site/internals/static/img/evidence/0c926046f278ec04eb6c276fe08132afc370f23bd55c836c3af1a7b45477ac38.svg,6414
site/internals/static/img/evidence/0ca820539d2f7c6e5e1d47d8daa1bfef65909e72bc7513754e43c748359c77cf.jpg,721428
site/internals/static/img/evidence/0cab9c6075b7c196d410bdd3a4d27c917d591a19a75d16695510bd8ee3956c11.jpg,44945
site/internals/static/img/evidence/0caf9f88dc678908333876b08864080f061b941dc5421fff6ed0ac93989d90ea.jpg,230635
site/internals/static/img/evidence/0cc3b359be89dce85bb81d01868fce61669b0f750f53b957d7da6f7304cda53d.jpg,84582
site/internals/static/img/evidence/0cccc4141a301c3dae35db68f27341fe83087319696496a4c9abc39f845b1d76.jpg,542107
site/internals/static/img/evidence/0ce81ea8f69f010f5d4c88d28d724141e97387709f7ac90c9e87b7548c349d93.jpg,128516
site/internals/static/img/evidence/0cfb0f92bf64ba4d0ff1a1d8271f900f7c8a39a61181536da6dfce704bc65f3b.jpg,1074790
site/internals/static/img/evidence/0d4d0dda4d5ddf894b93e8c8d3457cbe0a1a366741a42d5a8d58b2f1130edd5a.jpg,57670
site/internals/static/img/evidence/0da3ccba9aa1500def62b65ab639b250ea0774e7cce3d1492a8022abe1f6433a.jpg,224798
site/internals/static/img/evidence/0de48d468729333116b70586adc618ff026a9463f753b3011c6fa68a8c377b60.jpg,1618839
site/internals/static/img/evidence/0e4ca167bd50585215d255b5d4f39874f93d4963d1af5d8a3dd08c6c974797eb.jpg,172972
site/internals/static/img/evidence/0e827a86bb9c7a8f8978f5ba308180cd75eb4273235bacc18d3ce8f9000914a6.jpg,48031
site/internals/static/img/evidence/0e90a00bf794bae3687ecf8a13c80b9185b861930ea37f6006b8378006f59af4.jpg,135146
site/internals/static/img/evidence/0ec1e287f5143d9cdbfb307488dd6c640bdde36b82056c2df5f4d7ece830235e.jpg,211586
site/internals/static/img/evidence/0ee8aef5a807a70dd3873058ddcfdce198d07766fe6f142693ad591569ffb344.jpg,219115
site/internals/static/img/evidence/0f03859ca22ced2c49e100a58186a90af52056d901a5c3d88b362c9e028f0276.jpg,302723
site/internals/static/img/evidence/0f1e0995a7684c742536ff99b5f9ea5e502bc366a34b958899ae4d4f26873d73.jpg,99642
site/internals/static/img/evidence/0f3bba69b526080abfbe4e843af1ca56c636e7d42b9892c2e42ba1c1d8b90e02.jpg,420447
site/internals/static/img/evidence/0f4789e9b6d194bf2926a8d89be9f766784ec6aae127513f1deb3a9821bdab43.jpg,32403
site/internals/static/img/evidence/0f520b00bcbf39cb66533251df560cc53ca2f7d8a762b36572d76bdb7451f232.jpg,69866
site/internals/static/img/evidence/0f582bfb368fb1702cf55285271fc9911357ab210bd7cc8edbef1eca49bf2753.jpg,792730
site/internals/static/img/evidence/0f7df36e7b539eaca4acdea0342bb4b17b5668ab5868e4b6902e0000ab338afc.jpg,217625
site/internals/static/img/evidence/0f7ff0cc7a076c2130ca16b53ffbba1ee07fc66cef6b83f73fb3c38c12de7b15.jpg,41502
site/internals/static/img/evidence/0fa0b4a77e794e429cefea5b56c3017d0968dbf21b5c59bc1b48700407502bed.jpg,507573
site/internals/static/img/evidence/0ffcf284ff81fcb441da7a87eef1bb2fd1fdffbcf22da52f03f7449bdc421864.webp,159328
site/internals/static/img/evidence/10c5931fd73d4b14db062d051387193b9788f038638e5f11417459504b90b646.jpg,198195
site/internals/static/img/evidence/10e148e81485ee4f418bc9f94bd56f3dede56e196a0f6c7dde3b46a1790b9eb9.jpg,467386
site/internals/static/img/evidence/10f990a7808b1d977ce196566407ecbcc84d2c3221b9416d4ba542bf284abb22.jpg,722106
site/internals/static/img/evidence/111a9f134a6371eeaabf41b4ddb1fb6eea0b86275aec09d1a4d0ca84666b73e9.jpg,171509
site/internals/static/img/evidence/116ebc8474bdfd3253e6fd841184e72e153f39751adc5d7ddd945bdc1773b3d9.jpg,14242
site/internals/static/img/evidence/119455e1857da4ec48af8beef0a4e4b369ddb1f718351e6405f5d6a359e085c1.svg,7948
site/internals/static/img/evidence/11be879ea149ce8324fbc1517c294770629b146f2069fb9b77e8a3c7e3a1392e.jpg,136626
site/internals/static/img/evidence/11d8bca1999b715ac1b2f7a2ea0ff457105c693e41e08fafb1e13ec4db9e4b8b.jpg,475110
site/internals/static/img/evidence/11f7f96361be6f9859d09348c172d8a60620311e0938296a3e148ba3aa7291d4.jpg,950843
site/internals/static/img/evidence/1243c5980de52c1cf21f18beefde2423352c1df18c1ab1c91d4a8d5a402e1123.jpg,26226
site/internals/static/img/evidence/127734a47291525dfb6139678ef258e834bd6cc61ae8a6c6be189b53e0d9bf53.svg,7669
site/internals/static/img/evidence/1279ad1c6b59f8c6145418a73f229ce416c01f6a3bc2d202218e4b76f6c76b7a.jpg,191601
site/internals/static/img/evidence/12938c866f0117948189f40f373fa9591f50fa0c859868e45eb0bf3214c6cb1e.jpg,149860
site/internals/static/img/evidence/1296700aa6f1bf02aa71ea9817540866caede2e2dd23b3375de0a6845f931f34.jpg,445807
site/internals/static/img/evidence/12a36cf32e202ec82277dcf4683d03a35b489f2edfad9913948f6114e2f381bb.jpg,133399
site/internals/static/img/evidence/13342a74aef008fdae425601705365df81d4ac528437eea79dddb9c8ce7f9393.jpg,487343
site/internals/static/img/evidence/1373bc236ab69fd9b6f17dc0e6640143c2131961680f866ff5f2424d093df8d1.jpg,417209
site/internals/static/img/evidence/1382a03af7cb945f1d721172e6be8a62e65cd48db66b99139c25779f3b909f5c.jpg,89285
site/internals/static/img/evidence/138e2b0d15dc230ada1cbb43ec59af7cadf71921fbececba3436cbc5276e4ef2.svg,7175
site/internals/static/img/evidence/13990aaebed9c6b011770d76f1f2c0a33f70ca746354e1046f5aae1816aa7537.jpg,54299
site/internals/static/img/evidence/13b8d3ae56941a2f4db0825b23b12ddd2ee21ff49b6b5c0a32b508e39d486853.png,4487
site/internals/static/img/evidence/13bb838dab4a6cb77b82b1279d6b821c5fc49e33a3291afe196ed6084b931e16.jpg,531924
site/internals/static/img/evidence/13ce70a5766586813086dd84da6327ffa8918cd5ade73bac504bc6f58dd01ce3.jpg,166568
site/internals/static/img/evidence/13f76fd41a3d0c3fafffe2027e3b355f9242e64353b115f11df2b9363d07e756.jpg,824972
site/internals/static/img/evidence/142ac632698f6088e8bad623264befb4abbde35dfe036accee1a7e4dce41a4f5.jpg,112979
site/internals/static/img/evidence/143414dc436bd012d3383d13e43ef52df60142b635771441c622a910f9006a3d.jpg,114993
site/internals/static/img/evidence/144db8c48308501b0919b08449e36547efd8c5c6d34af5a1aff185c89a80e98d.jpg,601612
site/internals/static/img/evidence/144f84a588fa90453442192106e27d65c9a2230356c6a59f368075a8fc519d84.jpg,137002
site/internals/static/img/evidence/147f52adbd7475b4d4eb5a2fdb86ef308918d7162e61272d4be8a49720677144.jpg,231233
site/internals/static/img/evidence/14890c0bf4b2cb9e335a550e30171ec1c033acfea8761459ea4cc5d1d40128cf.webp,92364
site/internals/static/img/evidence/14990e7c4810f1239db288228d728d1df82ed17d8a44328f2b0820ac51213cef.jpg,148895
site/internals/static/img/evidence/14b3f1e39271f4fbfdad1d53afac65a658ab87ce2081bfd2a29c89c0474ef517.jpg,262699
site/internals/static/img/evidence/14d8134acd36b14fccdcba8d8bf2f0b93ccd21aa1da1a4875caef3e023af9da2.jpg,87750
site/internals/static/img/evidence/14da0fbe56698cd96e2cc935d2d127dd8bc96dbb1baafe3ee31190947e5346ad.jpg,460737
site/internals/static/img/evidence/151710cd30bc31b453b889dce7faff28e2b72f6ebe52b2b65ceaf0db18f8b7ce.svg,7188
site/internals/static/img/evidence/15285513ed693efed536c9fdb5225ca6aaf3bcfe74a2f953ccbb0423cea07eec.jpg,10761
site/internals/static/img/evidence/1587880df725628932fb7e559de3fb63e2b051a1e0f0979932453e406d647018.jpg,292439
site/internals/static/img/evidence/1588ebb7120cf0374df196923b4a3e8b87d60b3704189927d8327ac586cd67aa.jpg,368510
site/internals/static/img/evidence/15de34a2fe5cc508786066207e0a647911670de48f4713fce1016a27eadeef1f.jpg,420422
site/internals/static/img/evidence/15f2f763faad3ab73a0d3482ee212f82dbcce54fe2da3998536774e7231c2884.jpg,604872
site/internals/static/img/evidence/15fd1c953a79502ec0ae5d0f5269fb5f08fdd158a7e067790873690dbf4f8a09.jpg,265331
site/internals/static/img/evidence/16008c520f459d8e847a3a98f449b935933bfd53a0e7c17b37ccc8abf1ee812b.jpg,24124
site/internals/static/img/evidence/169418dc3518d8cb198e7ac6da4676ee0997e99bcc76a47570d472091f06a81d.jpg,109227
site/internals/static/img/evidence/16e26cc26f51d30918e26124a3c4d0e0383226fee3fb4b4afcc2ed7a4f81bdb6.jpg,318327
site/internals/static/img/evidence/17037f8108b6f3ddbf0565e3b627c9f6b8f439fa1ca7d08fe71bfa2f7af3ebf8.jpg,478316
site/internals/static/img/evidence/174a3bfb0580043a557fc22cbb58671a28450ba672bc9309a8c93ad8a5909f8e.jpg,1222332
site/internals/static/img/evidence/177289f714485eb23c0903fdc41767ac52e680bd51261344753b130889405c35.jpg,120607
site/internals/static/img/evidence/1778937e3e9a205c0f1799bbed3abbb5b139f281c7eb5b3dc54953dd63207923.jpg,395511
site/internals/static/img/evidence/1797886753385fcde040cac78c9900be98e147bd39c7f7b41c2d0bafb3c994ac.jpg,109742
site/internals/static/img/evidence/179ab157c440120d2edd52aafb2f35f98a4463c4c94ff164702fe7a078ef863b.jpg,169211
site/internals/static/img/evidence/17a1f340bc8310f1e2e17b1fcce656d97f5235a30b2170be497b7994a8fa4a3d.jpg,27718
site/internals/static/img/evidence/1843787f69332a5be991a372a19328d6a99ccab2430f64cb1fd6750216b360be.jpg,64847
site/internals/static/img/evidence/184bd1a861ece43c753b996cede0ba07132945df80c24007549c24c4edf0391a.jpg,795660
site/internals/static/img/evidence/18647bfce77ce0c3c17de55b5f71120fec9c0569af516f432a89159718d88777.jpg,186738
site/internals/static/img/evidence/1867e7f50c8e35c4c0ca0681a9357db03727dd6b2bc377f8933913c6bfccb9eb.jpg,415815
site/internals/static/img/evidence/18992f5791df560808948fd91dc89956ff2cb9ffbfb35fe59e1cb2d4ea83706c.jpg,115408
site/internals/static/img/evidence/18e0d09335e58bc7ac0fa48e37616bbcfd8218eba36b3b135b98cde67565f0d6.jpg,297258
site/internals/static/img/evidence/18e6bc850dec53ee6b40e0714edb87a0b87e1046bb950c82ab0ac9f3dd94fb2c.jpg,2093068
site/internals/static/img/evidence/193d28f21d09b486c169fb9c4436899a7eb984c164101d57c1c6581d72d049ad.jpg,113915
site/internals/static/img/evidence/194942f1ed8d5b2233d41f27993dd503dcdea1baca95ecc84b4de1da7254fd6c.svg,3732
site/internals/static/img/evidence/195b0d636003e94166bd2cbde7629a864b868c6f2afd0b61c8ac693f76451650.jpg,217087
site/internals/static/img/evidence/195cf4adac1b963374f5e7311055128ce94c56b8527c5e2f122f6db9329a70c3.jpg,230190
site/internals/static/img/evidence/19ad23b1b3436d59e095d5ef67611cb11f4ac4b09fb5e045af0658de9edb4efd.jpg,896816
site/internals/static/img/evidence/19dad1e906c283abedc4300dfdf4f51e812d525c2c85dcfa1c5bd0644f5cfb31.jpg,59020
site/internals/static/img/evidence/1a0d7dc6408956ba05a61e9f28a95c1f2e74cc6fa984ef8338ff4edbad7e6850.jpg,932852
site/internals/static/img/evidence/1a2533304b136f2f7bdc80be8bd26a2ce8d365f581b09c24426accd98823a2c5.jpg,594950
site/internals/static/img/evidence/1a34ce28d6ba72e95511d3f87d81d841c3e0c2f25a56e6066016cc7d73e4579c.jpg,224286
site/internals/static/img/evidence/1a482326c679a736c9aa3b492cd3d5b0f9ba802df592679ca447bd246663bd27.jpg,77188
site/internals/static/img/evidence/1a519fecf90786041585ba7381220cb4b7f72774d2ea5b35d3e00dd12e962081.jpg,798452
site/internals/static/img/evidence/1a72794542af46762174f0fe7a66f2bbf9043a7342c46e50ac2a7e68480985cf.jpg,66363
site/internals/static/img/evidence/1a85537ffb16e6dc4e07220859cc5d4c480e44d19eb63d1eae4cc8190c7b63e4.jpg,345700
site/internals/static/img/evidence/1a9f8b02228e6c203b8a1ac3bac07b60a3d5ae6b0eb95f071098160798165ba4.jpg,1258206
site/internals/static/img/evidence/1aa19e129588bcb6613121f00faba39a90d10210b4e2cf4c5eeaa13758e0c2fd.jpg,96297
site/internals/static/img/evidence/1ae0bc67c77784b8c8e64015cfe3c29a9d4d866d5fe53f9b041ecdb3a56084db.jpg,44693
site/internals/static/img/evidence/1ae4958d45d2d55254bcf2bc60fed9c9891e873b5cada866b500ee8913c17f9d.jpg,39057
site/internals/static/img/evidence/1b42b12104033b701234b2571ed3e7f62552d8aad9cb4760e54568ce15c7f944.jpg,615517
site/internals/static/img/evidence/1b4c24205839bdb95d4aeb8a73364aeea58e4c7f6b2c1b17555f77d980893c82.jpg,183893
site/internals/static/img/evidence/1b63bf44b01524909aa20f57247c0be677eecdbfa5e46a0ea05270219892ae76.jpg,352740
site/internals/static/img/evidence/1bb2ad09d01ad5e2369b99b88acee20d3daca7b39423e10cb9d19e413c9e8f07.jpg,140393
site/internals/static/img/evidence/1bb33a8960aa5fdbeaa42235fbfc891535e02ceea6e230a6714cd15f55df83e9.jpg,69168
site/internals/static/img/evidence/1bb4bd2ce980ff2b18fb9592317aca75583928291f39e66d105f5350cdc14722.jpg,423916
site/internals/static/img/evidence/1bcccc1de232d8970d27f799de5b16d46c0f1357029d05c99363b5fddff8a95d.jpg,362942
site/internals/static/img/evidence/1bd1d9505d9eab03d764bdb8ed8fa33537e7c2cf702a85365bd0dd917e4c4c7a.jpg,64640
site/internals/static/img/evidence/1bd1e3c2d83822ee5a523acd8408c961eb3a335cb11f96bbb913c3431e475efb.jpg,89672
site/internals/static/img/evidence/1c1a6407923b50ba3fce81fcdd12cee4420d98ab7e94756a2c9b9673c0dbafe2.jpg,157303
site/internals/static/img/evidence/1c3a34c5b87ddc3c2f10f88ddf73e6f410cd1f900b988c88d72a5e4b2f96fbd3.webp,1359730
site/internals/static/img/evidence/1c3b4ab4ab8096734c49e7622eb4161ee119ab936946748694160cb510cee93d.svg,6593
site/internals/static/img/evidence/1c89c33f84d1656471c42c15783b62c5084a54c66a5712dc59f489158303eb52.jpg,108220
site/internals/static/img/evidence/1cd629601b121f59dc7902bcd6462b91a96a0716c90ec83b6c7c330018855070.jpg,156127
site/internals/static/img/evidence/1d4aaac6fcece95ecb71021908d93a342748207656fb3c5cbc2f33db0b477167.jpg,62870
site/internals/static/img/evidence/1d551fbb9988a8fb3da5a93d152fc9a3cf5ff296f9f082bc2eb086fed34c30f6.svg,7658
site/internals/static/img/evidence/1d67f68b368010e7eebfb6817696c6e7c47e9f1d707e79e83faab7a9025de702.jpg,174132
site/internals/static/img/evidence/1d9389730a1dbb394b782bc11312dfe94603f5c5c7ebaf915c58cb16a40da1a5.jpg,150418
site/internals/static/img/evidence/1dae775a9c8515efc3ef0454edf88f2d41104e28b80ea5cc4358cedaccc97bc4.jpg,180559
site/internals/static/img/evidence/1df22288d775db1a3b51822b96de246c529d4ec555763788930b203f3db74c57.jpg,436081
site/internals/static/img/evidence/1e48dc770d3be5560610b948e3ec9896b93c0ef987738faad96fe966e1752234.jpg,71285
site/internals/static/img/evidence/1e50b55b178f4cf8d1d4c7510bdc8e3b785abd4ee1c6c43b0c51accc2ba5ae7e.jpg,131354
site/internals/static/img/evidence/1e6ccc25a6cd142aa14d567b0df6058bf7f31d466bceaef9851b9dc9b6c8ea4e.jpg,542107
site/internals/static/img/evidence/1e76a564eed0fa7b424f1629bd804d99ebf2a9b2ef15d93c9cdd896dac87d1be.jpg,1626422
site/internals/static/img/evidence/1e8dd244f63b8213a10817365acf2423d4f8dcbd267426b333d3b8707ab1853d.jpg,265145
site/internals/static/img/evidence/1f411e4c823fd5d6f5b75be6fa44c8fef465d4870c5311c9cac792c31866c8db.jpg,132684
site/internals/static/img/evidence/1f5c3eb8404dd54f064f6d50729af55df9f944b2745e294cc85688817ac1c014.png,19470
site/internals/static/img/evidence/1f62b9a790457f9607af7b4feec0ceae31c9a459053fa518afb0c3200a984048.jpg,23636
site/internals/static/img/evidence/1f6719349084e5a7890f37e052eddcc4048f6ed7ce6ea057b28238dd79ef3999.jpg,265145
site/internals/static/img/evidence/1f67bbb46f163fdb6b053cb015d729414f01733dbed827a9a54c0bfcb4aabd2a.jpg,67150
site/internals/static/img/evidence/1f7b18c418b31fecb2c694d09cf874461e759e54a6229218d36092b30f4f1749.jpg,862443
site/internals/static/img/evidence/1f848eaa2e98cf58ef117784cebe99db8ef738d35838291a9328e5f95fb4dc24.jpg,210438
site/internals/static/img/evidence/1fa1cc56cb5e36e8ecea25e9a8d1e759964eb404db2ca824fc207cfce7d1080e.jpg,121363
site/internals/static/img/evidence/1fbaf0f72e9607b82b0d4cffbde786b477b54cc7026143201f0df8e701b2456b.jpg,117724
site/internals/static/img/evidence/1fe5c08a9827e8c231593dd828ed1c6fc4e6e595fdd1d234fb5343fc3b6ae0e6.jpg,210933
site/internals/static/img/evidence/1fe5c8f47c9fb9d027b4118e6ebf331b390f5c7be31fe48fa374bd78dbc9ba02.jpg,335889
site/internals/static/img/evidence/1ff9e9f8fe348381abf7bb24a3717f635a05119472677669bb3f9ade0b16e506.jpg,29817
site/internals/static/img/evidence/200ed94a72601cd4cf3dd055f97632f7c313712071aa6eb803426c142edc1da9.jpg,72813
site/internals/static/img/evidence/2032ee2ea642378f72a95312889881ca8f385be2b5ac80e877794a928138ae90.jpg,400587
site/internals/static/img/evidence/204bef9c8fed6d45bcf8903e609181244aa39bd00f23ce4ccf7a2bb697a1a920.jpg,201533
site/internals/static/img/evidence/204bffbb66ab9606d57fd7e6a95d4482595ba08b0d16a558b25d80bae1c7852c.jpg,395971
site/internals/static/img/evidence/20ae527ec6fc0171a397b11d898b389ff3e460478be728b6b5b009e41a951a16.jpg,30126
site/internals/static/img/evidence/20ae672f26e6e1204c7b88683a53181ba69ed9b0fb9d65f65501015fb7dd398c.jpg,38561
site/internals/static/img/evidence/20c6f2232694a24e46dd1821fcb1230e1830ce30e703eb066eec46d566582be1.jpg,112457
site/internals/static/img/evidence/20d3a6328cbcf2e3ab059eb7d84c362ee9b3f16206a988f685fb77640bf87ba7.jpg,651598
site/internals/static/img/evidence/2121c6951af09eda4465804e1d1c55ff95d26b1838d2945fb105eba33c128ee8.jpg,175000
site/internals/static/img/evidence/2145b4ef953a6b4e4bd6b43b4d6ee7f15dca6db4dbafbeda6716763ea9480704.jpg,272056
site/internals/static/img/evidence/21492d96ea6195294ebc7abcd450e32de9295be5bb3a1cefffe6d46828eb338c.jpg,681357
site/internals/static/img/evidence/2149e563e418d156fa2c320ccca45b1094e75692fe7ae289afcf8553f5c417a6.jpg,346867
site/internals/static/img/evidence/216ec59b672146d26d438bf5733f72814c8d3246ebfd9779cd6fe76766c0ffc1.jpg,154241
site/internals/static/img/evidence/219593bfe6ef9f9b79929a6197b014826f892bec5a4ca2703d7fac11c7eb4e6e.jpg,214541
site/internals/static/img/evidence/21e8ad7e32d86dff4ce96814f3f1ec2b688ba16493358849c877c00e49a1446c.jpg,308667
site/internals/static/img/evidence/220d43f5b782aaa2f55b40b8f168a3c651d6d89439c15e1ff7fa7cdc8a7900e4.jpg,7773568
site/internals/static/img/evidence/224770a71d5a739cb6f9c7b8a291bd2e2ca58853dc18134be6b35af8ac841668.jpg,660421
site/internals/static/img/evidence/224b87a49a4a139a45d11c81847739da4511cee64471c406080c8de6c1b4cf7b.jpg,241904
site/internals/static/img/evidence/224da62a762f87e20a945eab5b1de722fe2b0df579a73266662d9d61b3852ca4.jpg,85493
site/internals/static/img/evidence/22622f073c85363906e7fe6b52095481717fc10e9e83c34ddecf0769e634bfa0.jpg,138472
site/internals/static/img/evidence/22c77d415060295e69731dd26afca0641f4dcbd350fa6be60bfe50403c85b179.jpg,114482
site/internals/static/img/evidence/2308093517f2a5a06410d34519229921265fd8d35cc4c363163ade051a837279.jpg,609546
site/internals/static/img/evidence/23324a21f34d2236a0da5d02d6c82949d368e6fc38254b2b60a15ef9cb90c395.jpg,104876
site/internals/static/img/evidence/237a7ece55db72c91999fa482822236756fe7cf7a06facac560f047730a4e16e.jpg,59643
site/internals/static/img/evidence/23abe5a7cbd470b420e02acf1af325fb302536337a0f5a19c7425c38ee55d6b4.jpg,212796
site/internals/static/img/evidence/23b2532f74949a55f2791db66d40e66d490eec859c9d24e15b93a729dac6b2d9.jpg,747674
site/internals/static/img/evidence/23c8b5650828caf4c33bc6bb857a7faef09ef3481812999b87abf6434a1a17a4.jpg,230907
site/internals/static/img/evidence/23d6628bce9170c3389949d1f5386a23c4ae7ed32beeb3e5df2b68f04ee96015.jpg,631047
site/internals/static/img/evidence/23dc6fb684766e9daf065662244e7e0106279c58c1d699a90e280b33fcfb31fb.jpg,1271956
site/internals/static/img/evidence/23f53b16c86a874de97425f7724d6f4aea60357537b3142b68dd64376d4b5cc2.jpg,50126
site/internals/static/img/evidence/2407283cc1c7a9ca885ac9afff33620c19358078ebca555e021441197b00ff6e.jpg,265525
site/internals/static/img/evidence/24284a7254c6505e69c11ff7fda87fb1a227343fdae9ba1042c8d5dcd4d93c04.jpg,83400
site/internals/static/img/evidence/24288a6b715d056a498d228eb70f01c8496d7972d802b3e2e0b23b1d484b0e54.jpg,598807
site/internals/static/img/evidence/2453464c92a9cfdafe10be1aabf3de1911b504663c3808ef59cd810e60af7a53.jpg,1028129
site/internals/static/img/evidence/2461f67dad9840ce6735668146644d191b9697a33d4feaa641654b405c9d481d.jpg,214541
site/internals/static/img/evidence/247d6e4163384ae6576863150caf3342cdb98056e3163eb8d80d868aaf1ce586.jpg,71463
site/internals/static/img/evidence/249351fea34cd8d1de56c9551c7a5be93a40d4f62b02048698c42d3ca0ab5fd9.svg,3489
site/internals/static/img/evidence/24c6e011bfc9028307644b9945e6cda99ea4b896e8e73d54ee486069a40758a2.jpg,157723
site/internals/static/img/evidence/25046758171196f3ed6fb7a4e0a19cfa8a2c247f73db379ef93a3fa3c5f58ee9.jpg,231250
site/internals/static/img/evidence/250c2cab66f7e306e755d55eb18618ee79925966ae1964ac5b9a1dd0cd92587c.jpg,182654
site/internals/static/img/evidence/251b65bcc346d523622e6381620cae5deaf9ed800a8ef2d41e565b45c0c47d4a.jpg,662876
site/internals/static/img/evidence/251f702b5300b7338d6e0f3ff9ecb2f330ac78babd74adbda33e74d660c2c6f8.jpg,258084
site/internals/static/img/evidence/2552f6049dc30a3e6b13c0c2c81279422a1d86d18d30139d3adcae57fd5d27e7.jpg,262393
site/internals/static/img/evidence/25646352c5a01977c07805f99c0abd9b1ee3461b3761719f178fa9fe6a693f09.jpg,331237
site/internals/static/img/evidence/256e85eab3dbab754cfc8d771846abd0860bbd4928bf749936671fed17a8a071.jpg,178776
site/internals/static/img/evidence/256f90114867cd74bfae974676b25b8d3aeabf6cf2eca8d5f7ee88bb07903b41.jpg,138701
site/internals/static/img/evidence/2588d1eac204db407ab8aa51f85542f298e61f0a51032cefbe7e6ba5ac986840.jpg,434331
site/internals/static/img/evidence/25b5d09f6ada427bbae23bab6e136a78565fad336eeed9b88df682d913afa0e1.jpg,1062470
site/internals/static/img/evidence/25bca9fc4ff006bcce0c0d6334fcf71b02eeb9e171991e00ca128530afdd2a2f.jpg,27494
site/internals/static/img/evidence/25cf07aed985caed25df4d790d5a1f852d7bb04a1813f6715c71e9cdb876bedf.svg,7058
site/internals/static/img/evidence/25ea1d2bfac3f224e7266f5a8c7d0c33e7c9eec5c28ed381d5f2dde8e1412002.jpg,32322
site/internals/static/img/evidence/266513c96ac97557a398efe0082ab9e633363509aa9a2c2a460a32e75097baab.jpg,79705
site/internals/static/img/evidence/2665cb9c332d729ed4713f660d6ee5091abd1cb65c9ad09f053bf1e8aa54180e.jpg,1908999
site/internals/static/img/evidence/26b13247b37fba12daeb0178287ed7e58e2f3602ed8b92a0560c9a413f052afc.jpg,341913
site/internals/static/img/evidence/274eee2e5f6248cf0afdc76207b13e02c519187bf3a9383a1dcec3282f5d983f.jpg,206632
site/internals/static/img/evidence/2755338642c533e5e270dfbaaf1d34ac8e9491900fc2860fca7685418ecf67dc.jpg,127594
site/internals/static/img/evidence/276c79ed31a552b9cbf92bfd8f71369c89dd682d17ef9dc34def6d026b6ae3f3.jpg,132746
site/internals/static/img/evidence/278d35df365ac8b1b541a36ac203abb3418aca8f3592219267aeab98c6c65a54.jpg,122064
site/internals/static/img/evidence/27a47126ff15d7c2893a96539fad9aaef01c01725a1bda460ee6bd5bf3c58ae5.jpg,90430
site/internals/static/img/evidence/27f136dee14e104c1ba1e6e126d0c4aa3832b49ee1387a3abdb9b29da29d227c.jpg,106794
site/internals/static/img/evidence/28230a180178d2bc0cd5231016716b2cf3ac65f5ca7125032ccdfc9628d5e71e.jpg,67536
site/internals/static/img/evidence/2829985b48c56522cbcd1009ef27fe4483270b94070ea362d91ef7aff678af11.jpg,82150
site/internals/static/img/evidence/28385daef45b633ef06fd1044ddfc38b72eaaec465b9c1ab61ba96c9626a0c09.jpg,278238
site/internals/static/img/evidence/28561b89745eaedb2d754b8216fc4dd638901ffab0657ce056705d30002c894a.jpg,511871
site/internals/static/img/evidence/285c1d28c071c82629ecb796007142747da48849f22469a956565dbe49471f05.jpg,398740
site/internals/static/img/evidence/28a835a7c4bacf9c2add46054867f12abc3866407936fd0f8fdcfb32aac24c86.jpg,391825
site/internals/static/img/evidence/28c5dd7963dbefd899a3637d64afbc01eebc8ac3e3437349f2d49427cf173e18.jpg,32617
site/internals/static/img/evidence/28ce1abe27919b9ccb5aba43dedfb56376ecb137c3737de3a83cc39fd744d3d1.jpg,154709
site/internals/static/img/evidence/28fd2f841c48104fa48346d7c83b69616a868ce3bbcbd36e0020baf717f7de39.jpg,55867
site/internals/static/img/evidence/294116e39ceaf428be988df6c1cfcee39c10a200899835f0753d02f393fb7c68.jpg,35356
site/internals/static/img/evidence/294678bb32e591c3c1d2469d557934b1b1d36f6d57ecc304df5f619c8b3b4ae1.jpg,272086
site/internals/static/img/evidence/29538591b4c4ab7eda12085fdbb3db2be0be9ac636fc36c404d7ab0c2c92c829.jpg,240668
site/internals/static/img/evidence/299251ea75dbda516900da466e03f7490edc5a11ccb03e032f3aafdedb263261.jpg,1997194
site/internals/static/img/evidence/29968503471af64a685a1aa836e08047bf0a763e11ccc8ec6577c666b3804a14.jpg,332399
site/internals/static/img/evidence/29977e0ef1a6b1b363aa58941fb5207470c19206ab86388d42b4453a154d9c87.jpg,186071
site/internals/static/img/evidence/29ce1a48072ee366b5a08a50a5438268547b2fba451687d557c7a0e09c860fa0.jpg,108625
site/internals/static/img/evidence/2a0ed433dbb6324231b282b0a55507f7b7f4e85bdd8007af54584208291d4e7f.jpg,153445
site/internals/static/img/evidence/2a154c9712ccd6e11ac25b04a2a657e8a18080d7898f401a31e158e624cc7c99.jpg,1195459
site/internals/static/img/evidence/2a27a5dec27e1efc356fbe08cc7278e59e645d06d56f23781926329088ba5d49.jpg,32479
site/internals/static/img/evidence/2a42b39bf46cbd29ecc864c03ed6b46095888263a4d5735b2afeb8fca30bedc0.jpg,50956
site/internals/static/img/evidence/2a5a8bf8af512577f3413126cc292d29c3347d40133a0399ce666b7fed18e652.jpg,50455
site/internals/static/img/evidence/2a6e0dcf71c595dad4dfcec764d3985578cc19269567389573866ffd131b32b2.jpg,233442
site/internals/static/img/evidence/2a92f072efbe10fccc03e15733e0783d9ae0f1183aea24b7ae29fec347ed3133.jpg,174508
site/internals/static/img/evidence/2abdd5ac7e9a372c94d8688dc73fa7c9b03999ce66100f7e709b6046a124881c.jpg,174508
site/internals/static/img/evidence/2acab37283e1ad929c6849810c48d90c31ec1f53b14d35ac0ad0785168d8b318.jpg,198107
site/internals/static/img/evidence/2acd240fcbe46252394b0d134c949e2892bd7a7f883fc3fa63d09eee8083b8f5.jpg,278238
site/internals/static/img/evidence/2af15b956fcec5dcd2b5a6d8252d7324d20c9cb6f5959fffe8406fabbd86f37e.jpg,69470
site/internals/static/img/evidence/2af275afdc44e042d9e71c5bd8d9477f9422050c957687963a5d994120d8dcff.jpg,301126
site/internals/static/img/evidence/2affc00dfd0ef45c0bf873634f3a57fb02c26c125f413366805b98d8cf6c0e57.webp,208476
site/internals/static/img/evidence/2b07848789a2489615998bda4ac2c51ce16f79f31cd30a2cb6a8f35aeb2736e1.jpg,286287
site/internals/static/img/evidence/2b2fd87001af6f4f4eb559133c55826d6046de715544f0fc7861d6e828650857.jpg,293523
site/internals/static/img/evidence/2b3731e9eaff5aa6b3b4c9feb5755c4c6e28acd8267f3e597f3a2e27ad1966d1.jpg,311758
site/internals/static/img/evidence/2b6eb601bddbcff2e47dc61d9fb3c671f8580f160125e57b5baa651db627d40c.jpg,168553
site/internals/static/img/evidence/2b830b784be32e37c4993f63fc5f08e5e05c0ad793eab550174e4fb86d10e37e.jpg,42277
site/internals/static/img/evidence/2ba989a193c07ba04a5f19a8b67ef4badd0f399d684c1f62077ae3db297ce276.jpg,321669
site/internals/static/img/evidence/2baf105a045b17aaf92c3eadd17d0e1e4711f1bd9211ba57a3bc4846fd68d281.jpg,1959856
site/internals/static/img/evidence/2bc2aa260d52c34f93970a6b567798170272ff8046d2c7e718b4c7fe4b36288a.svg,6427
site/internals/static/img/evidence/2bc6861997211d665937ed5815180d68746c90607d4412877c947daddf05dcef.jpg,146022
site/internals/static/img/evidence/2bd9e006d9d7493c130f50fe4c1e0889b1f8179182fff33005fc7954d07120e1.jpg,332477
site/internals/static/img/evidence/2bdef785a9723c022336d64b91e2794b1a42c517c85e239d7f08fe47a5ebb9ac.jpg,521587
site/internals/static/img/evidence/2c56522d22c5d8bd895aa52a39c554532616a72e691fe510e6f48bd82730060f.jpg,42328
site/internals/static/img/evidence/2c950f341fd566b2746894bc9de4c717eb126b48b1cce2b2550c1d62db70b824.jpg,2033319
site/internals/static/img/evidence/2d202cdf70c70603b12af4a2ca1d9758ddb4eae956e7c4740f417e9a71fd2880.jpg,44527
site/internals/static/img/evidence/2d3b69e96033925909294e6839139e6a3728e2de252124a67a13384a1bdc3984.jpg,401301
site/internals/static/img/evidence/2d5120f0b53ce96ff7578434f9d9a30d9f1bd1392bf19a24da57a7206ada7366.jpg,410211
site/internals/static/img/evidence/2d521a06d33a051430f9a0c110b1f523825c09f0953b8ec48f7bf1fd081f1118.jpg,86786
site/internals/static/img/evidence/2d6c9d83d6a92ff81b805b6fc49de5437ab4f3257195b30b25a57e1938e96b00.jpg,79956
site/internals/static/img/evidence/2d834061d45acb391ee53a74d232b292c5c44ec0da321e6227f597094f13c7de.jpg,407047
site/internals/static/img/evidence/2d85b6519fa208d06c61e3f1d27dac2567199d8d94f06f6515f62198a7c84b69.jpg,128516
site/internals/static/img/evidence/2d87bf42c8e15aafd08738a8be88212e88107ffd6e89e9163f0a37accc3c11c9.jpg,1166335
site/internals/static/img/evidence/2da846473b3ecffba38eaebf6194dbf8c15fa191e256e6bc491a58626c347c92.jpg,609546
site/internals/static/img/evidence/2dbde9f9a34335ea0e9f21a42f32cefbb8aa7e7bf2c051cde113acb021361d08.jpg,705014
site/internals/static/img/evidence/2e17d7087eb04e285574b1786d98eb49b274bf15e5777b72be2a9510adb42271.jpg,83515
site/internals/static/img/evidence/2e328f2f8836ee0463a1a746dff87f4ea1590eda8bcd3d7be5de9e3fbdefb87a.jpg,2003782
site/internals/static/img/evidence/2e4f3c959ecab0f975a55fd5aba0b3767d8ff613a4673e2498f421ad2c050807.jpg,182545
site/internals/static/img/evidence/2e976f82009bbc8c2f6e2a96b442300976517cf69153eb45bb437824cc8746b4.jpg,237361
site/internals/static/img/evidence/2e9e7f91dddf0ca8f21e8154cc29b6308a42298e9789c4e81b8d543051c42c98.jpg,193674
site/internals/static/img/evidence/2eceffe9e3981c21fd2fa7eecdf163fd20cdbdf3dc2d997b70ccb79d348387f5.jpg,166120
site/internals/static/img/evidence/2ee9c576428f9b9aa7233ca4e3ef032e3e41f3d115f85f94220cac044c305ded.jpg,552449
site/internals/static/img/evidence/2ef81f1840004d6b21609daee8c92495245f51df0cd002d9c6f93d33734d1261.webp,49364
site/internals/static/img/evidence/2f0c2bfd01969b30e79dd0cf87769ad4b02aae982de74007eba0c19415c6c449.jpg,276993
site/internals/static/img/evidence/2f3d7a53c185d776aeda4183a3ee48fc2e22da8c4ccb6d5f3d2f118d438ae0ec.jpg,149004
site/internals/static/img/evidence/2f6698410768576e2522b34b410b4743caf0c7b52e4b82a4ce84fb74bf967aa8.jpg,555636
site/internals/static/img/evidence/2fa27d30eb35b51b9a8f2435f9df702d0c7b7c9fd8ec65a1af941abeeba2eb91.jpg,945869
site/internals/static/img/evidence/2face0aac540377119439b373239fe9967f04f5dd6aaaff0a5a0703fe62bf89d.jpg,432924
site/internals/static/img/evidence/2fb43c1cdfd1851ff3ce9d6912b4bcf15327c7541c729ced05930f2dd66bda71.jpg,193111
site/internals/static/img/evidence/2ff511be89aa502753a080a7c781eb9cb72ff5d82a7d38519060c9263812d7bb.jpg,260174
site/internals/static/img/evidence/3024b408fd1897c0fe3b7aaf0081d1813ef7160fdaa5dea519ce936351159f5f.jpg,252070
site/internals/static/img/evidence/30339925002973ba5f53ad0fd8363d8fb0328814982960eec49ae876901aa551.jpg,111616
site/internals/static/img/evidence/303f832d2406ada7652a0d29592d1346acac4c9defbf8430c163c4391595b86c.jpg,381390
site/internals/static/img/evidence/30564ae97ebf0a5059c5ac50c1bcba990eb0cba73d672c32b1552ac33006c1f8.jpg,82529
site/internals/static/img/evidence/305cdbc818804686aa16251f36d2b3a576dbc035117a83f503fce8ece24f9391.jpg,139513
site/internals/static/img/evidence/306288890ce6ee873e955f0958bf0db3107a7f94dacaf47371bfd061e79ff5aa.jpg,21416
site/internals/static/img/evidence/307be2e049af14d76908bd40f16eef2596814201cd007d1b634aea89485d7be9.jpg,275409
site/internals/static/img/evidence/30dc0bf81632c4053413c93d1dc4dc55398f75b73c05077bb0d5b8ab4e29b19d.jpg,340430
site/internals/static/img/evidence/313e28a2e2686d3dd18f71b72927d0ccbab62ef61556363c9e66ad18345f47c5.jpg,639658
site/internals/static/img/evidence/3150fba5e56753d54d8f68b9195896a30b0039edc1b0224d18761454ab7d0296.jpg,236450
site/internals/static/img/evidence/319e12f33f38f15d9a1fdacdc9cbc2e0f45c04803303c3b7d24e7e2c6f81d351.jpg,816052
site/internals/static/img/evidence/31ad6320ee268a58415f1e2247d0383d23e219ab96f05393c220716899a37d11.jpg,420043
site/internals/static/img/evidence/31b790bde60607d709f415a4ee99cd759744691ddb2ca492eb667b2a2d017e57.jpg,205740
site/internals/static/img/evidence/31d953d6f483d55f611414a3c19e147058921ff999f900b81e0d3cb4735e1ec7.jpg,23341
site/internals/static/img/evidence/320d1f6afbd55704da7946967ff13afbd132071797999b9f9b79b0ee5d23d8b6.jpg,276734
site/internals/static/img/evidence/3242dc8c93016924c492709cbd5a1bd7a1fdf23c039846722e20aabf88bc729b.svg,7049
site/internals/static/img/evidence/3267e0118a1a261168a3409156581182c3966f149fc54c2daf23be8dc5aee9d2.jpg,127433
site/internals/static/img/evidence/3279b803756c9f527c7b72c3f74930a6604b8480861e1a79b581bbb2c665e56c.jpg,316075
site/internals/static/img/evidence/327ea0ed95324871ccf746cffa6cd6fdfc745aa3333d42aea15c9fc8f8f2c138.jpg,183893
site/internals/static/img/evidence/327f8fde3f33ba148455dadaac02c6389cc08852dc2f8594e2afa0eab91b34c2.jpg,631047
site/internals/static/img/evidence/32a238570d0e33436306803814d29b132e0119b805b3fd3aae2d2b6d687bec36.jpg,976676
site/internals/static/img/evidence/32c3d68a7f8e9abc5c7e20d7b50b166b0ab28851ebde6f8787f5964c0b837c34.jpg,100882
site/internals/static/img/evidence/32dae18bcc303dd4c8be7100019e141f154942dff22b58820128b5cff1e8c406.jpg,199950
site/internals/static/img/evidence/32ddb0bdfd8ed24af5b1eb578b42918b47dde7b574a44b4ef2662188b8d9a363.jpg,262489
site/internals/static/img/evidence/3311b3f039ae4aeaf42c0a95b03ea9cb1eeb297860a02f36cf7fbb7b2aef293f.jpg,139416
site/internals/static/img/evidence/332e68531a71617430c74a2d019a976ef1fc93161c3727f55451b334237ed511.jpg,522053
site/internals/static/img/evidence/332e68531a71617430c74a2d019a976ef1fc93161c3727f55451b334237ed511.png,6649721
site/internals/static/img/evidence/334cb16aefb970bf76734b0bb5cf30308d97920bb046463427cfb32f26f5c48b.jpg,182300
site/internals/static/img/evidence/33588493581b8fdf17c1d2928f8d5c36cf3ca97826d086ca8152cffe511e13f0.jpg,69856
site/internals/static/img/evidence/336ca03c8ee05bb714d8f3b6fc78d41f2b1464a66bb6cfde9cd23076da603024.jpg,237361
site/internals/static/img/evidence/337b25cf7d3197d6ddd0c4ca12896c781866152424551fb9fec1e9448053e4b3.jpg,56066
site/internals/static/img/evidence/341c84e6b864f919625e14c33e5cc5e0711b11da9492cd13b7c2fb9365e71d29.jpg,227590
site/internals/static/img/evidence/3430736a96d4d4f9dc8f65035cbd4085a8608fa2b400b4343fdf68de5993a5a0.jpg,167828
site/internals/static/img/evidence/344ba4347f2035ec7e22fd1f586d06a7ce43334b9db9fa05d8c4f195080a7bd1.jpg,180120
site/internals/static/img/evidence/3459f262598ed46ff052f334903e082ac4e6bb5a679c0e682b9c17eea317cf2c.jpg,426424
site/internals/static/img/evidence/345a0d55161361eb384e3d872200f871086895be447b4eb80415c033be716eae.jpg,65327
site/internals/static/img/evidence/349e4e90f39971e8e5d355f1446dbb4bd92a753564640dc983e5cb152e1eecef.jpg,426942
site/internals/static/img/evidence/350faa7a5de127e98062d1a85b9cb967362e0f96d9552f3874686dc8789c7ce4.jpg,158665
site/internals/static/img/evidence/351de0a5f882a7417fd6f83b78d848e9769581a6b3dce3ab093c20fb47e68ea3.jpg,241033
site/internals/static/img/evidence/3530c06c474c3bd730956dcf119716e33d42a38b5ab5d715ba76ff8cca50b63e.jpg,258266
site/internals/static/img/evidence/35473b4bac7fc2ff0de6ae6866e5820257ad95aa7c30846c8bfb196a0fd11559.jpg,178131
site/internals/static/img/evidence/3566b0bd89ac15361c05df9bdcfbfb7f40f706fff33de83953f6ac32bd05f3c6.jpg,680474
site/internals/static/img/evidence/3581f252c4fe8c3fdb5cd55154e8f9a5b6342c27b5dbb36b7c5084c602644c0c.jpg,229701
site/internals/static/img/evidence/35bccf70dc0cfb8abbbdf62ff288a25b92e20ff06ad7aa6827c52404a3eabc58.jpg,305929
site/internals/static/img/evidence/35daf3a41fa1c8fd9d11c1c9bb5c7cc322be1d6f556d89ca519e372be648c720.jpg,317401
site/internals/static/img/evidence/360335a8a789e808be0638dd89186f088005ad7f76b44e460889e4f819b30614.jpg,183228
site/internals/static/img/evidence/360dc62c2b4d8125f698d8a136a555cf436bd1ed06ff2bb687952f7bfbe1032f.jpg,111398
site/internals/static/img/evidence/3641e92ae2568a0d31d7a60a81379587a49dc439f963085faf19093c70290486.jpg,230190
site/internals/static/img/evidence/3662f3268f0c3ce65da0edd590232c284d3082313c7b423891d68c110868a9d8.jpg,18795
site/internals/static/img/evidence/36aaafe490834a2915748f51cd97eb3dfe5f935b2abcd8dc59de0b8402ba4c76.jpg,35530
site/internals/static/img/evidence/36e37f93add7d1cb88eaba0e6f9c8c5f566806b11c96f1497b371aef3bf7ef3b.jpg,187415
site/internals/static/img/evidence/3703036f6605c38aaf638b7c4a43525cd978d0f0886f420873868aec25bbd099.jpg,249750
site/internals/static/img/evidence/3733db59fb0e9b17533d3840462460ca8815e15e1e25e20ccf170e36d4e06de4.jpg,1195435
site/internals/static/img/evidence/375000c10a4612e99369f37cd101d008f00116999c5d30ed7d9c121fe1693f9a.jpg,12167
site/internals/static/img/evidence/37596b6759ab09efff38987e05a60872bf82b3c5a8369493d8950b2424f41c06.jpg,165584
site/internals/static/img/evidence/3784fb7e5bac6e418714f1cc00e2bb6fbe09a45093876941b9acf982c38c5ee4.jpg,320332
site/internals/static/img/evidence/37b3775d5e1f3f7c6ec7de99a919e44b2e2b3865e312b67f634c6c9d6fd758cc.jpg,134531
site/internals/static/img/evidence/37bab7c67a6b39ef28a44f4b683be8f8ad63d34df91bab6a41cca647291d1e34.webp,45226
site/internals/static/img/evidence/37ed52a695129f57aae7a9e448106d80b038a9146c2b1ca3eeb4d3e930bb98b2.jpg,168795
site/internals/static/img/evidence/37fc4d9e1b84dea8ae3d81647a0783ac5cd5957c3e4dee972621ac2084083161.png,560
site/internals/static/img/evidence/38786ad487731bbeea2e556fe18a5310fef05d099f51a3b91c6bf779565cbd3d.jpg,236477
site/internals/static/img/evidence/38846f58ca93553606397cb52f59caa2a18024aa1b13ded59a7489f3fa553e43.jpg,1377964
site/internals/static/img/evidence/38869c037df1f6507892f81dc8def015a534b338eb3e9334d1b155d01dba5330.webp,70986
site/internals/static/img/evidence/3894c2352b2d499e4a9e92036d53a10578d4ce7066f8b03b71672d4c35178b5e.jpg,24737
site/internals/static/img/evidence/38a2cf744ebe52c22d496d3605387a805665d95bda0426b9ff92fe4182576b5a.jpg,319077
site/internals/static/img/evidence/3904c0d3207de10c380b972f32361fd7d36292f68ca90bfa8c39b2f0d937ccba.jpg,138082
site/internals/static/img/evidence/3912956c9ae403f2dfea582ca2b0f831c5927d6de330cbe03da168a8e2a98571.svg,6593
site/internals/static/img/evidence/39334776ef06844569264c817204c809ff767454e4d30a447493b7fe7281d59e.jpg,170370
site/internals/static/img/evidence/393678d66d8c057da58cdb428e178c86344b3625103bc8b17ae83b5b6c89c217.jpg,66638
site/internals/static/img/evidence/396988f2707d005ff4a052ec22417ce15436de1c901bf9e804d930536624af58.jpg,85643
site/internals/static/img/evidence/398f13e035e041ea1206ef7714e4dd50840113d4e7cf357a00bc243d0a7f2a56.jpg,262699
site/internals/static/img/evidence/399a524ee0a3bdaa26d41402f954040763f3b4474b6e73343d4671024f4687ae.jpg,52593
site/internals/static/img/evidence/399ad2784379aae9e22386afd8de11761f7c95dbc0af05ed1fc69def0b9aca36.jpg,465866
site/internals/static/img/evidence/3a1a8dbea64a6adf7e9e1e30d1c68afd48fb8a5ad92a5eb34e635070061c1d21.jpg,94956
site/internals/static/img/evidence/3a2307f4d1494fba4ac3e8817aa7996ae3f2e62a8f5e9c64dae974cd4b2d104f.jpg,113805
site/internals/static/img/evidence/3a29a0e8139053ca6e4627aad1aad97fc9e3debe706f99a0de100c8248f9bbc9.svg,4826
site/internals/static/img/evidence/3a2b294edec1aa9114df1306134edf5a73f18c86db273b7de396c7e6476f8882.jpg,102173
site/internals/static/img/evidence/3a7074cf4a3b2c5595c5e35fe3a6acb3d20d6aa97f084702e89e1bca51127a16.jpg,183633
site/internals/static/img/evidence/3a7fd81abea0aad49b235f486421e2b36b188356c34d1a8611284649d1bea679.jpg,65352
site/internals/static/img/evidence/3aad355ff30b0bfaf0a23ce545063ad1a2ac7cb9db6e6b3734c0627c38e951a6.jpg,308571
site/internals/static/img/evidence/3b259b7054e627fab3814fdb9ca596807d74ad3e56d76a1b00eaed94820f6e7e.jpg,60781
site/internals/static/img/evidence/3b2fb41120e54d8729ce050a0a7ea66ca8fc748991d39829be5b6d6d9e8d42ee.jpg,78610
site/internals/static/img/evidence/3b6cd443ae2d45d12a356f9ac18c9679e5a6bb5ea1dce223b66e510c3adb86a9.jpg,416134
site/internals/static/img/evidence/3b80279b168c156c63cf7b702a831ffde589f10dbb0e1d3bd7d7e38d5745f49d.jpg,172494
site/internals/static/img/evidence/3ba3a4a96ac1cc0f4e580691fe52e825b3bac7795416000eda5ec3093f33c293.svg,7263
site/internals/static/img/evidence/3bb061d224acd605b38c60c1b2b25bb5653636cc08be358c0285a17b06b8fd25.jpg,498672
site/internals/static/img/evidence/3bb3121bb4cdd9bac0cc48cdd4326df612a4c38bcf9b6d76d324e4c28bf9d363.jpg,848754
site/internals/static/img/evidence/3bd87b8464318ebc138e311e143a86e7ce7af7b3b8ee049e25e02806592c3403.svg,7248
site/internals/static/img/evidence/3bed9474d115abda7405480a401ff1b22d1744f6d119dd4355065216785ffd35.svg,7653
site/internals/static/img/evidence/3bfd493fd8a6779a29ee29f8c2ecf6dca6dcd9d73866eab9eea1fa5da38a3f11.jpg,219749
site/internals/static/img/evidence/3c8436d1f14a5be4e498a4ee845971aed4f29de2fdadb1230b344e359da031f5.jpg,189617
site/internals/static/img/evidence/3caf215f7a42c0f37aace588bb7887f7a2acda9e15322164da37bc3693c9a558.jpg,151830
site/internals/static/img/evidence/3cb45774eb5ba3d0cfe61a9fa62ae645a3f6b669cb7d1bfb03e20e82e8840665.jpg,218370
site/internals/static/img/evidence/3cb5742da4b5d34a629d30bc03c2ac5b581da22d7813755ac6361cc26ad375dc.jpg,202556
site/internals/static/img/evidence/3cf3941c9d783a0bfcb46f586e06f45af5c1bf77fed8996a0846821273ad0653.jpg,2541998
site/internals/static/img/evidence/3cf4009ec06bf5beb2b9b3d7b8fc1ce07de8e38a04e163af8fb230b7d3091dad.jpg,358151
site/internals/static/img/evidence/3d331a805b598109c001d3621bf50e1a7f35c622b429e383163c618fe5a3b9ea.jpg,553551
site/internals/static/img/evidence/3d36a11c6f826e62396de4b4024a67a5274172f0692d682e3cb4e2c48c9d8e42.jpg,183633
site/internals/static/img/evidence/3d6b4b49223fa06da71dd4c92d2839d91935097646478c5959292390bfb8719c.jpg,92857
site/internals/static/img/evidence/3d9c086c8421ed86b2fee8f5080a0be8ff43c9459eb1d25a35af0c0300907f3a.jpg,245906
site/internals/static/img/evidence/3da1ec5d1767942a86ca8d17183a2affc000adf4df25483f5144ec22a2ccf155.jpg,522465
site/internals/static/img/evidence/3e190f4bf927f8da5f933f63973ec3966572cae08c86044a12add31f55a72189.jpg,2027028
site/internals/static/img/evidence/3e5febdaf5d47aa02e2a152b186f777101c31eccc1c57e558b835a246e5c965d.jpg,197312
site/internals/static/img/evidence/3e7be1eeda29376c59e958ef3798fd256163456f5cc8c76152125749a45bb366.jpg,682781
site/internals/static/img/evidence/3e823d5acda61da3ee16c2288b5168663e8adcbb118386e0066f8bf1436c151d.jpg,405887
site/internals/static/img/evidence/3eb6c38f3bd4ae33d0018ae0bb8180f63a0e487fd12e70a789a3ed620db0ff9b.jpg,153995
site/internals/static/img/evidence/3ed1656da42887daa0a43cdd6b8d7f1a7e95de6f86dc34b2b41fde864a4c3074.jpg,646076
site/internals/static/img/evidence/3ef6361d14e2fa9bc59e1a05c8c52afd029141974591bb55dbb8a463cc9c85ff.jpg,75662
site/internals/static/img/evidence/3f01b7f06e3e7bf73f55b050a10ab593c4d732592a6e7fb85b0999e4d5b862a0.jpg,211257
site/internals/static/img/evidence/3f2b2974f1271427288a83b6a282080af44aeb11185c674b2530e396f40ca54d.jpg,460189
site/internals/static/img/evidence/3f41ef5c340b32bc8acf1ec9f13c4c54076d4565572060b9acd80e1df19a88fe.jpg,45295
site/internals/static/img/evidence/3f626f5e6ca52ae5d86d3c950a8054d047faf0d604b98d12bc8bd1e2a6c98a1f.jpg,129149
site/internals/static/img/evidence/3f6b8fa684fa52548cdfcac53146a0b969542a67f86b773bbf1014154de88980.jpg,27893
site/internals/static/img/evidence/3f7054aa670674cbf26836c74a1b8812e2329017061f0afcce0b3faebb4706f3.jpg,385585
site/internals/static/img/evidence/40129bb4ec96fcd5500d7ed17b7a3e394fe12b47f517de6b807b206758036c11.svg,7251
site/internals/static/img/evidence/402ad140da82ce7553a2c5a2b766be9f8d4020530a5969d6257b00c52cf7ac4e.jpg,1074790
site/internals/static/img/evidence/406c2c2cedb35c0afe283920e10a132465c023231475f98e87bc899f8ece86f0.jpg,103155
site/internals/static/img/evidence/406c60ebf81b5afc224a0041a751a55b6a7b9502717694a0b8b03c75b4df35d6.jpg,66832
site/internals/static/img/evidence/4087c04e40a5d94db98fc6d35e73488cc47283dee09c9c6166614c763e35bdc2.jpg,1089348
site/internals/static/img/evidence/409bfef0f8631667ca87e26fe2726d4761b79d4164907dc249d2fd8ed4c37dcd.jpg,1527776
site/internals/static/img/evidence/40a7a5794ac0e9267ac565e41872cd192748a0bb5481bfab4c3f4138a57f52dc.jpg,276926
site/internals/static/img/evidence/40a8e44395e3676a8065c4f9e86c3ce410d224af2b39117fc9f0e018d34faeeb.svg,4838
site/internals/static/img/evidence/40a9384cc8b144de2e107fc681b3a3aa32738fe028df3363da1e47cfacece57c.jpg,56815
site/internals/static/img/evidence/40b69adda67dfb504ba7e2a74546dc366a0c1dfd0eaffe0d8f39d07d8f08b598.jpg,108434
site/internals/static/img/evidence/40e8cf491e9c042bcfe41eaaeedf7f23d4d2b211a45970ab816593b78ca4f3c5.jpg,128107
site/internals/static/img/evidence/413b9f00bd37ecb9121502de3e3274459845950e9134f614a837ccc06b1ac103.jpg,209422
site/internals/static/img/evidence/4163e12770a92569b08a866bd5dc6d9ebff0cd14c01bfca0f36faf54918e88db.jpg,131833
site/internals/static/img/evidence/41c89aafb2ed3f7fcda0806e061ed5664084883b8d9fceb8f1f69b83bde34cbc.jpg,184541
site/internals/static/img/evidence/41d7725cb42c5e30c135e56c3371566706ca27382fceadd8f528f980d3ec5b10.jpg,251548
site/internals/static/img/evidence/41df1e905fbed1862c57b06ffa6686425d78de4d19be9d778618edb44051e21b.jpg,179291
site/internals/static/img/evidence/41f9ea8650f14e2497df0a782b4f15b74a87320b094bc241e37902caf5a627ff.jpg,159316
site/internals/static/img/evidence/422c8a0640caf6ce5491860df09f766e7b427639a7bb04685a016428eb7afc90.jpg,539086
site/internals/static/img/evidence/431495d8fafce6a3fd0052a2d692f32c19edb7edb00392a4a3e3c8a6864c58e9.jpg,241033
site/internals/static/img/evidence/4381afa69ee3acbfb24b16138904afcc71007791b4339f06658df30c152c26a0.svg,6664
site/internals/static/img/evidence/43941f379bc551c16f6bec795914019d70466a2ae379cc161e507b94c41dd4ad.jpg,1377964
site/internals/static/img/evidence/442e3f0874ca7f44dd4e628494e2071929850571f5477173a9a44c5270bd511a.jpg,178646
site/internals/static/img/evidence/443cb72df7a695d2722b8a241795a46fa1a798dde15c0e83bed4bfff093788e8.jpg,32175
site/internals/static/img/evidence/443e2899d426c7b94cd00c4bd76497c128f501eb2dda7415b7502e1fc1d9f26d.jpg,106193
site/internals/static/img/evidence/444c7e45c5af29ea84b0131e5762741b8275c7006efefc84aedeee1dcc795552.jpg,157826
site/internals/static/img/evidence/446b148072268d40f194f220e0920dce862cc3fd8bf37834a91ca54039d70837.jpg,244177
site/internals/static/img/evidence/44a0940fb60f399de93a45aaeed030354d7a7484c52a86e7cbf498601dac770b.jpg,456830
site/internals/static/img/evidence/44f3220593348f84c97ff0e1b1120a33b07bfb9f1f65324dd0f885c34b5f8139.jpg,27083
site/internals/static/img/evidence/450276905dbc8c4fbbd32821542a8e57e579ee26c68432510fe24d6acf44e86d.jpg,229352
site/internals/static/img/evidence/451902364f7ee047d10d5fbb852ac86f94e457073c74587f89f6bafd983b53a8.jpg,705014
site/internals/static/img/evidence/45574f6c395965c90bfc7063cbb6ead90f5560bbbae7075dd38b9532990c42ab.jpg,300935
site/internals/static/img/evidence/455dd5fe4b5fa64a861cd277ec93f10d005c6a400f348da94c8b8d0ae08f17b9.jpg,54427
site/internals/static/img/evidence/45c2d91d06f95a2808b17449e32544a11f7a11e6ed84bc99ae4d8dbb2e77387e.jpg,151960
site/internals/static/img/evidence/4607c8c33ce7405fee64c9d8ab04727046091ce4ed2005c48f8f74da1d1f52e6.jpg,11888
site/internals/static/img/evidence/465c80d7dd6e0c90d35e9ad31f019e44d623a9947a4cc04c3526a0da6ac15b94.jpg,180509
site/internals/static/img/evidence/467688f99936c492724f549e2d4fe7c3173dfcd95c43d5a6f50804579cdd210d.jpg,42093
site/internals/static/img/evidence/4696b9adefc682f0fee5c03af47932a7ef91b4887231e5196784b00d20d976d6.jpg,115894
site/internals/static/img/evidence/46e941165889a64a6bd087e11f5bd6221c48458cf0d09e04378cc38290d44248.jpg,137002
site/internals/static/img/evidence/4743e3ccf0467f5cec4ada86b5006cbc6d5af99c3bd7e361bc26defb13c08b63.jpg,149027
site/internals/static/img/evidence/4761b02715f84c219b06b88a24f2194cec33fcf86bbf0ba8af557e055bfe42c6.jpg,120779
site/internals/static/img/evidence/477fe59afe3ed9523aed8e6ee03f23b8bf658b504cdc07251583030dc0cfd654.jpg,79006
site/internals/static/img/evidence/4787d65ad2bcd13fb9dd9a1be63a213fadb382abe0b0a00014c14d24b1362ceb.jpg,122122
site/internals/static/img/evidence/47cbbf52aa25adcf1db8d22496976381a81a9a85e1cf215803ccda640c4b2f9f.jpg,57121
site/internals/static/img/evidence/47fa48efed996583f27b1c90e3d790f6c200e75e64aab3c7eaf6bbce682b7938.jpg,320265
site/internals/static/img/evidence/48225f962b2d472cb112a0ee7cf0ad2b5e9cd6f6ba0ec73f713a4801a0a20567.jpg,72522
site/internals/static/img/evidence/482acb917fd2d535fa8ead6f0647f5d70d7cf9bda07d0c77ff2a03007fe00df4.jpg,116365
site/internals/static/img/evidence/482c0af99d19b34b22d5f05dc2be99dda6051b4d747c9076b09aded0bd57cfb4.jpg,625760
site/internals/static/img/evidence/48437e0ca3e330f144d56250ac0c70515cbaeeb7d625372c091f5ae2a0f99afa.jpg,171394
site/internals/static/img/evidence/48c72bbc91f470bc9ace9be5692b672896b1556929f95d354ab211ce085ad6c5.jpg,2006721
site/internals/static/img/evidence/4903b96cf3dc0adef87f0bee1fa5169b1c5199397f1f0144f2fb08644419d2b7.jpg,950843
site/internals/static/img/evidence/49380083137e01eed68c181d80a2b36707f9063e1d3d37f85117dc4d732a7e02.jpg,78583
site/internals/static/img/evidence/493f378423a0fc626b39c5d850ddaac5f204fab4152716e0db24214975a57439.jpg,1083230
site/internals/static/img/evidence/493f9189fb56f97502209d3c0be8e25aabd7a4b0d5822e88473333b0ec062f33.jpg,577690
site/internals/static/img/evidence/494727d588aa56f8608d97932d64a02a3de36ccd1e5fcf962968dd90af4e6522.jpg,704548
site/internals/static/img/evidence/49654023195b7db7753e299f09273b4acab27c30a8b981b8dca51a5ade397e2e.svg,8798
site/internals/static/img/evidence/496f0198057c0c874773cc24cc501472c74e2c53184a05f2f7d3fd92faadeaac.jpg,935256
site/internals/static/img/evidence/4975e4215fe137a524ccc255eafcac17391deb340cb8e6360e8bc851ad02e753.jpg,81717
site/internals/static/img/evidence/49900bfff7f8ce3b008b42ac034bdf3a4ff078b1312d85c0084935eebbe51bad.webp,389806
site/internals/static/img/evidence/499da2a0f58ba2b10bc80507bf4a2f4732177e049fb854775de6225ba949cf48.jpg,263966
site/internals/static/img/evidence/499e8308fe7aae7cdb155121b2bb6b8298563f13565749be1fa12eec6aabf441.jpg,153382
site/internals/static/img/evidence/49a9b9aad09fe65e899c6bf75cb9f501a88914ea165d39391a983cd31cfca564.jpg,143841
site/internals/static/img/evidence/49abd5f0421899e0846d91841ce5f87ba55a6dd2420918281515382005355f84.jpg,994837
site/internals/static/img/evidence/49b2fee19fe5e327d81af7a17f3bdf1764deba17140c4ae5e18296d66b9bdf57.jpg,75881
site/internals/static/img/evidence/49bd5f651d53ecbac3fd61922242ec3dcdc0e0f35dbd3dfb349be21a63546647.jpg,939193
site/internals/static/img/evidence/49dbabbaf4329e6e216a631e7aeb3faa9d47d1ad8c2df36f7301157f6940a1ce.jpg,143674
site/internals/static/img/evidence/49def4c1e5b905675f0ad9ceb49eefbbb86e613d377f942a7fb0bde778162b03.jpg,1836521
site/internals/static/img/evidence/49f362014a2777129499756d9156aecef8531f50902dd5916b738715ea6c21a6.jpg,302422
site/internals/static/img/evidence/4a0c210446a4976fbcd1bf945aa1edba340f931ce5457f3e9570f1f94101ce3e.jpg,52205
site/internals/static/img/evidence/4a2824f4e4de7cef28b5c42b975092604e96ed68e9d681269cdd662d7d73f76d.jpg,72143
site/internals/static/img/evidence/4a4be8409145c720c632b31d243131737ed299983e893c0aa176e1646ee453ca.jpg,142919
site/internals/static/img/evidence/4a6ca66df9ce4bf3e7f6f83bfcd7c247254dccfc7b48649a1ff2ab4c77e82d86.svg,7175
site/internals/static/img/evidence/4a94b7f1cf699ff600fb584517b7fbc272f5f7474ca33e4d401def3b82b11401.jpg,126797
site/internals/static/img/evidence/4acbe6340a08bffeaba1bf8a5920860d9e6056cba0e87600878547fa7bbf5ab1.jpg,1571630
site/internals/static/img/evidence/4aefedd23028718e1b5338782cd63f340fa4ce5f9d32b993e4e8d465baecb8c7.jpg,132746
site/internals/static/img/evidence/4b35c8a6cab83e26b4eaeb58a6c38d8854fb4686d4f9f2b78c0635834c886684.jpg,141799
site/internals/static/img/evidence/4b42061ddbdde6fbcc2da3f1ce8e1ca6a03120ba0c708ac4286134bc3db0e073.jpg,745537
site/internals/static/img/evidence/4b55853a018e076c93927fe6ca4bec397a15192bdfce6e04ec60efa4f41cf312.jpg,72595
site/internals/static/img/evidence/4b56d6abf7ab4371ac06ab3892c09ea1b4c40d7bd1f8783c13adee3da614abaf.svg,7166
site/internals/static/img/evidence/4b5f645fda5d1f8601701d5f10f78484860c8071ffe7cba68b92c6d746cc7736.jpg,75241
site/internals/static/img/evidence/4b688478690b186eebff3d9d56cd2959c0d19ff7b371c996954c2be484f3c6c5.jpg,1204416
site/internals/static/img/evidence/4b7c25a2688893a9fdd66b72281c4bef4107bf8f589acc0910350c645f944f64.jpg,154610
site/internals/static/img/evidence/4ba6c08c7d3fee1a625bdcc03fab73135a81f43d7703831cc73fe6855bc705d8.jpg,149004
site/internals/static/img/evidence/4bb1b1049035c0ca8167e4bda0ea37cd42a0beb34068c204e90ca341785721c6.jpg,236450
site/internals/static/img/evidence/4bda246ca7315d610fafa528fba3625076a49375e887bae327c27407517f5a51.jpg,167815
site/internals/static/img/evidence/4be63efd03e162207bcd8f83f07e1b48c0b1a3cc318f2eb625b59d2ecdc4e236.jpg,164745
site/internals/static/img/evidence/4c087dc96bf119f20f913d2e3c8735e4183c155d0f8982d48996495e967051ea.jpg,292868
site/internals/static/img/evidence/4c40efb8b72252e35c855f2ac2fb7f10ed5c50ff103eaabc230d2e7c2a39eddc.jpg,23321
site/internals/static/img/evidence/4c54a9b8e644161288a8a532d44f313465a94ddb83f0feab78f08afa2ff5b093.jpg,266993
site/internals/static/img/evidence/4ca0610eb0f638ceb8afc06004b08fed14f6869cd891b05733ffc16552e3b5b5.jpg,74036
site/internals/static/img/evidence/4ca9791bb41befa07bf127d0c653ee5105363ef93d56f1d722f361183fb311d7.jpg,195316
site/internals/static/img/evidence/4d0dbaf13ec08f4179052e20d8029138a0c0eee2ddf6890261e22114ff84ad67.jpg,201934
site/internals/static/img/evidence/4d12c7c1babb5b5f25790f797c763660e33c1554ba73a858f8ffcae5269be153.svg,7471
site/internals/static/img/evidence/4d210b08afccdc090c74ea69b6eb436cfd650a742c586ed1e329b653f80f0581.jpg,415378
site/internals/static/img/evidence/4d53320ca8678643586e0559fd4a044d17e66705996f49b7a88e70ab2f34a4f4.jpg,62841
site/internals/static/img/evidence/4d5d42a869154f84fafb96dbc89ebdd2904dfe1874da4db76035f61a7ad8b174.jpg,335767
site/internals/static/img/evidence/4d8afb45eede93219ed6093a61acbac024b873917be78eaeac792fb3a7854efc.jpg,263950
site/internals/static/img/evidence/4d9502614a526bbbfc8884893c8c2faed5ebdaa3057b206e3fb4ce2fa0d1be0e.jpg,982490
site/internals/static/img/evidence/4df1f5164048263cf0bd5d3d8048272c0ba4a0283d5f3baa9d9813112e90de10.jpg,171978
site/internals/static/img/evidence/4e1c13afa70cb74318e917e44b1a60bafc639c9d3fb4f5a80f4614b17b525a44.jpg,162010
site/internals/static/img/evidence/4e529ded09f58639d9df7246e5c89128e6c91e8235c82f98f2abb18250ba8e2e.jpg,3368283
site/internals/static/img/evidence/4e65c2fc2e1f11cc6bfed25f984d9cc42d0aa340d6893f910c5794e19e2030b9.jpg,79874
site/internals/static/img/evidence/4e70a82d7b5e30a365010df3a34f2f7736b34431fdef66261c6b849da42abb5a.jpg,170594
site/internals/static/img/evidence/4e9593f33adbc81172fe0ae116701e88acd67249188996e437152bbae813fe79.jpg,335406
site/internals/static/img/evidence/4ea1a0278ba6209e00eb8680bb2967aaed0792fd1d9f9aab99ad62397471b15d.jpg,106096
site/internals/static/img/evidence/4eae45b370e0fc320c9f4d4d3be1f6bd1c90d750451ae2b1faf4bebe34e276d0.jpg,97413
site/internals/static/img/evidence/4ec6162419169e578388a8a4f716b13d4611bb025d5f1210469cb3bc011c3e7f.jpg,41404
site/internals/static/img/evidence/4ed9d743650b676945c1fa2eb70c8ec987e1d7793e94d1f19b32ef082f548f44.jpg,22307
site/internals/static/img/evidence/4f0ed731c2288d423389c9424c85e39db945f817be97b80da1d65004b6f4c10f.jpg,276973
site/internals/static/img/evidence/4f1f4f3addb87322d6d096c006ed6e5b9daa4d8758a9e69a8ffaa1458e01fc19.jpg,227525
site/internals/static/img/evidence/4f43f9df68fbeccc0605b9247a471e0339c24339915f8311218da8e2aa3374e7.jpg,627511
site/internals/static/img/evidence/4f788b0f545a751b515676b4df4cfadae1cd115e62130c97a0a510a3a00af50f.jpg,229701
site/internals/static/img/evidence/4f8b91544166735e905bca24721492c5eb23aa544ef2b169ba57b6e7c69be724.jpg,77897
site/internals/static/img/evidence/4fa03d0ebbc12580f2a6e16d31e12b2d231d06800277d9eace11853d9f144887.jpg,414187
site/internals/static/img/evidence/4fb639b08a78bdddc10e0e8ab10e6e945d834e7dd0db84bd77a5ab7c0a302915.jpg,146703
site/internals/static/img/evidence/50527e16cbb1aded524ef7875e9dde94494caf81ebd47abe3839b6170e7f5183.jpg,80970
site/internals/static/img/evidence/5089965b8139f9db03fbba43794b397bbd8c9951883e619751cc518f2e4ef23e.jpg,396309
site/internals/static/img/evidence/512b3a9f424ac8050744dcd92f233fef7befd4fc6ee5c41dfbd5d34864f0ac04.webp,130760
site/internals/static/img/evidence/512efe8fba968337c391859d036b3b0eeac8718ea8744e314426b224036bd427.jpg,48213
site/internals/static/img/evidence/514f239e8f314186cc088b321b82e44fe87f14e53f5cad02fd16d48256e7cc20.jpg,30292
site/internals/static/img/evidence/518a9fc5e4bff5d36423146d7dc60ec3c18c39747f5f1c348031389d95aba92a.jpg,399265
site/internals/static/img/evidence/51bec055d88ee22917bb111aeb40e13f34e44d8a52f6f13da123a5f1f74a44a4.jpg,79253
site/internals/static/img/evidence/51e190caa5ba94d9969575a20ab89dac3dbacb8bf97a5173123cfe3b5b8841d8.jpg,727216
site/internals/static/img/evidence/52112553f769934d75b46628250a1d6bd15f3a7e629668cdedd3bc3237b3184a.png,60064
site/internals/static/img/evidence/5222a7aa1d74bdbb9a4ef93d16645364ac3b64fdc3ea4b067d2bea4438046aa1.jpg,115627
site/internals/static/img/evidence/523e060be7bce7b1f3d12666b82fb378447a40228f2327487d5fb54a36631c48.jpg,203306
site/internals/static/img/evidence/52806ed5276e0e5de789e14e4295c4c892a479c309dbeda22e7a365ea996274d.jpg,263078
site/internals/static/img/evidence/52a75325670b75be128a8037be4f4c083bc8202e40efe099f81cc9995fcb60af.jpg,226928
site/internals/static/img/evidence/531ad749a67e30e50670f139833a2a5eb2e2288e1286047ea99be7384d0eb593.jpg,635858
site/internals/static/img/evidence/53824596c67b8c65d0f6c6f4d43bcd8a353ac3300ea176a2ea7d6230485124c5.jpg,395964
site/internals/static/img/evidence/53860e2b00fa9d7c5a8303b6fab0db9fa71cb76b06d246efc051a16a77ae0628.jpg,166120
site/internals/static/img/evidence/5398301b09abb64bdbd2547ab1b7288371f77fa32df0ee42ebefe538528a3dbc.jpg,552302
site/internals/static/img/evidence/539d9949f8dcfdb86d15d3b98ad53a011f2a838f258e6409767cfaa0f1e8559c.jpg,86658
site/internals/static/img/evidence/54249ad4a875bb030cfef0c6878135e9f70106fb9f0c04007feaa3d1a68877f9.jpg,384416
site/internals/static/img/evidence/549e87ec5e5bd4ebd2b253555faae8af1c91fd8a31d21560f2fe124d3f6066e0.jpg,159326
site/internals/static/img/evidence/54ccff7b60e218c4eef75f5ef87a43e501e16ed7023bd59b8d76fe53c9b806fe.jpg,76564
site/internals/static/img/evidence/54d06513b9f21005eecfdd6f7d3475ccd154de78846778e2ea77120f5d5d7806.jpg,172682
site/internals/static/img/evidence/54ed75521c112ac854fc4a3f4178c87877edf249140a8c14be84e6e910bcdb5d.webp,389806
site/internals/static/img/evidence/54fe586f9b86e2dbd06ced66c4a7d1d6706b992e97e71dfd93849b52d9634d9f.jpg,177060
site/internals/static/img/evidence/5521ba870e9bde6d08f793f0c700a80fc0ae866d66fe815dcd75b44e83a2e314.jpg,2467932
site/internals/static/img/evidence/5552aa6093f24fb5f22d9312c4b2767747cd4f01cab0bd63584f97979890c148.jpg,110588
site/internals/static/img/evidence/5576cedf70ce4863d7f69a07a2b44fc2228a0c1fe5b50540cf327efa667b2a45.jpg,115362
site/internals/static/img/evidence/5598fdfbb9b34a98c5d5b89744521d4afeebd68d25371c865df342e449f3c808.jpg,279158
site/internals/static/img/evidence/55a35ce7a4b6f2142d88ea8151cc1aa7cca7fc9f0a3891f722f62de5bb6cf3eb.jpg,46430
site/internals/static/img/evidence/55ab990a49ed833a6cbbf1b528796b4e2d02fda3f2ee7c702083f81159b88715.jpg,95937
site/internals/static/img/evidence/55aca9da079fc47dbd368557ef179060002376c37f231e87e4373987a97a735f.jpg,154328
site/internals/static/img/evidence/55ba7107edad494bb7f0495bf557a22fb1fa0d15920b04e53aa032c55dd6d984.jpg,79484
site/internals/static/img/evidence/55cd740e9502442cace5d4185c9609aa94cd440e7b3f4f2c1966fae4e7f3ba5d.jpg,412365
site/internals/static/img/evidence/55feae63eb0e54bf65396b12ca1a92e264af7616d0e6a03045422d4f38c3ea33.jpg,1264757
site/internals/static/img/evidence/5607dab4afaa6db0dfce2e0f8afd9e3a36d814dea53f0a5c453e41d6d2080a57.jpg,124690
site/internals/static/img/evidence/562be00f17a7eecadd4b7457dd376bc9a17a3123a517c3f9fabf62af8a934d8d.jpg,283040
site/internals/static/img/evidence/562dafc83d7ed2ba8b3a1359f9662196f6800252bc29602d8aa0445f47011b69.jpg,203041
site/internals/static/img/evidence/56664ab1794608070618ea5b144dad58aa46e2335d27ccbc96d8a23d79cd20ef.jpg,65364
site/internals/static/img/evidence/56673009353ecf168e782e7e2fb1e4042fc354974e37a76f9aae73c18d96a26b.jpg,320450
site/internals/static/img/evidence/56ab301bf4fec09db0122e224b6ef99f6a9ca4b05e27b219a86f42a41c0dbfb2.jpg,407926
site/internals/static/img/evidence/56b496c1e8a86e663f2f17eedb1a2b2200c086f2128c664a09c424f23065e18f.jpg,824972
site/internals/static/img/evidence/56d2ea5e66277e0d9d5a27acefc6b6b585b7b1de3f87a399e6062724e66ea898.jpg,407047
site/internals/static/img/evidence/56fe07f45b3b093bca88e5cc640ab5345ce89c16c38d9c3988ced48aeebf2660.jpg,110412
site/internals/static/img/evidence/5714944d6c13b89dec96071e4c41074cec0e7e00d933f894b646cb19e5c9de2a.jpg,18795
site/internals/static/img/evidence/57442139dd43b59a40645ac9787bbf7b3447121dd034460579e5ac4569a3bc34.jpg,194810
site/internals/static/img/evidence/57481ec380d99fe8987dbdcfe58c4a66e3ca2cba01f539cba4c89a76cd0ca584.png,25298
site/internals/static/img/evidence/57816e5dbb528b6c7ec36fba735c9be014666b2a8baa0a40f39ea8a7307e37da.jpg,1166335
site/internals/static/img/evidence/578aae705ed141190e8c2a4448ec6a46ca4da0ab3a44e229fbc0cc1bac061451.jpg,88852
site/internals/static/img/evidence/57932e4fa47605d7571b9204fdd6cec1ce6f091f2ff41140c34aee5d573f012a.jpg,922134
site/internals/static/img/evidence/57b458887a0be49911ea5cc7f84fe30b3dde732ccec979bd9311b36aa01eae78.jpg,145380
site/internals/static/img/evidence/57cecee227d7179b1c4cbb41775525837698d5bd672e4101b38c5eaee4aca976.jpg,54295
site/internals/static/img/evidence/581caeb8f63142d26f981aca998533263cf4d3795c454b7c246d9a1e3825b6ac.jpg,382982
site/internals/static/img/evidence/582912d6c157059ba98c58550e802e6cd97b46f6b906edf6cb1077927befffc6.jpg,185618
site/internals/static/img/evidence/58515db9a689ac0683c996d0fd36b2143b852168cdb5ff8885439667f173c99d.jpg,1987720
site/internals/static/img/evidence/58792fed8ead4f53f870f39fe016f2aaf0afc7d71a854f68bd8367929054b759.svg,6482
site/internals/static/img/evidence/589191f85cc7a393a42e4b657d10de82703d4cf95d0da6e2d0a02fe545a01880.svg,7661
site/internals/static/img/evidence/589c3c8aa3f6a355691e93c4fa82d5060a764f9ac70a2d021ab374d152be7800.jpg,276904
site/internals/static/img/evidence/58d345dd2198d430d10de1cef266d5a1384f04755788b7889d2eb59f0c318f21.jpg,292439
site/internals/static/img/evidence/58dbc8eb3d235525dd2a362fed92301629ddef68b312566d86aaf01aed533777.jpg,41689
site/internals/static/img/evidence/5913c4dfba8baead6f22101634190545808956cc01e6861f9d95d4a659bcb938.jpg,1210317
site/internals/static/img/evidence/592b5fbeccf30fef650b12b76930d7dff608902a0294390eb963cd896c3d903b.jpg,659362
site/internals/static/img/evidence/592f9fc0703e2109e9c579403cf396db4645e388a8d39e05cea2660156ebbd05.jpg,461241
site/internals/static/img/evidence/597ccae535e5afe37110288935c08a0806446d3fffb61074d5070762024cf63c.jpg,498489
site/internals/static/img/evidence/59a025f6dc60670a247aac825d6c41c860d67a5760002c61560c669e60caf69b.jpg,95320
site/internals/static/img/evidence/59d2a3f715f9f7e6abe0b41081aabc34619c0675f464f4be1c913c0ba38b11db.jpg,81509
site/internals/static/img/evidence/59f1f2d196f8ea3f8e6d230f539e93f0e7b60e904134903ab38a20ff4d19d83c.jpg,296814
site/internals/static/img/evidence/59f6059a84a0ab1c389cbae0340c7721d3b6897f833319f1ecd0aba3337da4bf.jpg,77898
site/internals/static/img/evidence/5a24ccb467540e48dcc30674744198e875ae10462a1530778c629707e64c86f3.jpg,210624
site/internals/static/img/evidence/5a36d1ded3cbf053d98a3e1bb105a91bd53f67cf6f734ae8a29be084de1c0851.jpg,133399
site/internals/static/img/evidence/5a374a8382d0b08f4c727bbc0189613a9f98ab697a1732cea4806c8a7f7dcd17.jpg,320502
site/internals/static/img/evidence/5a50e757f6d601eacce818b60d751ce2e89d0f5b4b9b47e26f1e449d8979b168.jpg,171978
site/internals/static/img/evidence/5a5aedf2fdc6a28b84f2a824143de13295868fcc7aa669c9a11886d9d9a02d1e.jpg,53176
site/internals/static/img/evidence/5a84f152fa8cab0a40ff1590442ef417b26a57847b22daa76ebf2f5acbdddf76.jpg,185825
site/internals/static/img/evidence/5aa8a50ef188976ab7e21604450db1ab6e62d3285bc500680c8010833cfa4175.webp,24956
site/internals/static/img/evidence/5aabd888357468f692a2c96ed3dfbdfafb5a8d6294511841e7e1962cd01fcf1f.jpg,175530
site/internals/static/img/evidence/5ab5e6489c6a9159a9ebf1e08a81f876c1c41e747cd165a346c23bc6ddf0b152.jpg,47640
site/internals/static/img/evidence/5abd9a66986c9ea38e8e43aaa1fce7323ad3ca6f73a39fec3dc923486f9c1100.jpg,129053
site/internals/static/img/evidence/5ac493a4b5300bed367e65491b653b798f6c36dace6e8e469bc660269710d74f.jpg,58146
site/internals/static/img/evidence/5ae78b80b496621ba099974bb711dd16a1d6641e3013efadb5757cb2de3803e3.jpg,76615
site/internals/static/img/evidence/5aeb0849640d545fcf69e812db9805f15649575e0c1d4cf5f26f04ad0687666a.jpg,163524
site/internals/static/img/evidence/5b2d7a488857708afe789833e768c8730b9b17ca1e36089d26612955c9bee62d.jpg,54374
site/internals/static/img/evidence/5b48777b6a46ee41ad16ede4302eb77ae6f0419d8f50bf594066fb09c608617a.jpg,191774
site/internals/static/img/evidence/5b59f1c031e5e8b0799c93644a519035fe89fc3c8662991723e8b34c8122792f.jpg,20391
site/internals/static/img/evidence/5b6b764627822b334a1b936eeb4451f73310eac0385ebe7b79114b3bb84f24d4.jpg,85569
site/internals/static/img/evidence/5bf7a72ab8f7c6db42ce3e5d3510d4b585892912fe02602c6d571bfc05055da8.jpg,228143
site/internals/static/img/evidence/5c0665f19524957f5c69f113de5d785a955da20ff95a262ea839a2ee40cc5872.jpg,1607151
site/internals/static/img/evidence/5c24ef25ced6cf17b8b6b46e6a643e457440013ef73aef24c39aa47a07d961e0.jpg,2923742
site/internals/static/img/evidence/5c76b5f0ac1e417a189cae1694c47968faf9e3193d26ff7cfbb880db4a7e0f6e.jpg,159476
site/internals/static/img/evidence/5cfa61171c57ae41382c3e6dab8f3403772498b7ca123e1d5e9808c36dd4608b.jpg,647534
site/internals/static/img/evidence/5d2592a7a318a4a5b57ee8a07038460c1dd5b3701e38a8a9cb7b093e7903c820.jpg,186597
site/internals/static/img/evidence/5d375eae175932321b9530839a7b721691a9e1ce6d0de40ba78cbc338f85a8b4.jpg,155618
site/internals/static/img/evidence/5d5539a4d5e08f31064e354517e21d4ace8448cb43b62cc620c4f7a7174c99fb.jpg,180478
site/internals/static/img/evidence/5d64f6b40828f5f5b4c29a173addaf44af96776cb997f5acde0eb2c878b161d7.jpg,93607
site/internals/static/img/evidence/5d7f9700abdb1c8bcdb15c90c7217e5ca48eece9c49308548eb78a0779ed60a3.jpg,207629
site/internals/static/img/evidence/5d813bb91a9509c8ff6740ddf0e47b0eeaaa7a07a99feb1d05d0a0435b1df168.jpg,293765
site/internals/static/img/evidence/5de33ddf077f9d745446173341fb182a0ce9cb7254d29569cc72bfaa79d6b9e9.jpg,254093
site/internals/static/img/evidence/5e0c4172f2bc9714ee0bb01c2f4c305441cf784f367344b99bf276b998011515.jpg,991576
site/internals/static/img/evidence/5e292f65c6f957368bc98edd0dca31847411c4fc9208a061e4fab7905e0d822a.jpg,310313
site/internals/static/img/evidence/5e3dc47b1d23e5eb0765f6ac9ed6edb672fe2106e3b2a02ee726c93dfbdc48d3.jpg,1272196
site/internals/static/img/evidence/5e7317b7fd03e2bc60997cc644dbe79599b15645a971f4bebbd2795e0f1c6e84.jpg,83347
site/internals/static/img/evidence/5e8297b04ff46b355b6e5fab6f9c6c3f403f007ec95411ae80c6c5c8d711bfab.jpg,467386
site/internals/static/img/evidence/5e996bbece4df40b1a0003919a8cbd7ab127e3f3e77f999ac13bd0545b6ec5f9.jpg,208091
site/internals/static/img/evidence/5e9f3d70b761fa0f0f0386423a52e3aa58babb3634cc2285b1868526a096e179.jpg,76410
site/internals/static/img/evidence/5eccf542032567c95e5cad9b6e5ba61ddc88643a19dfc44841c692dcc8d199de.jpg,57477
site/internals/static/img/evidence/5ed0e7a22a34dbb7e9b7aa0519b6fd1b555f07ce2a3285e0c78e52d22dd429eb.jpg,717453
site/internals/static/img/evidence/5ede5fc600eb6f3e4e2938593aa3855533622a272178209a84c8033ee631d6b0.jpg,69290
site/internals/static/img/evidence/5efbcc1aced86a788179a63f76270e0de1693febca3e8b9b4a0a4d9b769b5e74.svg,7551
site/internals/static/img/evidence/5f01252228d83fd09c797c184c72fb22c0f29655da3792086e432c76bd70471e.jpg,305306
site/internals/static/img/evidence/5f4d3a9f0d7027275f8c808e8c990fe1c070aa113df7c2b1a370e32d78e78f4f.jpg,108341
site/internals/static/img/evidence/5f7c354db4ce9f762108d3dd318fd14c413db874a2794dae617f817edee47467.jpg,104503
site/internals/static/img/evidence/5f86e937cf9cc3908dd9c7e95ed5df3feaee877d417d7aaa0ca37aa072430cdc.jpg,85601
site/internals/static/img/evidence/5f9664d5164fdfba4efead6eefc5cde43735bfcf8e314b3e884bb16c649a89ab.jpg,112529
site/internals/static/img/evidence/5fcfa409e06c936794a39b53755dd1396c5baa52ab7c1c36c868b2d4a015ccd6.jpg,238892
site/internals/static/img/evidence/5fe76fc183cb4ac6cfdace2a57937e8e7992ae066cd498ad2d720d972cfe82af.jpg,376848
site/internals/static/img/evidence/604ba8553ce6343fc25ddeee8abbfcf3e6c8af44db8f7aff7d9a34b77952207b.jpg,24330
site/internals/static/img/evidence/607284718c1968a5362d39572f52c788a3be6cb41ccd7814fbc869c4936ccdcd.jpg,189617
site/internals/static/img/evidence/608a5cc8b3a3eabe79e3f3dd9c96b37990951488930c891e8933971aa499ec93.jpg,283584
site/internals/static/img/evidence/60a0ace6778b3bfb5b5e802610aaf47e6fbd1c4ad12155b43f4ed99ad516238e.jpg,120739
site/internals/static/img/evidence/60bd577d34d57f66e26b9fe153f698f13516b01ab29b80c02f6b36e2041aca52.jpg,31263
site/internals/static/img/evidence/60c2c17254ebb95e6b8965a18fd179b89adc59e1a0f08a414b20475e25313eae.jpg,276999
site/internals/static/img/evidence/60f3a45975f2ecc811c191a72c52bfb350bb11aaa82c2f13cf76b102d04c272c.jpg,48186
site/internals/static/img/evidence/610276121afdd3819709e7545d8ae2c584d61cfae4ed650b6da827b1a846a3cc.jpg,2546859
site/internals/static/img/evidence/6102af63236cbc381ee5125ab4359222e33c30a83f292cdb3ea1a281994b2092.jpg,69425
site/internals/static/img/evidence/6103ae174143d7d6d60747f6bdf91b31b0ea3ae0775729fa6e7996fdcc1a8e08.jpg,175554
site/internals/static/img/evidence/610f16142f8e2855954ab3cd384ba2a54ae876cc6fcba2f7222d744213c345a4.jpg,57009
site/internals/static/img/evidence/6141a099766735977c179f166b9a442e96d1c99fefe70cf75a40a52806032b1d.svg,7672
site/internals/static/img/evidence/6147c4cc9515593cfba9a33d810dd7fac2e2dd663e8230c0fa6d028e01c2ba77.jpg,410211
site/internals/static/img/evidence/61b17a4065bcac5199466ac06363ebca09b6020318ce385625021f180033db1c.jpg,477860
site/internals/static/img/evidence/61c5fbd079e6c8726c4abfa9f2accaa00d83e77bdd834061cbe438095ffa2ab7.jpg,96672
site/internals/static/img/evidence/62522b2d4515d9d6263187ca760a0b58136f65de23d17491e8ce2e459f61b96a.jpg,347480
site/internals/static/img/evidence/625962f0d39e07fa0c1a1f01749de350c67f214482781035211b3a03b4b4acd0.jpg,84941
site/internals/static/img/evidence/626b94936f71f25611a9799eae53ccc0c95f6a42794dd973cbee88a5b950efba.jpg,734083
site/internals/static/img/evidence/627c7c9a481771a6c0dcec9e4f897e94061d41bc76c8033f1f625887a008161a.jpg,206563
site/internals/static/img/evidence/6299588b94b93105273894216312b8cc60864df2be09a199808cfc3bc2e860de.jpg,21871
site/internals/static/img/evidence/62997f8bf0b0687654e64b2a574768a54831202e8d0a5375ebb7530fc5a71bf7.jpg,109144
site/internals/static/img/evidence/62ae6bd2e86fd4052a16e3ba247f4621cb7a75f18b2b42893cb0e8b7cc05ec9e.jpg,1195459
site/internals/static/img/evidence/6374ce5474cd451470e75f86082baf41d577e92a1670d8ec118fa9767a6f13aa.jpg,393339
site/internals/static/img/evidence/6382b4d2e8560418a1e4b5c65fe68d3b621045c34d895e9be7c335dfa98227ef.jpg,1363373
site/internals/static/img/evidence/63c8ec845897e11a9fc0c28d846602a473b1194a0c7a8cef68e8baa8e43e6e50.jpg,155754
site/internals/static/img/evidence/643f82900639f7a3b116b7d206cd8d1938c580a3c6ccf941fb41da24a1597809.jpg,536011
site/internals/static/img/evidence/64b29e02bb79b807891d3abe82186733438f0229f4f99239780515a46e34c457.jpg,987009
site/internals/static/img/evidence/64d744296bba0d9af6e8877a6cb96646d6cf274fbc3d4baadcd9e8c46c13e1c1.jpg,257501
site/internals/static/img/evidence/64ecda2501f1b4fc639dcb4c87d10f7cef5559a8a28f0b5de0cf67def116f3e9.jpg,187804
site/internals/static/img/evidence/65105cc5665530f167a92a3112bb5cf1b2c7c127577cf96f8959afa30052f573.jpg,7773568
site/internals/static/img/evidence/6530caf6509b7b708c6d857399d3b8dfd3a47dc574efda9cea708193ce8e1e75.jpg,115545
site/internals/static/img/evidence/654f1189765d4ab1bab346c770b84940dc16e2902c54a3a429487edbab130fd7.jpg,1264757
site/internals/static/img/evidence/65b27b97c2d492e71439acb4e9419c03e83075d7ff8a95d3d4b70481c9ac5019.svg,6414
site/internals/static/img/evidence/65bc1363cd3692a4e1aec31951ea3bc9fe0855ba7749d5558ea1e9138bba4a4b.jpg,52734
site/internals/static/img/evidence/660c477be659be7753eed1c9261b1e1f5d5b52014ab144d0f144d0b24dad3390.jpg,631001
site/internals/static/img/evidence/662ff837dde43035fd4250afac034f74d05f0b5661bf088b772c09d9604cd0fd.jpg,305968
site/internals/static/img/evidence/66688ac29d84a727c3adb758cd8db7a857f0bedddf2e0027e47e24629c08a8f1.jpg,179101
site/internals/static/img/evidence/6688c9584239880a6214524739e724c00dc2cf5ea8cdee51c9044a1dd63ce4a8.jpg,145806
site/internals/static/img/evidence/669c2ef8bc59d357230a749634b681267ae2e199541ccb7d09a8a18bd68616de.jpg,461241
site/internals/static/img/evidence/66aa52c4d49cc530c9d8619bc713c9b1a5d058a9465df17a374501c10b22a62d.jpg,66832
site/internals/static/img/evidence/66b6429eeb8602665221ff2300ffcf19a4988097efbdb527a27903af23fc8529.jpg,86887
site/internals/static/img/evidence/66c7ff5a3b54bae01adc0a36389b549dd69682f03785494911ba61a2570f409d.svg,7551
site/internals/static/img/evidence/671edeb1979723c4788a971969c2214668675c347025d42f63e5bb19ca91499c.jpg,203337
site/internals/static/img/evidence/6783129d12b78b60ef9fe0839a18926f75ebb48b241e29fc4abb69091e2069ce.jpg,54427
site/internals/static/img/evidence/6788a0ee5da7e754910e3949b6ba3dc26fe7e5e21b835c3b89ab3f6fdde10453.jpg,50331
site/internals/static/img/evidence/6788f8494f4f42ac150a1596aa035cdf7208a670641cee4ab3d5626ce41f59b0.jpg,83808
site/internals/static/img/evidence/678a33eda7c7d2d68efa8930fdbc9ddf231fbf7c55bdec1576fbc115553197b4.jpg,219749
site/internals/static/img/evidence/679bb88ab51e1ec9116085b06b471e5c45f72d7a41ef7def920d108ee650c01b.svg,23123
site/internals/static/img/evidence/6805d0b3ce28927fd206331c020df94ace52af9c763a53b196936dfff55879bc.jpg,866202
site/internals/static/img/evidence/684500c96c51b02782a546536dc1752740d1a336bb9e9f3c5e345b9d5ab12d09.webp,344270
site/internals/static/img/evidence/68657993d86534189920ceef125bac539eefc31ef6a971125250d842cd06f838.jpg,180070
site/internals/static/img/evidence/686d1c181a12518dc055753644b647e18a7025ab0595a3dcef2fc02e48bab4f3.jpg,116667
site/internals/static/img/evidence/68b187976ce8a0fb7d23a64ac493165de59d6aba24b642e8e35a29f010b8e6ed.jpg,1332481
site/internals/static/img/evidence/68ba1ffb59d2cb5cf5bca8e0c74cd6dbe8f173fd891977aec4dd64eebf3371dd.jpg,62841
site/internals/static/img/evidence/68ed7e671c3bb948a155b6bd22f22c451f70456a3bae7ed59ebb8e8fbcd8504b.jpg,120292
site/internals/static/img/evidence/68f86115b76bd2ca116f022d48c8ff30f5927eb05e148164365bf57f1abd8bd5.jpg,328852
site/internals/static/img/evidence/691331e077e8e91b70b81febfa900cb40152dae062e60b04c96929a28ee35cda.jpg,171942
site/internals/static/img/evidence/691edfa500853acf8d837ca02ed61f37a284cfeb3f7436c6cbdaf4709c619920.jpg,87435
site/internals/static/img/evidence/6941ac145946ea92bbab3dc9a7080f38166689a2cfd34220e14639436ece7885.jpg,540945
site/internals/static/img/evidence/69560bbfd7c57b97c19b47cdbd185a0c487ebec57fdf487b78375bbd3468ef4a.jpg,117806
site/internals/static/img/evidence/69575a8b1610faf7ea5d813b0be976b80f176b80d2d3143b5e367d7d09662b9c.jpg,227792
site/internals/static/img/evidence/695cef075a6c7add19e838d54edbc7039db2c7afb601c6cd6f2268ecd19ccb72.jpg,153674
site/internals/static/img/evidence/6986cc7f480b73548f98abd70d56916e64a1b1619bbee1365702bd58fee6867c.jpg,196521
site/internals/static/img/evidence/69a3417531095933e40015406ff2ae690b8492479283dea928881e8a3f3646dc.jpg,276924
site/internals/static/img/evidence/69cb0ce97c416b0288ad8dcdcb7a920ea5005866c81dd721e17946a541225e3e.jpg,43642
site/internals/static/img/evidence/69f1eb0cbc4ae64e25e0d6a91892aa6ded8f7c3d29fc4bcd2924182162d71d16.jpg,83966
site/internals/static/img/evidence/6a8650c62f9e1f9686e8ba784683c6c52688a365334b6651b73623f6676e0795.jpg,57067
site/internals/static/img/evidence/6aa2c3256a1a2a72ccf5ae8841edef1a668a106f47169f4c092fb2bc2333f38a.jpg,15027
site/internals/static/img/evidence/6ac69078065e7ef11078b2c7d8f321034ae8f035c97c20366119aa72ab6ca04a.jpg,88874
site/internals/static/img/evidence/6acf4eb20f4121ef1507958218cbe8fa3753abe3c6b1b51d9d6f089fbed5d81d.jpg,148990
site/internals/static/img/evidence/6af72ff2d103a91d645caaf1afff497f7f14501ee43c464f86ad5a5be330de01.jpg,71284
site/internals/static/img/evidence/6b15ae1cf9d3f50f794addf1b76dd79c38b109cbc9363ff875b4e83e963e6528.jpg,123498
site/internals/static/img/evidence/6b193994169ce222941d7d2a1fb7dc18ecaf7cbef0e5efdeac7056d20b1fddc4.jpg,168813
site/internals/static/img/evidence/6b2a01aac288e9bdb7624815595ae485d39c2fd8a08f6cf6bf8cc0dc50cac3e8.jpg,112676
site/internals/static/img/evidence/6b443d4c15c10bdc81fc39993916949f3473de88a0c0b1eada3999c7758ce8de.jpg,211460
site/internals/static/img/evidence/6b4fda53650be40b56e4da82313a2d392b2a58a394f691d12e5cb7cdbeb2c25f.jpg,254281
site/internals/static/img/evidence/6b657c3d17246e8791ba8d5a12b24cef6ffde5b31da694f30600384be4407e5a.jpg,139860
site/internals/static/img/evidence/6b76d4cd76ba2a0de7b0067b38a9070becf6a569bb0770716f5b8c501be2f5f0.jpg,2669551
site/internals/static/img/evidence/6ba7be84f3efdc40c2d9aa2d577bd5a421f56a1ca6234df37eb4d5506e0c625b.jpg,131218
site/internals/static/img/evidence/6bbe23ba1dde466bc3880ababac1ba9335d0c6ce0eb87da4ef2f3924c79bb23e.jpg,1626422
site/internals/static/img/evidence/6bc9498a64c09f927cfdc0a4ff247b9355252feafdc44246179c97d6e5ed798e.jpg,127774
site/internals/static/img/evidence/6bd9b5cc85b08a464f243218d3b7bc2c536494a2da9f7bc6991f7a5fee81f68e.jpg,12177
site/internals/static/img/evidence/6bdf79c4104d824c703ff88c438af2635c583e8a5fbe01959f824365e2a8fc58.jpg,480338
site/internals/static/img/evidence/6bef1689400cff491f70a65c977e99370fbd47a012b0edc625ce3e9ddfac4861.jpg,155840
site/internals/static/img/evidence/6bf11176bd8551e456a65bb1c3342601a6cfee2e4f635135a3fd0062745c8b2c.jpg,22363
site/internals/static/img/evidence/6bf9a25aec8cc1e55e362b0ae42a6d36b0d6fb9003a28aee9907dd3962759e9a.jpg,124142
site/internals/static/img/evidence/6c301c37b69191418c4b514b5b0e7801de149cce658c60d35ab4b3076c6b46cd.jpg,1658903
site/internals/static/img/evidence/6c3429c4659ca557df4459c593c55db1160f7af27240b2cb200f8560b09ee2c7.jpg,630572
site/internals/static/img/evidence/6c3cd9a482df127430ed371a6d2c5176842134d2580461544aafe57255fad90a.jpg,1169128
site/internals/static/img/evidence/6c5023e1d926baae7e336710b8f26f45e769a8f9e7e8d707218165477db7fd2f.jpg,116364
site/internals/static/img/evidence/6c6fa7b966ba3177b57d448118603ef7e5881844b5b8c68334e611a8630946c7.jpg,182545
site/internals/static/img/evidence/6cf9b40b4940463f1ea7125511e9dce29e7ecf4c46dd04330d7283340abda99b.jpg,79281
site/internals/static/img/evidence/6d2d8567b1bf750821544766a13cdda47c75facaedacebf6594b7252ef3f9252.jpg,81662
site/internals/static/img/evidence/6d4156df0ce4dc33412c6983d651f6ed9760abbb7ca946d82cc7ac893c76c86f.jpg,1332481
site/internals/static/img/evidence/6d454415d9dff11bfd68bd66ce44ccebf2a03455b7f4877fd252aade4a8b2a64.jpg,114247
site/internals/static/img/evidence/6d7841c6da8b44097f1bc40015d8df4e8bca690617a1de044b40b859d46bdb30.jpg,50956
site/internals/static/img/evidence/6d99c6e195289bf182b1df7c704f876748df622789da3f009eda20ad2bb171d4.jpg,358151
site/internals/static/img/evidence/6da4f805a57693f7ef49ba74b08a25351a65ceddfe4a5b82ff4f0012f09e6324.jpg,194921
site/internals/static/img/evidence/6dadda4fc11ce8555e5b178653150a50277d348a75551b9a65dbd3ae950c3b6d.jpg,354106
site/internals/static/img/evidence/6dc68198183ea0a7b5cc12fff6826ba0b1abd065629faa71bb2d86b47d1da2f9.jpg,519935
site/internals/static/img/evidence/6dcf7a289e905922e1b1d80cc844f2e366d152f373c2a873f1e19b5720528369.jpg,36593
site/internals/static/img/evidence/6e50a8e6f6ee38d1b1c032728a336c9f81c366fa46e6ed432f003c50bc290f44.jpg,65897
site/internals/static/img/evidence/6e9d2a4b3fa5403d009897e7d6ac9327f4ed5961062757e423775651c753cf6e.jpg,631001
site/internals/static/img/evidence/6ea87bba9125f1f59ec0cb8f69cf5653a7d74c6b562d27f5b7efb9cf11b644bb.jpg,176047
site/internals/static/img/evidence/6eb3cc086884d32b489038e90d710f834c2d7086561bfab7230c3d2da49aa227.jpg,331237
site/internals/static/img/evidence/6f23a83d86529e6fc8e86301301ff00e07f6f93cda97b5b26afbe30b2d39c29c.jpg,45252
site/internals/static/img/evidence/6f34ed09579ddbd341ce6830e52bd958f755921463a5c61ee5a241ee9c95d833.jpg,89393
site/internals/static/img/evidence/6f3c0293bc75644340e792a04afcf1ededdf6833bb77a584eb1df266f50294d1.jpg,282118
site/internals/static/img/evidence/6f42d696c3cddfe5337e025738cf014923d29130da048af0a0a7c52fd72dea99.jpg,318327
site/internals/static/img/evidence/6f55416ece4f8e8c9123454e1ff3005a1ac85809d0348d57d68c8b28b9c71731.jpg,470836
site/internals/static/img/evidence/6f6cd37c4e933225a0c89d7882cb7bd81857df673dc3dec82b41509e9d7100d9.jpg,111728
site/internals/static/img/evidence/6f7c8599842d23cd88aa416ae28b65e143f8fb5f04902f7af90853b4796fdd1e.jpg,117709
site/internals/static/img/evidence/6f96225e408860e384c62740ad2e8899ad3e2431627e0168822e03a2fc09a18d.jpg,134704
site/internals/static/img/evidence/6f9cd64fe400e0895e25fc748b0ef317ddc3ca003c1d4aaf880a9b0fcdbac3cb.jpg,420587
site/internals/static/img/evidence/6fc8e4ae0ec5f2afffbeb834668dbc14e62f2ea8a697de9054e8f1e121f1b987.jpg,167658
site/internals/static/img/evidence/6fccb0a7618dcaecdfffacdb0d1e5aa3c9f404294a3cda59cda0250f9f8bf644.jpg,203887
site/internals/static/img/evidence/6fcda58b94adfe8a197d3ec92c00579f47b579ee2c89ca522b158132d23e38e4.jpg,110279
site/internals/static/img/evidence/6fcfef873adcb8b71444f3874cb68157d99e13f1d9e98f7f4c056c682c3a85ad.jpg,87569
site/internals/static/img/evidence/6fda3b542e84cc8450c95664008c364394a74d9d8f7350e34c3f7439957a1d40.jpg,214642
site/internals/static/img/evidence/6ffbb7894a09b447ad4f199eda19ee99530d24097714b13483ccb695361af99a.jpg,119932
site/internals/static/img/evidence/700b173ce8f087a96e0deb4693b54b8a8ee9c1e9882b2b818406d127d0618db3.jpg,531924
site/internals/static/img/evidence/705e2aba6f5e73433169f806a84b4e6eba7afbe9fcb2bf5cf90de821630f62a6.jpg,96672
site/internals/static/img/evidence/706f8042b308cdf715c0f8854aaca87c9d3e1271352c90ea830cd4e894bd2122.jpg,77162
site/internals/static/img/evidence/7074a99ca6daf39413ab750e2547fa43e1ee0a17b90b08fa324a6902b9265c68.jpg,12168
site/internals/static/img/evidence/719226d54e7ff6be9682e20bda6ce9685bebc5457d0a122f2f5a38458edcea8c.jpg,495039
site/internals/static/img/evidence/71980f42ee81de601bf61587d2b23ca218ebf47fe56d9fe8074f19ac20970998.jpg,1571630
site/internals/static/img/evidence/719e405e6860adb1452f7f9d340e872e7a6166a60c7ee2d1df7ad957ec8ca6f3.jpg,26559
site/internals/static/img/evidence/71eccdbfb689e806abe45da7a2801b0f7609a8d17ef23f43b4b77043d504d904.jpg,2033319
site/internals/static/img/evidence/7209173440e7c863d50e68483e9a0dcff6bb8bef4250dd4e02e76afda0c363ea.jpg,1364411
site/internals/static/img/evidence/72146d251ca4168cd2adf10cb6ba0eb34faf109a78e975c83de6284bed9fdd49.jpg,114753
site/internals/static/img/evidence/721cc1866853c376307c64860b9ebc766c124b76e401730400e2d912caef7f34.jpg,910574
site/internals/static/img/evidence/722b753cef574fe08c2e996e52cf6397332f0879e7022d0c2c0d60f1365a49f9.jpg,566847
site/internals/static/img/evidence/72747a11dff36816a98b15c55685cf5524e696701dda470ca0f3cb1d0993c7f4.webp,535778
site/internals/static/img/evidence/72bb59a165c420c056cef1caa91b279286a3a7e42304aac51ce38c24ba0e2895.jpg,122285
site/internals/static/img/evidence/730ef6ba8d46790b8c29ea65240e43a98f6491b2708d4c75fd6a94cad9455edd.jpg,315966
site/internals/static/img/evidence/731cedc1d2c53e3da48cf5ae4653244e411fd2c2880b938479001dbf648dce3d.jpg,292868
site/internals/static/img/evidence/731d65376a3b6bff881fc5801743267525bfa66ceb7c06334d47c2b44a781f7e.jpg,2273410
site/internals/static/img/evidence/7326fd79ebc27262613f0941cf94aab4354eecb8bf02090c4b2b2308b3b94bf5.jpg,180180
site/internals/static/img/evidence/734f1ca3f5cb0677017177f6a5ca0ec3e1b7cf553a25c0ba6070ea653c2e6bf5.jpg,582155
site/internals/static/img/evidence/735117d6bcf80df641a91a3a56b5737eb6c1fafee7aba1eabb2fd5b4afef69f7.jpg,233792
site/internals/static/img/evidence/737c2fef043b4630351f853e4889e46a3502320d6e94b664092cc458736ed812.jpg,187484
site/internals/static/img/evidence/739a9a261524cebb43f0261b4b8d6c7aa2c4b38da129302bdf51f51226c2d872.jpg,1563478
site/internals/static/img/evidence/73a0a748e17e9e0d1feca137521398a03c5a2ce4c0c12bddb45df508781f7cd1.jpg,68909
site/internals/static/img/evidence/73cf110f5cceb10849eee2afe902800af14921cc988f8a356f46157a8b7f0716.jpg,501357
site/internals/static/img/evidence/73e290e006d3c9b819bf37e630bac2e6e87ebfdd4037cecbb1e4f20abd9ae542.jpg,1764430
site/internals/static/img/evidence/740649e1753915bdc0be7e411ed96edd4a8f7167f0fba1480f3a6d4e48183575.jpg,72631
site/internals/static/img/evidence/7484170037d5209986cd8e5e1cdf9eb835cdda609ca302e3e765438bcca4cc02.jpg,139956
site/internals/static/img/evidence/7490dd1a708b73acf204ae2cf9f4b7d7e7f60065ab2cc5132a7cb498b78b3248.jpg,294565
site/internals/static/img/evidence/7558fd020612fc1d956f3826c09764e0af8c4e8a7eecbc1e75e68fa092e7f8ef.jpg,45001
site/internals/static/img/evidence/757eefc902257ead5eab94a64aa6928af25bc4fc0bfa39071a640003a5656936.jpg,64966
site/internals/static/img/evidence/7584db29a79fed4ae6e3660d523715e4ca14d5d28e47cb43cfaa359972b90727.jpg,977846
site/internals/static/img/evidence/75942dbe7301ce076360733fac4671c546bb2cb781b98693333f1c5f4ae2fbfc.jpg,241694
site/internals/static/img/evidence/75a3facac64d632f27b31ca777d789ec457289824e901c39970c8d83bca4334a.jpg,91553
site/internals/static/img/evidence/75bf47650e569ec131e5f5e70d6231d2ddb19e337288bca2f89acd3060ca9605.jpg,92857
site/internals/static/img/evidence/75cebff189709dd69accf9ce7f3eaf4458e7b7ec544998cfd22ab8cee9a02e92.jpg,752559
site/internals/static/img/evidence/75daa6fb3d6d04ef6cbfe54f1c686c608d89fb702884d2f226b4e15d724e9f09.jpg,264339
site/internals/static/img/evidence/75e6b3c197dc9077b73275663287ebc77363f559256765b41634f6dc3777a861.jpg,241694
site/internals/static/img/evidence/763d6646369604940cc23aefdc2de43975d1463f5ded13149db48b0964630bed.jpg,89538
site/internals/static/img/evidence/7679a10ed38bd7f3da43dd3d3abbb2eed3d9937b7005855130c47f6b9cc91890.jpg,361356
site/internals/static/img/evidence/767c88b4bc371a544c2263d49a43deb00d95ce3ec39e43a9c526195a8a28be7c.jpg,540198
site/internals/static/img/evidence/769375269f804f3aff2e917b3517344cf65d2fe5482127409f8420b85f0c39d7.jpg,72989
site/internals/static/img/evidence/76a15975a8f37d1c31327c478c237e6951f62d3d8e6ae9cf7a03069bca53f9be.jpg,120149
site/internals/static/img/evidence/76a73e9cd29030a49df27c64932124dd6fef7205845a0e775ea01672200663ba.jpg,365790
site/internals/static/img/evidence/76e55d593d7320adaaf343e1e76564b9cd7ea4a005a375815513aae6c0ae998c.jpg,532040
site/internals/static/img/evidence/76f6a57176870634ff24a7a2daa841446e80143f1e261c664db6b01d0bcff968.jpg,215244
site/internals/static/img/evidence/773c3348e1efbb7c5fcc6e0444e197560b387d4737b876e16017fdd562544fcf.jpg,227801
site/internals/static/img/evidence/778264be9fba91a73d264e7a210f4522d025527abf4f4a231f557f2a47f4b8a6.jpg,109227
site/internals/static/img/evidence/778f7faaf58c02ace48617f8b1324e8917861e8dac1d0b28aed4953bcaf1e274.jpg,319734
site/internals/static/img/evidence/77d3de78a317d5e75373347f99d4f3a4d53890b124fc8790f236814824eb286e.jpg,644869
site/internals/static/img/evidence/77d53c94dcfedaa45a9994f96c6ea709eed470f0c46a8741096c800283c07762.jpg,175942
site/internals/static/img/evidence/77f8935c0b0099f16bfe1f40e1d7d8a87bf238a1ea81bf14143aa00d3bb225c1.jpg,1071855
site/internals/static/img/evidence/77fb196b7a2f7f7bac450d171c79008f4a312cbbd37f98e9083128a468ed56a1.jpg,60983
site/internals/static/img/evidence/780b2d6794c4b2cd003ef30c07210f1923b906236ac454c899bd0abf54cdcb12.png,250197
site/internals/static/img/evidence/781bb50f7d4809e46146fa0817ae5f1a5df8e0136067dd955bd3d47f23989a3f.jpg,755824
site/internals/static/img/evidence/7839acc2892fb104292ed3e950e8c502d893ec6841d1c2b1058fa5e611b94e5e.jpg,340176
site/internals/static/img/evidence/784bef510180d2550211a280d290347a42fc30449498b1ed67f4f35876ce4f41.svg,7653
site/internals/static/img/evidence/785a11cd6b31ca7a80a3937abda8fea9d0aeaffb642e0a212a800a31f8b29e18.jpg,86030
site/internals/static/img/evidence/786601e0dabcfc549eb641433e75b5a3f69c4381178c4576045f5f94decc3fe4.png,1426964
site/internals/static/img/evidence/78968164155608d78fda9b5685c1eb6dc682dc3d11fa18ce190710bad3bd6705.jpg,87435
site/internals/static/img/evidence/78c759e2f575097fab987b6166d0ae6e85140d2005f27891edc120d8a9ddd8e9.jpg,36110
site/internals/static/img/evidence/78cf72d989b9a44a5940431fb499807d945aa6d3811e00e5edc52b5be15eaeda.jpg,249089
site/internals/static/img/evidence/7901759b2773b8a0fde26779a42e4c39975745bc4de1c4709c6f4e9f7cd4804d.jpg,682781
site/internals/static/img/evidence/7916e0c6637f8167e02e996cc8293944c00ba2b922b56ead023cb322bffbfe4c.jpg,135394
site/internals/static/img/evidence/79a0f40bab7b63064fb940e986a4e5f9d2377fcbd9b1efd8b81fded7b92c15ee.jpg,120816
site/internals/static/img/evidence/79bccd107fb8742f404756e02f8798751b12286cf2e177dbadb0fc0f90bac88a.jpg,273132
site/internals/static/img/evidence/79c87c052b23cc50ee10409752ad9eb4aeef1cb2742ef7dc88ea28bf813c4ca5.jpg,117393
site/internals/static/img/evidence/7a0d0a73a0ece884df23e21cedaedab59f392edf58b7cac3cac50b0a7b435098.svg,8461
site/internals/static/img/evidence/7a410a2e534178d9e1f618ce4d37a8ba90875ada8c7f34222a6c2bd333b2e316.png,1952762
site/internals/static/img/evidence/7ab41ac4e18ce8d8ad8377f252c86e37d5f8910af2f59c49f9f34e3a3e5ae880.jpg,1258206
site/internals/static/img/evidence/7aed92d037d43f00e7013d7071c3af6309af28e9448b86b618986df0127fff4e.webp,21128
site/internals/static/img/evidence/7b231d1f4d8b740c57b5bbe4f91f1a7f5f35f1b786d8459d3e88fbbba5807a68.jpg,1533063
site/internals/static/img/evidence/7b33e8e1e9168db42ea9a736a8223e539a0f3859222b07851c111bc65ef04d9c.svg,6511
site/internals/static/img/evidence/7b4c728e80bbaf643e200e73ec79c0cdd6dcdd5be0a4109dcfbd207a008b1ee8.jpg,201376
site/internals/static/img/evidence/7b50dce2f93836ad8214681aabd407297ce3bffcf5556069af7421262bc553d6.jpg,106843
site/internals/static/img/evidence/7b5c2c827245eed8babcf60b95ed13d3ef5cf8a9e7fa6d6dbec10e5c89bc26c6.jpg,292944
site/internals/static/img/evidence/7b969b345212258f8de203b0bddbbf8ea71c55bdf1e3873dec36adff7ae312fd.jpg,120071
site/internals/static/img/evidence/7bc29088147c526e664fe010db99f0d381253c5714dd65b9c20b22542c54116d.jpg,1507733
site/internals/static/img/evidence/7bcaada35da05bece0072ffbc54291771bbdbecd1c1f647ddb18fb8cd69fcc81.jpg,36216
site/internals/static/img/evidence/7bd8bab2d16668d0a798b808b58fb2c70fb20fd41de2aa4576ae4eeb976aef7d.jpg,91217
site/internals/static/img/evidence/7bf6f35f42c9cde263ec028808bcbc7a717dd003e02f9b2b3ff1bcf7de936f36.jpg,90680
site/internals/static/img/evidence/7c0a6acd8ef9f873b7fbb22f1906d73f37de5e4a793b54e20eed148567203fc1.jpg,1052404
site/internals/static/img/evidence/7c0bcced40882a3f8f7bc7f271ca3672078cde1e0bb13241e130ea519f704363.jpg,78920
site/internals/static/img/evidence/7c315ee025f7da3862673bc1bf2cba74e4b6fb2e8b8f4a4b3a6e0ae47252ee7d.jpg,3931370
site/internals/static/img/evidence/7c353aa2ca951f66c505d89e0fc24edcd1d82ec6ed6c22ac373d9a480bcdbc62.jpg,276956
site/internals/static/img/evidence/7c6273b5b0b9ef8b34f8918291646e265e8f12800695b21b8f4603e6297be687.jpg,377591
site/internals/static/img/evidence/7c775d68b110b85b12af6c46e563ddef77ec112a4251830c189f01530addece8.jpg,736220
site/internals/static/img/evidence/7c8edeccede2893f10c781c78ff9c291a3b23135ac66ae52527e2f8615548c93.jpg,38931
site/internals/static/img/evidence/7ca9df2073c31fda5e3bd16542aa7e9fd7a6b37f73fdbf194ec298f2d684920c.jpg,92342
site/internals/static/img/evidence/7cc147a5bbf7997e2664667c1416665335c7f1f34fef0face81f61e0730a3fba.jpg,80877
site/internals/static/img/evidence/7ccdcce95f47eb2b3dac926436481b3ad67e0e2415e5b24109dbd8aec9eea427.jpg,64835
site/internals/static/img/evidence/7cd98f5bf944bab296e7d66674d87c8ed479882591a5577d501cd4a28891bfe1.jpg,283367
site/internals/static/img/evidence/7cf4b4697e80062c2acdf2f6bd43082ca47169c1f7ae4afa067a6a525861fd10.jpg,365790
site/internals/static/img/evidence/7d3c42a075f5adfbb6cf8ee367f97dded2698ec4854cfb83bffb15af69f2615f.jpg,141305
site/internals/static/img/evidence/7d5343e7fa7c225590f9fd070076412a78a0f69b3e6927c18dcb48d3f2263973.jpg,171556
site/internals/static/img/evidence/7d71025fb44ae3237469876fea5c1fe4a782698a822a080aa839508ab0edf63b.jpg,74263
site/internals/static/img/evidence/7d74a90a8a9094c4956e10a77e799bb983fec1ea280dcbdf4bcb0d909cb6749a.jpg,453934
site/internals/static/img/evidence/7d9bc36e25b6c8b6ecb6affd6c58bbf159c07337730232abad04903bd9e4b87b.jpg,73675
site/internals/static/img/evidence/7de82775c0b8f957f61e5aab6976eeee938540ac755805d706674599f2f9743a.jpg,856387
site/internals/static/img/evidence/7e0bc16942de2b94da41cbf134e1eef52499c70ae07adf0bf06148ff1b542734.jpg,3005380
site/internals/static/img/evidence/7e452468b6d1d1bab7bf4d26507d6362a867b59a97090816b5bbefe7fb1d802b.jpg,126389
site/internals/static/img/evidence/7e945aeca424a6f57d476b59aea1af7d7f87e96d612f87de5a7a0e49b233edf9.jpg,138375
site/internals/static/img/evidence/7ec32e7255f0196e1f9d6f16d3a2cf07f101c5074288ef1f3237f08b12f09f46.jpg,320511
site/internals/static/img/evidence/7ed9c6adbe56871ec4ae54016e96c9c8068f5ff8a7653361b720603a432e50d6.jpg,137639
site/internals/static/img/evidence/7f32b76911fbc99a2a6bfb0d2c6e1097c886bdfbdb83c24972c44234e011111c.jpg,432924
site/internals/static/img/evidence/7f57ef10493cd8d2f883cd10f644c5d5e53d3e7c18978d6b356c0366bd7b3c07.jpg,163798
site/internals/static/img/evidence/7f5b41921750135d5be208a53171f5106985d9dd1115f6ff3ba48ad85f30d58a.jpg,119136
site/internals/static/img/evidence/7f6ec4c2d1fa9e8d22b40ed378cf25b3629e2fde51610ebec637d0e5b8dd500b.jpg,29087
site/internals/static/img/evidence/7f6f7b93dc152fa5cc927d898e1955a034d4dbe18c64ce45f1a68aab9848ee4f.jpg,43652
site/internals/static/img/evidence/7f8b293fb8f71c879706212d5acf031e00603e1d729c0f40b82a568fb34d0151.jpg,47633
site/internals/static/img/evidence/7f9d937f8c7a5b01562183357ba03ef9bc643c8d6f9bbccd3ce25bf60917cf9e.jpg,346143
site/internals/static/img/evidence/7fb4906d3c83daa0722cef623c9aa75424797bc75783ab8411432943900f85df.jpg,66710
site/internals/static/img/evidence/7fb75faa29df4d9a6cdb8e59d842c16624381b49c7bf509fb51f961acc8f369a.jpg,46021
site/internals/static/img/evidence/7fdfcc76642316935a50ebccb8d1ec4b40e3855c426de56d52b25424ea65915e.jpg,18447
site/internals/static/img/evidence/8009a70f582ff8284b737b7de647e01234ebf007e766deb695dea5f6aa6f5585.jpg,156775
site/internals/static/img/evidence/8072748b3c6e18b221b5379c2b5721c1981db4cea43dd51563aded24db179009.jpg,92565
site/internals/static/img/evidence/8095dc71986e53ab193794b515b7fd17e02e1a52625c723f1c6287f5e5987b77.jpg,286287
site/internals/static/img/evidence/8103206c5cbef2f051773e3e5ad45fd43a22060b3ef4a3d056d272684e09c443.jpg,133479
site/internals/static/img/evidence/81677d3dd54a8e31f5a2fe84905a1d7d51062dfe85ccd079bc6bd461a49efe5b.jpg,61504
site/internals/static/img/evidence/818bba6f4d3b41038c9d6a0940079d74e23aaee161300bcd6194b99c8067837f.jpg,21462
site/internals/static/img/evidence/819b43f3619d482c9a4dbb2892457c3ca2f95b2b3af64d59dec0ec4476f28cb9.jpg,36389
site/internals/static/img/evidence/81b6baa0dba7882bc42d7212a5b499672a7745836fc37bdee46e90bd89787b97.jpg,57457
site/internals/static/img/evidence/81bf19c760a2d6a76b71f1365616b827fc7f13456549244f54da5d05a24b142b.jpg,465426
site/internals/static/img/evidence/81c27b075d531117f09dddf7c4b5b6426fc6b676728cac09a8d5019a8dc6f259.jpg,522343
site/internals/static/img/evidence/81f515a760d3f7109ef4a74608be4b040e69679a0191090fcda96924700d1e63.jpg,177500
site/internals/static/img/evidence/81f58ac6189df49c84690fb3921fdbba038d4edf9a51cecc6d71bfcfed216181.jpg,284488
site/internals/static/img/evidence/8203e72b6be1594a1eec82f97842d5dc388624674b560edab190128ec49ac58c.jpg,63569
site/internals/static/img/evidence/821bd23612d809a6f725562ddf5eb63bf9f713015b31fbe916142e78be6977b1.jpg,123749
site/internals/static/img/evidence/822e1814b7ea65b26c86df68e2e4e49584a150a8a302ffd4f9140bf8254a7d10.jpg,798452
site/internals/static/img/evidence/82a583a366af884e45a25acea70ff3ed54142ea89e89cfa29ed2672e5a270f86.jpg,1332305
site/internals/static/img/evidence/82a6ca1f5a2a89562736a43bc84f2c3f8e4f8fab2a7848285f31df5b8b059d26.jpg,229199
site/internals/static/img/evidence/82c401449d6b2792fa5abdc278b09d0339b960c5b89c0a4ed0a949ade536f144.jpg,434331
site/internals/static/img/evidence/8303a5e0f892ca7c27648f833babe08ca2e3a74bd7e4c4b072f49533e0c40631.jpg,280673
site/internals/static/img/evidence/8318cb9820c9cf4d9dfd4bfa42623fccc4e87429b66a6ba7441dbeadb81610ab.jpg,95072
site/internals/static/img/evidence/83322bf23be22f9b32afc48921704474eb5dc7e8ee8f324af9506bf936c1ddc1.jpg,149012
site/internals/static/img/evidence/83324e2c872ab11f1d6c881180766821afa8e2f232fe0944dacf58bfbe7363a0.jpg,57568
site/internals/static/img/evidence/8361640253c4e1f383666e2834c8d4aac70c76bad7ef619c52a548e39e2c8ae0.jpg,532861
site/internals/static/img/evidence/83619be82105782676813581cd25a18c7e9c68c7f3a9503f164a4eb44bfee024.jpg,151687
site/internals/static/img/evidence/83a410cdd1de8cb4749ce6eabd90001991b31a5fd397c7cc62cff09d885bf45a.jpg,249750
site/internals/static/img/evidence/83a536c1aedffa42f7b0777fadbf0d2863aff1fcee37756b7f087dcd83156abf.jpg,140324
site/internals/static/img/evidence/83a68e4add6952df575e1a91fad0b795aea492cc88b966b8f43ddc86e2b81bf0.jpg,57441
site/internals/static/img/evidence/83b5c2e0ac816efc0f4065d4e967f38f5caac8cf51fba4b11c4447411fcdf61d.jpg,71702
site/internals/static/img/evidence/83b95729dfd5b65ce4592702abaf1bc0c77d7a6af545d7896b3add0e7f2d04ae.jpg,693530
site/internals/static/img/evidence/83cecf310c3ad4bbeb3d8f534de7593bb30c7d625559b09ee17c503e82c0d13b.jpg,198940
site/internals/static/img/evidence/83d014cb50973c176fee6193b37cf82a171a3397eb77d74fd773c34d4549b147.jpg,503418
site/internals/static/img/evidence/83d41810ffe78f477c2bccee995a78287bb2c2b7e3d79adf687c8e0d020d48be.jpg,99324
site/internals/static/img/evidence/83f6fdc5ded4d4e7b6e2385395bf0969ccf4bd4388bc26889b28b16da10fb0fc.jpg,100882
site/internals/static/img/evidence/84067bfb4bb78154b6943de40eb4d570f54d71996bcff5e776263b748266e8be.jpg,148400
site/internals/static/img/evidence/84197e34bfbee559ab7ff73b7a489a80504d53b69cd067461d979fdb61d31594.jpg,289874
site/internals/static/img/evidence/84b6c47d1ca55c9bcf09581b3610a0e3000688943b031027f1c1ecc2a1edd561.jpg,181448
site/internals/static/img/evidence/84cc3a0a41aee90b078643e2aa4dada0c226787fdcff212cf686a85959ee693d.jpg,103805
site/internals/static/img/evidence/84e502de9ecfca84ee38bb36b7a8dc6c2233b3a2354c2095e35c0d34ee6ea5d5.jpg,58092
site/internals/static/img/evidence/84ece81ebafcc3d912bc5a80ba73141c41fda6fdd3d54320db27c98190dd31ea.jpg,131491
site/internals/static/img/evidence/84ff883df8a170d842e05dd7ba69348e5b8828149efcff41c5fc0ad0cbbf83f6.jpg,165491
site/internals/static/img/evidence/850cc27d65d86f32399accd7566c7eafdb7777fa094b5658ce80e9a3a97725d7.jpg,61441
site/internals/static/img/evidence/852192dd2e67f3d35e2e4d3afca92dbb8b0db294494f66fcbd03cde8fa6365ec.jpg,218076
site/internals/static/img/evidence/85914adb935c47b1feb1cc6f1b143b8278384b4900c5d4c687b53ce8a72d3fe2.jpg,651598
site/internals/static/img/evidence/85d7bb911b3799e5264c4dbb77c545bc3c2a6191f4cf3382aa3e13b24c671849.jpg,294087
site/internals/static/img/evidence/86103fc9c24cd751a25d0cca316903e46634dd23a4482c49c30bb41a5e1e4cab.jpg,421070
site/internals/static/img/evidence/86836ec03a58be019f72a8e872133b9a75ba4e22b3793150864d8eccae08ee71.jpg,140393
site/internals/static/img/evidence/86ef6cb60f0c9bf267907882003b8ba4a8811ab9e5ec7e9de47ad657a4bc8b29.jpg,186807
site/internals/static/img/evidence/871ab7b6c140e6e7ce2fb688def1e6aeb31b59eb3d0c919b14d092712e5af178.jpg,190194
site/internals/static/img/evidence/872e34596dd92956433f0bb9e79b6b0df185c1d4ba1d6f7ea0865be13c04f179.jpg,46271
site/internals/static/img/evidence/875be268b02b1656ac36e2ca31545ad1e638b720075b62f6ffce717dce6444b3.jpg,243019
site/internals/static/img/evidence/87891e070cf379990783a05eaff15898829328fb5d733b535c2f82bb5ff2531f.jpg,139814
site/internals/static/img/evidence/87c6f3eea56e5c5656952db09ac3cc38ae326d3735826b337017e2d18aefe194.jpg,122431
site/internals/static/img/evidence/87c8c10f3564d1b58e03fbd6e2f8a2509f48fa56a8a3d497e16074589bf7dcb6.jpg,104130
site/internals/static/img/evidence/87f56b9b4ef873dd7d4a548e85479f59492443f9df3aa42ed70c7e6faf5da34d.jpg,171750
site/internals/static/img/evidence/8840b06215f6cf984fc2d743f8f384b285692c83831a11cbb45e1d69bcf6c654.jpg,185016
site/internals/static/img/evidence/8850739db6bec7e60b13bba952abfd24a224d1b6be89a3f558357acf6fb768d6.png,24071
site/internals/static/img/evidence/885cc7f3ea1a8983977703f27189c9f9c66800b0fe2cb1f183b128fadedcd3d5.jpg,70087
site/internals/static/img/evidence/88632643a3d9ee635e7127b0ae9040ab78c5924b578d5a2db8cc8eb1e69b383e.jpg,74673
site/internals/static/img/evidence/886582585d122cc4390459d85129c2975d69402461d144be1adc6b6ab5e29703.jpg,26286
site/internals/static/img/evidence/88eb569d71d99c63da360c758d9a2658ac3ed36ea19a6915f8ba6791c0df9f80.jpg,190194
site/internals/static/img/evidence/88edaff53f7224aa4340ff1371c84a09d296506e405b8dda9c931f22a3f33045.jpg,430169
site/internals/static/img/evidence/88f6d7aecdf5f9274f25dab9487809b1ffac33ab7de7e2f9a5b82d384410e22e.jpg,337598
site/internals/static/img/evidence/8950a15408f402e092db92dd61deea14c57f9251f2ecd49330ab41f2cda2ef12.svg,7033
site/internals/static/img/evidence/8979ed1903a6a243fda9d654a255897680222f09937e07f626d7af10abc23e0f.jpg,52752
site/internals/static/img/evidence/897f0112c19b340507a0f4f204302a3df2301f8ba0b9144c9441ee57877cdf8e.jpg,44928
site/internals/static/img/evidence/89b2cf7d814b2ef5d2aae6f6ea38e05dbb1adfcc677ea244da0224eaa6378cb2.jpg,108461
site/internals/static/img/evidence/89dc6f53d1abb957e7f545d9516bd041578dda654325d2e2e68ce1af7e5c2f40.jpg,971149
site/internals/static/img/evidence/8a21697133072e62621e4064f42c6c4e57cf8a0b6249decd5918f41e8e71c3b5.jpg,125295
site/internals/static/img/evidence/8a2548baa8b57523cd677b128365c74359dff76c9c9b5f02203fd3550a534fc3.jpg,178646
site/internals/static/img/evidence/8a568ed54db71fec22b9e55126b552667cdaf1b076036766674ef1fdd40b63a2.jpg,87796
site/internals/static/img/evidence/8a623ae5d94d8c92c2cd7711a33fc0856125026cb75a74598951183aa68ce957.jpg,157935
site/internals/static/img/evidence/8a63c847cae15f6961502794b009658b083840bffa8a286bae10a85d695f88af.jpg,401670
site/internals/static/img/evidence/8aa42275635754957e281b4bc91fd3e0273ed619b54dd6083569093e8d58e783.jpg,238243
site/internals/static/img/evidence/8aad528adf302f07a9f50a52d605c929a054a69cae3c31bba33ddef75097aacb.jpg,52237
site/internals/static/img/evidence/8af2ed093dcf36aa0392b137deb75a813047e2d3d42e549739544f06c63c34e3.jpg,92193
site/internals/static/img/evidence/8aff01abbc45d21f6976ef9a657192b45df384decf9b2465459a57515843fef1.jpg,1115163
site/internals/static/img/evidence/8b70dfe6e4bebc49085bbb1f2eadef81f675a605414d18f293211598a0e2e9fd.jpg,27709
site/internals/static/img/evidence/8b7bde2e7f177a72eac2af7d03421afe9fa74ffe340c41151efef704255915f8.webp,55440
site/internals/static/img/evidence/8b7ca7590bb357819de541847443259dcd1d48dbf51648115c4240705b7594b9.jpg,358246
site/internals/static/img/evidence/8b8b0655bac53b8f414845c261fdb4ac8fc6e4190a32be7591ab50df0b8a9388.jpg,697261
site/internals/static/img/evidence/8baa8c0c95309392fc8e3a53c1a245003c589668023a3252b8df1fdb3101be1b.svg,7166
site/internals/static/img/evidence/8bd443bd071330d44f5c3e149ac3fbd2a46537bbc8398084252bf532ad0ece0b.jpg,252758
site/internals/static/img/evidence/8c7e242f44ec1aa0f32c44b1753aa69b0c4e9c07dd3e87577ccddfaa168c60a3.jpg,74522
site/internals/static/img/evidence/8c817e59b8081131c2b2b70f6ed8dfb74a5722a5a75e4bae16acece6c358f2ad.jpg,55956
site/internals/static/img/evidence/8ca781904724b449e3d368044c8146dfe706df13d4dbd13aec09846355e5a4c4.jpg,1332423
site/internals/static/img/evidence/8cad7a56899f2730016c3f4f752ce229a834dd9107b0642522f0b0ce98d0eb87.jpg,187576
site/internals/static/img/evidence/8ccc613df036321d62e5585926e64c635dfa30f5b4234deaec2beaa550e1342a.jpg,250989
site/internals/static/img/evidence/8d0fa621f3a2c4c604c0ea8dbde5509e5dab927a2f43fa6dc38c63032d3fcac4.jpg,67779
site/internals/static/img/evidence/8d49e83079897126fe58c52c136f907a035fb63431040af628d52f6e1e582a51.jpg,23171
site/internals/static/img/evidence/8d66e62f28a06512374a670b41ff853bdbc161c89ac946c7c530afa257b10e6c.jpg,59450
site/internals/static/img/evidence/8dce9b2736677426098d12e6f4d0058f61159da56a05ae35fe693437dd1dd23f.jpg,258266
site/internals/static/img/evidence/8dd3a5f4a9d501e65b8111aa38fc5da1dd9e9bafed8023decfe2eeda402c330a.jpg,213350
site/internals/static/img/evidence/8de88946fdf52ce327c206d45cecdd694679d9d1a0216e39d35f4fe5ea691f81.jpg,165228
site/internals/static/img/evidence/8df588a797eb51eb4a003552faade1ddc5c4ce2f0d9b02b5e2a0fef6107fd6e8.jpg,318765
site/internals/static/img/evidence/8e1fd5c5599a41f16f569be1d13fffad0d2b07407b4eb7ea487aa46e88d681a6.jpg,92990
site/internals/static/img/evidence/8e30d68cec48970fd1a8e88a09c3536af5d4cb7b0a3a53ef4dc55e8900cae6f7.jpg,135107
site/internals/static/img/evidence/8e57328525769122e39e54de511d7be76f09b4ddba1a3ccb7220aee4d686cc34.jpg,133320
site/internals/static/img/evidence/8e6654f2dfcd5c5d3ff10cd560bdac0e426a6180552d363eaeeba12d4def87cc.jpg,945869
site/internals/static/img/evidence/8e707ba034aa0b8bb2fe47eb32625479327ec649d3763a83da1ea67128bedf7a.jpg,215210
site/internals/static/img/evidence/8e8f6a9ba4d78346749f165467112b2ddc7a61da302e5ac326a2ca1ef580667b.jpg,398740
site/internals/static/img/evidence/8eaa999d5f34bbfa6bf080f90b06b81d8ff42bcd0469f523a4a9606e1ff55e8f.jpg,147913
site/internals/static/img/evidence/8eb7e37dbe3749695a44134598cf5052f15b5a072440d83ab5bde3c3536f26fd.jpg,260174
site/internals/static/img/evidence/8ec956f7f3d6488b067d4bce8088865a7d9a42331b33a51e63aa1fdb003c496f.jpg,169292
site/internals/static/img/evidence/8ed200224b8a73a44e66f691c1b1c3f9010853e396117257e319ba8d5a5ac404.jpg,52833
site/internals/static/img/evidence/8ef1c686a0b3d56ab1347e6d86cd0abb03bcafd0b273258987c8ff175f17268d.svg,6746
site/internals/static/img/evidence/8f37204fe86d9cbabcceccc285579d0ef3febc7ad6f69fa2fbcc8904db879c01.svg,5022
site/internals/static/img/evidence/8f76dab354e49300956ef2d715d0be90d894f9f8fe48a9f4d32277ebcf0efad2.jpg,440258
site/internals/static/img/evidence/8f7eb7496ce5f10dd6ae347c216004cf76554fce91c4ef0f7deef2bbe8f0c3a9.jpg,44071
site/internals/static/img/evidence/8ffc1239b209bfc33cf99dbc029596dadfdc63d1dbff4900b1d25c03c9807e58.svg,6746
site/internals/static/img/evidence/8ffd31ec40f330737b6d995458d393866c11611f5d2e4b5d843edded30ecad29.jpg,134658
site/internals/static/img/evidence/901afeaa6e1f290633843c7144468b277d8add126550a7f7ec446d6fdea4199e.jpg,270020
site/internals/static/img/evidence/905a9db95c0a5c22e52531b0e8a5c2d7ae56e75281691efbaee2e48f783f1634.jpg,201702
site/internals/static/img/evidence/905e080da96c160dd7c7b45cb1fede729574450437df2b032133f88d55ef19b9.jpg,103170
site/internals/static/img/evidence/905fbe30742cd89a177e47847c2350f54ad6c1ede954b907e3b98f5f7bd82310.jpg,601612
site/internals/static/img/evidence/90634789c5358a06c668b9b8b771c66e1475feab9837a37d7e3052aad4b097cc.jpg,159081
site/internals/static/img/evidence/907f2694ff9b9d49d737caa310553efa2bbd2bba9e83faf4106a239905071f7b.jpg,93759
site/internals/static/img/evidence/909c7ff5285b8cb36b8adde1df37404f86560f61bfdc60637d0a77211e149f2b.jpg,112784
site/internals/static/img/evidence/909d271d3b83228a0fe65d3493e3faae5df7087f93ca79a9df112086aef951f6.jpg,159316
site/internals/static/img/evidence/90a6ffaac0dd88ff0a3309ecae63f0fff2a376e20f996408cd30295a6df1b24d.jpg,1626422
site/internals/static/img/evidence/90f7f820fb30401d241fbbcdd0d12c1b7e4104cf328108fefc3360f709105feb.jpg,185335
site/internals/static/img/evidence/9119d9d5ebabe1df665a5fa7d17026bd1cead6d065da3abe418727d2aabbdb13.jpg,920170
site/internals/static/img/evidence/9137fe2cf49ce84dac4c540a13c2c4c5f792c31ef831cbe52be3cd5a20daba75.jpg,269573
site/internals/static/img/evidence/9143e368729d70bb8828bda862cd8203b1745770e6d425e0dcc049f4a93fc559.jpg,2065937
site/internals/static/img/evidence/9145356c4e0366561cab4dce63348c423500d65d09274423431ba97f962e22a9.jpg,1204416
site/internals/static/img/evidence/9171be77122d131228de7635bc6b2189bcfd0e9a264c60dd324db90e1d8df437.jpg,835336
site/internals/static/img/evidence/917b604ac5d8a2ff97b0ae7d5d62ed6b342a3f8816919088fbdc98092b372c23.jpg,150388
site/internals/static/img/evidence/91a0584d9257fd600210e4429bc9715e80be377ffb0d904a4f0c13b088ade70b.jpg,160898
site/internals/static/img/evidence/91bca9dff2d509b5230e4ad03f9232e3cd136c796d2bcec6e0fb54ffe441012d.jpg,90510
site/internals/static/img/evidence/91e50b1a2c5234a413d7095b99c20e736a42c048495985c41b3296e5bbf2769b.jpg,289874
site/internals/static/img/evidence/91fee52b5243b2787e06d96b6aeceb973b9bece3cc27bcf4b7f2339331f264cf.jpg,452525
site/internals/static/img/evidence/927590a1ab4942fdedae3666d77ec34e54df10c5059bd8f3374d61cee7792e29.jpg,53213
site/internals/static/img/evidence/9284e1fd832e416ac0cfb4cfc3dea494928dacd15c6240a37f1ffedd200806c1.svg,6498
site/internals/static/img/evidence/929c46c35b13fadc59ecac016cddc9c7fef11dbeb5413a6ffc58add350053a2a.jpg,89739
site/internals/static/img/evidence/92a218771c8df4fba223013ab77a83264ccde2ce4b64a1420122035caa3070ae.jpg,1364189
site/internals/static/img/evidence/92c4f6f0ad8d66eafea4c0efddace0c44f4be4f757a01d88815d051ff116fd25.jpg,53876
site/internals/static/img/evidence/930c5f871e025e842571810b614a58891de30bc39fa8c49b942828de130c9c35.jpg,90813
site/internals/static/img/evidence/93177a5ebd2c28440cf6be8025984fe5c83247f10023774b0f53cd4f11872bad.jpg,36742
site/internals/static/img/evidence/933a78117b5af90a589ff95d5287b1d1404f084811bb279e7469e7f54a87184d.svg,6471
site/internals/static/img/evidence/93667b07f4a374273303d27d7ae51816ca36f76f40c81c966d986689a589514a.jpg,598807
site/internals/static/img/evidence/939e6d9445cf37182a0606365ac89aacaee91d407d072515762601082433bee7.jpg,532426
site/internals/static/img/evidence/93e86de658eb902af8828329e05475032afa9b39dc4287e5501c5af54e17f3d3.jpg,88546
site/internals/static/img/evidence/93f8be4820dbdb956e2b473c1a0ce3c79b9e20b1a0e48e9fb406e4e6749fe6b2.jpg,192349
site/internals/static/img/evidence/93f9a81cd4f40b0fd91dd874167bfd8ec438d93e0cc344e48cff156e1f406370.jpg,200956
site/internals/static/img/evidence/9419ef07cb19cc76852894f99521241bea185db6301a8b3434018f4ba188b7be.jpg,30727
site/internals/static/img/evidence/9422ca73716c4d7e0db5bbe3c944dcd7636cfaa9b1076c1956ea758a8435101e.jpg,198746
site/internals/static/img/evidence/9485e66642e3237348a4a5af80c63c6ce4d16d2c5c1da097d83804f85af751ef.jpg,170192
site/internals/static/img/evidence/9499e54f00c1e797e59f217be5836366332cc9a41ea5be0c31bb73f96502d67d.svg,7045
site/internals/static/img/evidence/94ee89fa48ebea542b896ba0bb11a5252653208e7def32b097e4af338c82bf0f.jpg,56441
site/internals/static/img/evidence/94f36799781f535ba669738fdb05196bf95c3f5725937ffd5a069ac045f2be6e.jpg,145331
site/internals/static/img/evidence/951a173e7c02a2e1f68353baf4ff72ed8bac29846fb0fa02b18da30ca806c114.jpg,518758
site/internals/static/img/evidence/952f13304bac1a748c01ba3048f1751c4b66877258316a32f6015b2673e81eda.jpg,1000080
site/internals/static/img/evidence/953509256bd42577d99477439ce54190805904d8ac8eaf08152a4152f25baa29.jpg,1028129
site/internals/static/img/evidence/9539e55d58b38822dcacf415607259d653e776e15c2472346207608face5108c.jpg,88352
site/internals/static/img/evidence/95430ad0baeabdc4d3396a3ef23111c18dff7a302c9a38a92c46a51b80f3c636.jpg,1111272
site/internals/static/img/evidence/9582f6d44fd6a47328b0e1310d0fa98df08cf84bb029dcb14b205d0bb3c40069.jpg,80953
site/internals/static/img/evidence/9595478ebaeea165c167f2859039a015d150a41f50168a508e55c2c2408a4740.jpg,34858
site/internals/static/img/evidence/95b02763d5300b773abda18be0e19c57ff46b0b302414f9d77b56265760916e0.jpg,216227
site/internals/static/img/evidence/95d71bb5cb4fa1c24f846745ae5dadbd901a0e627ac41ba54f32201073afddd3.jpg,98296
site/internals/static/img/evidence/960f34568c7c700c8a9fe003cc49d1d46c9f4e7f8436af4aaa40a40f89a484b1.jpg,262827
site/internals/static/img/evidence/9635db36665ed621613ef194964ace45c7b06d903b811eec8c14e581fc171d52.jpg,320307
site/internals/static/img/evidence/963896d9a3bb3efaace182eaeeaac2b19adc0c67ffac3a1ec5960ad0eb2e3b25.jpg,58390
site/internals/static/img/evidence/968343e45f3a56a4ec6e413b8937762d1e7750050637d4aaf774409a7a9946ce.jpg,82893
site/internals/static/img/evidence/96bec10ad39735cc569c80e8b9a53d0d16db966021b607e23a2f7765373a5fe5.jpg,704548
site/internals/static/img/evidence/96c0c7820006f4971bf38ee3f4281545cdeb4954e6c8f6d4b83e8cec1620bd27.jpg,157673
site/internals/static/img/evidence/96d140c8314e6b9d926b6083d731e732563996d9e37db7e00f7176f9278c2ca9.jpg,95622
site/internals/static/img/evidence/97154b07bb3e341cf3fc2d4f619ef45b8932369f2ed4dfc68dce46e55257c3e3.jpg,80970
site/internals/static/img/evidence/971ef9077d6315c28e7aa70be404d59f379e821547adef0c8901189aa8f21a21.jpg,15585
site/internals/static/img/evidence/971f157b45801be6c762aae49ac0ac7b895b2642ba6f3901a186821ab489efeb.jpg,385706
site/internals/static/img/evidence/97474df5d83591c0c88bc71bfb6fc1e70215d3869beb609e91ca9c3471c796a1.jpg,200579
site/internals/static/img/evidence/9749d44dece9e850e3edcaea6f943e99808a269d230d4251df346a559ed54f26.jpg,293941
site/internals/static/img/evidence/978a65f162ca3db66230c203d29f62f6bdb01576b8a41cd7cb044d06f4064abb.svg,7045
site/internals/static/img/evidence/980105a81cdab113aebf7e3d7e25d88f3897205ae8332c2c2e66ba7654b4a4b3.jpg,19190
site/internals/static/img/evidence/980a572cf4ad7845df15ae1e0477fccf175326bdb81d5230bf8815bd2e0e17b7.jpg,1498792
site/internals/static/img/evidence/982e8167f6f3f2ba34b3e79275d577d9e5ebcd92cbda0e872125baca925c4c8c.jpg,122902
site/internals/static/img/evidence/9855c76cb362385918b3f75a03f93760b1e337a5a7e2e72e57968575d42cfb77.jpg,1272196
site/internals/static/img/evidence/985b1b0e90c388dfa6f5fff15d3c0fc68249835db1acfc489ecbea7abb57aba9.jpg,397116
site/internals/static/img/evidence/987c98657dbd385ffa578752b503c684c1a14d50239a65a6061e2948a6787c06.jpg,987305
site/internals/static/img/evidence/988a798b0220a6443a8d4eeb8b5859435d4e420e5c5ef500001041e0e757fce4.jpg,177212
site/internals/static/img/evidence/98988eae690061d2d7708ff78c94b8eed684cc85c273f13d8bc887ce3503e03f.jpg,97994
site/internals/static/img/evidence/98c8b44c112e096c0b7c35e6f938d777b6be204ced97924ad768c7cbf47cc1e3.jpg,37342
site/internals/static/img/evidence/98e0f52b55d7573b23622b43a9d2bf01662faae2dc92f9accf7cfde5ee48d52b.jpg,318765
site/internals/static/img/evidence/990bc3230fb83487b7fc7a93ff19aa7f6d45bbaa6b1e905d0955f45e960ca6fb.jpg,340176
site/internals/static/img/evidence/99301bbc74e706b758e1cea7821f05d2075faeac8141dea8bea5722174ef0098.jpg,138381
site/internals/static/img/evidence/995a3fb0213e6d8fe0a475baa0e51d49f0f62811ff719e5d4687f88c6f560243.jpg,304897
site/internals/static/img/evidence/99601334813213b7184406a96047addc1d91280f28429c528101b0133cd79efe.jpg,256289
site/internals/static/img/evidence/996dfe24ac79dde554839c9227e3b78072a51ef58a0101361fe8e28ce94ecc88.jpg,828574
site/internals/static/img/evidence/99f042ee71936d4b550d681c7900117268fafdfe7a5f511eff19979e6aafd6fe.jpg,747674
site/internals/static/img/evidence/99f5aab4d541576cf52bb99c6d78f0d7e817255d73d6ddef7cecc8de84ac7686.jpg,387887
site/internals/static/img/evidence/99f6712d26e81bbba6a29f7017cac9cb750b29c02cba6be76e504141cdee4167.jpg,94678
site/internals/static/img/evidence/9a057d0513dd849701b1f735d2365253661716e1d344350d5a5d678e22203869.jpg,276896
site/internals/static/img/evidence/9a0d5e0ead6dba970e641bf6c3da8a5651e4d425fc75de8664e27da6323db40a.jpg,561046
site/internals/static/img/evidence/9a1d20c1e5372a740c44e672fabda4824e4cedf1a980da2057feab7c6993324b.jpg,62268
site/internals/static/img/evidence/9a4e2279ef15d6d1105273552b9c606b05f073ca56bcac365107fb983d2c12f8.jpg,35388
site/internals/static/img/evidence/9a4ed5eb1c538c4214a48d10e1a17d277eafd4223e08da4dadf57ce5a7b5d3f8.jpg,1607151
site/internals/static/img/evidence/9a868320e7372c10aa0f81aec687983f12143853ead33ff8de59a3662c81e97c.jpg,158058
site/internals/static/img/evidence/9a8b769b1e06c7d6552547bca52ec25a52b9c1b83c22adb92c0010c6887efd00.jpg,77898
site/internals/static/img/evidence/9a9fb47d1da1b53597714cdafc9a61bd8f6c52f5e10155ce0b8b1beb70965031.jpg,204122
site/internals/static/img/evidence/9acffd973ce287d4ec47b9dcb3dfaef6bc2b03cff1a8b8f9424555b9e2d457c8.jpg,382557
site/internals/static/img/evidence/9ae3771dfeae1ad4f576437c7d58634154c2e16b5cb452ea181f7a582cf38fd7.jpg,477860
site/internals/static/img/evidence/9af3d51d3315ebe58e9dac22d3cf8a16f18d06d12c55a57d8c59517f20740d34.jpg,278514
site/internals/static/img/evidence/9b086ca29ec14a7f4c33608c158d1eb012c1e0a496712af7e6a2c4d798df891b.jpg,58146
site/internals/static/img/evidence/9b15f29dd48e4a488cbb35b653de7ee9d023e8fdc562fb0890c3a49d8c1fc058.jpg,470177
site/internals/static/img/evidence/9b54c0d55576ff637095655e153aaa557a2aee27a0e0e0c198cd0417c234cb20.webp,358990
site/internals/static/img/evidence/9b7f654bdf55873db5c005e0b79b3cd8fdac7dbb10239e79964aa92efe06f4d0.jpg,982490
site/internals/static/img/evidence/9b83ec6a6b62afab50997c6280636a41a043b69a38cb401dc2c5bddb5a04a77d.jpg,437922
site/internals/static/img/evidence/9b9af11e668cf48b2498ab764d8f87097d3e0f4f2fc920cc13ff51f72a3d6d31.jpg,167815
site/internals/static/img/evidence/9be45c27514af603a6b495393cddbe5a1d73ddd8d2de6ab03150b332760fed70.jpg,468561
site/internals/static/img/evidence/9c170748078b3760bc961f4eed30ddb9a4bca71c13f7b154d11292aa5135ee74.jpg,556706
site/internals/static/img/evidence/9c2191f452c42acdbd71dd8f240801ff49956170851071e07ed45203be51fec9.jpg,65546
site/internals/static/img/evidence/9c23fea81d58852f9f03ab93f5b88eb9bbe800ba94f890afd7161daf46263ddf.jpg,377591
site/internals/static/img/evidence/9c3593ded276ad0319b82dc20e51c87230899f7879a43dd00a1b483594e86ff9.jpg,687604
site/internals/static/img/evidence/9c88ee924f73e68edea75891cd825332e07c9a5cd70f75b8b029a687a6764e2c.jpg,4533851
site/internals/static/img/evidence/9c8bc7dc75fb8b9938682a0573b0fe3349fce889b9003ebdbbd2af79185b3d19.jpg,51682
site/internals/static/img/evidence/9d154c123cf18c6789f5fbf7ce782170187643a2e20ed92faae21c8c48bbb705.jpg,55031
site/internals/static/img/evidence/9d1e483ce12243928ddd1ee2c2eafadddfe7d5607cfdde3a35a1c85927822b36.jpg,54930
site/internals/static/img/evidence/9d50dc00798946d518f528a560ce8e869fc5d36803592ad2e4e4a3247d4d26a6.jpg,69567
site/internals/static/img/evidence/9d7c63c1c738162fb2c14d7b91158d9241f0c5baa59d5922430baf7283a1bbbb.jpg,227525
site/internals/static/img/evidence/9d84df2d3b8ce4f421acb61a0fd7bd3e00ae9dc71a02476c74e880d80744e8a0.jpg,304333
site/internals/static/img/evidence/9dc557bdac67c3457714491a5ff430a6b1895e92a09b88bf946860e835ef599f.jpg,343154
site/internals/static/img/evidence/9dc5d4af8c6969e37701898d8386425bcbe815e8b64d168f166bdec7423a96a5.jpg,36890
site/internals/static/img/evidence/9dc68ab692de84abe3755d7532c977876f50029af89f29c5f5ca20258afa88b1.jpg,55940
site/internals/static/img/evidence/9e30d90099547a97e87c8f43437ab3bf7c0e9a3bec3b4867d2061fca34a7c80b.jpg,233342
site/internals/static/img/evidence/9e7c2d83c6acf65a0f04342b757c34f4c5ba5a37b8a7d9b6cf2d40aa1998a99b.jpg,31412
site/internals/static/img/evidence/9e8922d01344235f5216fcb91584dedbcfc5dbc72e43722694764f1f8f525c66.jpg,68553
site/internals/static/img/evidence/9e8ab3af811884f5a6da9afbbaf7230ec84c2b850b495e4638717a4b42198153.jpg,49999
site/internals/static/img/evidence/9eb490c4e33778267066675f7becb91d3f6a54a73e1da6c160f0726da1bbeb54.jpg,74111
site/internals/static/img/evidence/9ede91885a099e4f9555adad90429c74529e16d6d130fd58471a8ebfcf2b3053.jpg,345821
site/internals/static/img/evidence/9eecec80141479defa9fb53d3b754d96bf46caff8c62d4fc1d46b633b0ecca6e.jpg,74218
site/internals/static/img/evidence/9ef1a7a02df354c31036fe9ce34574cc101e20aededadb8d967a5a8df0b12ad1.jpg,41959
site/internals/static/img/evidence/9f05e11505075043a99ad14135a842f08432f77c6a671b9fba8709550f6c42de.svg,6484
site/internals/static/img/evidence/9f490ab61506492440743b2299f107a8ce1799b1f963f2e05b99530d1b9897be.jpg,250742
site/internals/static/img/evidence/9f7fd187848260e3b73b574d704606619fcede9ff967d6683832d9ca508fb453.jpg,57113
site/internals/static/img/evidence/9fdc486e8849bdbe28a55c841e63276d9db18bc06d1bb3fb9187b680fb7ddc01.jpg,58169
site/internals/static/img/evidence/a007f7212e54ab38c8d3b29866a27d96cbc6a3ecfa860bd345715324663a71c7.jpg,163524
site/internals/static/img/evidence/a0599d2f23c1803e3e4d96f535890318624f7d683f4bceed637ac88327d6877b.jpg,91376
site/internals/static/img/evidence/a05e68d79150a85aeef41383a8bf97c8aabd56b8e1f8fe5c99b746d0cbc3bea0.jpg,148895
site/internals/static/img/evidence/a06cd380595439229904058c265fab6420f457e72b4dfd878fa40d01830583b7.jpg,601157
site/internals/static/img/evidence/a0764baec7f8d74332ad512c0b29f9b17e0e4cb5c9cd3fed0bde1faad38c2020.jpg,89285
site/internals/static/img/evidence/a07e4c1da0f45d1e14617c138b36d70a4f773d60f1efb1913c25792cc2bdc3bf.jpg,733604
site/internals/static/img/evidence/a1124ab8e32dce2e6f7a1c2665c5934eabc51e4d7f8b78ccc4afa265e103e1c1.jpg,71625
site/internals/static/img/evidence/a137073fbb15120887c9ed723b93c9e8ed10dafb8615458ef797f54ef1c511be.jpg,148775
site/internals/static/img/evidence/a16482c483e0a99dfc5b064f9f810e682893d646a0fd17afa1f23d18e93f3fe5.jpg,193111
site/internals/static/img/evidence/a1721ee6ec7d8bb152cba242d5afb1891f05d1fb324d390ac1530fdd7ec5b137.jpg,711200
site/internals/static/img/evidence/a1ba0d663cb9efdc0cb3f79952471627bcd6b99ef6bb0502f02da2902d9215a5.jpg,346867
site/internals/static/img/evidence/a1c127cf94c58d327dd1c0892a61c238c7ef5f3e8a3fb48cd293b724348e4a72.jpg,328876
site/internals/static/img/evidence/a1d612600f92f8452147cebad763c8a82036846d8dbdc7eb6fdb54cc34a690f1.jpg,37731
site/internals/static/img/evidence/a1da51e1d6c8ad7b87ccf42ae28026eebf6cffdc15ffc55a8e9926c2647762ad.jpg,621008
site/internals/static/img/evidence/a1e36b4e8051162d79e3a799decda11658e0c86ea5a27262c504560fa0db23e4.jpg,644763
site/internals/static/img/evidence/a1e551e69163c0b1a578cf70ce82a5261ebd42801d195da5dedfaa706ec16379.jpg,2273410
site/internals/static/img/evidence/a2322242d2c8fdf3a0c25bbd81c933c7843a4bb0ca4f2f5cbf845ddaaa4517f6.jpg,1232915
site/internals/static/img/evidence/a2b82fc2eb7f908e5e2f6bccdb53770abc00fa773c025ea0eeac363f9f09d6c2.jpg,144947
site/internals/static/img/evidence/a2cd70bb325be5586846cfb3a1d3c45981eff1c51bd6098895b6b3e9cf5e10fe.jpg,335406
site/internals/static/img/evidence/a2ced342ad7cd6758f343d024e9740fc5ec8a6ff9b6faedd445900b791f7417c.jpg,69434
site/internals/static/img/evidence/a2d7496145bbb7e8d34ba26366ababaeab669509df6e92aa0fb87bad323bcf98.jpg,317572
site/internals/static/img/evidence/a2eb3a43ebb99a3dbdda931d76aac604991f9b664b6fcc79d7426046d5ee75cf.jpg,47317
site/internals/static/img/evidence/a2fed259d493084d17a41be985a61298b4c1bc73f4d8edeb5e2918e38029d702.jpg,983776
site/internals/static/img/evidence/a314a1ca67a09a3aabac845d177a67d6711af544ab13a4f3befd48b4564ac237.jpg,322686
site/internals/static/img/evidence/a31d8f6b37d21d622239dabe3d8668b8f163d83c62de02e2458b38ceeeb6393c.jpg,86182
site/internals/static/img/evidence/a32f5546310f2425c9c84dfcd3fed26d0a81f7b496443d2107f71edd79ef3730.jpg,273504
site/internals/static/img/evidence/a339ce4f450aa4c2ec024e831f3dbf2737eb07be7b9be9c28063a446eefbf903.jpg,170848
site/internals/static/img/evidence/a3540c138d5abdb6e4205ca5ca99dcffe8a57d2d0799219e6bf24df614bbb924.jpg,16785
site/internals/static/img/evidence/a35abcdcc3a49fb1706d6d1bbb528235ebb51a4ab6f2081d215c0d507388da98.jpg,61529
site/internals/static/img/evidence/a378753e4c4ceed2f8e8be8007e50a084b0b6538e087957b77df5101a792ec34.jpg,150519
site/internals/static/img/evidence/a37db8ea84701e5883e2b2775accd2db74a56483ea3ba73623e4bd03e76a26ce.jpg,412365
site/internals/static/img/evidence/a383efdac3ed7746dc7aa7ca99aee7809cc436d14f4b83b0d1202ca505dc90a2.jpg,577690
site/internals/static/img/evidence/a39597d1325c382cf393635b40b2854281c6312ca3373aa095e42da98698eb5e.jpg,305306
site/internals/static/img/evidence/a3cbaeb08fdf39d1e27fb06f7a8efe95f641b8b720f356ebc91b1d510986b244.jpg,59622
site/internals/static/img/evidence/a412e7f07f602d756b08456563756632be6df5d6d828558ad1e4977e23522707.jpg,402117
site/internals/static/img/evidence/a4543422fc2bd262ddf44a829db4d893824b3b97747b226c1e29ae7e1d50f497.jpg,193894
site/internals/static/img/evidence/a45a06b900498f3dd452515e2b0a92c222ef0f35ed512dc226879d1974a62356.jpg,630572
site/internals/static/img/evidence/a46a8e44a0594554ba6c6fd6278152f1720a290d4404d2d927c19d47579da8ce.jpg,67341
site/internals/static/img/evidence/a492a5214895ee8b4dac3206b5003c754d26c7714db839e1167655b45e0860a0.jpg,73719
site/internals/static/img/evidence/a4cd883cf3d7504c934d3db45a9be03bc422c9e7b83c894397df9bc9d6b0019f.jpg,319911
site/internals/static/img/evidence/a4eeef05947b2cda9de7313a432b93a3e71dc928140b67cc96b50aac510b8393.svg,7027
site/internals/static/img/evidence/a4ff5f1d7c9144b5b15d0f65d7ed367f737e32272f0e61ad6ec73537dbb913f6.jpg,1682220
site/internals/static/img/evidence/a509d13d794417daa5dc797a11e6b71f773765ce3b91b7f0bec2f00bcc5f9a83.jpg,201314
site/internals/static/img/evidence/a518e0597821d6eaeafe45115437348edaedf6fa5e76a27cf592d5ef49b81e34.jpg,134531
site/internals/static/img/evidence/a52306d7b0b9dccafb34a46fe6def11f6dfc65b2fa32976e083498cbdc19b6bf.jpg,122902
site/internals/static/img/evidence/a540d07f40354fb105dad37e3788e3240f449d94c888c404be3774cddf4c49c6.jpg,276999
site/internals/static/img/evidence/a5521944c57e12e0d91c152b16563919f0cfeb15b02315f10321f4f828b5f655.svg,7261
site/internals/static/img/evidence/a5558c40266e1483f1b9078a1f34adaf91bc8863978fafbcc20ac108b2de366a.jpg,74120
site/internals/static/img/evidence/a5a0287b23e3bc2c3e16c683b40fee103dd2585d2bd16b8dc5fa03e8ce2de813.jpg,250742
site/internals/static/img/evidence/a5a2436b147748424d0ce18592e1f8d0a845aa0ea8f7eeeeb19facfe00d19713.jpg,97928
site/internals/static/img/evidence/a5a8fa85280a451a150f3266795aeacff463921a0690b2b1ec9fa6f8244e2e37.svg,6471
site/internals/static/img/evidence/a5b7ac6c535170ec9c8a3480a5ecac133d903b36d337a25b8c4cf56a9fcb03f8.jpg,255452
site/internals/static/img/evidence/a5f13b0f87e87004a6975b69de8ed236a1457b3ed2de5ddc9cecda4868655195.jpg,106752
site/internals/static/img/evidence/a682f511399aa8ba5e5702b1de1493e5b87a5b949cf88d11c24f1253073d0740.jpg,320457
site/internals/static/img/evidence/a696255529d3cff711c656cbe1f139e4ed64219f184d0af38cd44a2c298c438d.jpg,578553
site/internals/static/img/evidence/a6b52912b9e4d676ad29ad404134e2e3838d35cce89eed2f50ebddf1dc52760e.jpg,479849
site/internals/static/img/evidence/a6bd562eb3b4d6f04a74ab031a4dbba953a1c43724c7198f5c069acd0f27be9e.jpg,169996
site/internals/static/img/evidence/a6fa5d1a6a8e99b5f94a6a0d40fb631481d29e3437601bbbd9c8ce783cd38399.jpg,95984
site/internals/static/img/evidence/a705351f497ba28089c44ca64caf01400c126a05299de7391f0d76a5c7fe0f85.svg,5865
site/internals/static/img/evidence/a73a93fa176c25545c1c566f8598879e56891e417ab916bc794d3538dcb46f8c.jpg,201675
site/internals/static/img/evidence/a73c99aaf5518e93ecbc4df0493294ce5d055f85f4c7abb9683b840d90e65a28.jpg,133785
site/internals/static/img/evidence/a74467b73f8982278fdc43d74e79553ee65661256a98daa4fecd790851680222.svg,5735
site/internals/static/img/evidence/a763f811c6eb6491698fcceae9501d5758f2a3d45da8b16951b22069e0b09280.jpg,58256
site/internals/static/img/evidence/a7863309b709a452804e0cafe90bf886cd507ccd00543d9c0e49cf9d96c3ca6d.jpg,187764
site/internals/static/img/evidence/a78a5ab992a83d72eb87a3fa9ef92ed4355102c77ac0d8c61243e99b9b2f91e9.jpg,96371
site/internals/static/img/evidence/a796f3ec0e0e35fcea2ab3f8e2e4c4ea24f447e644fa3f88d7ad6036a654817c.jpg,322686
site/internals/static/img/evidence/a79c7a6a2ea3b679908f26abbc397ebf735d710d8ee80751d76f916bed5e92e4.jpg,115962
site/internals/static/img/evidence/a7b0f28e8b47cbc0ff2f721072f332e20bbedc71d16c96ee075cbe3b94a90691.jpg,226335
site/internals/static/img/evidence/a7db25453830da9767e201e46efbaeacbcbea0e43b18700905c8c32b1a147af9.jpg,19953
site/internals/static/img/evidence/a7de1f69a18c404c41c454cbee1ffaa57cd6e6ddb5fdf6971c4d1f804ed4f443.jpg,24226
site/internals/static/img/evidence/a7f36baa888151d2fcda128971cb0a313a912c328984836d3017fe316ef3dd44.jpg,89966
site/internals/static/img/evidence/a7fd5bb6c809da86c3fc2813e6a8412081f612838d47bb833f0ae36b27e5a2fa.jpg,215244
site/internals/static/img/evidence/a7fe050aeb1a1d634178688eb0348dfe45992ce0a8bce321a52acb4f7414b475.jpg,36954
site/internals/static/img/evidence/a8000bd604916fb4410aef3382afaa1c56603c4fe53b1c5e70a40f1dff33688d.jpg,621008
site/internals/static/img/evidence/a8098840a68acf7a66e470f30c5d0e8470f11ae9bd58edb6c35b945acc350a53.jpg,19238
site/internals/static/img/evidence/a8313f6da78ae9f5bea44fde02a5c06a5018e85f8c0232c42d3e240e56239c66.jpg,164902
site/internals/static/img/evidence/a837e16066cde0f8dc0bd0c095ba36a824b94c0ac14154b2997efb4a9db1a161.jpg,193111
site/internals/static/img/evidence/a83d3f72235d61819ace702f424158e8d94608536b9219236b14b3c8a1c8900e.jpg,123189
site/internals/static/img/evidence/a8417ba5903c6a3faece8cde96f9535b5582ddd2aed84cd6d07803b4c40ea622.jpg,8345
site/internals/static/img/evidence/a867509aa87e526a7774798b5efc70c854349469688265435c1a16c1da19fbbc.jpg,1425853
site/internals/static/img/evidence/a872586472c68d88c090be9c8f8922bc46add84e8465afb1525ad81841807187.jpg,332129
site/internals/static/img/evidence/a87bd52698c41e7b879484d67668b79ed47992d38020a40fa7b51a90d66b4179.jpg,110793
site/internals/static/img/evidence/a8b2c7e9aff038f66ebb486adfff2bcfa5b94fffe2053eff8d0dfb72e29ed355.jpg,113906
site/internals/static/img/evidence/a8edd34b30b57e3c0b03191e848039d022d93c2a17a7e6c44185a0c7828dc7dd.jpg,215591
site/internals/static/img/evidence/a8f3c62aeb33ce227d45429eb3a7649d238e643fe745e356102f9a98e15b0fd6.jpg,35399
site/internals/static/img/evidence/a903ea40a55981f2204ca268a60ce07b3353d885ea4e4abb362c297813ce000e.jpg,38647
site/internals/static/img/evidence/a957f38e5bb4578d90bfb9e0806b42396687e780cd0903b4d8971f12fd001eaa.jpg,247733
site/internals/static/img/evidence/a970454942ca7f2213992c039fe223d918eea3a10a1878a186ba58ba4ef5e5f3.svg,7042
site/internals/static/img/evidence/a97cbd6b6a5fe6549120fbc8d3082236b47b9c5138a613c346cf8f70d0102ca8.jpg,594950
site/internals/static/img/evidence/aa13642ac0360cd07ec788af01efdfb04c8f4f0d2c52ad337caf717c115b2d92.jpg,158743
site/internals/static/img/evidence/aa29afe73ef092925da8350cb8e92c1168d30307a1c460971167c4ac064ee8c7.jpg,57113
site/internals/static/img/evidence/aa36a3fb686e8fb4e51cb1fb9f71536aa697101ee500b251d280446bb048266f.jpg,155452
site/internals/static/img/evidence/aa90f119e4f5b5626ee625df1620dc2b4d0697955d048570cab647d2ac8c19e5.jpg,59402
site/internals/static/img/evidence/aa96ca92402cc627d554620e853d72412317159e2499befbedb45dc00a1e6c2b.jpg,164983
site/internals/static/img/evidence/aaa69c5f6f401023aa2dc14646d212ae57d60eaffe494846c81987902c4747ea.jpg,192886
site/internals/static/img/evidence/aaca2adc6525cc4d9466c5a10db62c40fe390b7f9e3227a4d87257bdb5c697c1.jpg,533411
site/internals/static/img/evidence/aad9f5ebba9073f77414dc14e94652be2fa2d3fca2d599e697121d6c86c61328.jpg,270224
site/internals/static/img/evidence/aae3bfb44b90cabcce03aa1574f7d9dbbd4598c1066f214b9ee89726612f7c06.jpg,164040
site/internals/static/img/evidence/aaea7da0273a2056191993ebe6eebee874e1fbb1521427277e4b8ac521360be1.jpg,184656
site/internals/static/img/evidence/aaeb90f672390594ebb63210ad6dbffa68080f2daa0f9dc4835077cde21c54e1.webp,118536
site/internals/static/img/evidence/aaefdba425872e83190d8d0df3301ae10d4b41aef6cfa7231ecea5361762c8f7.jpg,125040
site/internals/static/img/evidence/ab229e3684bae22e4523e9937ea9a28fa6937a06f9b1dfd22ba2a5e0e1315407.jpg,213408
site/internals/static/img/evidence/ab448f3d533b5cfedd33fcd89d779b2827d689c0135536dd343aafe0a6313fb3.jpg,1507553
site/internals/static/img/evidence/ab480941edf4a001aa193d573996cfc87851a6bda3334361db6a7044b9c7a785.jpg,526275
site/internals/static/img/evidence/ab7083f15312d0642014976df9d35997de6e663e112dab076e7ce8fb4666dfbf.jpg,654400
site/internals/static/img/evidence/ab7816c78c30893ff9a9b873ce7a84f0987a0702bc3f7bb2969c67dc4e7e23da.jpg,86718
site/internals/static/img/evidence/abaa0befa713c3e95198f5b18767e7b5c54c1aab304cc5b8cd2c5eae9e3c6136.jpg,68707
site/internals/static/img/evidence/abe98dee2b35e282f89c0ee6059e39a5f668ece8283a501f4882fdcba3a85e09.jpg,1210317
site/internals/static/img/evidence/abea107b967c27fe33866da13ba3211938685846b56e8f702103f190beaac7ce.jpg,436081
site/internals/static/img/evidence/abecd74ff9edccc996a719f229c212a2156671253b654811b2df7f66fb39918a.jpg,60987
site/internals/static/img/evidence/abff86c5f00ac65f97f9f9990f7b9861a5dba6d305972b2cb1a33d5fba94a6eb.jpg,283584
site/internals/static/img/evidence/ac0342e889a1634fc8587726d5bc6523702c9d2e102326b42cc9fd69d7a26449.jpg,191601
site/internals/static/img/evidence/ac3b8851571d522dcdea154df4c78e0974b2cd1767651970dc431c390b887bed.jpg,136373
site/internals/static/img/evidence/acbbc00cb7bb01a81ec72d6ca40723b3923d2ce179eac93b9c66eec1478e761b.jpg,1195459
site/internals/static/img/evidence/acd52a53449aaaba67011d5070fc21e8448d299579fce9e7c3de226a534556b0.jpg,61553
site/internals/static/img/evidence/acece8fef0c9a6cd5d727c2b2d5c301d2a8473ae1cd9fa71ec5f7d1a10bad958.jpg,563543
site/internals/static/img/evidence/acefe5ef61578d56582351259bd2a0692117f5ed2b9fc1d9426bb3fb710b30ce.jpg,125135
site/internals/static/img/evidence/acf1da9ba751d5817209e24650bbc8b0487a42e4be153cbd6996aaf59e78cebc.jpg,61975
site/internals/static/img/evidence/ad05f99155126c6b6898902151dc0e5442d32dec529d191b87a9d33194484706.jpg,43192
site/internals/static/img/evidence/ad0a8a0d957b6fb205b5d4228546e1346ab8b09d9d9ae709c5d66920b1f17b13.jpg,119696
site/internals/static/img/evidence/ad215cf423bcd36c4b646a39b50c05b170d9d3385c049a9104351be0757a4d0f.jpg,95980
site/internals/static/img/evidence/ad31769386316b91e145742181ce81b2b0216a830ee56cef5febac7d307c3b1a.jpg,150721
site/internals/static/img/evidence/ad5485bbd15e6776f0f08de11f530c3247c17f1bfbf212c52022fc9335048eed.jpg,1393138
site/internals/static/img/evidence/ad7c693c42dbc68e24f5792ea592117d3cfdb3a47e1ec4902268d009541c622d.jpg,43095
site/internals/static/img/evidence/ada9d0f95af60509f5eb86a61b971dca294d6631d056a3069b16053c46cedc5e.jpg,42268
site/internals/static/img/evidence/adc1d5c3487a4115dbde42bec1c3b1790a5170f6b33e2e3d5929cf9da9394d0f.jpg,1507553
site/internals/static/img/evidence/adda731b30bd9ede78fcadb0bf89c253785948f14f352cf2668162b5a9c52638.jpg,718698
site/internals/static/img/evidence/adfb29320116c6b25de5605130f5555c4ccb88ee96776f6f7d4af5398f8cd78b.jpg,129993
site/internals/static/img/evidence/ae15de89421bb1b6f23eadca03413c50ea5f3e5cdc46896152499ceadb944063.jpg,57670
site/internals/static/img/evidence/ae2992b0b0a127c9d43ed11bf2670c699e2c88d9467ec14cd35274d09883ad1e.jpg,73720
site/internals/static/img/evidence/ae34362c66195fda32c29ebc29eaa6f9dff7d52a6352c3d4a46025f27d5803c0.jpg,274325
site/internals/static/img/evidence/ae3cc4ac952650c8a8cf15c443b590734c41a4cb6a0162e770b1a2ae87e781ff.jpg,27311
site/internals/static/img/evidence/ae4fb20942dd7bbab00dda806d6f66006ca902960388e011d35f8d89153d1e19.jpg,273996
site/internals/static/img/evidence/ae994750290637fd9f22bc6fce157d4c8a163f8dbc27aeefc27d2d4f3924ddcf.jpg,232871
site/internals/static/img/evidence/aeae648919c5bc12c093c0c1a9ceff1cc6f9ed9b87a7ca30cf6b0a0aba65240b.jpg,325864
site/internals/static/img/evidence/aec2fa2e9c33685b30ebe945edc13c591035d6f21d263c8598e19f5b58570a86.jpg,201547
site/internals/static/img/evidence/aedeb6f5a437494ea0794eb506cf5d8730478a3de328cc6bba33d5e2961e7ae8.jpg,91205
site/internals/static/img/evidence/aef6cb749f5fa3360db9a310f1748293630cfcf1245e1ac53b35f76c5350bfc0.jpg,247733
site/internals/static/img/evidence/af39dd4eaa5ea39f2684f3abe907cdcb14b4a83fc4b0c93013e9ea09bbcec245.jpg,270224
site/internals/static/img/evidence/af418cbdac3df87d239875995c549198ac31c2badefadf3dddc33f52d8d738e0.jpg,292795
site/internals/static/img/evidence/afb53742b8f65420dd64b126330c2a3f2de3eb8f6611e327c6ab04a45a5ec230.jpg,131116
site/internals/static/img/evidence/afba4c826dfe2894b11aacce1b0c726da6bfcb4ef3f349b591559a6506c5fb4a.jpg,194927
site/internals/static/img/evidence/afcb0d5b07146826b8a098b5a45b9bdb5a6d00b6f4a5da34bed9d3549f547bf3.jpg,123189
site/internals/static/img/evidence/b098efe4cc15e4457d36aa42e090c6251fc8351bfce3e1846782a57728d5a0e4.jpg,1062470
site/internals/static/img/evidence/b0b62c44f981fe1141d0b74571094001a781ffcfd5176e19e04f75c46edd26ce.jpg,204511
site/internals/static/img/evidence/b0f16e63d8556185a0506df0ebc9ad97c12c1f77746469f81389b06fc581c898.jpg,153570
site/internals/static/img/evidence/b11311119179b208c1f0ac01b47c4a396ecb1673cf74a072b07f0ca5065360eb.jpg,977723
site/internals/static/img/evidence/b1356f5672dd62fd6d9d48e1315f200f0bcebbdbe52ba1e81e3558a31475f234.jpg,69441
site/internals/static/img/evidence/b1757a447222678e7dbd0f4bf8d7c1fc0dcc620bd92beee2808e4ce8117ceedb.jpg,407926
site/internals/static/img/evidence/b177c0e49d9674855119e4db8e9392cb7f31e2ddd0f4275c79478bfc14862a5f.jpg,117393
site/internals/static/img/evidence/b177d8d471b32c8fb2b6d5db8c1afa4d58a538cc8952b0422262d8a661ca30d4.jpg,233939
site/internals/static/img/evidence/b194d92f317d940da15e09c49a75a086a58bce8809fe8f1a9dca9906fe5a7c3d.jpg,354106
site/internals/static/img/evidence/b1a6198999470eade609c5e6001a07b309037881aaea2e1ce07e38aed19e66e3.jpg,59065
site/internals/static/img/evidence/b1ca8df3f81338e18d937df5e60d5c6cd36247e49b6495f8a6e11255692cbf89.jpg,68268
site/internals/static/img/evidence/b1cb29f7d85d21d5986b0918ee32e02dfbddaf6502ec5e6317804b69869d9457.jpg,48212
site/internals/static/img/evidence/b1f6fa3216ca21048e3374efc98ae7792bf171c51fadab6ad30a01859ac8af5e.jpg,137297
site/internals/static/img/evidence/b2124862bd02c910b9c1b7c1615b7c32bffa605345815d9d085f37ff275bfb96.jpg,97734
site/internals/static/img/evidence/b227c0cb903f28f50e120d2d3e63902b6e7073ae31717aa72c19abffeef3da1d.jpg,1682220
site/internals/static/img/evidence/b235406caddb5c926a4975a477d535ceed19c503cefc911b081542693a44a97c.jpg,251548
site/internals/static/img/evidence/b25cb8cc40908611fa7e1a516a5786a837fa6e974341c774cf9265d42f8e1777.webp,87040
site/internals/static/img/evidence/b2c35a3e876451ee63cc5f6a210bff34129d44a9d513f2b9e6f3971befe31508.jpg,106855
site/internals/static/img/evidence/b2ecb095eea317afb56bc45f720d23ce4436e4f3eb93838070ef4a6704da40da.jpg,413499
site/internals/static/img/evidence/b30953877d1c369be5b991f0a9aa9695f1e4bfd9681e509b97b6c00f8380317b.jpg,87688
site/internals/static/img/evidence/b354c5d92c43aa9e19820e400022dacd2c823ba9f9dbca6559a17649f0ff0a76.jpg,183399
site/internals/static/img/evidence/b356523f7737dd99988d70396c01011d8990cf23fc234b8e41e7da79fe407656.jpg,437922
site/internals/static/img/evidence/b360af447d10e818f3058cf9536037a50424819e15bb82f27c063601b2d41780.jpg,70520
site/internals/static/img/evidence/b366bee39b56f4c194d03a8361a0710bf6f11bd4d23fa9b046c7d31f4899f1f8.svg,4761
site/internals/static/img/evidence/b3ed0592404a2efbf79a1a8028e03aa1907450e9452bf96f01aa2fc212456ca5.jpg,178630
site/internals/static/img/evidence/b3f4fc9b26f63c81182b70e975b2a77c6aa781d815430a5033560a393d5df913.jpg,114373
site/internals/static/img/evidence/b3fbbd292127708ceebe88042033c758eec988e121fa731eefd9392a60c809fa.jpg,241602
site/internals/static/img/evidence/b41f7657b1ce98076d0ff3fa6ad76688aadd6a97dfbe8a52ab2eeb1c74669171.jpg,219558
site/internals/static/img/evidence/b46e267597902bf52e94956ff797d045e6fb76854cfe82c927f997948192cd87.jpg,151318
site/internals/static/img/evidence/b49f4c678ec30be3278f7669a53717d6cfe25142662b4d847634668a8fa906b9.jpg,1667802
site/internals/static/img/evidence/b4bf46dce61318e9c07583f8b39df9d18b1f8449094cd0f10caaba2cafa0fd9c.jpg,122189
site/internals/static/img/evidence/b4c6241089678aec796e28dac52a3ded4215e8121c14a8faeb949195eac3d828.webp,535778
site/internals/static/img/evidence/b4edc5e133f52f8c635f44e3795a5ffc734623d79290a89cc5c7cf68a7c3bbf1.jpg,95068
site/internals/static/img/evidence/b5123f5d3f93c41111d03e0f6558d50bf16c46b7e86d440db190ac9221dbd26d.jpg,213820
site/internals/static/img/evidence/b520999f766643579188e671ca6a0d1d5c03d9af639bf91a22876896e7b9ef90.webp,758218
site/internals/static/img/evidence/b56f7310a54218b69d5333b7626ce686af64d6267b8d1179322ce564d17f8f99.jpg,334194
site/internals/static/img/evidence/b5851db4460aa83bb374542d007bfcb5c8cd78cbe5ae2a3436018b3cc016fd43.jpg,1363373
site/internals/static/img/evidence/b595965e964292f9596f13ae2835e413718fb43dd430a32ff1297550480d85a0.jpg,283367
site/internals/static/img/evidence/b5f32e7ff5e2c61adc20bfd911cf029ccb723b6cdd554e5dedbcc70c12652aee.jpg,101902
site/internals/static/img/evidence/b6122009ebe2bf6e26bc28ef894507dbbcf5114fc415f74403e9c79cd7227d3f.jpg,118504
site/internals/static/img/evidence/b61f6e168ffc11fda87c12b0f94b55321403d7a213c0a2dfab3382283911a18e.jpg,1008177
site/internals/static/img/evidence/b629d75e2fa354b3b3543895b5dd3ddefc10925d2f56e672742a5b7e7e1aa112.jpg,789704
site/internals/static/img/evidence/b6354aedb511a11783c115b00821f0a7cdfb392b406ae82bc2725cbba76d2015.jpg,215591
site/internals/static/img/evidence/b63d0064dea6e8380ddd5a17e1206963e9d1aac9f73dcaaecbd75dd403a8b1ad.jpg,114482
site/internals/static/img/evidence/b688094df9348f8f338a96e47285aa9fef8aef2043367fd35d13e23471770148.jpg,285579
site/internals/static/img/evidence/b6a2ab0ca52027b058150bb488aee7feefb14a2b0fd424968b5616083385c2cd.jpg,44831
site/internals/static/img/evidence/b6a434ea2e298f34be5380d46070c8325fcd1d6686124cb10da8b5d4d5b65679.jpg,853487
site/internals/static/img/evidence/b6f64dbb04979cdcb4254735b90a85b5ef1a4b5e029b7f156fdff3a783fd47ae.jpg,26496
site/internals/static/img/evidence/b7009fc9e17500e43348042d1bd8f79c4374b4c1c17b6c100efe879de7b51b3e.jpg,152052
site/internals/static/img/evidence/b762104fb25a3c4b2473ba73d6558b6b09f91e692eb3ec4b4b12c43b864da033.jpg,87368
site/internals/static/img/evidence/b771ff63eed9d81213dff7f1aed65e7f7c10f156473b66a08b63259099a5ad4e.jpg,478316
site/internals/static/img/evidence/b80bbe87a9bb1c805c0f01f65f21af50e7e7325eebfd5b71b4a38a2cbbec8000.jpg,247080
site/internals/static/img/evidence/b81b1fc9fd6f3670376169036f3fb56b8931bc1c1a6f085130735add077ad447.jpg,145303
site/internals/static/img/evidence/b843a4ce6c14e10238ffb1d19f00bb5e3b55e19ee2a5be9270b18af309e9d2b6.jpg,920170
site/internals/static/img/evidence/b8522335174c3453ae575e9531e59c63e0bfbe2d8a9a72585a0074e0409ba80b.jpg,61327
site/internals/static/img/evidence/b85afaf7aa8bae9331ddcee170eff5e99d9dbd7b66f1a4bc4cf1ab623b6b525f.svg,7027
site/internals/static/img/evidence/b890b0662b11b287b6ba52b4e3804aa242db6a8bf298ea8766075a4c94d3ad9a.jpg,90804
site/internals/static/img/evidence/b8914b64c0254320764fbe2e0ee94c2b42ccf62168532f6f9c0cf761c5e85e37.jpg,989967
site/internals/static/img/evidence/b8a6fb935fead94ac3f8d9054fe5af27600b212f9f69a068603ace742bfd1d6a.svg,7018
site/internals/static/img/evidence/b8da6ae0da213c01a74600caffc2c870903872338349ed854021f7f8a8c1885b.jpg,41618
site/internals/static/img/evidence/b8f9baca1d8729f765baeab9b6b2f33b4d3bcd102b183b4cfaf5e3d95b1baacf.jpg,722106
site/internals/static/img/evidence/b957a421294ee1ec041e4666436c33dcd50697d63538302a91dd228f40467404.jpg,55734
site/internals/static/img/evidence/b9653bb689ed9b04afc4fdf35d2f706ff3b95777d5149c1f6a5c9c1f78d27cb4.jpg,332129
site/internals/static/img/evidence/b993de2f9a933a4aea3554cc02b5221d63229685ab9b2f89d63de6a2f577862a.jpg,1332305
site/internals/static/img/evidence/b9ae0054e9eb73142dd468fe5b1061e2b2a72a0ea7f24a2215e4eaa437390851.jpg,206452
site/internals/static/img/evidence/b9d78c9de0b6522d4eda83e9aa08d80e230ea99b09371e4b2a8201bc8adecacc.jpg,73720
site/internals/static/img/evidence/b9f4bb52bf575a8bb6887f7fd51c3310f8dc5da35fbf9110cbd042f5b8e2bede.jpg,235830
site/internals/static/img/evidence/b9f74baa253a2d7937407de0acbb561eddfed6b0d4f037afda5295b0c0d94588.jpg,60850
site/internals/static/img/evidence/ba196479050312306d9006b5dcc5dec387d17e9f194563efc503de4d4ebeed4d.svg,7658
site/internals/static/img/evidence/ba23c44edc75635b33dfaed0f3abdee4b748cb17cdefcd8b19ef5b1b7c47ba4a.jpg,195016
site/internals/static/img/evidence/ba44f18bf4d27b67fb5f9fe910832db206b5b445685c3f22875b9473d3025836.jpg,62339
site/internals/static/img/evidence/ba68330d11f4db9df730b76587086a8aeafddd3ef6be66dfbaf989838fbb3039.jpg,418137
site/internals/static/img/evidence/bac9872effe983abd79b51b9b846a5b3cb2bf57144d612868c238fda8a8c2182.jpg,393339
site/internals/static/img/evidence/baedd2643a761446e576b0c55ad2eca4dfc5388889183b27ebedba3bc999873f.svg,7018
site/internals/static/img/evidence/baef04ef69f433299b81319015fe5b42955396d38080f19124c824b7ad94c57b.jpg,207651
site/internals/static/img/evidence/baf564ca00bce1a1ea55322ce97e1db04ab08abb4b1080783b516dfd8934fed1.jpg,76881
site/internals/static/img/evidence/bb36d984c25a938f203849bdc73fb3c3d9689661e137486c6f30767f35793aca.jpg,687604
site/internals/static/img/evidence/bb384ca1d76852447c4ab87e835f2f19c844748e1d4fa6c391bc78830e7d46a5.jpg,163437
site/internals/static/img/evidence/bb54fddd61fe22b090f20372e6b98c678cc93b6419e763b9145ed6e3f838abc4.jpg,1908999
site/internals/static/img/evidence/bb6459a85cdbe1691b2f0ad107e92b668f07abf46035ee9af7778494136586ac.jpg,495039
site/internals/static/img/evidence/bb8b1e345989c473a5088205efa7d481bdb7db9cfa71964969c97e6b7938a1fd.jpg,126003
site/internals/static/img/evidence/bb94e67baa1fcba5938553a509a54e271f382760a34f4aa7efda41ade379f1d7.jpg,233654
site/internals/static/img/evidence/bbdb91c263bc7ed4a51152244c10c0ff79f64d651bd8a0504accc06182dd6f48.jpg,193674
site/internals/static/img/evidence/bc1526c678a567d622c99b3ff8de23aff52a5a49508c13a45ba6d802118521c1.jpg,93237
site/internals/static/img/evidence/bc557171fb08f0497dc22dede8c78b1a02282d869ea90eaa0ff43e6b34620e7a.jpg,17688
site/internals/static/img/evidence/bc635f3b7c66bc8a48f08334532353d1ff8cd937623a29b2b16d392fad5f0a98.jpg,1443584
site/internals/static/img/evidence/bc7cadfbba206c983f1eabc99f5e4e009ec357575d1d28b50ea3339a352ab5cf.jpg,102234
site/internals/static/img/evidence/bc8ba9f59be0a88c07b619beff5659991b078d3e7a06ffdc698cf0ebd766de40.jpg,99698
site/internals/static/img/evidence/bca2cb8d66ec836d8bdf2093ca8808048299b46fe0fd3a43f7f2e08c40ea9bb6.jpg,78150
site/internals/static/img/evidence/bccf62b1e0978abef796b81930bebbd87986e416fbdaa62c3eb1c9093f6b2008.jpg,666023
site/internals/static/img/evidence/bd2fc5a4e29c939517a6dd584d2eca327ee40a12f3e43f848986b691ceb68cf0.jpg,34202
site/internals/static/img/evidence/bd52bb763c28fbbce0c19e8e5bb0dd0adedb3edc7d1c96089a108e2f4b1fa90d.jpg,242734
site/internals/static/img/evidence/bd814efa700c2cc278a6726cffe1a693cf88744a539f47f4238cc6fc9bce660f.jpg,108220
site/internals/static/img/evidence/bd9259b4f2cda02a2e1a9466f27e151244b8450b453d1677a15a8dfe0eeff84d.jpg,138136
site/internals/static/img/evidence/bda03cfce68a228c8b0b8f817b4db876ae07e09a7ff8a7192e2ccf2d4aa16560.jpg,233724
site/internals/static/img/evidence/bde072df17f67b99311dd377d8027c0e19179d88435f31a54771d6c98e7cfd4d.jpg,414187
site/internals/static/img/evidence/bde631565ebba96e3f1d4485d71cd34848e950c1d3decbf12a2a74b8dd3dac2c.jpg,461615
site/internals/static/img/evidence/be153ef804ea2f0b088858d90c2fb5950c8565b0b6e74e7d05b9aa8bee80fead.jpg,72631
site/internals/static/img/evidence/be378e37c2d5c12fa77e687bf4a329b453e81a4caf82863252a4b1d62d82a0b2.jpg,994837
site/internals/static/img/evidence/be50fd981ab875b98e39e844daff194d6bd8f0eadba517b11d626e59cb645659.jpg,181087
site/internals/static/img/evidence/be5a72f27cc05b4e036bc9751346c760ce5848ed15c0eadc8ac2996c6581e37b.jpg,64598
site/internals/static/img/evidence/be5bdbb842acc18cecd6bf2d9c6ed9f1c0603104e7f4bd70ccf2c21cf319c5e6.jpg,31938
site/internals/static/img/evidence/be6b2581f8c7a43a266e9954571b99e5a56d8194dbe01701df64654cc8e60892.jpg,604872
site/internals/static/img/evidence/be8849dae01a3722e33387420f02b36c2b0f5afef44b7533c660ff48a8ca09c4.jpg,173769
site/internals/static/img/evidence/be8f842f220822bde278861ce4195bfd602eb7dc166a48dd128e6a88b8b842bd.jpg,149023
site/internals/static/img/evidence/bef1b9c502798f1db053bb8d6750b088076236e5d2e42cc8d1a786d6e65cab84.jpg,122406
site/internals/static/img/evidence/bf4c19d5d771531b297b77531dc53c93e6aaf5df9222351ea334344cbe5e5c36.jpg,512347
site/internals/static/img/evidence/bf8533bcb9fe95b810b99d45bb4198dfee82e4e68276a1a44bc3a654630319c4.jpg,88409
site/internals/static/img/evidence/bf9e7cd5c8939427d9484a2603947b44148595e313b26f4298b2c866c57ec282.jpg,63860
site/internals/static/img/evidence/bfbd1be390b7e49a33312de35c58f7ad547e7187f20f39f4d39490b60c73b41f.jpg,470836
site/internals/static/img/evidence/bfd3bc2df4f9789c8b62f5bc54a3f35bdbbbebf503b484e1af9c40ecf4e86a7a.jpg,854301
site/internals/static/img/evidence/c017bdb6ab5d78467dd6b7253dfc03907bf103635d7dcfb5d3dfa0b210e36f7b.jpg,934376
site/internals/static/img/evidence/c01ea8fd5304d83c186ffad6d7af343420f75477124a95c670d7039c4cd0abf5.jpg,469066
site/internals/static/img/evidence/c0592c4e13b79ff1f246541929d866115ad66268da04732ababc08c266b2967b.jpg,91879
site/internals/static/img/evidence/c089e919b8de7435e61e5616d448fbe3142f328178ac5ceda255fb8699a3b080.jpg,58382
site/internals/static/img/evidence/c0a1a91a911750d411ca795c191ab3ad37115e202089ba0f62417ac8f1a9e151.jpg,92751
site/internals/static/img/evidence/c0aae97215e7bd39956ec044bc10256648ce2a98ac2764d34dad2f572342a8d3.jpg,130174
site/internals/static/img/evidence/c0ab762f4d24d129e8daa30184360f508e1c5257804e48b967a98e61804a70e0.svg,7248
site/internals/static/img/evidence/c0d4041aa99c00daf330610bcbf8b8e40872f9831bdcf87566fc9c8adc0c1351.jpg,487974
site/internals/static/img/evidence/c0d767f107e05e135a6f2ea1e4875889d967f1e2f5bfc38031b18d720d2e4d8f.webp,116626
site/internals/static/img/evidence/c10d7caca73d391bb8ca77f70fe2de494a1f36f7af7818ce3ac08282745ee2ca.jpg,78163
site/internals/static/img/evidence/c1139eab3385eac2aeac9ddfa24f77a4bd5aafde7edbb532a2e9e0aa4305f641.jpg,316075
site/internals/static/img/evidence/c11b7cc8c31ffb93a3c471f8acae8f911e9a2f0a0908c634dd7bafe56983d091.jpg,157069
site/internals/static/img/evidence/c132eb4f0929114af9e4e24263980110d980b56f02474238b299bfbd3ca681a9.jpg,270020
site/internals/static/img/evidence/c14624f85059b0fed9023377a9152e41d71cd56b45a45a500d585253a0c95ee2.jpg,41071
site/internals/static/img/evidence/c14690fc70f3ed63a065b8da39fc70b30ce35e79f321509a3602f19a317b53c0.jpg,232056
site/internals/static/img/evidence/c15e8a4359f387fcd04738a20d49ca9f77f71933a5d95e17c961aaeed6ead8a7.jpg,83149
site/internals/static/img/evidence/c179c1b5ed8b4d11f4954424119eb9bcb8384d2707daea475a4fe3e4e9b6c4e6.jpg,820082
site/internals/static/img/evidence/c1ac8a59a029f8b4fe51ac82f3f890656dfb3a5e70c00a7e4db7137ca62a3d5e.jpg,2027028
site/internals/static/img/evidence/c1f7990feb539f667892246215cfc19d897b355db5251c800aa5d392c648d796.jpg,229656
site/internals/static/img/evidence/c1faa69c9b2a0a38587e7032ad67e07a33ff3c5fbbe60fa6604280a6b875f793.jpg,56416
site/internals/static/img/evidence/c228e9e2b5098aeba6e4ef6df0259d8e9fefebb6e811351ad9d3ffe7d65a4a8a.jpg,91172
site/internals/static/img/evidence/c22c89f816973a58bae0c1a6024edf128d148dbf19068ce16110c3c34fbcec34.jpg,1232915
site/internals/static/img/evidence/c25e6ca5f90d35ce716b22cd8061c9d46c3191276bb3ae0129d3f3816eb878db.jpg,101065
site/internals/static/img/evidence/c297085a6ac855cd72851155d904567f7b3831b04b4b11d04d8e8e9d8a9fbd47.jpg,148548
site/internals/static/img/evidence/c2d8e29ed9b1fcf39145b35d8e9bcba0ddd225cf8b01cc6b4e51222aa7064536.jpg,209923
site/internals/static/img/evidence/c2e2a3ae59e99cbf53fd26ef7194553b38483b8724923bb5db3f3a7ce72f4d27.jpg,51963
site/internals/static/img/evidence/c31349679bac1af1de4b42bd7cbfec1ded009e2ba9910c352f205a76e7cb862d.jpg,135107
site/internals/static/img/evidence/c334c264bc171258b845e272ecb2130a3f6eeb532612784334994987168569e1.jpg,154618
site/internals/static/img/evidence/c3a33154d854159ca900b8dc8adf8d3ac29680724c23e0e1daf0a51e016a1efd.jpg,120997
site/internals/static/img/evidence/c3baec0768c144c311942465bc5300dfdd2e6a7a1875c334b46b4f220c0c3bae.jpg,254281
site/internals/static/img/evidence/c3bbbca89ceee77838ba1a691a7af7dacb14fef622fb749ac0870f5866bd9ad0.jpg,92192
site/internals/static/img/evidence/c3f6de9d26b110b3e8e3db80a5cfeb1e6fa2b4c96c8be53a7e2c474ebc141e7d.jpg,87368
site/internals/static/img/evidence/c3fe8f7dfe4ad0980e3c2ed57603c51d60483a5a94cabd1fe8bf16109f601f4f.jpg,65476
site/internals/static/img/evidence/c45155cf0e4d6534055b70c620c01dafdaf3d4b8f99f3a01859740962a6f9e69.jpg,162286
site/internals/static/img/evidence/c466c187c3ff0489fa36a71770b38014c263db0f5006127017a7ce8ab018c13b.jpg,173954
site/internals/static/img/evidence/c48d13ad6aa9756aecd128043866f805dd15bc6c9cf1f3d285cc6785467599d0.svg,3404
site/internals/static/img/evidence/c48f9b8ec899db44cc9c8575dc3fabb5dc98f0e444ef7822c09c3b4cf46db87a.jpg,198007
site/internals/static/img/evidence/c4991d969394655ab21807333a15766923d9aef5f076f97cac90e0eb76c68ccd.jpg,177500
site/internals/static/img/evidence/c4d694e6ef5a30c1c511f11b434e477ec9c7c6b6ca06c540553049e32c86c7c6.jpg,34767
site/internals/static/img/evidence/c4e85753828125d0957b643616c950c746526ae223fe0f05385b035da9170dd2.svg,4061
site/internals/static/img/evidence/c4f6bc529a027dd5be21f70168a5be842a168761a19a81722dce94b78cec8a3a.jpg,70922
site/internals/static/img/evidence/c4f9db2033772f7a9257efdaba5aef3421aa0684f32a39b7a527f50500d9a2da.jpg,171679
site/internals/static/img/evidence/c544d51bc3f306b44dab6c6ab43f06ae8a662d0ca1bd5915fbf4e9ab40a8c211.jpg,69291
site/internals/static/img/evidence/c5812d01a55b29b1a69abee722259617c0150cf03b14e3800580d08ae8dd251d.jpg,475110
site/internals/static/img/evidence/c5b500e208a0b5c3d28875eb03e988cfa6f525f204625b742e660ef484fafbfc.jpg,234860
site/internals/static/img/evidence/c5bb5a9d3ad24615ac43acd49a0a1343e045ab491d19a4f36f479d196ed9a707.jpg,87417
site/internals/static/img/evidence/c612251b74096863e1fda8627b27482e6be03613cd04888c2b5e24b7f43fccf1.jpg,464343
site/internals/static/img/evidence/c63e3af6414319242bbefde24741df4c65430d68ca939fd549bf11db4f33e3a9.jpg,876577
site/internals/static/img/evidence/c668519de3c8f8be44749619af55ee171514858856c5fd0ad4a5900348c40183.jpg,76178
site/internals/static/img/evidence/c6942fff17b8b2d9122a9e9886e8cc5125b5c93cf0c46fd82368392b1579303d.jpg,276939
site/internals/static/img/evidence/c697ba43f006cc925e4a38d2558af4af0ab561d20bc3fba862eb8629473c710e.jpg,77847
site/internals/static/img/evidence/c69921317d180791799ccc09712542e2db2b2c3bfc66c991a36adfcc158249fb.jpg,46117
site/internals/static/img/evidence/c69e7332be51ab64b5ed184002541711fcc38fc1decd086fe1c2984d3b3b140d.svg,5062
site/internals/static/img/evidence/c6b657fc87cca81aec06cd6532d77af7e011b5536f26c2d5844db3a8775e1667.jpg,73740
site/internals/static/img/evidence/c70129e54b9a28a96c8e1c4ffad0c7cc92492214627ecc9ee7eb58f78346692f.jpg,72786
site/internals/static/img/evidence/c71d54cdfdc313b21b03ebf6cb2375a59455b2f95505af1d8b6f11cc6ac47395.jpg,848754
site/internals/static/img/evidence/c76b5843cff74a3779866d31c86c54f85ea0921a0eea28879846a2cc33c66133.jpg,751175
site/internals/static/img/evidence/c79196e66c1f7e455d9484fb1355bfb06a984396140c25d125d3950dfcd3cbf8.png,27601
site/internals/static/img/evidence/c7972c61773d40eaa43aecc222414dd47b05eaf2113e4db77cf8847902949ee1.jpg,69511
site/internals/static/img/evidence/c7a5f2be7fb703514c40a8953a87116e42b3057de7473ee705ac04a4ddf01115.jpg,77332
site/internals/static/img/evidence/c7cae16944a0c4c0ca9267bf9307d8832bf687139c0b65f76bfd424225ce12f1.jpg,100019
site/internals/static/img/evidence/c7d3c6f3fca3a45cb70a6a958d57cc6cbbadea09f419c5e17383b3a3cb50eebb.jpg,445639
site/internals/static/img/evidence/c815f7d253cb72d29e38409b4b2065b394b8ad79dec33b0fc9353e626878bd6a.jpg,371666
site/internals/static/img/evidence/c8177fb8edbe65bc6f28ed65ed159d70503ca0fb9906cc4f54993fe18eb97874.jpg,282629
site/internals/static/img/evidence/c82f44a8001eea61d51215826e12608f4c4fcff5571fe1b9842903b452f1b690.jpg,859626
site/internals/static/img/evidence/c84196e4fa60b069492f417c5300242eefdd0b8b886744864df960b62baa61c8.jpg,243019
site/internals/static/img/evidence/c85fe47a6e04d7075ce88055bdc44bf35179a233c25096b0d569e987fad7c66e.jpg,276682
site/internals/static/img/evidence/c86f5cd292228b039ff183e462e0ca8b72f155040ee1a1b3ce9c4faffec5c069.jpg,99188
site/internals/static/img/evidence/c89dcf1744c58f3ce44d59fdec419cb06f647da96249a0015682e461ea6202e2.jpg,157935
site/internals/static/img/evidence/c8a3064509b192b96a7306262fef09e6d758e4b06946a077ec8dac6aa9166ff1.jpg,105244
site/internals/static/img/evidence/c9093e5f4a9e10eae5043382744e52c4a013a8d5d26b01e3a40dbcda09837322.jpg,30774
site/internals/static/img/evidence/c90b8d5d93e48400ca016a650c6e9377e069052f479c4bc1c3b02b6a1e9c8453.jpg,136691
site/internals/static/img/evidence/c92da2db1b3d00e15a42f1138505966a0b833d1573987a938f7ab1e4d7e0cb33.jpg,163406
site/internals/static/img/evidence/c92ec4f6b2390915ef025aea45714f7db7455ee172506170b55eea240b916b91.jpg,34583
site/internals/static/img/evidence/c99ef0d60858e5a40cad94757e233b623dd117b3e03147732d93a214bcf80885.jpg,100805
site/internals/static/img/evidence/c9db5e6e3552cf5ef3b7bfa04d80093576001b38880b7afcfeb3d08d953e2a1c.jpg,216656
site/internals/static/img/evidence/c9e3de70560b56e5f34cc634f737aeaea6c866b1f28cd8d8a15b5178d7c281ff.jpg,157177
site/internals/static/img/evidence/ca09f5c8810bb5e90552f6c26e8b7b1efd196463e9f0c979522369a5b79c81d5.jpg,146943
site/internals/static/img/evidence/ca18bdfe7561b4246fd8e3dda8d14d360b58417d86cf816a56158555d9d640a9.jpg,733604
site/internals/static/img/evidence/ca2e20ce7011529985a2b05dd1717496c0f9e82b9c97e463a5613c1b04e9ccde.jpg,218752
site/internals/static/img/evidence/ca4a9b1a2b0912b2e11e76b1e4c29786f471e082e18261c2109af3dfca5ca554.jpg,3931370
site/internals/static/img/evidence/ca77da378ae199e3fe338358f46c33add5b96780937d9b349af9ea8a43845369.jpg,724393
site/internals/static/img/evidence/ca9274c451cf1304d6fcc6c60e63a5271be90a9d9f979fde56f710a733f59c8d.jpg,163860
site/internals/static/img/evidence/caa6f47f46a3f632523a5c19ce4b731585269e9c2254e548bb4b3daa1a3510be.jpg,53965
site/internals/static/img/evidence/caebc2f43cca1fe1c2feaf817a834b11be1f0c8e47bd9ef53b351067e28bcac2.webp,874598
site/internals/static/img/evidence/caf77438e76d7357facf37e62efc7e0cd95a5b7ddd5eaeafed02c3b8625188e5.jpg,1631321
site/internals/static/img/evidence/caf860960523686d97d642a5af3fd60fa9749066043e3edaa4d18987aab9de6b.jpg,37061
site/internals/static/img/evidence/cb0481c8f130696613f440ab45de4aa6fc1d544e2b940d521302dfa6ce618c2d.jpg,247062
site/internals/static/img/evidence/cb05415b1ecb4319708f45001004bed0307d4282827b3314bce29e10220693a8.jpg,957285
site/internals/static/img/evidence/cb1855fca47696fd44446ab7e1f42601a4967c35a39ce68840d632d3dc3349d9.jpg,55555
site/internals/static/img/evidence/cb50d2554adc7ee8a52b6def85ff21a46b507fd15e09d68ee6518e35bedf717d.jpg,143210
site/internals/static/img/evidence/cb56aea9a5d4a009957684b06d2221175ca46ccac81a57fb133da85191cf4055.jpg,170192
site/internals/static/img/evidence/cb60a365a6f89b8662030c69d21347d201dba8cde98e6a6ad4461201d59287c9.jpg,24778
site/internals/static/img/evidence/cb7c3a308efd9d6b587fc85dc63f781dc98ff0966f61fc071ce2c71614f6dc02.jpg,928881
site/internals/static/img/evidence/cba1cbcbe245c235fbb85cc2065b733ae627eac25b8001982df2ce918ce15bae.jpg,114172
site/internals/static/img/evidence/cc426ceb19cd2ff142c0099530838d82b4388317e2c7f4a6063d51edc8a4dbde.jpg,71904
site/internals/static/img/evidence/cc465c6e714fca9495d93d068caca9dad6d69a53ff777c5281090d8a34f48c80.jpg,98347
site/internals/static/img/evidence/cc6400bc7d77743774b743a3756e8c1defa7acf3eac7ed96f0574a279ddb0199.jpg,94002
site/internals/static/img/evidence/cc7a0a21e3dbef8f2cbfc56e51793844fb7a62c24309a9a0efc64709fc9733fe.jpg,162224
site/internals/static/img/evidence/cc868219051b414c1fc4e2cf62a8fb959eb0f60f7552b00baf15ec73e2dc9732.svg,4877
site/internals/static/img/evidence/cc99da38085aede3963f562552652b801fbe3b8e996fdfe0121d632c39adf772.jpg,641445
site/internals/static/img/evidence/ccbc01203b7b0b9fb7bf2d7b0ec33b5688ebcf96abf87bd5c6a1b29d5a433cfa.jpg,893888
site/internals/static/img/evidence/cd03943ef82cfc9b14379b8fe8d68d98f60158927a691dd010695764e22cc5ea.jpg,1089348
site/internals/static/img/evidence/cd243cc7aa394d9788dde2b5f035d6269c238f61f677f59b32c11710325640e0.jpg,378002
site/internals/static/img/evidence/cd5685256e6273f0b369457ffa71c91fa117bcd28ceb1d3cfd9df05aab8ec437.jpg,167016
site/internals/static/img/evidence/cd79bfbae78539019c63ed5c3b3372fd9d68edd72da56d7dee7995375f9172e3.jpg,320509
site/internals/static/img/evidence/cd8b5eacd81e29862c9a69a4c4deee4e1c5485f21349905aeaf4339cdb77f366.jpg,41872
site/internals/static/img/evidence/cdc31fe459b70df60a76923b83347a9b395de5076021a4d705e3dbe6d1a0bae9.jpg,137952
site/internals/static/img/evidence/ce47712556212edc9e3041324a05ce6fb45e7b43469df644c8f3f43c6641bc2d.jpg,234250
site/internals/static/img/evidence/ce722c40440d12316222d066b55fe4d51c533b58f0fffb6011dfa8ea20f9593a.jpg,1425853
site/internals/static/img/evidence/cf00a1934dee90c2244a2ffcfc27bcaeb86df287728c905133c7bd00f4af18b4.jpg,239382
site/internals/static/img/evidence/cf0c994cfd5c6ba50dd08f272f073ceddb0471dcfa7130bf511e874cfa2a5bac.jpg,110301
site/internals/static/img/evidence/cf101dbe1b6d8c6d77739cf08f7be4b62c25697e58bf0c826234ea6ac3769eb6.jpg,171181
site/internals/static/img/evidence/cf1778f1cf1d6ee6c54123d7217c4c9bd1d9eca74993f1f398cb5c2dedaef16c.jpg,12697
site/internals/static/img/evidence/cf681e70c4682a457bf6fb42d051327058c3b725a84cd6bf9313cfdc7b9c2ef4.jpg,64382
site/internals/static/img/evidence/cfbfe80a97b22774cb6d32a01e5375f00c608b45e3808ce683b817609c4d89e8.jpg,320264
site/internals/static/img/evidence/cfc926fc61132ca8424b630305f20ea6b9539f0567ea34aae839f7e55e94d119.jpg,148990
site/internals/static/img/evidence/cfdd9b48cca1e1ec87d333a3bfbbb6a9504539044157bdabaf55d3a89366c0f4.jpg,49730
site/internals/static/img/evidence/d00cdb4569cda9d070726a5cbaa4ba7c409c8f8dfe652c396711af8b5dda5241.jpg,70520
site/internals/static/img/evidence/d02b5fafb3a4212670479af18ae3c4094011b531ed0e2de58e9ce6cbb4e652d6.jpg,582155
site/internals/static/img/evidence/d02f362ef64e24aca9f1ff1b92f62ea5e68a6ca28e33b6116d139732abebcdf7.jpg,341671
site/internals/static/img/evidence/d044434d2d904c1a87f124ce95c9e269a715dc6f393e6e4d7e09004e6a0ed095.jpg,88352
site/internals/static/img/evidence/d05697e16533dd29d635145231d0eed2cfb31fbd9f77a1ebdec873c57be8b236.jpg,214642
site/internals/static/img/evidence/d086494fc50429030a9c581c6a5d1f30604377ffc66e3789cf2d62b2e2f9bfc3.jpg,71903
site/internals/static/img/evidence/d0ecaf512ad201b23eea116610dece5752313b7ddbb87f877ee92242d39df8ec.jpg,41725
site/internals/static/img/evidence/d0f16ba33e6b87e200ea02bf6ab0440f76d98d68502e40821567360cee0e539b.jpg,71729
site/internals/static/img/evidence/d177ce234de2e6577821aa86fcb78a093eca7938e8946b4fee56d218d38603ff.jpg,335767
site/internals/static/img/evidence/d19ef647f5c1fcf1fa17e23efdad99b63a8392a9fbb1b2ca474bea22edb4e165.png,46431
site/internals/static/img/evidence/d1a92fd70f234de90311acff7b9c29e7dcf143c0e015be0fab768c4a75896036.jpg,125885
site/internals/static/img/evidence/d1b331a8800c6f6243216ba8130e49b2bffaf5c91f4806a635d829dd5190a976.jpg,229989
site/internals/static/img/evidence/d23192b607e866562976a402723806f260fd922c8bb2a1ea91d37b276955b291.jpg,93652
site/internals/static/img/evidence/d237f5360a6e4a0f53e941bec6557eb95528b7910dd4e63312ab82273a43ce0e.jpg,368476
site/internals/static/img/evidence/d24b1c548a27da9569be5a6eaf471161175c8ae4acaa261c43eae23943d62fb4.jpg,276935
site/internals/static/img/evidence/d25562c55df2f4becc85c7bb3ca17dc52b946cc2acbbcc552345dff7d4754a61.jpg,64285
site/internals/static/img/evidence/d288a8727dab6f7ee12e1454a357b36646d37eebf424e87de5b8b5294e8a6cf1.jpg,187575
site/internals/static/img/evidence/d2aefd76c58a2f7b9e07c408c2247a09517487764831933e352719d3f029b7f0.jpg,129885
site/internals/static/img/evidence/d2b9709104649c70be01eceab7c3fb8e8f3adc29e961021fd09e6024c6df2772.jpg,52006
site/internals/static/img/evidence/d2fb92ae2e0beecfaae6760ef8a00d0e8f5a31d2c8def64b86b51cca44394b7e.jpg,680474
site/internals/static/img/evidence/d302f6733480e1de72b8bc92421e300d712399be3ae16c009466d593b48221db.jpg,533411
site/internals/static/img/evidence/d329c469faccfc31de973950e12705afa620a25831af0fd0f62e29e4f3d64096.jpg,86991
site/internals/static/img/evidence/d38a9de57bc4d2900001a5e32c206e260bda682f60e9b9bb1135efd74a6950de.jpg,43643
site/internals/static/img/evidence/d4036ffadd9cdf86b2cbbb7681d65814193771c515497ac1f40732644ba51523.jpg,320625
site/internals/static/img/evidence/d4544d7b75d33cb8f02f324da2695b78100b07ecec44e8ee34aa4913dd6fa8b0.jpg,33125
site/internals/static/img/evidence/d4730f7426c8550766a7d10009f869da456c6df13081e6ca9ee58082ecfb9e34.jpg,578553
site/internals/static/img/evidence/d4c9e08939f1c9e7a1fb39193c3ecd6bbf0aefa7ccaa388355f71af06c58af5a.jpg,42215
site/internals/static/img/evidence/d4cfa994431bfd0380226e61d0e3c939b433130a6feeb746754e83bbd889594d.jpg,633024
site/internals/static/img/evidence/d4e29ce423e87f3cd3f7e45114a20ec5da2019db244868831faaea278d1a6fb8.jpg,56066
site/internals/static/img/evidence/d50ecff9d75a9f0a0388094883d80a0d035c6af7faeda3d359c1a960ef187fda.jpg,59605
site/internals/static/img/evidence/d5453e651b114df1433636694b444a890bea234f1bba500d346a04099cfdec61.jpg,552302
site/internals/static/img/evidence/d57dc975d0e77c2f24917de4d213cb231b62861626de7f337ae4ad94d13861c1.jpg,52758
site/internals/static/img/evidence/d5812fdb4aa451d346bddd7c640ea5bafc4d83d0fc3b8eb04c470b6fe33c2ad7.jpg,382982
site/internals/static/img/evidence/d58b8512451bbdb20b7aea3dc56199d6a97bbe4d62d90436e15580b0919553cd.jpg,164492
site/internals/static/img/evidence/d5e1ff0a2fc35811c2c7143c535a1089e801a15ce232437637e3dfbd9d594b99.webp,147896
site/internals/static/img/evidence/d621605faef258c5366df513af14f1ba0d695805088e6be97736bd03106f3ea3.jpg,244221
site/internals/static/img/evidence/d629597fc1a8d4b119fcb17267f30a6544c8f732e78718cda1aec58a68cad5d8.jpg,85142
site/internals/static/img/evidence/d62f0a312b3f4a002a0910f4a95f5142663264fc828af7e366c625b67e93d7c5.jpg,431432
site/internals/static/img/evidence/d63864760b220fac0848cd796c7606cae9ac18e4f1110a5881bdc1b0786d9305.svg,8182
site/internals/static/img/evidence/d6556e1737c24f03edbdf6a6ea86f1380565cfc4a9c35e1968070aaf4b0bc819.jpg,396309
site/internals/static/img/evidence/d669f0035697c718eddfc3431af69ec4459aabdd906b2955cb24bc71c5b851b4.jpg,89942
site/internals/static/img/evidence/d67cba4c18f85686e46325ffbe79759e26626f622c5bef43a961e02b254038f0.jpg,213961
site/internals/static/img/evidence/d7340e96518e6b1aef3e9a6c4a23fff482bea36becbaaa65a490fb1b471b2dc1.jpg,1071855
site/internals/static/img/evidence/d7416b5dbf066428b5740481e995bb4a0ed82b9c726c63a42ede85a04af6dd0c.jpg,1045826
site/internals/static/img/evidence/d75a4ef884d49016ebaabf089d50e113a37b8b7d6647b219981be3351b87bf8c.jpg,50604
site/internals/static/img/evidence/d75f33955e8080e4618099c58b9857c4a53807fbad64bd90266950599704a46a.jpg,43550
site/internals/static/img/evidence/d768e50b53f2063564fe3fbb30048a1b482179147c83c8c972211b7604439abf.jpg,876577
site/internals/static/img/evidence/d817e9bdd41e0d6854594433608263ac13dd9bb8fbbb04e71d6cfac2df61a8b5.jpg,365190
site/internals/static/img/evidence/d83b2b6978c4426131a6b44094e01a2891d7d75c05c1693880a5593c5f85e2cb.jpg,48508
site/internals/static/img/evidence/d882010110d29429723faa9d6bdcdae4bf7c41f54e36a127adc3fa0da25a9445.jpg,65137
site/internals/static/img/evidence/d8d4ec9a81dbf0714791a3fefcde75101668efa1ad1c67532c6b335eac6b924f.jpg,237063
site/internals/static/img/evidence/d904227b64e04ccc804e8f0920fbb25f127366236e1243fa1f316f81aec515cb.png,2070464
site/internals/static/img/evidence/d9520ba5e0b4e8badaeb9adbab6b0aa761395039d7605cb78956a7f5b5c7cacf.jpg,44945
site/internals/static/img/evidence/d956a28c1e2afe9b717eca3d7dead4549b4c394416cf8a039a490b2a54e89430.jpg,135547
site/internals/static/img/evidence/d956ccf3c46c742194606437493426215fb163a96167633c3a0a779bfd4c8995.jpg,198557
site/internals/static/img/evidence/d966c5a51237904bc901136b14813a8455e2106c16b26569a43116675b44e173.jpg,1593396
site/internals/static/img/evidence/d9e9e54fc8bf00047b0a4d285026c26e7829857ed7f8df358400faeed7a3bdb8.jpg,70586
site/internals/static/img/evidence/da132dd1bbc91dfac2ec95fb56365c6d3dbe154831b368ae90110fdcbc146b23.jpg,88417
site/internals/static/img/evidence/da301be5826adc357c357f5e78bb484f3422afec607aa8f146b5f4cc13320c82.jpg,371437
site/internals/static/img/evidence/da410778ef35bb51269352a2be42099d98ae07a792d2d890e7afb574f91e08ce.jpg,276885
site/internals/static/img/evidence/da4d227b78d9e890c0d4d3e51ead765df1cbd54aadd4b36fc68ea8d65ead2932.jpg,912195
site/internals/static/img/evidence/da55365b830e2b35e9750b7c30238ea9058ae46a5ab57b88a647c4413f75a855.jpg,330557
site/internals/static/img/evidence/da807f65171e38b4fbcd022fd922408042cdd9534f012678c53b9283a141c21e.jpg,53183
site/internals/static/img/evidence/daa1f17dd67bcf81619e6459d94bc887f205bd1191c4d0024109715ae547238c.jpg,77978
site/internals/static/img/evidence/dae8a661616efe74baebbe24d5a4b6db63fa0ac513d7834d56c03df4aa10e045.jpg,85630
site/internals/static/img/evidence/db0221a9d1511cbea7728ee6f8eb5a45834d4a068776c498738edfdca07cbc70.jpg,159177
site/internals/static/img/evidence/db1a6e4eac57cd59f3c5ea3f33808971038bc51e83a16ffd67859b663cf7564d.jpg,56953
site/internals/static/img/evidence/db52ef907f1483340ff2547ee18636a9ac848871faf10eba56e2e45f649e8180.jpg,78920
site/internals/static/img/evidence/db56674d260c0f0111bf10959e41aa014a9a1817099a8cd5a5a4ae16cace6331.webp,88648
site/internals/static/img/evidence/db7d99a8a74b2d06f112e233f1f074d3006ff03cb8d9e870d7bed95bbfa25e80.jpg,95477
site/internals/static/img/evidence/db97c9edfed5b8306dba44b4bd4f6d09797e519dda1b13663673fe699408afa2.jpg,932852
site/internals/static/img/evidence/db97f4633cff713f00364d0c0c2658ae332525301875de27c7ee94f8c1208780.jpg,146114
site/internals/static/img/evidence/dba50342bde3c164a9faedef0fbb72631f436ca83bbfb5f11d1adb0daf2ee3a8.webp,487640
site/internals/static/img/evidence/dbabbc57be20d10db7759a459b2b1c32a62c4c1d26894efa2f26535ba134ffaf.jpg,1593396
site/internals/static/img/evidence/dbb8086ff11d667971db52c1c6454f64792563015d1f7a355bbfb1097a229fbd.jpg,139860
site/internals/static/img/evidence/dbd2ae49f16f1eae7feccd304ac4086f36d1b489d5ba453788a350c8ae61eea7.jpg,137512
site/internals/static/img/evidence/dbec62079ffcb5446142b94edd8d65c8d02210ef035f58ba0303e36c42aa6296.jpg,1959856
site/internals/static/img/evidence/dc16e5dc0a63fa12bccf815d5920b79cadee685cf852079027c7835214d69cb7.jpg,130023
site/internals/static/img/evidence/dc26c9bbb41ef4a2f13021a9cb1efbb0686da33006274b2127561a70a0dc090c.jpg,452852
site/internals/static/img/evidence/dc27019955b28ccbdeea85aa679410a5854f684f771476820c9690fe0c589fce.jpg,165098
site/internals/static/img/evidence/dc7b48109683036c58b7c1564aea27eefd667fec7da20c40be37cb75f0e4198f.jpg,105003
site/internals/static/img/evidence/dc84e75b6bb6d00928b5950ffb1aa8c90b217f2c97b631b5571fd28300a355b4.jpg,140324
site/internals/static/img/evidence/dc8b981e301b52e44e08cabfe2f064ccb61aff670dc0fbcd2d0483a18b5a4658.jpg,152565
site/internals/static/img/evidence/dcd1d2282da27390f671a7f998ad7ca0f7ce1be7b1a4b177d756593dbc155f89.jpg,113592
site/internals/static/img/evidence/dcdf100f6a001cde7a01f0d4651454025baa492c4f055a6afbba1de59cbca6f8.jpg,82862
site/internals/static/img/evidence/dcf81e26d6d1a187c092622dd8c574a85f86afc9bdd060021f610289771d0696.jpg,52260
site/internals/static/img/evidence/dd2c778f30ab825794581d577fdd42887f0e25d141181846f8be0ce3a05dd57e.jpg,276949
site/internals/static/img/evidence/dd31e9bf8a027fdcfaa170af2ce40e580c83c1c391adaba79e1665368bee995f.jpg,893731
site/internals/static/img/evidence/dd3807a54c973622c6d9f2d3feb04447d60d6397764e55206ac78a7d68222609.jpg,341416
site/internals/static/img/evidence/dd38e4f6b815c3d027a654f18bd0f5b16c869be872dfa814c42fadca903229d8.jpg,52237
site/internals/static/img/evidence/dd839a75c70c0ed58d9a6d0245250f45fbed86275623e69981f9933957f6c832.jpg,532861
site/internals/static/img/evidence/dd9f5ef6506242f59d81511748e22971ea91b887624c1653dfd7e983073b26c3.jpg,311849
site/internals/static/img/evidence/ddaca4bf7f70d215951b811a163477454a6593451997d0a8bef5a07dff5c4317.jpg,300137
site/internals/static/img/evidence/ddba0bfb0d886831719c28746ad4b0c2b582ee9fce831c453cac5518fa60a024.jpg,778645
site/internals/static/img/evidence/ddc525f1ee3aec93b18e60c4e591e5419736ca7a2aa991184da474173cac4c65.jpg,85210
site/internals/static/img/evidence/ddd043858e2d7f9ca4ca836f6b46751e5ed78f36935ee3a294843d04e528258e.jpg,268190
site/internals/static/img/evidence/dde9cb31f6b70e9351ef81ab879ce722361021367e23e2ae670fc34b60a2c54d.jpg,225970
site/internals/static/img/evidence/de4036bfcfc6b90799116b8d9796e4c2af502352f4c3888f47da60d88bca12bd.jpg,124142
site/internals/static/img/evidence/de78264647dd214724925a761c253d2327bab40cb6f06a5390e04fe83aa4903b.svg,4917
site/internals/static/img/evidence/de92d10c4e2e84bfba4a82438e0a4594ce0f394e2d11b6213505677964768bb5.jpg,61135
site/internals/static/img/evidence/de9301e86aafb44aad60dfa9abd3f9aa7bc1002465049992ab7141f0162682f7.jpg,62866
site/internals/static/img/evidence/deb393a0a4f011d0f43fdec5866ea66cfaf18baf5238514aff7f348e87d72e18.jpg,163740
site/internals/static/img/evidence/deb9b760c624d3ca71978ffc82975f24002bd31071c9a59c7f0658e202fc42be.jpg,705997
site/internals/static/img/evidence/decdb07ec819867beace4cbc29df1ed1bb4b42791b79e391f96540f5b79926f3.jpg,146148
site/internals/static/img/evidence/df27a7a7f2a56b3344e25c745b446ad159deffa66a8f8578ecb47d7b19471d43.jpg,188742
site/internals/static/img/evidence/df3d8c6804b0140ba4c09f648dfd4024b645017bd27bc05b98b543ff092e3c4e.jpg,101006
site/internals/static/img/evidence/df5891951c3b87f6155983fbda4f4297738b55cbfc579ffa4665fa9d3b3a42f6.jpg,86369
site/internals/static/img/evidence/df5c000f180e0bc1bf4bcf8f25a0e249da902c857beb407d89b8348f4299195b.jpg,328852
site/internals/static/img/evidence/df98c348160ab83b1a8f7020d5d950930d4dcdeca96eb55073be92ed67b6629b.jpg,925321
site/internals/static/img/evidence/df98d7017c0acea2708e7989beae617e172bb6065fd116c82c3af8c4383af74a.jpg,334194
site/internals/static/img/evidence/df9fde6b2deee23b3f49a73cc57b6320f359b1d7cc98954d4b746812e401f1ec.jpg,3931370
site/internals/static/img/evidence/dfc0394ea296e1d581b32e1440f6a53f93bdf1bf999d6e3d7f0905cf9778717a.jpg,91480
site/internals/static/img/evidence/dfc80814f9c3da8b92a1279c3bd89c7a14a315629dcea32ba838b32f16b43a02.jpg,64378
site/internals/static/img/evidence/e04aedbe42f134d8c65c0cf8d72c48c4aec53ffa29e613101f790d54ab3ccd0b.jpg,49037
site/internals/static/img/evidence/e04ddd0da68bad02bd70673edacd0e4bdaaf6a91e41ea13c3137b100a37662bc.jpg,313471
site/internals/static/img/evidence/e06597fa3183b6ecf89f78066498212a4d9d3f26cef0185b2135bc0bc3b72682.jpg,149799
site/internals/static/img/evidence/e07e4196d3bd6d56f1add5c4245f4ae8d34d8a578f20f449af578e027e70040b.jpg,197481
site/internals/static/img/evidence/e09464d27273f393bd4362b955d66f874a73ac0301631562abe3e3b33b56ff40.jpg,136461
site/internals/static/img/evidence/e0d0c9b02e98fe354c6039d4d71704ceab5b7b3807cca55a3184a43b7153cee6.jpg,257535
site/internals/static/img/evidence/e0d4ebd078a9fdcc31320ec028e63a1ae2eeea576a4338e3f6dd600417ca761c.jpg,103607
site/internals/static/img/evidence/e0e3875ef6ea03e238972c8a6f33634925ada13fdf696683751e69770c98924c.jpg,199950
site/internals/static/img/evidence/e13030abbe29ff054fba87f901e715a738ce3750d92ace88960db34294b28fce.jpg,83533
site/internals/static/img/evidence/e164f1019a1d62e6579476453b6aefe3d61ae9a0722cc8299953f2a5843eb22d.jpg,80323
site/internals/static/img/evidence/e185566ea4fd9fedca4f8c80c38ed891e7feae6bfb2161aa2cb7972aa2d76ada.jpg,68732
site/internals/static/img/evidence/e19f0dda2699ad8d4788ff59ce273fa8d122660f4dc5aecfca465f716667da50.jpg,205512
site/internals/static/img/evidence/e1eab97eefe51aec03a1d9f571d91ad2e5b6031504b1eb3527e060d4951c1b2b.jpg,203192
site/internals/static/img/evidence/e21ff83eef58a3700afe212dcf6804de7968d19e112116951af3885d662ed0fe.jpg,19911
site/internals/static/img/evidence/e235a510b0d407afd2db3227c2753aef357babd74e6f44174d58a841d28a61b5.jpg,272086
site/internals/static/img/evidence/e2953399bf830336d2259896a9f2704cf3d9c35cf517e548631eabec8f2812e2.svg,7049
site/internals/static/img/evidence/e2973e52700c17d3d9c5bc992452dc86822e0082208add0c40f5a3c3d086c087.jpg,101039
site/internals/static/img/evidence/e30209fa5d9192f44857cd9f6ace5b1b01bc2acafae66f1ee304f9611b6c59b4.jpg,90408
site/internals/static/img/evidence/e303637fd728cf08eaf7527e3434df08fe2a07c4c4ca8f1b472ab2c135f3b400.jpg,97808
site/internals/static/img/evidence/e343fae030efd61e879ed7727db99bbe8dba504cff5cc4a58d2e898578e91a86.svg,7033
site/internals/static/img/evidence/e3534fc38a07f0dc6d9a981eb2e82101a0c9ab6698576226bee76e4c0d7c5935.jpg,156775
site/internals/static/img/evidence/e39c0e8d7c5cea68ea2071a81934486c60041d9eaba5b36148b6c5b9b2e41a23.jpg,512347
site/internals/static/img/evidence/e39e3aeea04a99501ab5d9d9883937036033da1987edfab29cd9a48c5ba5e577.jpg,31971
site/internals/static/img/evidence/e3c54198905d41a38c73d753dc2e4a21fc63b126663b9340ead4c98833d77a58.jpg,75712
site/internals/static/img/evidence/e405b99fd03fd0b465509a30e25f2bdbba6b67dc4e37485cb909c217719cf409.svg,6498
site/internals/static/img/evidence/e44ed9108699eab63757f9e20ac3fbb82aa57b8d18e5bb8fb00353dbfb2ad657.webp,59514
site/internals/static/img/evidence/e48682ae357656c44583641c5f409d119bccc6a545542b1bda596c0d2d4cc347.jpg,401670
site/internals/static/img/evidence/e48ce361ecd7d91292c0ac689f2af01d3d37296b91b84538d7a3f57353d44480.jpg,211742
site/internals/static/img/evidence/e4e04cd937b7dea6a8f0fad2a0de4f6fb1115f761b22b152d15bd56148a42e0a.jpg,182864
site/internals/static/img/evidence/e4ffcbadbf67c0ef8836ba7472aa1fc2552c46132717eee5b44bb00d6d33e31a.jpg,893888
site/internals/static/img/evidence/e50a61e4ee392aeabd0294a3ed21f30d0e23d75fd51f46aa34e3c92c45886c9c.jpg,269354
site/internals/static/img/evidence/e52a51f565ae763d539cb54d2289d0feb6773758886b83041e50586011c75de3.jpg,1529417
site/internals/static/img/evidence/e533e56d175d026d591ee48671a989a9eeed4dcd73c69a94ea046d3f01f007fd.jpg,72078
site/internals/static/img/evidence/e57b073d1cbc42552d718a58aad5149e99fa599283512547848d9f9aca096e31.jpg,283239
site/internals/static/img/evidence/e57fcbf0454bf7fe0ef909a3bebc88d3c9c5dc545ad438dc9361a1cab17efc71.svg,8031
site/internals/static/img/evidence/e5839a5fedb775e05bbbf97d6d40d238789bc5c93379479c2ec2ed06a3ac9c60.jpg,153716
site/internals/static/img/evidence/e5afed646a493a21fe4d619dc17b70884476683ff3a1f0460de2d566c00c018e.jpg,294728
site/internals/static/img/evidence/e5ccdf111882ee47bb0be0b13af72c79e5794e5bf3f99bccff2862548bc2d396.jpg,200868
site/internals/static/img/evidence/e604c60862d6073ed2737c09362501921fd468638af2e15afc62632907e87e0a.jpg,12992
site/internals/static/img/evidence/e61517357c1b64461e864d5dae55ab8204bd40fd4fafc3374d2092044eec2605.jpg,507063
site/internals/static/img/evidence/e635273074f59c60a37c14711eca72d43e53b05c407a1f85c1d0209bc741b705.jpg,789704
site/internals/static/img/evidence/e658d2f65baed4b263e9bbdd2e870dddc6afe342eca74153a1efa2d6daefd143.jpg,469066
site/internals/static/img/evidence/e6757695e7e1cf068ba827d5b335b435ba256a7b6b0835cbf348a4b220dfbcbc.jpg,2852283
site/internals/static/img/evidence/e6764fbdf5373c456ff4808678d990295b7b207970e4ca633886071967cc911e.jpg,4616141
site/internals/static/img/evidence/e695a43697ac9473ecc1f20f80b7075fd11ef30812468f3e4213b3371d69f595.jpg,109502
site/internals/static/img/evidence/e6d7c0f6a9738b0fcf8dd8a8514c59edd20aa3f9ad396e9396410f9f4ddf45a0.jpg,584403
site/internals/static/img/evidence/e6dba55532eda10928c59604a34a0aa88f7654033f7bd818816e572e179c8709.png,47082
site/internals/static/img/evidence/e72bf50ddbfdbd9c122fa897938b5e594416aa47d26edac2a347be2fccd8cee1.jpg,791595
site/internals/static/img/evidence/e7422c8830ff87df3e9fbeb6e3d808840812c2ec3f24002404b3ac01f4ae1c5d.jpg,427567
site/internals/static/img/evidence/e76910204612971a21f33c4359582088b1ee724f89d5e11294f9cb60dc5c3665.jpg,152052
site/internals/static/img/evidence/e7929a989a16be475380c0d43d42141c5146d10caaf054c0282f288bf9e0967c.jpg,27841
site/internals/static/img/evidence/e7982b9f1d37020026e35a5fc4f9706b6cc4f221536b01bff6718aafed1ba0f4.jpg,57759
site/internals/static/img/evidence/e7a960a5cb7b8ac2b0124b7a6858f72d67e207f0e08bc041fd0e2bdb9251ee4f.webp,358990
site/internals/static/img/evidence/e7bb1ce1588fdee1ff7a8b72f5b9b7eea8cf99028c15749e8ba5dad41e74ca8c.jpg,54299
site/internals/static/img/evidence/e7ffb39efba525cd703c48823611fd2a8aa1d737b03d8724554a9aa3d43fdd8f.jpg,229855
site/internals/static/img/evidence/e842a9596deca56e538bf8f14ae10ad5bebec0b3a9ba726a50d011e2d5cddeff.jpg,76965
site/internals/static/img/evidence/e849c691ad4f7b7e3da6d527cc96585c7bcc26dfba3a681e122fccdb83f0c955.jpg,989967
site/internals/static/img/evidence/e8736907da408949d4ee0de75d93c82f4df0df2562e0aa06f9c75a7e1f668d6d.svg,7561
site/internals/static/img/evidence/e8797852bc46c141dd0163c4501b7f90d4ca60e64c59e7c06d9ed6075bbf6eb6.jpg,172305
site/internals/static/img/evidence/e88c8a5e97a115e6462a5557e8e0e3ddca6b3f60fc9d58127b988672b17f93ad.jpg,125885
site/internals/static/img/evidence/e89f3e37e9795a126ba4f8807b32f0b2436f07f7204443fdf9a8d55ad39ad062.jpg,130578
site/internals/static/img/evidence/e8a1944a69b87093d43b25df9f8e07da0a2444ada4e46a74142f1c11592a8d6b.jpg,584403
site/internals/static/img/evidence/e8a3a2ee87464fe6a737807e3d9581aceb05b9d6ce1c4a1775afa9f5b68108b3.jpg,178610
site/internals/static/img/evidence/e8ac63251917f26ed75c467b0b5d0e29a692168353626769083c1e15ee6230f6.jpg,145180
site/internals/static/img/evidence/e8f38f2f89b3f3dbe7d2e0b1734ba58f9001694aa5d9a97290e3ff1a7d26e672.jpg,245699
site/internals/static/img/evidence/e92528a673b2235772f882db0775be21e59cd8b5f17ce04b850b514790c6cfc9.jpg,180391
site/internals/static/img/evidence/e92c1bc513563acb39c212e8376e2888bdc8e2b6421f69beae23511a6d38e61f.png,83070
site/internals/static/img/evidence/e9389ac802267a56aceed8036269c68f9da5dbc46a24f3712f1217270a60a6f5.webp,385012
site/internals/static/img/evidence/e93caafc93a3aa220bf5dd07e1b577129059bcd1bb55adcd299690acf5a37599.jpg,143841
site/internals/static/img/evidence/e97f8d8ffd5418818483f2953bab4fb76fdd21bcdf89ab1385d25fa7e58d013a.jpg,835336
site/internals/static/img/evidence/e994aefce04ae83353e4f0538ebcc38dcb1d1d9a50bf5af8f0d50b4f11b1a798.jpg,185335
site/internals/static/img/evidence/e9c89bebd0abd111b07444c36aeb5e84a2cff933c5aa74e9b0121dad725df779.jpg,151960
site/internals/static/img/evidence/e9d6c78d3073c5482ae89e1d5c3e197768fe7dbf1e041bdc1516f07062cb3a30.jpg,82733
site/internals/static/img/evidence/e9d92581f66b2f5d3243dd3041a87e98a251d0e00ca535283ece687478091c4d.jpg,329551
site/internals/static/img/evidence/e9dc24002c561e3a7bc01430afc0c5c2a854e5909104b158998b24556e0d0cf2.jpg,216151
site/internals/static/img/evidence/e9eec32970596a3d9fffbf175d1d96b6c90802b8e14bdf649552a5485162f31d.svg,5944
site/internals/static/img/evidence/e9f98bdeb93493e0c2ac5f31a624352c38eb19ba562548b7774b9256c45bfb0b.jpg,31592
site/internals/static/img/evidence/e9fff70c06ae02c1baee1c252b0efcbc694576aa5fcea46997317c60393161bb.jpg,405568
site/internals/static/img/evidence/ea18cd58ee56e86ed01f5b6ee06c99ab820d4a8cdb881d1b0c7ac66f6a240bf1.jpg,248153
site/internals/static/img/evidence/ea1cfbdd6874817cd91ec22b79dbc8ad7b8b87018b6dde4a068d13259308ec05.jpg,63853
site/internals/static/img/evidence/ea252156453416c82f8500fd651327b14a11dba644698566c9d6dda4b2d4e806.jpg,273996
site/internals/static/img/evidence/ea76b7ae3004733b2d069ff95e8df103769ab3dd0592a9e94d4674b942e82421.jpg,455580
site/internals/static/img/evidence/eadb7f55947b27d4d0e284a6205007fdcb9e3c74a6439344d67e9c16a94e86e9.jpg,271868
site/internals/static/img/evidence/eae24ab910a83da2fb2b57f2314d0d652b1c898e92297c40fbab648c0611ffd3.jpg,362942
site/internals/static/img/evidence/eb038c87dd5fbfa1584b03187e3953f1df73e4033fd92d65fe9a5ca3618e4737.jpg,52450
site/internals/static/img/evidence/eb4bc2c9387c5748317bb6b07a84e053d5a117209d6072f498e310dcd3cc9efb.jpg,91263
site/internals/static/img/evidence/eb612f30b7b278696459dd01da6bc61f4cfaa6ee6aaadfe04517153bcfcbcb00.png,69151
site/internals/static/img/evidence/eb72dd6e1681c579bbaa85f6c6f83d5b41c0095ea7df123990fa67fb0f6fe20b.jpg,36029
site/internals/static/img/evidence/ebe72f3a92dad8e57f3a12df2e555935dcbcf90808f95d3b987a190b5158de0c.jpg,507063
site/internals/static/img/evidence/ebf2370af49e90ca4fc6d08698c09b359d23ccc3ac22c879f41371bcfba0f183.jpg,1618839
site/internals/static/img/evidence/ec095e78646f436a430ca06e198bc1b6613563088304f851019183719817bbdb.svg,7264
site/internals/static/img/evidence/ec0b58f79784ae3a3a62ec14c95964e148370093342c2d3d5a681bef846e8abc.jpg,160576
site/internals/static/img/evidence/ec402283f3dced8230fc579b1b4cfe2735ad4bf806fe5e1d5d888ba6dcb9d592.jpg,133328
site/internals/static/img/evidence/ec534b9e1c187b7b409796942511af299311899cba1742145ee6e9826e75dbe3.jpg,1647945
site/internals/static/img/evidence/ec61811cd5834b2cda38f9d946a0c9b100727a734f2436297181f96afaecda91.jpg,241904
site/internals/static/img/evidence/ec636df345a1e3a01320a026b711528725be0598e77d6cc07f66d4a31b6d5d1b.jpg,150415
site/internals/static/img/evidence/ec8ab929773a994ff1c56c265ec27197f46cc55ee187283d6287964e4e3fc731.jpg,180180
site/internals/static/img/evidence/eca76a89418cb3e1e9a4b0d1fe417485dc34dc429fd2b1bbcaad29e65dc50e85.webp,592696
site/internals/static/img/evidence/ece0bc3fbbe1cddaf1d4625f232ede956714de8832c29cd1d936720608dce592.jpg,190902
site/internals/static/img/evidence/ecec41be5198512ff73ca4d875bb0c7f47bde322f23cb4c1747c656f31918fa9.jpg,123544
site/internals/static/img/evidence/ed1ead3f72a4275637f182af3e70c1ce6826eddc81c87fbca9890fe20eb86e35.jpg,853165
site/internals/static/img/evidence/ed41e1d0036c7f70a5c852b4c69d81f8fb4883bf93a91167852fe9cecc25eef7.jpg,111616
site/internals/static/img/evidence/ed8da0699c833bd8d364713aca5945c9be5451cdda9643163f84367f92926681.jpg,333403
site/internals/static/img/evidence/ee050ebb03560bb256eaa759ab52673ac1669a226a9aaec42ddd60396e7f97a0.jpg,151313
site/internals/static/img/evidence/ee3628c860b2dfba5666d46bc6d57ee5c42de3de6a3cf2bb21f78266386ae74a.jpg,35426
site/internals/static/img/evidence/ee8672d859e97ebd1ed4ad0446c5dc5cd88b9ce9a01fd2e84163301238966c6d.png,29574
site/internals/static/img/evidence/eeb41d8d6ea426dab0c15d9ceb654f0dccb05040c0dae4828edcd301a8a73248.jpg,76842
site/internals/static/img/evidence/eec094e45ce51f982660aa00c8cdeb9d377165ec89cff32f068d4368b8e3c820.jpg,90299
site/internals/static/img/evidence/eec3efc683d187456ff82565d362dc58949a64c582bd386ee8531838a6e5bd71.svg,4879
site/internals/static/img/evidence/eed9758bedded02e7b708fe4fa1470971059307e52fe2d6d95ebb5377d315e7b.jpg,1332423
site/internals/static/img/evidence/ef01b75483b067c4e43f2709f10f6c9ed454a77b3620b69c2a2debc87b0207af.jpg,74569
site/internals/static/img/evidence/ef1901e6187b50127c8524ada294af83e707975dc54db80d803be063592de915.jpg,332477
site/internals/static/img/evidence/ef250aea4d731722937147e468e32f346645718c472fcc4637638759159b319c.jpg,148775
site/internals/static/img/evidence/ef49724478cd988ad7edaa610ac8b133f5e51077896e22def47415f264714868.jpg,184677
site/internals/static/img/evidence/ef70870220a7a8314e487e97d2502136c6f4c8029514acc507f9a1aaefe3ead6.png,56466
site/internals/static/img/evidence/efa147e61a4fae11f2d70a175db6648eac21d23800ea75c9a665f1c7b0909d93.jpg,329551
site/internals/static/img/evidence/efb62f8c83c89fa074de614fc31802002c6b9a0aa98911354a262ed6e6380e11.jpg,522465
site/internals/static/img/evidence/f0341408daa9b57ed4af9b05560b4b58269bbefedee338e55414d82fb35b9bb5.jpg,252070
site/internals/static/img/evidence/f054cfef1748b0482706074c239a9e25975017dff69662195dc9da4d668f6140.jpg,87960
site/internals/static/img/evidence/f06aec7ed5b817c3bd362aae91156e4eeb0fec269b7753eab5c0f73e2cc9901b.jpg,51032
site/internals/static/img/evidence/f073284000cd36a3fc1c0845c618f6c359628662fd38b815d88ba308397a02da.jpg,1364189
site/internals/static/img/evidence/f09aa85d17458f185aa506fad89ba9beaa6fd756fbe3e65210460351889f6c19.jpg,97784
site/internals/static/img/evidence/f0de838e0624d7c9b506c301902b0f2314db68edf4beeee5d1fe721b3f12e9cd.jpg,85643
site/internals/static/img/evidence/f13e7917807dbd77660ce3ebcd296c217abb738495ab99aad37bb257b1f02215.jpg,129149
site/internals/static/img/evidence/f1854097b145ed520be3fd507df06d53132f8ae355d71c3369bbbeae513e14f8.jpg,125553
site/internals/static/img/evidence/f19c3cabb1b79c91cfc6c4a1723b50d4de90516e6c1a9c7eacdee78bb1bc1482.jpg,43911
site/internals/static/img/evidence/f1a3f0eacb6f073fa739121e2b0dd9e37ff70e30dc196f1bd9163c0e9b5014c8.jpg,133094
site/internals/static/img/evidence/f1fdc196a6e682f5a9022b65fd336806ad70aae82f15de07265fd26b2760cc3d.jpg,352740
site/internals/static/img/evidence/f20a0b06c5bd1945ed896c8bd9b942a8aedd545106c5fa410b8f44e37e8ec459.jpg,32149
site/internals/static/img/evidence/f22197923a7c4995bda6cd3d7973fdfb5b0147beb14a7ee92240d83aabc62d02.jpg,183893
site/internals/static/img/evidence/f2700ab6f3c29a209829ffc97e5dfb713844114537ea6c08b6550048e756da02.jpg,118504
site/internals/static/img/evidence/f27ea241238d6dcc71aa6afb5749e116899469972c159467aa6ee9c267fd3de0.jpg,2006721
site/internals/static/img/evidence/f29337c4400df24f38a4176ad2129218fd4040c00cb0c70c22adc73ecfab3709.jpg,223121
site/internals/static/img/evidence/f2b51e173dd7d337a90058eed7501c9a735f27887e7caf85f1c71062f383403f.jpg,257501
site/internals/static/img/evidence/f2bcf2c97c8dc03eb5db82178032548c0bec05dbaa62b4873acc80c8b4f4156e.jpg,206599
site/internals/static/img/evidence/f2e5fa0105ce1c3e43daa998052778c1b974017992ea16be2c61a905885d7083.jpg,821473
site/internals/static/img/evidence/f2ea29fd098de1c2ed4ccc5d902e2ed083ae1e736b8b523e3a811a0428464137.jpg,84301
site/internals/static/img/evidence/f2fa5fbd3c6553ec97eed22b6fa0bf10d6c88681c448b8a256fee9203b60c5bb.jpg,54869
site/internals/static/img/evidence/f307a76ac0caf21cd63814fef049b844d4386fb3889139966176f17fe02b6ab3.jpg,70316
site/internals/static/img/evidence/f31fb9cd0278437a3cadcb9d2214d995778ff069e7b3a507ee9a4c337a146938.jpg,89578
site/internals/static/img/evidence/f3c47e8cd7dcfad36c104a60a0a37f45fcd7f3a9b42a6fef3e1eadc3eebe7e1e.jpg,74858
site/internals/static/img/evidence/f3c56ff48247c08f9c7e30c523b9bd3b6704fa8b171d969362e546414414fc58.jpg,233654
site/internals/static/img/evidence/f3eeb70acdfb2d700515b06eb778cbf3fd4ddbda46a2c7feb03da7b7b63ab4a2.jpg,337521
site/internals/static/img/evidence/f45579cc58dc970cdefd653e4b5b3c154c95c6ba9be291df9b5ce4f77a8e5770.png,67637
site/internals/static/img/evidence/f49a3f628011a6a730da276dd211ea5b3b2d583119f49a2185120e368ca12b01.svg,3803
site/internals/static/img/evidence/f4ac70121cfd6524b1d80c8f739b3a2e8556e714d2d4b58a77994f5c5871aafb.jpg,736220
site/internals/static/img/evidence/f4c26f15510c7c53ecfd4dc49d54e5e98f1d716ab05caf734964d6e27bed7b2e.jpg,51246
site/internals/static/img/evidence/f4da20d7db6a83cda0d3da93e136c8ef3fe64e5185273e35a6a5ba690b144e02.jpg,63813
site/internals/static/img/evidence/f4e71c8d28259765cb2c3b9d32218afa98bd70ac4380346c6f2255c2e69f560a.jpg,143692
site/internals/static/img/evidence/f4f4bd607478f091aa05a6e4a6369a7ea323e145e80a47c46ad7aba27477da90.jpg,112676
site/internals/static/img/evidence/f51ffc672c7591bcac470b485dc6d904bbc15998aec8eb6b526485d422fe5e5e.jpg,75747
site/internals/static/img/evidence/f53cd3298713bd2a794cb1037dae8e1d99855ddc439ea1423eb47685e8bd8a9b.jpg,851409
site/internals/static/img/evidence/f57ce9401b32a78f4709b60863ee5b767cba85b297ae5ebb2b83eeb6f5f72bd2.jpg,313382
site/internals/static/img/evidence/f59e958b0c8f925abf791453293fe929220992453dc2c78421d403bb085d9116.jpg,522053
site/internals/static/img/evidence/f63c2e3329d8981d459ac3309dcdc1eafb636efa697eec4a845fd65b3561d89f.jpg,127969
site/internals/static/img/evidence/f649eb67f85aa30782c9068dcadcf6258bb15b0d18ba3d7ba326abefb861e30c.jpg,1068378
site/internals/static/img/evidence/f66f04a69a6d289b69c629b13d5a9016e216430f545baa0b6bbb07ebf77c5472.jpg,236477
site/internals/static/img/evidence/f677c46eba59588c41299631c88dc9e292f2b6def08f77d52a259ff772b2e6b8.jpg,79956
site/internals/static/img/evidence/f6bee2146f094a2f490ea45621f84e8032bc31550e15c019938dcc08e3290387.jpg,131956
site/internals/static/img/evidence/f6bf1d7ec2489a2f0d4a85d58287d88fc7060f9d3901095eb6b468fb90835ce6.jpg,160422
site/internals/static/img/evidence/f725e0c246dbfb5e6cb306c49dae720c03a60c577ad603817c83b7e869570378.jpg,54593
site/internals/static/img/evidence/f78be47a9c26b2ab77d1000d0201a8e3536288d7cd38d51b72777c2d508fa302.jpg,611322
site/internals/static/img/evidence/f7917a2ba65cb59d5aeb23271a80e8bdeb19b828abaece2ce3439bd127474b09.jpg,46510
site/internals/static/img/evidence/f7a794dd2d5b6011d73024a41e6f2ab62ba0b2d3f6700e8dfa65a85a26073bf3.jpg,116661
site/internals/static/img/evidence/f7d779f85e3d1cb96b4986e73688cc3f241b11cd40b23807b241987cdc29e5bb.svg,7027
site/internals/static/img/evidence/f7f6beb35caec69fb548c339bc02402597404b53bd0b7b8505d83a913804a92f.jpg,120998
site/internals/static/img/evidence/f800ac277ae46d3326b2a53ca6f9108b3658d51711fdaee0533c38accff2e278.jpg,437219
site/internals/static/img/evidence/f8021faff2388e4ce4c244412268378d5aef4fd8d8cc68bd45708cf9a428273c.jpg,163740
site/internals/static/img/evidence/f805015e22e2b139ac275f6da09d3164593a53e9048117d476b79c7e74b42168.jpg,163860
site/internals/static/img/evidence/f8886b443a256752e1248f87a1475f50d3e8f9d12f019e4623def7875ed44f28.jpg,243205
site/internals/static/img/evidence/f8a777a7d141bc2d903f01c91581a9ffc1693c4dd967b1f204135466e549c019.svg,7251
site/internals/static/img/evidence/f8ad6f2f0690a975a0e5f44c71c3e64e0cd9d07a24e2e9ad66ccfb6707d2759c.jpg,11044
site/internals/static/img/evidence/f8f3d6241363a56ce586a6511c33ffa169b1b875997f489b4e13c1d16f520d07.jpg,413811
site/internals/static/img/evidence/f916de90111b5d19884e5e90653396101b90d9efd95be339cf96b968cc09bd2c.jpg,177930
site/internals/static/img/evidence/f92118a8399cab7d3cd5cea07e44db909eff40623d5b2d4d57358d7aed4d329f.jpg,101393
site/internals/static/img/evidence/f948e31cb3f367847cf83813acf382b8d0f31a9a3389652978e9c9ae6dafd8d6.jpg,805707
site/internals/static/img/evidence/f980c7a3feefb6aa46e71dd9fc0a67a1144553c4e3af68b342759e2b5b919a89.jpg,2090958
site/internals/static/img/evidence/f9beab13e46232627e68056a63a6386490898c0c9449896bcd1c8cdeb040d2ca.jpg,74034
site/internals/static/img/evidence/f9d2b6c81a8eb0dc85b82d0f72369b55451bd10c61c7b66a5014db254784c09e.jpg,302422
site/internals/static/img/evidence/f9e014411f4260e7416c22205e98025c1921c19c5b2fdea23bcfe4039725d8a1.jpg,126876
site/internals/static/img/evidence/fa0a52e9a11fc4a5c9e74e04804ad5bd64d3c6e49c9e0188e6771353f4324978.jpg,102173
site/internals/static/img/evidence/fa208816ec82ca1a4e91e73686c21bf713d2ab57379e1e8accecda2a5b1be059.jpg,556706
site/internals/static/img/evidence/fa32c0ff0716676d0618d02bceb2d2eefddeafc900de04199bc5ee89a2e568ce.jpg,569087
site/internals/static/img/evidence/fa47edb52744c7872ff6804c79441e67478bce44f4a277ae080ac3e5eeee7a95.jpg,94176
site/internals/static/img/evidence/fa4f221b352cc2367373182f98da8c5690fe2b9c4b282ad75c56baf7bcad2db9.jpg,140104
site/internals/static/img/evidence/fa5ff342ea471ebc8caa51da7c20742f3a9303647469460a6541a15c565e7522.jpg,261819
site/internals/static/img/evidence/fa84c3a051747aba90bcf6ee5161dd8fce444c4ebe6463236b629ab26a302310.jpg,536011
site/internals/static/img/evidence/fa8ac3d03ce378c87a6e881d6327c1e83f145e79d02876a91971e5b6b060d733.jpg,239898
site/internals/static/img/evidence/fa99974a0d1c5b7f6bfdab3042fe9716c91304a4a04c12f07e97502da8c668ad.jpg,171933
site/internals/static/img/evidence/fa9f45d08786db4e57fd7b79114fdd6648ceace71a4838dd257aa66fd8f17759.jpg,297258
site/internals/static/img/evidence/facd9639fc6a7d53f46c2463be62259be2698a858aa56acc1081a19fbbb3cdfc.jpg,1045826
site/internals/static/img/evidence/fad04c5c595fa6f2b972ce853897ea9ebfe3544338daa4b3c5ae4af84c123fbf.jpg,511871
site/internals/static/img/evidence/fb2da35187a201b2d1572db7709b5a16be7d99fd0774fbe3c4639f99349f0be2.jpg,37663
site/internals/static/img/evidence/fb3ff3097c43258b1831c2beaa831cde8ec941538ae1728f712e599a21366377.svg,4777
site/internals/static/img/evidence/fb7f5aef6acf71f7ca635fed30ae2d86a6a4478bbed0f06b257f24845cd8d277.svg,7655
site/internals/static/img/evidence/fbd26b09defeeb29dfd2cb339b8ff1964d8fb9508d19bab42b2fc879435d035d.jpg,405887
site/internals/static/img/evidence/fbdf137452e8e8a2f35451df2a50f50cf69979e8355c9d9be06871b0aecab58f.svg,7675
site/internals/static/img/evidence/fbf0a2eb067fdc9ac1061aab94d9c80c75395dc45352e133dc4f3a7503c95608.jpg,82558
site/internals/static/img/evidence/fbffb634314899896dc224c55f641f6544e33fd9b91eb4f509e772741efc5a43.jpg,371133
site/internals/static/img/evidence/fc3394faa47d1b7857f5894087db6d55c891674a26e89211fd14f28660d7482c.jpg,233342
site/internals/static/img/evidence/fc34bef309ec36caeb9ac2b15593edd90a435e9a6defaa309e9242055e9f984f.jpg,148719
site/internals/static/img/evidence/fc61527cb57e3f3d31fbcfed2582ee88c28e4332cdd3e16394b4a83802e97ae7.jpg,92784
site/internals/static/img/evidence/fc62d4fbe34f21b53913ee41d3809483828e788afb985fe7733dc078186fba6c.jpg,347480
site/internals/static/img/evidence/fc66c824dfefb35cea1dde61d0fd37cb7cfc6c2d7c17ac90dbed2a7e5eaa7603.jpg,2090958
site/internals/static/img/evidence/fc7298b6318ca378e9ca0c6966c08a3de8e939a0ad6bd2a3fbb47ce5f6f917f0.jpg,254253
site/internals/static/img/evidence/fc7e9c66cd1572225a34e84626c1259db3ceb87cb46b8e3c0bfa684348342a5e.png,56243
site/internals/static/img/evidence/fc845b925b10633f635e7497b22e10d9bfd16440a818498d2f286f0bb425a399.jpg,413686
site/internals/static/img/evidence/fc916284236e3751360789a9f76e597a94bfaa79f1177cbf515a47f137da7184.jpg,320462
site/internals/static/img/evidence/fcd686eae7a3685157da7e9a2c9a0db3ce255508196f779c49f3db5698267863.jpg,1836521
site/internals/static/img/evidence/fcdc8b51a2b703c73bbcdc0ea77cdcf25893d133a3dfa879d163e3de95829be6.jpg,29685
site/internals/static/img/evidence/fd2103e1909e21476c168e43ca6948eae01dfd926ceb6dc0f0a16ebc76b57b50.jpg,185660
site/internals/static/img/evidence/fd366e42844652198c14ff5332b2e258df434b474849805dc810a8995e52077f.jpg,296814
site/internals/static/img/evidence/fd6c045b598be68d277dbcfe74885de300ad69dc3c50e08ef42994c2daf7669a.jpg,150721
site/internals/static/img/evidence/fd8bdd79e92aa0d1554ff0c0ee5d79c50e84bbbd1367162b5ccd15b5a0614ca9.jpg,168475
site/internals/static/img/evidence/fd9546ca0791cec5626abe145d22829b92cd589385b3e96414d0fbc805a7ed13.jpg,74159
site/internals/static/img/evidence/fda9e90244ab13e92a6c4cb2f1c7c2e515b8eb0e54c0a8dc788e66b3634859a3.jpg,9281
site/internals/static/img/evidence/fdb0ef6f85c7c0edb9d43013c0b3492743c13d3716ab1c886d78af3b06e7d7b3.jpg,2923742
site/internals/static/img/evidence/fdb6efad2b86981ae50bd30caddfb8f4bc9395ebf65e30d38e4204c44702740a.jpg,120256
site/internals/static/img/evidence/fdb9e1be1e8789ef67ac1ffb2568b0d527a016da7640b70f56e0524fba8ac750.jpg,31649
site/internals/static/img/evidence/fdc730bb11c2c91dd4d6ecbfc43bdc6ef5afaa7a1568b34aaa089a76673a1f34.jpg,119048
site/internals/static/img/evidence/fdc91ec279e4d06e9e423af77d893dcd263f33b031869a367f4d70689a5e18e6.jpg,161647
site/internals/static/img/evidence/fdf2bb6b8abbbe47abd920a50bcf1b28d6b3970848fdb11a346c158a9d125a9d.jpg,124737
site/internals/static/img/evidence/fe3894c36581b6df8a75c4d6f766917f92fa2bd3715e35cde1cb81ef57a54829.jpg,169821
site/internals/static/img/evidence/fe7d5b5a85f8dd1ea5c3fa4051a40f519b41d51848cb8d068fb0d44f04bd9d15.jpg,249893
site/internals/static/img/evidence/fe83bedd74b63b67522ea2360a5496745f5648f1f63fa0b137dbb4c02201e0c7.jpg,71462
site/internals/static/img/evidence/fe9400f64317eaa3f73239957a8966190ef443b086fa1d94bb9ae7611413c5f2.jpg,95320
site/internals/static/img/evidence/fec852b93764a120e49a12fe16813df9a19703018c143b5a542af7ff03d15e33.jpg,11305
site/internals/static/img/evidence/feda51a38733aa9e0e3796dcc2570952f9af4993cf3fb5a277cfaecff62ff679.jpg,427567
site/internals/static/img/evidence/feee0b9af5d88502d9db9ab27cff998c90c04fd7a0a50295099d571b3c683733.jpg,452525
site/internals/static/img/evidence/ff281f3d82e085eabfd7531706c86edf3c5cedcd23f6d15e4be73d77f37252b3.jpg,464343
site/internals/static/img/evidence/ff8148ae32b04acd2cdbe22aea55676b4f5305ba5425d340113db1d8b833397b.jpg,36810
site/internals/static/img/evidence/ff9aec44864f58a68d22a7c7691fc7a1d3be0fe90331bfed08e071679bfde3cd.jpg,113750
site/internals/static/img/evidence/ffda235fa2b67f4e841bf49a94626a66fd7297cfc24e6ba9d020df062720692c.jpg,30055
site/internals/static/img/evidence/ffeed9aff987713bd225bd05f362a175b8312b17add4d4481d9772f4cb750db3.jpg,153716
site/internals/static/img/infographics/Overlap_Timeline.svg,23123
site/internals/static/img/infographics/overlaps/2023_02_25_KSUS_Erika_MO_st_louis/2023_02_25_KSUS_Erika_MO_st_louis.svg,6511
site/internals/static/img/infographics/overlaps/2023_04_06_KILG_Erika_DE_wilmington/2023_04_06_KILG_Erika_DE_wilmington.svg,7669
site/internals/static/img/infographics/overlaps/2023_04_20_KILG_Erika_DE_wilmington/2023_04_20_KILG_Erika_DE_wilmington.svg,7188
site/internals/static/img/infographics/overlaps/2023_05_03_KCPS_Erika_IL_cahokia/2023_05_03_KCPS_Erika_IL_cahokia.svg,7175
site/internals/static/img/infographics/overlaps/2024_02_14_KILG_Erika_DE_wilmington/2024_02_14_KILG_Erika_DE_wilmington.svg,7675
site/internals/static/img/infographics/overlaps/2024_03_29_KICT_Charlie_KS_wichita/2024_03_29_KICT_Charlie_KS_wichita.svg,6664
site/internals/static/img/infographics/overlaps/2024_04_03_KICT_Charlie_KS_wichita/2024_04_03_KICT_Charlie_KS_wichita.svg,6484
site/internals/static/img/infographics/overlaps/2024_04_19_KPVU_Erika_UT_provo/2024_04_19_KPVU_Erika_UT_provo.svg,7027
site/internals/static/img/infographics/overlaps/2024_04_23_KPVU_Charlie_UT_provo/2024_04_23_KPVU_Charlie_UT_provo.svg,7062
site/internals/static/img/infographics/overlaps/2024_04_28_KILG_Erika_DE_wilmington/2024_04_28_KILG_Erika_DE_wilmington.svg,7667
site/internals/static/img/infographics/overlaps/2024_08_10_KPVU_KirkSide_UT_provo_N582MM_SU_BGM/2024_08_10_KPVU_KirkSide_UT_provo_N582MM_SU_BGM.svg,7975
site/internals/static/img/infographics/overlaps/2025_05_23_KPVU_Charlie_UT_provo/2025_05_23_KPVU_Charlie_UT_provo.svg,7042
site/internals/static/img/infographics/overlaps/2025_07_20_KLNK_Erika_NE_lincoln/2025_07_20_KLNK_Erika_NE_lincoln.svg,6427
site/internals/static/img/infographics/overlaps/2025_07_20_KOMA_Erika_NE_omaha/2025_07_20_KOMA_Erika_NE_omaha.svg,7261
site/internals/static/img/infographics/overlaps/2025_08_17_KOMA_Erika_NE_omaha/2025_08_17_KOMA_Erika_NE_omaha.svg,7264
site/internals/static/img/infographics/overlaps/2025_09_04_KPVU_Charlie_UT_provo/2025_09_04_KPVU_Charlie_UT_provo.svg,7058
site/internals/static/img/infographics/overlaps/2025_09_10_KILG_Erika_DE_wilmington/2025_09_10_KILG_Erika_DE_wilmington.svg,7672
site/internals/static/img/infographics/overlaps/2025_09_10_KPVU_Both_UT_provo/2025_09_10_KPVU_Both_UT_provo.svg,7263
site/internals/static/img/infographics/overlaps/2025_09_10_KPVU_Charlie_UT_provo/2025_09_10_KPVU_Charlie_UT_provo.svg,7471
site/internals/static/img/infographics/overlaps/2025_09_10_KPVU_KirkSide_UT_provo_N102DZ_SU_BND/2025_09_10_KPVU_KirkSide_UT_provo_N102DZ_SU_BND.svg,8182
site/internals/static/img/infographics/overlaps/2025_09_10_KPVU_KirkSide_UT_provo_N582MM_SU_BND/2025_09_10_KPVU_KirkSide_UT_provo_N582MM_SU_BND.svg,8031
site/internals/static/img/infographics/overlaps/2025_09_10_KPVU_KirkSide_UT_provo_N79SC_SU_BND/2025_09_10_KPVU_KirkSide_UT_provo_N79SC_SU_BND.svg,7948
site/internals/static/img/infographics/overlaps/2025_09_13_KPVU_Erika_UT_provo/2025_09_13_KPVU_Erika_UT_provo.svg,7561
site/internals/static/img/km-timelines/km-03-timeline.svg,4407
site/internals/static/img/km-timelines/km-06-timeline.svg,5842
site/internals/static/img/km-timelines/km-09-timeline.svg,4753
site/internals/static/img/km-timelines/km-11-timeline.svg,4756
site/internals/static/img/km-timelines/km-12-timeline.svg,5823
site/internals/static/img/km-timelines/km-13-timeline.svg,4765
site/internals/static/img/uvu_house_report/slide_1.jpg,2176165
site/internals/static/img/uvu_house_report/slide_2.jpg,2323178
site/internals/static/img/uvu_house_report/slide_3.jpg,1987720
site/internals/static/img/uvu_house_report/slide_4.jpg,1997194
site/internals/static/img/uvu_house_report/slide_5.jpg,2614054
site/internals/static/img/uvu_house_report/slide_6.jpg,2696263
site/internals/static/img/uvu_house_report/slide_7.jpg,2231271
site/internals/static/img/uvu_house_report/uvu_house_report_animated.gif,34486643
site/internals/static/img/uvu_house_report/uvu_report_tall.jpg,83149
site/internals/static/img/video_posters/002f049dfad49c676322bf624459b580f1a2f887bf29acf008d601d7d3c973f6.jpg,81662
site/internals/static/img/video_posters/00898ec5419fe6a132c3731e63a6652d27fac7ffa9947890d4f5c34a10031324.jpg,72631
site/internals/static/img/video_posters/014a3ba297276f76bc6dbe2d5f3bad757bda6c14b90772dacba82b6e36819256.jpg,27893
site/internals/static/img/video_posters/0174ba6edb8db4ad6e1ee8019ce82301c8fd6547823ce7035fb137b7c5dcc1f0.jpg,26226
site/internals/static/img/video_posters/0178e5af51b0e610338a88e58bb58a879363ed90cec17783b20a67c1f717db65.jpg,113750
site/internals/static/img/video_posters/01a07ed5977dce2521905fd147b12ded36a7a1aa81b9be91fef06e90178d8144.jpg,65476
site/internals/static/img/video_posters/02029c5b3a8d4d349d44e475de166ece31b1f7aa288015732e75caf1450069de.jpg,166568
site/internals/static/img/video_posters/0371f6c3296efdf03436af55cf5f9ddf79de57f60266306996c7ce5e0eee4382.jpg,43192
site/internals/static/img/video_posters/046c1e16c592cc71d8f79c5d9f0283b137204e1107b899d890201027a6322244.jpg,34767
site/internals/static/img/video_posters/046d1adca3f7b4ea55bcdd7e7c8a44776241f853c25900126494c7d508dce31b.jpg,103170
site/internals/static/img/video_posters/055db1386a76b29151f38f870820deb969d642ab68043c5faaebbdb37a573d3d.jpg,48212
site/internals/static/img/video_posters/05c31880d306c861a0a1b51035239ffdede75600f0cee23de969c6f607dd2c29.jpg,71904
site/internals/static/img/video_posters/066c89a6c7882efd8764f8d5ebd02070656d352d406207dbc9c6ee7975c923e9.jpg,74036
site/internals/static/img/video_posters/06e418677d368b83f71e607aec29de2b7a72e53a8993ee9458e852eb46d11cc5.jpg,155754
site/internals/static/img/video_posters/07a8e3fbc948bda808d4961e798105032ae26df6c590b2bc70d797fc5fbc9b00.jpg,41071
site/internals/static/img/video_posters/083065b3657fb69b4aeb79401cac78b74334d0489961af6b8a17edc9643f97be.jpg,27709
site/internals/static/img/video_posters/08498ad3892861c0a39f227f67c63f579fd693b2e6e2a04f91f5a75a34142bed.jpg,90813
site/internals/static/img/video_posters/08823416a091b16845e15d489f0e9a536324710a862889a8138512891219b466.jpg,36810
site/internals/static/img/video_posters/088f8350906d4f56d6067a7dda4ad70e3f7ccf06b5951bb42534bc2d4a19c2ab.jpg,93237
site/internals/static/img/video_posters/08b5d991c6aa841150efb0a2f1bf4b3685796094c74a075ce21d867b10f0015f.jpg,185618
site/internals/static/img/video_posters/09e095d2ba8f4a0cfd978d8fa972b895907cccaff39e52c349b9e51af0b895e7.jpg,36593
site/internals/static/img/video_posters/09fd55156f690f5716b0db03a5d818ad59f08e66007b709ef4afaea9ae474db7.jpg,84582
site/internals/static/img/video_posters/0b48ddf2777a87f586fd66c098408632ce3a36546038868c245b6b67034fb635.jpg,456830
site/internals/static/img/video_posters/0b9c18dbee6029f84cf97f1e8cf3711e2dd6876037ea7f9e83cd96d9a1151293.jpg,64966
site/internals/static/img/video_posters/0c435bf1d5900e89f98c5c7786ab938c834ff4007503ce93b9b5b7f2029595b0.jpg,72078
site/internals/static/img/video_posters/0ca77563172f4c5d12ff621ef8d5d4eb397b7f4e74ceb39ed3cf614c611eb008.jpg,30727
site/internals/static/img/video_posters/0d45bb9af331e984b4eedb4e629104a3afb8e6fcb4d369b72f0998c3d6301e0e.jpg,116364
site/internals/static/img/video_posters/0e1a6b7e2c36f337a5b7ec48a5b6b44a9893e91145a946ad0cd9b04f17d256f0.jpg,60781
site/internals/static/img/video_posters/0ea95b92a1454185e33e293231022266de6109fa295f6fd273af75c90431da05.jpg,42093
site/internals/static/img/video_posters/0f05b441760834b56d0dbac477641bcbabb63ca6b360053ce68c36a7deb58278.jpg,153382
site/internals/static/img/video_posters/10827b2ffb7d0d87085a249794d09a78eb0ff209135c3b3974bec9c5f5f9cac2.jpg,185016
site/internals/static/img/video_posters/11a21736a736b0ff3138836acb41f984fad169b363ef8e0d4885275feb8a3591.jpg,151687
site/internals/static/img/video_posters/11ef4ea89bf98cf45caae02bc9d68e0ca41560df55f9fab7e9aede5d38221676.jpg,90804
site/internals/static/img/video_posters/12d089ca2ae65b6cd58bdf13ff7ab3ceb93d7362ebf3e3c4f0f5f36515379dbf.jpg,54930
site/internals/static/img/video_posters/12dbfd202abf286c25d639ff356b806504c31ce442142a1c4828cdc7803aacd2.jpg,38647
site/internals/static/img/video_posters/13413493ad37460a8bbcbff868f68af88e019abda491c19d740f8fe0691ddd1f.jpg,126797
site/internals/static/img/video_posters/13ab4530a9b76dd2951dac4c6f136b5c35c2d2057da6a127a287c5f713408957.jpg,53569
site/internals/static/img/video_posters/14510ca5bd79fc6e2ddc7391c0ac9cd506af0c173b39bd9ca49c6895aa4760c0.jpg,175942
site/internals/static/img/video_posters/1529a7604c907b6b08c0fefeba8095858639c31db2ed88d3a9c14f5b4f418c0e.jpg,79253
site/internals/static/img/video_posters/155f35e57c7f7f8225a5cd5caa62a82c7953efec16c10f8d1ac5d643d95e82c4.jpg,120149
site/internals/static/img/video_posters/15cffcc497fb7c9188e9f55b6589c2e81de85ebcd9da2dcb39d377c0907cf163.jpg,18447
site/internals/static/img/video_posters/1747b961cad78dc6f61330467e0a37fbd3a8843bf4fcb38fbabc612b949d4a67.jpg,32617
site/internals/static/img/video_posters/17b497720ea14f5f77566251e565cb5842e741bedfcfaa5a50780427e065ebb1.jpg,23171
site/internals/static/img/video_posters/17b6ac97534876882ee60eed8593ba141f113b180e8b06ac7fbae9614526ec65.jpg,115627
site/internals/static/img/video_posters/18a9fadc9769552b10354584757f07a653d1cdf35e5ca7372d9d91b024ac8bab.jpg,99642
site/internals/static/img/video_posters/19f7a8210e95574e3729a7b3f476f95064f0e2e83a14e5d725ee5b8545c664af.jpg,95980
site/internals/static/img/video_posters/1b2a76c323d72f79f16581e97d0afd4d294e2cc7c5da2757f5718afd164a5915.jpg,24737
site/internals/static/img/video_posters/1b9acb87a8a0090882a6c92d7073ccad7452de149a7f8b78a5978d11223ff0a9.jpg,73675
site/internals/static/img/video_posters/1e7cb74608955de230f316ce0c2b72a02dcfa589aaf33cfcbbab5385cf0f5c80.jpg,46271
site/internals/static/img/video_posters/1ebeefe5206d21cec00812789e39f47872d4b743af1f4a104482934aab0ca333.jpg,116365
site/internals/static/img/video_posters/1f889cc20ae371f927a463c7187f8bbcb8a3ac3c9ff2348c6c5e6dd0c57b5b37.jpg,66097
site/internals/static/img/video_posters/1fe04f432344596be689ebe5e77e8d705e7d958d824049c2a621f7fc45b3a90f.jpg,26286
site/internals/static/img/video_posters/2166281e6bd52b6f1c525988e4f1e0e5f572ad984a9d6597182d28f051806047.jpg,142919
site/internals/static/img/video_posters/2177cc3a45729464c7dc3252e8aa4d0e6af7cc583f9bd7037b96ad6d3e958ca0.jpg,66710
site/internals/static/img/video_posters/2206641c21cd80920efffbf51797ef88e3640d2bc67d551b35f9ad432ed05b0c.jpg,112784
site/internals/static/img/video_posters/221d64c5de94d21f8bccd35a36d2d14cdc638c003416b7fd204bc15b19e382f4.jpg,75662
site/internals/static/img/video_posters/22592127ac9ab6fe2b49732c4fa7496e6ac46547a723d4fbd95502741d2c0b94.jpg,137837
site/internals/static/img/video_posters/231fc9c56e1fccd6b75a4eb6ae3141aa2066aa6fb59568eb57d0af32d5979bab.jpg,26496
site/internals/static/img/video_posters/23f17accbc3387dda723e9a667aa77f0b6964972b1a0a851ca2f6681cdc24770.jpg,275409
site/internals/static/img/video_posters/244a70f4d6d8cd1df04841bfc4a3bc9255ee2962969948f63713f3a2dda4c0bc.jpg,52758
site/internals/static/img/video_posters/27a45041078996c4d07c3ed4bc483768144ca2cbf3407286d5f0cda370edc960.jpg,30292
site/internals/static/img/video_posters/2926153f8e91f7c2bd306e7207d65210aa9b572f07fe4923edf1d0622f17d0a0.jpg,65137
site/internals/static/img/video_posters/2a10a677dd2f2b3eaa8975f2262b5126b68b5f405210acb1e57031f87f5d2821.jpg,81509
site/internals/static/img/video_posters/2a29f008f03d661040f782fdcb8965acb711037fafe23ecda9e2b40d7ffb1984.jpg,224352
site/internals/static/img/video_posters/2a2d86b20efeb37897d8e59d680ce91db4aab6bf2e40aeee18e837dfc778fb0b.jpg,73740
site/internals/static/img/video_posters/2a43ccfa0667bb1fe925e8f31775bc981980aaa01ef3665ab8c43f802d46eb71.jpg,133785
site/internals/static/img/video_posters/2c2089b9bad3687bd5f880da7150e017108a7d2c055e65af7fcad3318b94ec5d.jpg,58382
site/internals/static/img/video_posters/2ccd50db8f2423537806b1da1227d6adb496a46918dff388758eacd05b918f3a.jpg,166625
site/internals/static/img/video_posters/2d847d8b43194b40c83e86f3871c1d2457b1aa4d30eb94469b5864e570b5258a.jpg,212796
site/internals/static/img/video_posters/2f37eda8957a8c21886896cb43d582ac9dcc737333e8c30d17515f4894a3e70e.jpg,92970
site/internals/static/img/video_posters/2fde734e76ff5cc7a6f5587151ec03901b0e7df1357b980c85760e9b05c6b2e7.jpg,120816
site/internals/static/img/video_posters/30327c1d6df5020e2954e1bf71e0cc6bafa3814b9e4ccdf7d08df3dc4ca42432.jpg,78163
site/internals/static/img/video_posters/304fe0619bb6d9bf41d439322ef8f4ff923722bc83f890c599756481716b250a.jpg,24330
site/internals/static/img/video_posters/313067a007acb49dc21243dea0123c26782d4038c1c689cab65de4aa8759a627.jpg,91205
site/internals/static/img/video_posters/31a4102e3123deb16460efd9b7ff2d2ee3d1e3ae7996345f80a355c76e34d515.jpg,138876
site/internals/static/img/video_posters/31eeb2ceb003fdeb11a2cc9c14e43b6d87b19b95aa53f62584c30253e2361f2d.jpg,59643
site/internals/static/img/video_posters/31f033ce5b3ef96dbcecb9d6f82cb4c24008689835d2b4b0bbec750ed53882f4.jpg,177930
site/internals/static/img/video_posters/329c31c8577787a2f844270aaadae368b8e8ce0720dd0a567cde2b8ceef53c51.jpg,146148
site/internals/static/img/video_posters/33f1491b9b0387f91a1998d5ed9ae60e2d220eaadb845625ddeb881130e490eb.jpg,120998
site/internals/static/img/video_posters/348d5503ecaf852c56b20d42b6d04a73019203fea31c854ad1ff3f73f89cb449.jpg,68553
site/internals/static/img/video_posters/359bc18cb386a53666b42cf131834da839ee3e7edf9db6d2fbd2da457a801d16.jpg,122122
site/internals/static/img/video_posters/35aa6bb4c21ee1b60ff175663cbb77bceb5e4030b1dee6160c97aa962ac217bd.jpg,72522
site/internals/static/img/video_posters/3652584f10bdc61ad85853767413e6593d8d91613fb06de809bc4b3e443688eb.jpg,139513
site/internals/static/img/video_posters/37ed2b3fb14c5253794b32c9d9242422b7bab43abb0421cc0ccd2c9f511a1a14.jpg,91480
site/internals/static/img/video_posters/383df72f95ca85ada25b3725320b49be3bd3efdd5576b23ef7f1496b6abfa01b.jpg,201547
site/internals/static/img/video_posters/385f89a856b39c691ce96cf75ef145fc5139ffd45e75b5e67875d0bbaa6aa442.jpg,44424
site/internals/static/img/video_posters/3924a376a42c5a4b817e7ca4bbabee6521a7c97d9b62098d280b6a036bd0272d.jpg,211083
site/internals/static/img/video_posters/3980c34381f74fe9cdf8f0df841fc13e7b29f14a24e6807dca7948989d4d0c60.jpg,76178
site/internals/static/img/video_posters/3a7aa44c4453e3d6d12214ef72e0d1a3526ea857566cffab62f9a392e2d6e3cf.jpg,131833
site/internals/static/img/video_posters/3aba26119be1cd86a9ffda2707fa354a01f85b0439a4b342b5ceba4bf3ec2fbb.jpg,91879
site/internals/static/img/video_posters/3ad7aee89d8d8591ee7c1b61c3d41ab84b5bc4802a94834e2a69a739bf737d1c.jpg,131491
site/internals/static/img/video_posters/3b152d8975125a9eda9753860cb2455c5eee610148bb9569bacb8c616d36072b.jpg,87569
site/internals/static/img/video_posters/3b5d3668b7facfab2a1bca2d329161bf3eecc44f3f84f77872fb04a3f2718132.jpg,33746
site/internals/static/img/video_posters/3ba538f2fa2fe083eb9ec6f9e8da28f953d5e270174e8e0f0224e6d523d93e64.jpg,145806
site/internals/static/img/video_posters/3c4bd6d464c8b915925e13a530b4e2ae89cbcbca58507b36a28bc8b4c8f6b632.jpg,88852
site/internals/static/img/video_posters/3c7fc5eb0a96fb59e4385f7b3f8e6e28c482c5a385ed322fbdfea3f28b9d80e4.jpg,105003
site/internals/static/img/video_posters/3cee9a40353f7a4692c70da6fdcd117ab1fe1c8002a5a478d7d536ca00b438af.jpg,61553
site/internals/static/img/video_posters/3d47c85deebc49f0a9c5a972165a02479498410bda6533317bd5c8459b149519.jpg,77978
site/internals/static/img/video_posters/3d5e9ced4ca1ede009fa9d6e602083925e988f3db2fa63b0ab80a096dbe41821.jpg,35426
site/internals/static/img/video_posters/3da211f65ca5a5e66d972a708924b873e602a041483e50bdcefe408372a1e2a6.jpg,29685
site/internals/static/img/video_posters/3e541d9beeeeb6131a76d3826a1202f0929d012fbb9757a9909f7a9aa3808102.jpg,49730
site/internals/static/img/video_posters/3efba866c5eb8fd02c47778e6afe09b1c5dbf56756e9712dcac144ce039f57cf.jpg,37061
site/internals/static/img/video_posters/3feace6e2f43c60a15b3c8f5cd63864c7b9858b851c33f2f97dbfeec0a36b99a.jpg,45295
site/internals/static/img/video_posters/417b4c6c25bb821d5baaee8ba9e7495a5ace74c79a5e4861c0dbb0db56c2faa2.jpg,82454
site/internals/static/img/video_posters/41e6dcb19000774c225f1d41241dce37cbd3376797588778c6060a3f434c5241.jpg,95984
site/internals/static/img/video_posters/41ebab5216771e1d3999d68499b65742ea9350c7bf4dbf1892397ce2e6bb954d.jpg,87688
site/internals/static/img/video_posters/4227ca5c34eff6ccf2eeef41a7f9574784a5d2bdf934d14575085657436f0b0e.jpg,120723
site/internals/static/img/video_posters/4239ac4a6b1fce2f57a07c0bf4338d34cbea74fb80293b504ec8b769d38646ae.jpg,32273
site/internals/static/img/video_posters/42bf8aa69294421dcde7fcef2f750e45506d5cc6d056f58c9fd12e44cfea4d9b.jpg,26486
site/internals/static/img/video_posters/446e81f56599d46dc60460c5d64f1f21a78cdc4649500c1a2f1cf201cb8e7466.jpg,70520
site/internals/static/img/video_posters/45121fb5090076a5c0fe652246327f356d8aa2d5fcdf7ba295d9a040b11e186b.jpg,177930
site/internals/static/img/video_posters/4567aeb6f97a5cf52f4f97b1994e226d3e4930a0967619d78de64cbe36f6d052.jpg,110412
site/internals/static/img/video_posters/464289c58e50c0041253710dad54b8759d75bb6e8b3e2dda538df1bfb4c7cada.jpg,120997
site/internals/static/img/video_posters/481359b92e495d375318d58be5d89b8b745b801a381366d87c1381960e6db1a2.jpg,104130
site/internals/static/img/video_posters/4846c46e96fcfe330875650a74a958a77998dc3f0959ac43b1918558f68a0e53.jpg,43642
site/internals/static/img/video_posters/49329b319ae225c902bb48bebb876767cf49f761e36474e9a6d88361d857ea0f.jpg,155769
site/internals/static/img/video_posters/4985b52da12647b8b4b9a34bbe57d168808d4b9260942ce1bc0b0772815fdb51.jpg,210314
site/internals/static/img/video_posters/49fdd620336ec455498a178fcf2d9df1d4448d9b868dd57ebe48890486a96792.jpg,231250
site/internals/static/img/video_posters/4a1b7ca691e6357a8c22a7e9dd5b7e6c9cc8460b79e5ef170e8c444d704247c2.jpg,94678
site/internals/static/img/video_posters/4a8fd744def6020ddd20fc1fe5e74fe925cb9bad12ec6caf9f62cff7ba357557.jpg,187804
site/internals/static/img/video_posters/4aa01090a6af675755f0205609c5dad8782a67b5210e284daf8543b09bbd6654.jpg,57009
site/internals/static/img/video_posters/4dce731b177fa3011d381f37db63b0e33023ee9af5f06f33c63e0bfba1bdd9ed.jpg,69441
site/internals/static/img/video_posters/4e0c2f1a5256f5b2d265920b943b48d910917e52c2876fcda6bbaead3ffb9607.jpg,69470
site/internals/static/img/video_posters/5123ef78123754208f42015781a2bd155dfa0975598b3491535372b7e81169da.jpg,292795
site/internals/static/img/video_posters/51b92ba6b3d1f06a564635fc4ffb276694f82c4bee0d5644594ae03ddb4de733.jpg,42277
site/internals/static/img/video_posters/52a60d208caf0f7c63aa08a4187b57221dae96fcd62f35985b20aad8c71074ef.jpg,40556
site/internals/static/img/video_posters/5358b0c395824c89b3197f3b5b4380a8cf179fa5da1ed408407052c4342a5a5a.jpg,385706
site/internals/static/img/video_posters/53f05a5cc77911ed695633952bd60371775b383255870253c0623751470b52c0.jpg,243205
site/internals/static/img/video_posters/54ae9e0e2a41f75d45e7411fe7e2df9d251ad306828407f70b171807e3ffb4fa.jpg,332399
site/internals/static/img/video_posters/54ccba3f30ff2c2c308c162942d6fefe49df8a5af8a0c8372553dc6b87715820.jpg,61975
site/internals/static/img/video_posters/54eed3cfc823a9549674b59b8f2b3d4dbe3bb0e288fbe724885a5cba8210f7b0.jpg,72989
site/internals/static/img/video_posters/55982ab69c888e33be5d8a82d94036912625bbe84ae52a56e5535c04dd15a899.jpg,68909
site/internals/static/img/video_posters/560613c1819e78e04808d2776042699a87231f2ccd30247cc19a436bc2b7bb8a.jpg,74569
site/internals/static/img/video_posters/5694b71b748f826b1e754007ecc81ab7c7a56592cd768f84faa9c965666b195d.jpg,71462
site/internals/static/img/video_posters/56a8ac72912ba8c04894a73cdc50aa985a2bd87ee2adeb9ea6da4bb397d451bd.jpg,36234
site/internals/static/img/video_posters/56d02299e3c682ac88c30274dc42a65ae65294650a9abcabf5f04bf43debe7bc.jpg,69866
site/internals/static/img/video_posters/56e6bdcac2004ef41c742e0bb67becdb3ad2b61ad458248c73ec218db6cdcd4c.jpg,319077
site/internals/static/img/video_posters/5773b903d5a45edd1f1b01c992a8c6ae479c9c61047d37e7d06994e168f50419.jpg,101065
site/internals/static/img/video_posters/57740e36f7b07610e25ea8ee978a9258ab0c5fe0a3c30dd3a18b63742f0fb4c9.jpg,43911
site/internals/static/img/video_posters/58433f2c85b00aaa63105d31a7ec7a791933ec80dc6eddfe9a0c7b11c115fb22.jpg,54299
site/internals/static/img/video_posters/5a312ffc7df9434d806d09b794e47d42c7215de04c4ff033b9edcf326e08f57b.jpg,120292
site/internals/static/img/video_posters/5a4d55fe221cb3d6104a8d72add813929c605b5725a30af460cd90dbf3d19d00.jpg,131116
site/internals/static/img/video_posters/5a6710c4a182884bc995640d09df885ccbb67fa87921f5790730b7f047883362.jpg,106916
site/internals/static/img/video_posters/5b0fc8f029b828f02a1088a5c5a2e504893f9b9b62a2ffc78eaee2e4a9c072d3.jpg,218370
site/internals/static/img/video_posters/5b78a68bc6035ad077b791898a9624d377e5be8de845e41f3b5756b34b3613c6.jpg,61441
site/internals/static/img/video_posters/5c1f01f239c84a5879d1a3eb0a8b87edf13629fcdeeb6b989375ee0989bb2a19.jpg,42021
site/internals/static/img/video_posters/5c2740013b8a0a54f59fb0c75eb30b8c5d89132c8c6353f4d92aa2eb2a9b7e83.jpg,150519
site/internals/static/img/video_posters/5e1e5584c6f02547d7ca3e04f7e1b84b298d3b246bc3c8e065bc5f14c1c78274.jpg,185660
site/internals/static/img/video_posters/5e4e7cf0eb2b1b69f00e83866a59e1e58e5c4005f3af8844a98b1f530461a7f2.jpg,16785
site/internals/static/img/video_posters/5f0f2b599f67340a703958aa523de530e30d18c86b42bcb3247e42d672696509.jpg,55734
site/internals/static/img/video_posters/607abc3cd4d1eae9d641c05d57386dcdfc7f2de2b0caee0f32b15f07b8281d2d.jpg,60983
site/internals/static/img/video_posters/615abe7215cd8c364d41589f720e86ab9e3cd85df5b3fe316bd364b6f1391454.jpg,48031
site/internals/static/img/video_posters/618f2a10647676c76483da2ba9794f38c6275ad8e978814377c6ed868f7f541a.jpg,76564
site/internals/static/img/video_posters/61f143b44e2e395d115e8c89cf3b3081fc74141ba225e84804a0c74d3bd857c9.jpg,122189
site/internals/static/img/video_posters/64f6d9021569424de6b362b978969f001e0fe445e83e4fee3fbc3ed886c43098.jpg,119932
site/internals/static/img/video_posters/653c1f7b407c8746acdd6b81ff28c64a43579d702e669f71942d20cdd2a753e6.jpg,115545
site/internals/static/img/video_posters/664938e637f3b8b6efd772ab0b3165b2ce6d7b9ce024f220ffbc2942f95032ec.jpg,70087
site/internals/static/img/video_posters/685766d835da4f80d34bd821d3c6f2d728b33182544a4dd684f9e102d360e1b9.jpg,74218
site/internals/static/img/video_posters/6a0b7b1ac9091a98e2dcc8aa130fdd430ced97f624905749595493d3f23ef2d6.jpg,110588
site/internals/static/img/video_posters/6baebca2b057f4f39fee60a3de6ac7f4b085ef672a07b1643d0827c33f5924d9.jpg,152565
site/internals/static/img/video_posters/6baef6419a03d4caa961ff1e6901cbe2fe4d2de4e7ec9b3aa850e26d6d4e7f05.jpg,185660
site/internals/static/img/video_posters/6bccbd2073603019dbc0d1b5b32fcc5d559bd38947760274053b3ecb1c50615f.jpg,115894
site/internals/static/img/video_posters/6c69d1ee3ffbd01b3f6a474c5ef4bd533e2f9252f871ad77e47446ee23bb134e.jpg,45252
site/internals/static/img/video_posters/6d0a02a6cdb4e0843be6e0034f5af06ce7ab1508b1e2cd564fe74176a468f350.jpg,92342
site/internals/static/img/video_posters/6e6288fefcccd086d59ed8bc35c1c50a17ec303300f83b2979e2b2424871b86a.jpg,98347
site/internals/static/img/video_posters/6e9bd890b03d994561927d273c8c6fc6306b14f184b206bba51f4e8300b402b4.jpg,131354
site/internals/static/img/video_posters/6ee44ec0bfa20c0a5eaa6c0b65c3e113729e8b26b0a6287f6cd6af0e2dd735af.jpg,17688
site/internals/static/img/video_posters/6ef10de8a9b27e0fc6e61040c9e663f107d6f8d218798375bebd6f4ff58fe11b.jpg,161647
site/internals/static/img/video_posters/6ef4194bc43893ea4e529e18ad3c1ad428d76e105216bbcbd3eda4209b6cdfd7.jpg,119048
site/internals/static/img/video_posters/6efc3127212c9e25b37720d6bb4db0cad8a50693e0b4d275e3928035f5e87e8e.jpg,108341
site/internals/static/img/video_posters/6fa59179a8e05b4514d264f615e89f9c421e6abeffae95ecf7df4664428c2f0f.jpg,254093
site/internals/static/img/video_posters/6fc5be92dcdca0ca60360b2ffc0dc6bc3e451d020b39c0844d99e71dd379271a.jpg,69856
site/internals/static/img/video_posters/70df23d7e53aa7a649abddbef5fe137bf50f3e279aedad6ada3a84862bc5c804.jpg,12167
site/internals/static/img/video_posters/7328dac1d99ff3aa9d23414af4e855897d289d05258f1c5e751f5db5191aee1d.jpg,67341
site/internals/static/img/video_posters/7374030603c0abeca6bde2b316808cf28b1aadbb5073da15266f5c906caab3b7.jpg,55867
site/internals/static/img/video_posters/73ab428f452e6f7bef8b2b580560f2f5855f6242fed81df3f1674bc170901130.jpg,55555
site/internals/static/img/video_posters/7472adbf8f5e392e61c1bfb87c3dc98fd71cf27e23d71a40d546254bd6dac9c2.jpg,126876
site/internals/static/img/video_posters/74cb6941b0d9ec80d50d79b9d0ba201e6d98826d014801631dd23617e74a465d.jpg,41404
site/internals/static/img/video_posters/74ebd07e3af4d2a25be0c2513eb34a7dd143bab742d4f38b2de7c5cb17022f9a.jpg,112457
site/internals/static/img/video_posters/74ffa9f2315ccdca155c6c7429ac8aa7dd25c1e0d3d37c8fefc1ffad6ca3922f.jpg,85630
site/internals/static/img/video_posters/755900a11593ab4ca81fedb01ea392704ed1160a9b368cb0fb080bf703364fc5.jpg,71463
site/internals/static/img/video_posters/75e07b2cc44d3af2d26dfc696e9c54bd6514b6bd7b73a7846e2c6e00750d56d6.jpg,79484
site/internals/static/img/video_posters/75f35ccc23a3782593cba50703d2e702c8d3fbd8197286eafa1085a4c6c20a1d.jpg,187764
site/internals/static/img/video_posters/775dffb39237eec874e81293cdcd2e0d1fb3e680e387646c72524f7a28a3248b.jpg,52205
site/internals/static/img/video_posters/78dd362974341963b2d85a4788899450b898ddef884a6614e38a53566a9dbabc.jpg,41725
site/internals/static/img/video_posters/790ad9756467a5c427fe85a683c1e3f405c8a833451a3bd74efbf7e6f14b62dd.jpg,155769
site/internals/static/img/video_posters/79a6e7c32e4ad91ad13a239a22e90bae20b121777a441bac2ad79ca5dc0adb4b.jpg,24124
site/internals/static/img/video_posters/7b1a25738425af77e46945e487613a77fc8cffae9d863d09f4633af3de3a189d.jpg,151313
site/internals/static/img/video_posters/7d639f9a14dec1145eca7fbc487513833b79ab9070ff7caa96d28199f43382d9.jpg,60987
site/internals/static/img/video_posters/7dbf4d7e4513690f2140a3189b542663f07f76614595b46d2c079ce0d45df7f5.jpg,40277
site/internals/static/img/video_posters/80477a05627067fc3064c6fd9605bedcc407d2d0438b45f6ea356f877058dd4a.jpg,36389
site/internals/static/img/video_posters/81034c279764e64d860f49e8596d1c175111a37f627e8f270b8ef02fdf34e7c7.jpg,123749
site/internals/static/img/video_posters/82b80afa1aee164463f4a7abb476753b8dabda375b2a17cb0cf3dd28ed25499b.jpg,94176
site/internals/static/img/video_posters/831359d30e3f771d127f9a1cf4977b0c2b726e01180dcc7096d3c3762195166a.jpg,65352
site/internals/static/img/video_posters/84efe8b096852eec82e5f92adecbb5969152f908c45e1d8b078c8b1319334bab.jpg,88409
site/internals/static/img/video_posters/84f8dfaf70a29c1b1f11c8292fc55cc2154efdffd631a0382d56ba0c2cadd251.jpg,61135
site/internals/static/img/video_posters/8543455f468fb056dae66c225ea8efb1ca5ea4aeaba7e8e7b6fc582d20a16cca.jpg,42277
site/internals/static/img/video_posters/8586bacafc6a4ed29dce3bc1cde7cb16ebd98e92816b324ba6b7f04d20dfb853.jpg,62866
site/internals/static/img/video_posters/85da1562c469ba14f50beedbf45e0c3b60745c6a10b45bb51d993caba76410e6.jpg,44693
site/internals/static/img/video_posters/86873616a87f4ef5515d3fadde60596c32b8938882d824172880c70af65261db.jpg,41959
site/internals/static/img/video_posters/8835510f058f9eed16dc353ff2fc8f4b65c8fbc73954206a6ec43682dbb100d1.jpg,75241
site/internals/static/img/video_posters/888e31ac0301b8ac29d2abc15d194b7e8adae564ace28ffaacef8061a6e1ff41.jpg,89538
site/internals/static/img/video_posters/893e418bb08fcf152b4e3a1816c0863d4d7f8c0d05251055bb575f46cd13137e.jpg,130578
site/internals/static/img/video_posters/89a96cd44a31ebf54a8d4d3f475f22c5f8d5c622abce63f1be99913ef1b7ca31.jpg,53965
site/internals/static/img/video_posters/8b3abd4acd1793d4cd21cf5f94608e3e31c053057cccacb809e5f07cbb01dcd0.jpg,64285
site/internals/static/img/video_posters/8c03a06c16b0219ddb6c6e35e3dd303cf3ef12cbf2d941bdfc3698c4512c9554.jpg,69291
site/internals/static/img/video_posters/8c1e1f916097cfc27ce28df607d6ee2c20069ffaa7e90a546489b8a720434ef3.jpg,69425
site/internals/static/img/video_posters/8c43ccb122c7f3639788f78ca0a5fc090de97e69ec10f4a70bac7902923112d4.jpg,85601
site/internals/static/img/video_posters/8dc107e4edb10f4ddcbf2d92ca3c66ee2c0fde19a934dc30b668386561d84ec9.jpg,140104
site/internals/static/img/video_posters/8e11dae32fe622ce19bdceed2ea70c2d95d62454b95c4fd832f23dc2e9bba23a.jpg,90408
site/internals/static/img/video_posters/8fe1cc4f1388a18901db11f0ca7dca509dc96ec1cb6ae70582b777f9ce53a622.jpg,59402
site/internals/static/img/video_posters/8ffc67069568f4365251a00d8ddfb0124517512e88ea0b2b3bd5a26635f8667a.jpg,11888
site/internals/static/img/video_posters/902cccd68f96dce149b33ec3d1f51fa49f1d4ef13fadf12f0e8ef8ae33a4baf0.jpg,75196
site/internals/static/img/video_posters/903126578a0d11654d62baa937c885b7dc774d81dc0ca0c2bf38f37cb76f98bf.jpg,122285
site/internals/static/img/video_posters/90c32d092ea996f5cb419cb28c413ffa6a3e526cc680b8d7622e213c624901d3.jpg,54869
site/internals/static/img/video_posters/9103f62a9905c3509bb21af879a05e01709f3dc121a1d9ada68c0e401f9159f4.jpg,61529
site/internals/static/img/video_posters/9614560ac527bf00dd3523b8ae46d075eadef3a67e74b8daf8972382c423ea8b.jpg,157069
site/internals/static/img/video_posters/96934c46c3eb0fabb6c2b8830fccb91b85bb555ba346d4fa6c5a10993811982c.jpg,198940
site/internals/static/img/video_posters/9723db0eab243384e44ff2b839f6059eb2cfc06e6232c314ca36e085f48b3773.jpg,22307
site/internals/static/img/video_posters/9733f3b4e4b574401d67ecec30851adfe7ff9b0c4f37ff9233456b25d83d3a20.jpg,187576
site/internals/static/img/video_posters/9887b331a52a7707da83e988bc18a90a90ba2b9f306e8ed823632f9fe0d67412.jpg,125135
site/internals/static/img/video_posters/98f299db3ada4fccff3cec757fcf36b05dad58ed9d0c48fdd6619c21d2fa9915.jpg,64598
site/internals/static/img/video_posters/9eb7a4e092fbf8a59af6aa881f137f9f4273d378cf604fc52b49373cced39abd.jpg,71625
site/internals/static/img/video_posters/9f0bd1a0aa5a71e111bc9a2bbd9b95d3b0c05d0fdbe43f6d88589f4ecbfd3b83.jpg,68707
site/internals/static/img/video_posters/a0d64c2a3ca020666825f3106fa7648449815243109d66059493471efca233b9.jpg,71903
site/internals/static/img/video_posters/a1d3a9e7d3a1eed443ac8d3fe64eae36e7d18256d4321cf0ca7be7a7ceed6547.jpg,124737
site/internals/static/img/video_posters/a23cb7c75cf33cc35f3f1c58f8486b7f503690ca490c6e6893ccf494741df77e.jpg,317401
site/internals/static/img/video_posters/a2ccd9132bf13e085ec43f400001ceb04ef4aa64c7807cd2d33f26d618aab28f.jpg,86887
site/internals/static/img/video_posters/a3fe41f14cab66d52541a347b38c7c8760efe048e145b00a9630c73e7c8c0c60.jpg,19911
site/internals/static/img/video_posters/a4f11ce2da967f5f0584737bd5027ed94e81897388914e2d69318566a64763a6.jpg,24226
site/internals/static/img/video_posters/a5cfe4f3915b0891bfe0d94d1af9ec61b3ce6497e9f35f7e822112dd6b822d42.jpg,75894
site/internals/static/img/video_posters/a67f045188fe2f1e3468bd22afa4e8ca408b857e7569cd2ec401dfb23f02dd3f.jpg,132684
site/internals/static/img/video_posters/a881ffce1c0af6446c5a78f0bb570fa62b85d7f262cce24e166e721b3169200c.jpg,120925
site/internals/static/img/video_posters/a912fec50de46c09e82d0e032b0ea58343ab6d65c42b1ab33651a091ab94c06e.jpg,181954
site/internals/static/img/video_posters/aad402dbe5605192e275a32f15827380b8858f405aebc05657e2db6a567497ce.jpg,27718
site/internals/static/img/video_posters/aae9965de76956c6b7c064d3b96d3e40dc4da4ed68527ac80204bdc256426932.jpg,69168
site/internals/static/img/video_posters/ab7f6a55ba509b7468777a33348559e5281c916cba1f984ba7345f4cef90ea80.jpg,62546
site/internals/static/img/video_posters/abf6c26bdd9d183f800d202a1ca10dbd6b3bd187ca9ac6ff47616116174075a3.jpg,71729
site/internals/static/img/video_posters/acd2f6efe359d545bb5dce2724249b408712abd40f014a41b1c9a76d782c029c.jpg,104785
site/internals/static/img/video_posters/aeceebe279443fc90bed77d754cefedada4471f20af41c58d75795203fe7c53f.jpg,184541
site/internals/static/img/video_posters/b01b5ba9e182c966dd2502b54df2e9fa47d05d0b9cb94d38bcfe5925890e9f73.jpg,39057
site/internals/static/img/video_posters/b09c79354d93073a43da0bec0395ead7b44c1005e41fdc3ce7ed4bd6786f4845.jpg,65897
site/internals/static/img/video_posters/b0e3374176a16ee70f364036780399694a36682aff6d3faae5ed6638eea194ae.jpg,413686
site/internals/static/img/video_posters/b0f95d0ef7388c0e05c64ed3401b068bf5f5962d2764d3cb16c8feeabe690821.jpg,227590
site/internals/static/img/video_posters/b107bd7053593607461b3218c3c9d22eef54f4df2f42d88f1b69dad8ce931eaf.jpg,52833
site/internals/static/img/video_posters/b29949233f9bc6503f0640b1fcd28bc2b226ac7fd4cf965948856921a9db73a4.jpg,136691
site/internals/static/img/video_posters/b2a28e24175a498ce06b6a84460e5700e5cff9ec1644fea8f60e2473e882a87d.jpg,171509
site/internals/static/img/video_posters/b421f73f385fd0ac8d5afd853cf5860826200c33f7fdec90069f59ca3619d15a.jpg,89966
site/internals/static/img/video_posters/b692e8ffe28006e1b751926069d7a435e8206af799313cb8fd6b0ace62accbea.jpg,58092
site/internals/static/img/video_posters/b777f6b9ff01b9244345330241c17f655004cd29c88be0e41960f948b5feba4b.jpg,211257
site/internals/static/img/video_posters/b7dde29fe04c98c19b91ace31bd758e32ad17b8469c5f69a794f8d45626cd38a.jpg,157303
site/internals/static/img/video_posters/b80fed377d14311d7f7d6f4bf30390db53dda146d1cc65a8c37aceb901c57390.jpg,80323
site/internals/static/img/video_posters/b848ff844e5a46bc57a749257c3cffe7545fb92413c2c978684715cc18aa30ee.jpg,87417
site/internals/static/img/video_posters/b9a4714271b63fbdd0a97f0b1dd62532d18ea1970927fc90a982b128393165e3.jpg,97994
site/internals/static/img/video_posters/ba53ec512766ac40463c70a0968ad733776ced5aed0a8490bb91f089faeaea8d.jpg,42268
site/internals/static/img/video_posters/bb1ad67af01e01c1fc1565a1985e76ff5151e721b048b0deb52dff7faa8df858.jpg,163406
site/internals/static/img/video_posters/bb486ba7d0f09776b0526e727f577cfcc3ae7084ce8d0b9316697ee52bfa40d2.jpg,180391
site/internals/static/img/video_posters/bc1977b53212409c8c4020f7ae0fac770496b6b74320f3efe114890381c3b73d.jpg,153674
site/internals/static/img/video_posters/bd49d3e8958e90d46f8c35a748a85e86e134de5c41e49c7d1bc43f2a6db036e9.jpg,50126
site/internals/static/img/video_posters/be47178c8f0de55f9f6ac32263741695c7427c96557545eb19587b8855d11160.jpg,89672
site/internals/static/img/video_posters/becddad8d336d7bed16c7e77add4591527253ae61978a06455f6a5e03f9a12ba.jpg,10761
site/internals/static/img/video_posters/bee7ac05382ae1b10d706c6a782985cb45ac7a6cd2c523d25f76a24354938a8a.jpg,117806
site/internals/static/img/video_posters/beeccb9d70675f07eae0e939654cbce14f650feba01e248b601e6679967e2400.jpg,103433
site/internals/static/img/video_posters/bfaf71644f58c7197827e5caad438c6160389e81a883562b2a364ff65f64b01e.jpg,37731
site/internals/static/img/video_posters/bfce832d5da2c647c79a9d467019b0da19b7edf52a6d0e31a7d8c6e8a6daa684.jpg,53183
site/internals/static/img/video_posters/c016fecf61b90bd63f8b9c00feb048364d6929ad96e06fb7e1f45f08b8d20894.jpg,90430
site/internals/static/img/video_posters/c0618f366eb27f0c17efff26d940df6eddd2ec9924c77e34fca8adc14f151736.jpg,31938
site/internals/static/img/video_posters/c1535eeba796a2d60bd90692fbac04594f35c845703ebb4cf67019a674c6e0bf.jpg,115408
site/internals/static/img/video_posters/c1ff25e845bf35466016b5e757cc1e7c42596be915fbde629d9d076bf6f9c9ae.jpg,52006
site/internals/static/img/video_posters/c215c87d6041b46354746a5567d47740f103d2356e56253c50a0886ec5b2c12f.jpg,123498
site/internals/static/img/video_posters/c21c5c74254c883d201a811d214fac6f466abf1c28f674bccefa44dd85cf3691.jpg,31412
site/internals/static/img/video_posters/c2ab6e7fe2fdb36565e0442945820d797baf8cdffd2ba9f87ed07c5231c4392c.jpg,71285
site/internals/static/img/video_posters/c2e2b44d9f82d60ddb155fb68e1b506b12c7fcb90342b4f05af71e17cb76763b.jpg,154241
site/internals/static/img/video_posters/c2e4357d1e1afabac4a6bd0d48705304c08f8a4a43f1cd1d123864e15bf7cf26.jpg,204122
site/internals/static/img/video_posters/c3f958a485db05a86dc66593441b6b490984728f60e5c02eea9467f8999a130f.jpg,269354
site/internals/static/img/video_posters/c4209ad88448276b2f56f5f4031b4daa0003837b70fc0575faf803b83231d666.jpg,92784
site/internals/static/img/video_posters/c42160229683ced323f685f36eb6e2eb651dcbb83deabe33d9d8c82c5a319023.jpg,43652
site/internals/static/img/video_posters/c5810828f2f2b814449c135a04195d502429c3b69f8d21fd867a3bfd7ef3a3a8.jpg,64378
site/internals/static/img/video_posters/c661881ead2726c1dbd296f97f2f5760bdd2e3df22df4d6fcf9c905bf39f8bfe.jpg,114753
site/internals/static/img/video_posters/c7271f012bae799fc1bed53e8d882bf84d980d6a2c47acd6bc3723c5a79f26b3.jpg,43465
site/internals/static/img/video_posters/c80da9a15c9fd47835ce9e404e9791d38ce81be21b565fbf195c52a592937184.jpg,141305
site/internals/static/img/video_posters/c883e045125dcd6081cded3441dc155c81b66ef349df83146e311c4e0ac6f4f1.jpg,137952
site/internals/static/img/video_posters/c8b3be83c932922a78774613f083d4fe9787853ddf88ffb6a853168da74e9bbb.jpg,53876
site/internals/static/img/video_posters/c8f55426e04e66b57f012722f4ca86c3ddd5d1a09237d65a0351a23906fa6145.jpg,99324
site/internals/static/img/video_posters/c970fad11a9aedf01a4502cbe32e8d4cab3810afd244e279b98b96062194e3fc.jpg,57759
site/internals/static/img/video_posters/c9fce3da272deae750d3fb93f85ffde8eedf71029a35ee06d40cdadfc507dc27.jpg,57457
site/internals/static/img/video_posters/cb183037794c7f2155a9618ff1c53fe3ffff1a6529f653041fa85dc68b9f9cae.jpg,321669
site/internals/static/img/video_posters/cb313825d0fa0bdee963504b71af55e002ae7d0f26a8f3a89f25f9185a42dd58.jpg,38561
site/internals/static/img/video_posters/cba6467ccbd5e7ca8f47b0b57f6c2367d72f64b68a08736c59e434aef0c7a443.jpg,30126
site/internals/static/img/video_posters/ce22a8e58c69a5f0113057d09b48afde81ded33b2a67f17acd107b97839e883b.jpg,97734
site/internals/static/img/video_posters/cf28e0c4455b366cadf8de608a38b1a33849677356cf2482f7523352bf65384a.jpg,74159
site/internals/static/img/video_posters/d0092542323d67aa293d13606c1c076c074b9974ab9efee31cb25882bc0c22d7.jpg,82529
site/internals/static/img/video_posters/d0972bec73a7e8778d89bef08d514942a6220260cc8f6e963838c43812ea9369.jpg,108625
site/internals/static/img/video_posters/d1f167ee3db44aa903079ba8d176aaf45b85ab8d22698f0ed91bf7d8694358dc.jpg,83400
site/internals/static/img/video_posters/d21b100d839942c97f2858c131c420c10531b9f51a6a19ac9f209b018fcbeff8.jpg,65546
site/internals/static/img/video_posters/d3238f5c43282c890051171b91aacb4075397a0e86736bc17863a86d4aa47056.jpg,168795
site/internals/static/img/video_posters/d3632d29816294297b13e9c45aaa186568774172b33070965d3381586bdbba89.jpg,95068
site/internals/static/img/video_posters/d44e5dd3ab158a8bdf3edba4c508cbaef257d91ec405ab939f74d68cfa643ec3.jpg,32403
site/internals/static/img/video_posters/d4b5a6e614d74e5e65edbcb4f0c897d8e994e68bfdaf158c041ac450e9b77aac.jpg,72143
site/internals/static/img/video_posters/d4d1da2c048e2d2babb21f4e9d2c01e5ce45c7550558f2e2ab9ec1f6a58cc10e.jpg,27841
site/internals/static/img/video_posters/d514d706a0785764c4e8149accbd04752a466126a149bc2f4458e73da2a5b2ce.jpg,171942
site/internals/static/img/video_posters/d5191ba605556b1f8f32079404d8bc58e61d6c9867f7fec14f51216e4b3d54bd.jpg,35399
site/internals/static/img/video_posters/d5ee7922ee3598e2a47a9d2ce9fae59f8d81257fb366332d000ea9f87de9cc27.jpg,103805
site/internals/static/img/video_posters/d78a0679ce4a27fb07f4859c36c37f01809f0a56ed143fbd075d70592bbc9e76.jpg,206563
site/internals/static/img/video_posters/d7b4f5c249cfd03e7cb518901b3e0a53c9550c8994b429e447bf4f88555bccf0.jpg,37342
site/internals/static/img/video_posters/d87ccf86eba77145b061e5e4d816b06f5cb81f866e0acce5486902fe353aae1d.jpg,160422
site/internals/static/img/video_posters/d8b99ce249551431bf0f804a5f9d8f5268c2bc8d1f9c23dc2f537e10f8ddad5c.jpg,92193
site/internals/static/img/video_posters/d8e12120ef4178f374adc4fbed97c7ee2ae1ec86f651893592f4b5949b87d742.jpg,86991
site/internals/static/img/video_posters/d8e14886f85d699a43bb9b83f2da099e2543986ad96665da5d46dde398703d95.jpg,26559
site/internals/static/img/video_posters/da03e0fb967768fbbe0a4d02e5c1ee175b2f86277b2bf3aab280bd0afaa89701.jpg,43643
site/internals/static/img/video_posters/da3738365f3c52346d68f5f6379f4d086c4d041b52b63ce304d59a8a91ae91a2.jpg,69290
site/internals/static/img/video_posters/da3a24f8c1a14769aa73911154c70ab9d721b0003ef2ee7948245ada0dfec540.jpg,182864
site/internals/static/img/video_posters/db3a4c8db0ae7fc536691fea260279fd3d74f5d6dbaec6970fb45c41bd48d316.jpg,57009
site/internals/static/img/video_posters/dcb8c4ee7969c2013ad765d187961c2c9a6ed97f6290a2fd3fa71cb7aa67ac07.jpg,77847
site/internals/static/img/video_posters/de62298b2694328848f027e74b3ab68a4c7d61c8b1a7ad68feb5c396037fe59f.jpg,83808
site/internals/static/img/video_posters/def01468fbc71b1aebd63e67ca80dffb13b96b980f5b5a706e370ce0b2036a72.jpg,87796
site/internals/static/img/video_posters/df4e51d98a2b90cc9e1af2c0e63564d3d90117a58468427037b803e163b8d022.jpg,51682
site/internals/static/img/video_posters/df6c899441b87336c04082ba3afaa8fcd61931ca1a0ca32c230352e38221f8ef.jpg,54299
site/internals/static/img/video_posters/df9c2f70ed4cd40011b82e495140371a4fcd2baab10052a7c7ac02b41d4aa299.jpg,187575
site/internals/static/img/video_posters/dfd34ffa5e99c028584faaca53035b6550633b9b6e6b9a3c1deef0204e9dbbd0.jpg,49037
site/internals/static/img/video_posters/e0e6f7517f621927384ed1121b109896f529270501c0bbde7aa3bed74a7ff65b.jpg,92192
site/internals/static/img/video_posters/e20741f4936da93e57844fc6c379a01cf6b6609bef133063bba895b61ab494cd.jpg,65364
site/internals/static/img/video_posters/e2a9959ee2cc403a19395a3511d7e7a52fd511eb296377d460f7a2294a337bb1.jpg,63853
site/internals/static/img/video_posters/e2cfa7875017cde20b65333fd843cc85c4a2caf495a4fda086c430e5940d3596.jpg,120607
site/internals/static/img/video_posters/e3173f194523ed9e1f3176601a82040de3181eed55b12e9b6639eb4ec4cc8fe4.jpg,154610
site/internals/static/img/video_posters/e363c92c6a8d5308c3730e51d7626f98aa2298493f7ad4abc42d5335d0e86567.jpg,11888
site/internals/static/img/video_posters/e3b51a818a9e9ad002657fd69c89e830ce4efc261922d0e1cfb484d772221764.jpg,130293
site/internals/static/img/video_posters/e684df87a4bbaab59fdbdacb48d68f0b552d2501fcbf8521ba0b5f2c57f37732.jpg,41139
site/internals/static/img/video_posters/e6f31ec2b75223cabe53728173f692b8d0863c2e8cbf898c3e6fa2d9c5b3fb95.jpg,111728
site/internals/static/img/video_posters/e6f78d240f5edade5ef9408dc4eb09dc7b4b9ace3452594b5a5b4e56674954fa.jpg,269354
site/internals/static/img/video_posters/e84bbb00aa91de41b756120ecf56e48731ec1a1276e759820078f4734f89fe2a.jpg,71284
site/internals/static/img/video_posters/e85b452ae7e41fa7f4fb25d6a94cd1497cb5da0c6e783ee67d2bbb92be2e2ff7.jpg,32479
site/internals/static/img/video_posters/e9a74f4dd08fb45033c13e2e2bdf950b960b9acce813ea193695e7354778394a.jpg,205814
site/internals/static/img/video_posters/e9ade308987bcadc58ffc922782b762f3ef3eecea61d782798f2cd3471aa553a.jpg,65327
site/internals/static/img/video_posters/e9bd8770187437fd73474a299394938b806f579852a8c5269d7c0736e86adede.jpg,10132
site/internals/static/img/video_posters/e9c0f6f5adeec89fc31a36efddc0b14dab24df0bc3107ade4fb392908a3df36f.jpg,95937
site/internals/static/img/video_posters/e9dbd8f27cb8261100f0e6b4c9d5e01422dc8831cde4c5673544e729f801e8f4.jpg,157177
site/internals/static/img/video_posters/eac6da200cd7733b450d22a90283ecc987aceada836fc853a8ca40b76112e876.jpg,46021
site/internals/static/img/video_posters/eaf046be0e2f2a1771629a1f32045218f68d9e115ef563e234fc7f53ac60e90e.jpg,145180
site/internals/static/img/video_posters/eb702a94a047a40f4da9de2bb10ed39169949fc5c5a3e68145e01b7367521f16.jpg,50331
site/internals/static/img/video_posters/ebe3b5347d2cdaa2e759be5a5647d4bfb5bcf85aaa0b3fe9492757f07031c371.jpg,31971
site/internals/static/img/video_posters/ec5e428e122d9f6c65a29b4855cd4a57578b9f3120cb60e8c38e6f3e721140d2.jpg,148719
site/internals/static/img/video_posters/ed0ef6ffb02222383673b265840211ea442847c660526778f5dfa09f641c9dd2.jpg,56815
site/internals/static/img/video_posters/ed110a41364ff2f157668a8a65a2f33b311692df0f18d022e5e22861f1e81b07.jpg,64640
site/internals/static/img/video_posters/ed1965a1259f37c37188db1fc3df5c55195a31c44d3002cebf70c265b1c711f5.jpg,48186
site/internals/static/img/video_posters/edc689526264b5ddd7921560ac36da22f3f02e9dbb1410352facbae5d1b53392.jpg,38024
site/internals/static/img/video_posters/ee6cf22c7cf2fc42d9327bc3b71753ae184d0422765a53f85d7a3f37e179b76e.jpg,87960
site/internals/static/img/video_posters/f03aaf6913ee0bb2a56abe1c1673ec53ba0b4416996745caa4ff5fa3819ad7cd.jpg,498672
site/internals/static/img/video_posters/f206e6c269bdd88ef73b8cd14f4bcbe5151dfc113d73f7d743305a08c15202d0.jpg,106855
site/internals/static/img/video_posters/f35328176e7a95093829d0a4b227d1aa4e7a1e894d05812ef4be71a3b97c4f96.jpg,54593
site/internals/static/img/video_posters/f49ffd293aa13fcc7b27550f9f18f77c6f65f9701b1cd5e156aefd2240b36f46.jpg,48213
site/internals/static/img/video_posters/f5225791bef14b7ffc1da8fc724e8cf89fb74ab5521b884361863f6215710b13.jpg,77162
site/internals/static/img/video_posters/f82191f8659a8f98d6ed30adab6020b09528da482978dd5a17c4f22521249b5e.jpg,76127
site/internals/static/img/video_posters/f880dafcef264ca11a490d05cb2da3aaee1e53af8d0d8071f2f4b23be8fc2742.jpg,22363
site/internals/static/img/video_posters/fc00145d8714271cce839f4bcb190b498160326c7e29f6c9102488f0c76b1785.jpg,61504
site/internals/static/img/video_posters/fcb7dd7bfba5e93d79a57bc4b42f143d42f34fba0fdbc7e17c7915044bd9c1af.jpg,121363
site/internals/static/img/video_posters/fcca0ab7a9d8532e70d3b20f6c90a4f76bed1447d8606bb89ca41e319dc38caf.jpg,12168
site/internals/static/img/video_posters/ff9bf7baea63e0a1895a47ed431fb947e6f5ffc5a1eb27015a722106faa297b7.jpg,55956
site/internals/static/reports/uvu-after-action-report/figures/report-cover.jpg,136461
site/internals/static/reports/uvu-after-action-report/figures/sept8-flood-long-texts.jpg,117724
site/internals/static/reports/uvu-after-action-report/figures/uvu-campus-key-locations.jpg,261819
site/internals/static/video/2095734681039696205.mp4,12295728
site/internals/static/video/2095784011868020764.mp4,3269477
site/static/img/km-timelines/km-03-timeline.svg,5944
site/static/img/km-timelines/km-06-timeline.svg,4917
site/static/img/km-timelines/km-09-timeline.svg,4879
site/static/img/km-timelines/km-11-timeline.svg,4838
site/static/img/km-timelines/km-12-timeline.svg,8461
site/static/img/km-timelines/km-13-timeline.svg,5062
