media_path,referenced_by_count,example_referrer
site/docs/laws/explain/all/4_laws_svg/law_1.svg,2,site/docs/laws/explain/all/4_laws_svg
site/docs/laws/explain/all/4_laws_svg/law_2.svg,2,site/docs/laws/explain/all/4_laws_svg
site/docs/laws/explain/all/4_laws_svg/law_3.svg,2,site/docs/laws/explain/all/4_laws_svg
site/docs/laws/explain/all/4_laws_svg/law_4.svg,2,site/docs/laws/explain/all/4_laws_svg
site/internals/static/court/mirandize/Mirandized_Sept_11_.png,1,site/docs/court/mirandize/mirandized-sept-11-image.mdx
site/internals/static/court/mirandize/Sept_11_Grok.png,1,site/docs/court/mirandize/sept-11-grok-image.mdx
site/internals/static/img/All_Laws.jpeg,2,site/docs/Fix/overview.mdx
site/internals/static/img/Header_Charlie.jpeg,1,site/docusaurus.config.ts
site/internals/static/img/Timeline_Israel.jpeg,1,site/docs/Timeline/overview.mdx
site/internals/static/img/docusaurus-social-card.jpg,347,site/docs/Amfest/ai-voice-and-memorial-tech.mdx
site/internals/static/img/evidence/00571d98ceaa02696318cfe48764e9dcdc8fcfe6013047674754fb366f4ff040.jpg,3,site/docs/Mic/Table_Jumpers_Device.mdx
site/internals/static/img/evidence/00aaceb54e72d2324500503141dec534ef32ea55f1ea0335f80caaf77ca28a0d.jpg,1,site/docs/Consciousness_Control/communication-by-consciousness.mdx
site/internals/static/img/evidence/013e49118c8eb87ada7fdc692f8261f0dc83e464174dc0624e254a904163f0dd.jpg,2,site/docs/Mic/aes-heber-nashville-flight.mdx
site/internals/static/img/evidence/01f838226d1de23accd3292b33c6ff6608daff6f1a429c6027d1553810012d57.jpg,2,site/docs/GoogleSearches/timpanogos-medical-searches.mdx
site/internals/static/img/evidence/01fd58d079635fb759b07dfca43a51cbe48639c035ef7a990eacb227a1b476c1.jpg,1,site/docs/Media/Trump-Votes-Speech.mdx
site/internals/static/img/evidence/024e379fec5539ab386ea2829f27eccebbbebff35e73bf599ca30f9e4f6b1753.jpg,1,site/docs/Fix/disabled/Law1.mdx
site/internals/static/img/evidence/033223df53e7dc0a44b66abb4bf393019b77e6fbfd0c187dc005c99eef67e575.jpg,1,site/docs/maps/overview.mdx
site/internals/static/img/evidence/04e85299947a8d38e11085910fce865f87fbaa5d331d8bf824b1caf86dd6a5d7.jpg,4,site/docs/Mic/burnt-object-rode-transmitter.mdx
site/internals/static/img/evidence/0510d6d9e08d1fa9a0ba9a6e25ee5cc200cf0b7c871aedc1c0a6e6bae3d2d896.jpg,1,site/docs/GoogleSearches/tpusa-political-figures-searches.mdx
site/internals/static/img/evidence/0519c99dfc49e8bf80cee9a3d633ede596b779fa6edba4838456741a24e57244.jpg,2,site/docs/laws/other/analysis/Challenges.md
site/internals/static/img/evidence/05bd8d61bc8af468bb23c70c76d41a66d393c1869bd62176ef3d8093c8b77c8f.jpg,1,site/docs/Mic/overview.mdx
site/internals/static/img/evidence/06187b0471b1616b19638e779aaffbce93ed8abd4b2001d88a48ecf8679b47fd.jpg,2,site/docs/GoogleSearches/judges-graf-lunnen-searches.mdx
site/internals/static/img/evidence/07805ee4cc6136e0e841e58ce28746169cab3b98f972ee1bd7a99e3c76327366.webp,5,site/docs/Mic/Chest_Shot_Witnesses.mdx
site/internals/static/img/evidence/07aa67823df80e2b319adedcf2fa0178cd2cb7dc2db9bc38326b64cb04579496.jpg,8,site/docs/Media/broadcast-tv-networks.mdx
site/internals/static/img/evidence/07d789cee6aac96d0fa4f74d32c451cfdca714f8ceb215eb4185d9c24e43a36c.jpg,2,site/docs/Timeline/autopsy-forensic-timeline.mdx
site/internals/static/img/evidence/0915163193476d18668839278466b120e7ffaff628836cf0927c578df37c31b6.jpg,6,site/docs/court/Twiggs_Phone.mdx
site/internals/static/img/evidence/0945149fcae63216dea74f99f0768323d0352fbc70ef9cedfe25d34b393396bf.jpg,2,site/docs/Messages/daily-mail-candace-owens-crisis.mdx
site/internals/static/img/evidence/094e2f88c480386133a87a76b1342a3f77906b4c47afc80641e4a8e4a63e9915.jpg,17,site/docs/Amfest/overview.mdx
site/internals/static/img/evidence/0a79d07b0f52e1557a22747a96e56a9e2c4f6213d6443edcd4be7d3e4eeaf29c.webp,1,site/docs/Mic/Demo_of_shape_charge.mdx
site/internals/static/img/evidence/0aa576bd15029b984d4da302c1824f7814f4d75496ef2315cd7463fe1175594a.jpg,1,site/docs/court/mirandize/custody-timeline-fake-confession.mdx
site/internals/static/img/evidence/0d3cf6871bc639a31bfba65a879173577316b97d1d6cea1c02428a9c5ba5540e.jpg,2,site/docs/Mic/AES.mdx
site/internals/static/img/evidence/0d7898e6091b0342afb575ddb4b6fae88dbb72ee8ad3b2f8a6c0fdfdcdd2fcc3.jpg,2,site/docs/Photos/Fix_Laws/Fix_Politicans/Img_Photo_0d7898.mdx
site/internals/static/img/evidence/0e4eec03f39d4ef94c6a31d0bc1fa1b2427214506aa86ba3b1d93203b00c4338.jpg,6,site/docs/Fix/Medical_Transparency.mdx
site/internals/static/img/evidence/0ed437c5ac6d61c811a566d3afeeb1cb0acd79f062bc961f2c53cbff91ebf336.webp,1,site/docs/Mic/DoD_Contract.mdx
site/internals/static/img/evidence/0f4f5e4985d7f8fe20ad8ac56ff6e1cf9c6d5463e7321df02e399e68c1f54bec.jpg,2,site/docs/Timeline/Tyler_Robinson/Affidavit_Probable_Cause.mdx
site/internals/static/img/evidence/0f55827920dc968fc59b4103c27782a48234dbad046b21af30181723ec746f70.jpg,6,site/docs/Messages/frank-turek-messages.mdx
site/internals/static/img/evidence/0fb179279d8fbc3c774703d549ddaf4e4293ae0317f15164533c7fceb1bbc3a7.jpg,1,site/docs/Timeline/roof-jumping-timeline.mdx
site/internals/static/img/evidence/10b03bc9f7bca28790af2dba72f2a4ffb065e221000bcc0f9b3ef68e98609180.jpg,6,site/docs/Amfest/candace-invitation.mdx
site/internals/static/img/evidence/110952eab098fcb2277575d4ca608b64501bfc95ca18d560f6dd8ae804561bac.jpg,1,site/docs/Mic/Demo_of_shape_charge.mdx
site/internals/static/img/evidence/110b3c9003608c8b90d6a245174d75aa6d6e39a6083c427520f7cb69245b0553.jpg,1,site/docs/Mic/Chest_Shot_Witnesses.mdx
site/internals/static/img/evidence/11db49473ac4ce81d07769af281d62e788a9e46f659570444eb16c171115f540.jpg,2,site/docs/Mic/AES.mdx
site/internals/static/img/evidence/123237a6e9fdb60fc6d24b75c9d748803b54a4db31ce23483e61a46ee7af8e38.jpg,9,site/docs/Media/Wikipedia-Coverage.mdx
site/internals/static/img/evidence/1261ad6e180d6b0ee1e5bc8a2ed9293b8439d50bfe4228250cf4f41eed475bfb.jpg,1,site/docs/GoogleSearches/overview.mdx
site/internals/static/img/evidence/1269205ee3f382dd9cecec6891fa070ce3444f13377b4ab751211ff6141c0974.jpg,2,site/docs/Mic/suv-transporting-charlie.mdx
site/internals/static/img/evidence/128f618d38cd03de7c929bd1fff549e90b047be78726256f4bbef114199afc40.jpg,1,site/docs/Legal/FBI-Local-Coordination.mdx
site/internals/static/img/evidence/12b144753f31faf1f6a11a5bbd1ac42c309da98f1abbd35edcae4fe867d9b791.jpg,1,site/docs/Timeline/Tyler_Robinson/2025_Sept.mdx
site/internals/static/img/evidence/14a84c2c8f9e7142f2272cfae0f17f46424920e18ef2355e21055bc270723fc9.jpg,1,site/docs/Mic/rode-wireless-mic.mdx
site/internals/static/img/evidence/14ac95d1dbb45f70d1d3e14cca9bfa29ab64362aabb9cadacf6d1a2305f7d8de.jpg,3,site/docs/Photos/Fix_Laws/Fix_Politicans/Img_Photo_14ac95.mdx
site/internals/static/img/evidence/14b5bce57a79ab85ef49e836d2815a1ed1f3295940a1fa67cca1153762e90e99.jpg,2,site/docs/Timeline/autopsy-forensic-timeline.mdx
site/internals/static/img/evidence/14f90a40f5d68c452073308d5374fd2d50adcd3ffe0dcbe70a39c967191e9b8e.jpg,17,site/docs/laws/1_DoJ_FBI/Law_1_DoJ_FBI.md
site/internals/static/img/evidence/15a6be3bbd01c5f59f736d222044f35ee5702f5042b90a60cdd9d0ac2ca1a6a1.jpg,1,site/docs/Timeline/su-btt-plane-movements-timeline.mdx
site/internals/static/img/evidence/160a10070535469886e2cc3d3e3363b6fd16b6cb010278b6195c7b7719d4148d.jpg,5,site/docs/Media/Trump-Votes-Speech.mdx
site/internals/static/img/evidence/160de08e0bd759bd973783dc7a8787eb1287939d879c4c28c1fea8c3cf9066e2.jpg,2,site/docs/Mic/exploding-pendant-shaped-charge.mdx
site/internals/static/img/evidence/16a23c9332a85d0f438f39d349a0ff24910fae655f239e2f67998ca810d89c8b.png,4,site/docs/Mic/Explosive_Residue_Coverup/fbi-didnt-take-car-custody.mdx
site/internals/static/img/evidence/171eb7988d00bd6bfd89ddf73a1614815663bf069a5138f8450f98d268186c97.jpg,5,site/docs/Fix/Media_Reform.mdx
site/internals/static/img/evidence/178d0c52e3045078d15b7981a5540d075df0abe0920f47375515bc30306ba1f0.jpg,1,site/docs/Media/broadcast-tv-networks.mdx
site/internals/static/img/evidence/18b37da1e1a18c3370c821fbba568dea410129e8809590efe31bfa0073e56672.jpg,3,site/docs/GoogleSearches/planes-search-patterns.mdx
site/internals/static/img/evidence/18bec2a2476d280d9390d700ff4ecc13107b994939b1d1751dd59351225c2731.jpg,2,site/docs/Mic/suv-transporting-charlie.mdx
site/internals/static/img/evidence/18c908ba2b19a7fce6f085985aba61743edf36ab19ce345385a61c3bbf75ba23.webp,6,site/docs/Messages/candace-owens-threat-claims.mdx
site/internals/static/img/evidence/1937b90ebfa5ab3e74c4d6afd5c0de5f29565298a9c22c6306e486c948152c62.jpg,2,site/docs/GoogleSearches/tyler-robinson-lance-twiggs-searches.mdx
site/internals/static/img/evidence/1a73aa67597c61690e7de8acfd3e90cb8e78d32e5749a2eb5dec9f10ea00109e.jpg,6,site/docs/Timeline/media-vs-citizen-investigation-timeline.mdx
site/internals/static/img/evidence/1b11b59ae4807cf9f6337ab504344e35ac9994efe1406443641c45b8fef08edc.jpg,1,site/docs/GoogleSearches/july-20-2025-anchor.mdx
site/internals/static/img/evidence/1bee10463bf66d610eb6816b34d64454d6df3c849fba54a52b3e5046e1c2fdfb.jpg,6,site/docs/Mic/aes-heber-nashville-flight.mdx
site/internals/static/img/evidence/1d3e64f823d3d14050a164938495478e3bdf5c6e9c170cadafc962fb87c03c38.jpg,7,site/docs/GoogleSearches/july-20-2025-anchor.mdx
site/internals/static/img/evidence/1dc5b70fd58f58c2732584608da59b150b70cf889e0b3102bb996f59c352d623.jpg,6,site/docs/Legal/Assassination-Investigation.mdx
site/internals/static/img/evidence/1ded1612bc1d44a8dcf04ab83da9027a53223d2d21002705d364eae942ddf09c.jpg,1,site/docs/laws/explain/all/overview.mdx
site/internals/static/img/evidence/1e016394fb6c995a72520bb59c5e903fd63c37f873e2ab5de7d3548b8e5c4b8c.jpg,5,site/docs/Messages/huckabee-disappear-remark.mdx
site/internals/static/img/evidence/1e70ebad8df8474ba1d070dd905b69910217b9f0a041a290d3f3a5a5295ea0fb.jpg,8,site/docs/Amfest/july-20-2025-amfest-week.mdx
site/internals/static/img/evidence/1e9261e5157c1e0a851ddd133c1158bed960e2c0285e1cd136da7dc08b32ef25.jpg,6,site/docs/Timeline/Tyler_Robinson/Affidavit_Probable_Cause.mdx
site/internals/static/img/evidence/1f0ebf9d7cca6d6cb6eb8a5360f8a0bc7eee225f610efb7c12e64413feca7ed0.jpg,4,site/docs/Fix/Event_Security.mdx
site/internals/static/img/evidence/1fd5193cb14e0dc80f3811d2d4a6494f564fcb5fceb4a3773c4a9d05dd4ae6f4.webp,4,site/docs/Timeline/military-meeting-july-20.mdx
site/internals/static/img/evidence/20325c1059bdaeb3e66e7ddb9910fdb7e054bceada52f3cddde8bfe1b0eac9fb.jpg,1,site/docs/Timeline/overview.mdx
site/internals/static/img/evidence/21a5930d37bb3498c1008742ebd47d7eff25460f642b93dd65358e0614b5fef4.jpg,5,site/docs/Timeline/foreign-leaders-meeting-july-20.mdx
site/internals/static/img/evidence/228955da6770f93a088d1dc015771235f37fc4303e6f72c48b860983b5d4f116.jpg,1,site/docs/Mic/AV_Team_Mic_Setup.mdx
site/internals/static/img/evidence/258a0ad3ed9043b82a18b2e2d906d63a47da27c3511156d935fe495f32df8781.jpg,1,site/docs/Mic/lipo-battery-short-charge.mdx
site/internals/static/img/evidence/25d18c235c5824d726e3546e2ee845fb10f22f0ada22c63691d4f114ce10135b.jpg,1,site/docs/Media/Candace-Owens-Israel-Controversies.mdx
site/internals/static/img/evidence/262fab28bf3949fa4dd4047e2856d54ec8a5a63be52287b9b26ff8d2479b9e9d.jpg,2,site/docs/Mic/Chest_Shot_Witnesses.mdx
site/internals/static/img/evidence/2822c596594fcbd730e5ccc87882a1b8315806e8c6d05f8b878e7d3a2b5fd92e.jpg,1,site/docs/GoogleSearches/overview.mdx
site/internals/static/img/evidence/28532457f261668db9f0588ff5a763796ced31b4e64c2ed6ace1eed4669c4660.jpg,2,site/docs/GoogleSearches/kathryn-nester-searches.mdx
site/internals/static/img/evidence/291b97280d947c4487702eb445272de156475b36ccb6c9b66ea507bde8f9cb3d.webp,3,site/docs/Fix/Churches.mdx
site/internals/static/img/evidence/2a17a28aee0302a535501fdbdc1ebb7ef9c5440142278b478b42bc09cee0b209.jpg,1,site/docs/Timeline/rental-cars-vehicle-movements-timeline.mdx
site/internals/static/img/evidence/2a2594ffc990746fae7b38b755cd0311973f7a16ce9d01ff25078ab6747c74a4.jpg,1,site/docs/Messages/signal-telegram-not-imessage.mdx
site/internals/static/img/evidence/2a40dffd779b1abdb0efccef8dd6a7302fc738c00d862fdc74c72352504817a6.jpg,1,site/docs/GoogleSearches/timpanogos-medical-searches.mdx
site/internals/static/img/evidence/2af683b9a388552c7e77c2061aae8a0534b03e0686b6e9c3f785ce62b7db9ebf.jpg,2,site/docs/Timeline/july-18-decision.mdx
site/internals/static/img/evidence/2b07cf53a737db85360119e53aada0800ee5cbcd0aceef4ccc0a18ed960591dc.jpg,1,site/docs/Media/social-media-platforms.mdx
site/internals/static/img/evidence/2b9f30217cb2ba371910b75455c2ef7736b07896c63cdb278ff4a57e42a3036b.png,1,site/docs/Timeline/su-btt-plane-movements-timeline.mdx
site/internals/static/img/evidence/2bb2ccfbfed626f09d7b179d4f2cdc31e3937ce54836b988ef1241efd8c07f47.jpg,1,site/docs/Timeline/utah-officials-cox-timeline.mdx
site/internals/static/img/evidence/2be6950ea21bd06ad449963b8f23ae7cc68833a4500521e0a020d8be57d3c727.jpg,1,site/docs/Mic/rode-wireless-mic.mdx
site/internals/static/img/evidence/2c17ba2b67ec3f54dc5eaa5d3880c0711c035f6573e2d9733e49aa7b014513fb.jpg,2,site/docs/Legal/Parent-Attorney-Selection.mdx
site/internals/static/img/evidence/2ca9b5e9741057b39c897245286fc3ce2e75e5bc0b5a9f7e6dc433d62b6ec7d6.jpg,7,site/docs/Media/Censorship.mdx
site/internals/static/img/evidence/2cc12ca473c24ae21c7bdc61ea68999c6cf66d095744089f448c16b6b55a0e87.jpg,3,site/docs/laws/4_Trusted_Investigations/more/Output_Analysis.md
site/internals/static/img/evidence/2cccf87356ea74face6fba3bc528af45658327cbe49e32e138e3e947e57be218.jpg,1,site/docs/Mic/AV_Team_Mic_Setup.mdx
site/internals/static/img/evidence/2cff07707dd5eea61b68334052303f2bc5f73dbac560bf7d0544a31df5b3fd14.jpg,9,site/docs/Timeline/2025.mdx
site/internals/static/img/evidence/2d4e938c62a43e269ddf4665a32a1628c8c086a583d68273beb3e42d555a36d1.jpg,1,site/docs/Media/september-10-breaking-news.mdx
site/internals/static/img/evidence/2d7bf7f501b5b6a1ef0fe97ddb148aa09905bc89ff643e50aa7c2f3cc2c2b4d7.jpg,3,site/docs/Media/social-media-platforms.mdx
site/internals/static/img/evidence/2e5b79cbaec76626e4b205791d051ec30f616a253b7917b48d04442042793a89.jpg,1,site/docs/Timeline/high-pressure-meeting-sept-9.mdx
site/internals/static/img/evidence/2f16ff6f2e6e5cff7be84be408ac1a0520c8e955d1d21b931cb4c40aef1dc9d6.jpg,1,site/docs/Mic/Table_Jumpers_Device.mdx
site/internals/static/img/evidence/30d0c3bf7d8da1f59f477fb875e30e6be6b85ac4d17a0fcbfd444c49302af5c7.jpg,6,site/docs/GoogleSearches/crane-search-patterns.mdx
site/internals/static/img/evidence/3141a446bf56286a638cfca277ad553cc474138030dfdd48f543aab5449bac78.jpg,4,site/docs/Fix/Churches.mdx
site/internals/static/img/evidence/31980aa6f32548a2a50916fec14ca4ccd8bd34498250a98e449b34b0fdc3a1ff.jpg,1,site/docs/Timeline/utah-officials-cox-timeline.mdx
site/internals/static/img/evidence/319de07fd86b3f460e4ac35cf156448a9ed6d2186fad7ab5595782d7d2134914.jpg,46,site/docs/Amfest/booking-as-policy.mdx
site/internals/static/img/evidence/31ae535cff613979d05b0e07024ddb7db6d0fa1fc6cfd3b5b2bda4fb566d20ed.jpg,5,site/docs/Timeline/rental-cars-vehicle-movements-timeline.mdx
site/internals/static/img/evidence/33938bf0c2c1b588952373fcd1c611da1a6d920e6f139cfaded0ace5c148ac40.jpg,1,site/docs/Timeline/rental-cars-vehicle-movements-timeline.mdx
site/internals/static/img/evidence/344cb658f368fd6edf926ae43051835915b01eaae4802cc9217a05dadad06402.jpg,1,site/docs/maps/wooded-area-rifle-recovery.mdx
site/internals/static/img/evidence/36a900534638c405220715aff6478e41c21024245256110c3ad38989e33958aa.jpg,1,site/docs/Timeline/high-pressure-meeting-sept-9.mdx
site/internals/static/img/evidence/3775447a01c1c498d693b11e57af49c044552103d1c3e53f924d675b5f6e3614.jpg,4,site/docs/Fix/Digital_Evidence.mdx
site/internals/static/img/evidence/38ea0d7c328a44aeae279dfeee6e33869e06f6509a43b8083c8af89120b3698f.jpg,1,site/docs/maps/overview.mdx
site/internals/static/img/evidence/3ad41014314327368357b8056af8f3febe5fd9337438eb3004d86c9ab4df9e05.jpg,1,site/docs/GoogleSearches/fort-huachuca-sept-9-searches.mdx
site/internals/static/img/evidence/3b33ea3011ce2eb7d0fc05720b45b229838271457bc5f3cf935fa2a84071915d.jpg,1,site/docs/Mic/six-forensic-physics-phenomena.mdx
site/internals/static/img/evidence/3b3acb01227226e63aa05c252434bef09df48d656f41eb954c5ef0160b5b1c62.jpg,15,site/docs/Media/Guardian-Kirk-Beliefs.mdx
site/internals/static/img/evidence/3cddf4b597debc4449aec6cab8f03f39667700b939d223f9b81325943098eed0.jpg,1,site/docs/Timeline/nebraska-army-base-july-20.mdx
site/internals/static/img/evidence/3d16bf915d1e3afa214cc07cae21c6e3fd5ad493d38d3259bd7181b4405d79e3.jpg,1,site/docs/Timeline/high-pressure-meeting-sept-9.mdx
site/internals/static/img/evidence/3dd9afe7212151e8707fc75cae695e9918596656c740d960aef174e9ede74055.jpg,2,site/docs/Mic/AES.mdx
site/internals/static/img/evidence/3efcd3ad61b842f84acd4844e5da13eaec83563430004cf03882b39d0640530a.jpg,6,site/docs/Amfest/amfest-2024-tucker-epstein.mdx
site/internals/static/img/evidence/3f8b5e8e6a3a70df1ba8156e593ac51cbe60670b784a1eef90361d4453011457.jpg,5,site/docs/Timeline/medical-death-timeline.mdx
site/internals/static/img/evidence/407aa85f1a214bfd0b2f2d367571009003634239001a81003b352b62fa2e8d0b.jpg,1,site/docs/Timeline/utah-officials-cox-timeline.mdx
site/internals/static/img/evidence/40a02b2135f13b38061559f8a32315308c8ac530919671642c83fae796ad643a.jpg,1,site/docs/Mic/AV_Team_Mic_Setup.mdx
site/internals/static/img/evidence/40b31e704890ac5b88e6e1d9fbd14bc28e3167761f96282585392a0175e2283d.jpg,1,site/docs/Mic/burnt-object-rode-transmitter.mdx
site/internals/static/img/evidence/40fad2de9820c3bc0dc92e47e4e91cf815e665107b4613bdb5ecba02e810b1a5.jpg,7,site/docs/Timeline/baron-coleman-timeline.mdx
site/internals/static/img/evidence/4109d04f53410c6af37521ee84439d54b84ec2a26ae577df8ae6335b1dc6ec03.jpg,1,site/docs/Timeline/cell-tower-phone-data-timeline.mdx
site/internals/static/img/evidence/419e6c37e7bb07ddf170b2aaeee698a915c49a10b8e75eae403b6f1b56f573e9.jpg,1,site/docs/Timeline/high-pressure-meeting-sept-9.mdx
site/internals/static/img/evidence/4226b8db5485a5a29c12dd31bd9e0fbe2547d8d4f2046ab52a321794a735b623.jpg,11,site/docs/GoogleSearches/july-20-2025-anchor.mdx
site/internals/static/img/evidence/42339a52b1c3d686e611d5a25e1d30ab58804d4868ed01df9bddf1a6d371fb7d.jpg,10,site/docs/Fix/Discovery_Rights.mdx
site/internals/static/img/evidence/43090e7a006af125818654d224e71b272a3e8dc639cf29a5e72bcf36a385268a.jpg,1,site/docs/Mic/AV_Team_Mic_Setup.mdx
site/internals/static/img/evidence/430f3e5b8dde33e5cf8e98529c7abe8dff711155b9b69ccbfea8fe1d09fbb97e.jpg,1,site/docs/Media/overview.mdx
site/internals/static/img/evidence/43db211b21f81c1f70deac0747003a7253b7c379b07491acd41e3c1ff607a63f.jpg,3,site/docs/Timeline/Tyler_Robinson.mdx
site/internals/static/img/evidence/448e0dcff9d651cf49fde26393fc69cc065a2a53837c073af68e5c7dd0ec833f.jpg,16,site/docs/Cause_of_Death/overview.mdx
site/internals/static/img/evidence/45669ed00bebc810708f0fb48bbe74becf2539661e2426db0860aca80e8f9eec.jpg,6,site/docs/court/Days_in_Court/2025-11-20-docket.mdx
site/internals/static/img/evidence/458c878bd2167a1f199edf1e16bb454d86019dff773eb03a8a731577e83fa2a9.jpg,2,site/docs/Consciousness_Control/cia-darpa-havana-mind-control.mdx
site/internals/static/img/evidence/4615dfc16a54bcfcdbf93a4056cedccdf307c10479cf5bcc8fb71d7adb898332.jpg,1,site/docs/Messages/message-to-andrew-kolvet.mdx
site/internals/static/img/evidence/46ea6c762425353031806ea40731874e5b5e2a639b79726d77ff5b72b90f37de.jpg,1,site/docs/Timeline/n1098l-plane-activity-timeline.mdx
site/internals/static/img/evidence/471536d44df3d1c86d1c383197b6a4e36018f2a6d30e6707dbe79e340a96cf6a.png,2,site/docs/GoogleSearches/tyler-robinson-lance-twiggs-searches.mdx
site/internals/static/img/evidence/478b1aaf46c7f3b82238dac821132f555cbba136e6d324f650e913acded5c4e3.jpg,4,site/docs/laws/1_DoJ_FBI/more/Human_Requirements.md
site/internals/static/img/evidence/480aeeccdd73ec11e62fd99d902c3c77c1857db63ad006e494fc9187be2fed0b.jpg,1,site/docs/laws/explain/all/overview.mdx
site/internals/static/img/evidence/4862d99bacb3ba1a618c120c7968fc7ce4486bde5104fa02753f3e73feeeb7a8.jpg,1,site/docs/Media/Trump-Votes-Speech.mdx
site/internals/static/img/evidence/49eaf1853a58ce9d5132416d6614b2eaf675364408c0e05103bccfaaac7d3bc0.jpg,4,site/docs/Mic/Explosive_Residue_Coverup/dirt-hauled-immediately.mdx
site/internals/static/img/evidence/4a14b6dd8cea514897bf4f7dbd965f5d40a49913ac2b8b38dbf77edbc0f89351.jpg,1,site/docs/Mic/burnt-object-rode-transmitter.mdx
site/internals/static/img/evidence/4a52029e51ebfe6005fda43173477f03b06e4bea7a4eea6d2e7ef00127eb4264.jpg,1,site/docs/Timeline/years.mdx
site/internals/static/img/evidence/4a64aa4dbc1f8fb511a3956ca34edb2a71c036fc1db61fcbef0ea1c353620fb0.jpg,1,site/docs/Timeline/su-btt-plane-movements-timeline.mdx
site/internals/static/img/evidence/4a76a7b529fc608a35d4ad6061c5e866fbe678677db504467fc4940979e1c6c4.jpg,1,site/docs/maps/overview.mdx
site/internals/static/img/evidence/4aa8288d8057815dd2e7d726cef33a23abe0f2d122c06e5d4958b5b26e1f88b9.png,6,site/docs/laws/explain/all/4_laws_svg/needs_law_2.mdx
site/internals/static/img/evidence/4aab71cf670c99047afdf00fb8e547c1545621a1ba6a3b1b63d59baa1fd6bcc8.jpg,1,site/docs/Media/september-10-breaking-news.mdx
site/internals/static/img/evidence/4b2579d354081175e1a994abbaecab6295611ae0e55d28c28560b83b5f6a77e3.jpg,2,site/docs/Timeline/overview.mdx
site/internals/static/img/evidence/4bb8110d5e1f4d95473412ae6a56da0183247dca465b4f6a8ab60d808e4b3646.jpg,1,site/docs/GoogleSearches/fort-huachuca-image-searches.mdx
site/internals/static/img/evidence/4c34500ef4446e3e19edcb879c72cf9ce7e1c830c865d16b72fba0fdc9c28d4c.jpg,1,site/docs/Timeline/nebraska-army-base-july-20.mdx
site/internals/static/img/evidence/4c45b41eb322bf438bb25aec929e851ca8e4881e509af12473035fa258470053.jpg,1,site/docs/Fix/Foreign_Influence.mdx
site/internals/static/img/evidence/4ca7aec363fe0c132a1aac84b85696655a57f84b41cc318e3864c6a4d1227aa2.jpg,2,site/docs/Mic/aes-heber-nashville-flight.mdx
site/internals/static/img/evidence/4ded938d0d7d8f8466f4c8f7b2b8713738198da5e9e549f2babfd5d175d98ec8.jpg,1,site/docs/Messages/harrison-smith-account.mdx
site/internals/static/img/evidence/4eb7c20273532f8047faa83e27da57409b1cceca326d9e4d58449a2ec4c74664.jpg,5,site/docs/laws/README.md
site/internals/static/img/evidence/4fbd59725c53d3e94863c9010c3e46e086e499473cd934b3174191fb1420f8b6.jpg,1,site/docs/Timeline/discovery-brady-evidence-timeline.mdx
site/internals/static/img/evidence/502cea0e75d4dd0e85d85952048a4e17e7bcd6fea70264f5e07a83ff24801c39.jpg,1,site/docs/Legal/Parent-Attorney-Selection.mdx
site/internals/static/img/evidence/50ba46472f632b0340d07845e1f492c77dda3679839ec7239a4727bdfbfc7aac.jpg,1,site/docs/Mic/Mic_vs_Pendant.mdx
site/internals/static/img/evidence/515f5c76b1367cb271e333bbb91ff5dd60b33bca441f54b6e9f7cc9745db2b4b.jpg,1,site/docs/Mic/suv-transporting-charlie.mdx
site/internals/static/img/evidence/51d602245489737a5f584aa6dfa9d40c897bdaca2ddaab746d83b02d7a556318.jpg,1,site/docs/Timeline/camera-sightings-tyler-robinson.mdx
site/internals/static/img/evidence/5281380355049b6c6bbf1cf8477124218caace48819d3abdc329203455f96af5.jpg,1,site/docs/Timeline/other-planes-activity-timeline.mdx
site/internals/static/img/evidence/52deddaff010b90c6b47311b55faf21f531a21602a1a7ff246bb5756d69b2883.webp,5,site/docs/Timeline/2026.mdx
site/internals/static/img/evidence/53d4fc081e8fc8d1b85de3b8eda8aa0a76f3a826372aea7c8632216a1533694a.jpg,1,site/docs/GoogleSearches/kathryn-nester-searches.mdx
site/internals/static/img/evidence/54755ff587183506f653b3488692c0442abf2584ebf7c3dacfd8c836ce061997.webp,5,site/docs/Amfest/candace-amfest-block-pressure.mdx
site/internals/static/img/evidence/54ae6e0382601cd1432f797f7a81185f09b9acdcf80eb55a6b8d6ed2eb81dadc.jpg,7,site/docs/Mic/Explosive_Residue_Coverup/fbi-didnt-take-car-custody.mdx
site/internals/static/img/evidence/55304b09e0a814d0b394b57e766ff0363f15f729027cabeced4270b36169954e.jpg,2,site/docs/Media/Presidential-Medal-of-Freedom.mdx
site/internals/static/img/evidence/56814b12ee34d92461d217055729025d592d3989ec7be11eb5bf11c6b864134b.jpg,10,site/docs/Timeline/12-23-shooting-time.mdx
site/internals/static/img/evidence/569670783c20e2fd36d4cdb195c2970dbc5abf683152ddd449579f36f3a28200.jpg,1,site/docs/Media/overview.mdx
site/internals/static/img/evidence/57515bd1082e987c539b494172020b006e25682acf7c0b1b23506c2d8b074e7a.jpg,1,site/docs/maps/overview.mdx
site/internals/static/img/evidence/57bf48584b5b59d8356c96b60041a97f4bc246dbb84db5453cc86e0d89179288.jpg,2,site/docs/Photos/Fix_Laws/Fix_Churches/Img_Photo_57bf48.mdx
site/internals/static/img/evidence/57e8649135b81537b51362bd11256633b2a8c8e1fd72ebecbd1729e3a206ee9c.jpg,1,site/docs/GoogleSearches/fbi-dps-law-enforcement-searches.mdx
site/internals/static/img/evidence/58638d1f353f177b959f3762e1ec76e49e9623bc16aeeb607f338916698fe9da.jpg,5,site/docs/Amfest/amfest-2025-december.mdx
site/internals/static/img/evidence/58e1d532f040ff2f115ea4ce2be4f9389a7e20951c979cabb01246ce4c05c8f7.jpg,3,site/docs/court/defense-team.mdx
site/internals/static/img/evidence/59ac61a59bab1df3ba9c35fd82431b6c9e30ed054eb04f3e55088477df6ea041.webp,1,site/docs/Mic/Explosive_Residue_Coverup/dirt-hauled-immediately.mdx
site/internals/static/img/evidence/5a77127c276889322ff49b657d9aee332cb9a6fd74045d00d0435e87b317e46b.jpg,1,site/docs/Timeline/years.mdx
site/internals/static/img/evidence/5ac38d480199bebd826fba3ddfea25bbdc1dcac19fc4bcf6022b04f10dc3759e.webp,1,site/docs/court/mirandize/baron-coleman-early-turn-in.mdx
site/internals/static/img/evidence/5b6814e1345ea5fa96a2dc2e11024f69fe9198818ffdd2c94c03640d0be781e5.jpg,1,site/docs/Fix/Victim_Family_Rights.mdx
site/internals/static/img/evidence/5b88d3c2abf28b9fc3eb8d18bb377b0ced02659982c0c1b9055e3f148f9254ed.jpg,8,site/docs/Amfest/candace-amfest-block-pressure.mdx
site/internals/static/img/evidence/5c5e4be051cc0d39fdc7a5624215fdddf1876982da33fe2f511fbc5f76e9c947.jpg,1,site/docs/Mic/rob-oneill-navy-seal-testimony.mdx
site/internals/static/img/evidence/5c8653634b2dddb5a21612b51c01a26edc9da8e8a3429582906d91c6615ece3f.jpg,1,site/docs/Mic/rode-wireless-mic.mdx
site/internals/static/img/evidence/5c8b6088248f4c90c04772159fa37272d1112fc5e29469375d648005ef23686b.jpg,2,site/docs/Media/Media_Articles.mdx
site/internals/static/img/evidence/5cb1454bdc5b51cfc4d04cd43770b28ab62278ec41a5e34cf34db1be12d4335a.jpg,1,site/docs/Mic/six-forensic-physics-phenomena.mdx
site/internals/static/img/evidence/5cd975c668c1423924a1231abec40c97a00522ab097b87dacebf2056aface6c1.jpg,3,site/docs/GoogleSearches/centcom-search-patterns.mdx
site/internals/static/img/evidence/5d897ceb91fef1184bd5ac0996f9636f39860317e743a144852914e8a371eb13.jpg,7,site/docs/Media/Leaked-Kirk-Texts.mdx
site/internals/static/img/evidence/5d998ffa4cad60a88fdc78d38ceb54cc5f0c3d24954bb6c49daacde5d2472657.jpg,1,site/docs/Timeline/2026.mdx
site/internals/static/img/evidence/5df6b13428ba9d8fc58212996aff8766f6062c3b8ec12662872b6f20ada0c646.webp,1,site/docs/Media/Presidential-Medal-of-Freedom.mdx
site/internals/static/img/evidence/5e8797dccf4375c3a21e131e79ee95238cc71780ef838907830fc611b8d58015.jpg,6,site/docs/Timeline/tyler-robinson-post-shot-escape.mdx
site/internals/static/img/evidence/5ed444d4585ab4a64f256a08cf562f48771691a0949953a2072c803640aeb662.jpg,6,site/docs/Timeline/audio-acoustic-mic-timeline.mdx
site/internals/static/img/evidence/5f1f3a37727bb1c6844c1762651731bd348897da93ff448474a188b6b5f98b75.png,2,site/docs/Timeline/2026.mdx
site/internals/static/img/evidence/5f83c6e3644de794e6ba872cc40d57898f26bac9ba4d0fd4e3c46c598f172ebc.jpg,1,site/docs/laws/explain/all/overview.mdx
site/internals/static/img/evidence/5fb5ca5a53ef60179251ec1c47ea5a0de9f80fada4a93639409dea7321d2cfa7.jpg,2,site/docs/GoogleSearches/fort-huachuca-image-searches.mdx
site/internals/static/img/evidence/601eb5b32acb059c0e5c6e94eba3b5d1df13ea0d9440315e06a649f4750ad2c4.jpg,1,site/docs/Timeline/rental-cars-vehicle-movements-timeline.mdx
site/internals/static/img/evidence/607a37fb453b2c683cb4003a912845033d1a38c49e0ed981d49b9a514e474604.jpg,1,site/docs/Timeline/roof-jumping-timeline.mdx
site/internals/static/img/evidence/608f2385924f6ec647c8ca7af899f94ad930b82d7613c3ae682d87445a3879c6.jpg,2,site/docs/GoogleSearches/overview.mdx
site/internals/static/img/evidence/60b0e408389a36f43d96f5453e042872974380618519d1b26a4b85c73bb4de8b.jpg,1,site/docs/Media/News-Sources-Analysis.mdx
site/internals/static/img/evidence/613bc51ae92d9f4891f660da5cc33289b69c135a9b96ac84637d142341702934.jpg,10,site/docs/GoogleSearches/dia-search-patterns.mdx
site/internals/static/img/evidence/614529a6775e37496829bb960031df45955cfc24294fe10eef039bb064c79512.jpg,3,site/docs/Amfest/donor-pressure-bookings.mdx
site/internals/static/img/evidence/61f901af6b2c6a1e80dacef30a2b06eb90b808420a4807fb7af09ddb9ea4953d.jpg,1,site/docs/Media/Presidential-Medal-of-Freedom.mdx
site/internals/static/img/evidence/6227006b3ef76ea79440cd6b2104c2ed75fa597b33e029c40fd449ae5c947477.jpg,2,site/docs/Timeline/su-btt-plane-movements-timeline.mdx
site/internals/static/img/evidence/62f9f65322e2252a9901975f52c048d675bdc842391781ea4aea0950b1b4e4c0.jpg,1,site/docs/Mic/Demo_of_shape_charge.mdx
site/internals/static/img/evidence/6301de96e2a78e6a3fd308434fd6dfcd02861b729ee1fa5fa108bc133bd88107.jpg,20,site/docs/Fix/Churches.mdx
site/internals/static/img/evidence/636222b08b9ab924c6a8d2956875a5955e65be0fa53883b8baa3918f93740110.jpg,1,site/docs/court/mirandize/overview.mdx
site/internals/static/img/evidence/6374651ceaffc551994e8c15b3ad62d524e7f50d316ca24baaf7fda775e9754a.jpg,2,site/docs/Photos/Fix_Laws/Fix_Politicans/Img_Photo_637465.mdx
site/internals/static/img/evidence/642ba2f67cb520fcd17f4141d678d5217913364297d7be8aa75eddfa4c579c64.jpg,1,site/docs/Mic/six-forensic-physics-phenomena.mdx
site/internals/static/img/evidence/64c7681e6c0a615f9633ffd4c75b73b0f273261a243ccfc9d6680fe18f9ed75d.jpg,1,site/docs/GoogleSearches/july-20-2025-anchor.mdx
site/internals/static/img/evidence/654846331f9d0cd684ea9d3b1f795e19e16ca4ceb30f9e0372784e33b7830dc1.webp,1,site/docs/Timeline/high-pressure-meeting-sept-9.mdx
site/internals/static/img/evidence/654ead41ca33faa0a8278ec1d23dba8bdcf6a20a4de75da67d07f9f0d41b38af.jpg,1,site/docs/GoogleSearches/kathryn-nester-searches.mdx
site/internals/static/img/evidence/656e9a4d402a599e0385498692a8ecdb1593d86ec695a36b8eada182e7ecfaae.jpg,1,site/docs/Mic/six-forensic-physics-phenomena.mdx
site/internals/static/img/evidence/6570ea6a80f0fb411e8f9dad3a7391adf4f1eb9d1048c8a84b31050970cf023d.jpg,4,site/docs/Photos/Fix_Laws/disabled/Fix_disabled_Law1/Img_Photo_6570ea.mdx
site/internals/static/img/evidence/65806daec3bd5680a6a3216bf20608308046014e4407c20d36e157981bada572.jpg,1,site/docs/GoogleSearches/july-20-2025-anchor.mdx
site/internals/static/img/evidence/65a6acfaf6ab52cb68e5ee7fae1e6d2c81da0b3ece775ba590ff92f875609469.jpg,1,site/docs/Mic/explosive-residue.mdx
site/internals/static/img/evidence/65dad35e18bb800a824bfc0f805328c9d265755d7cdcb9f27be58343dcd7c309.jpg,1,site/docs/Mic/Chest_Shot_Witnesses.mdx
site/internals/static/img/evidence/65e041584366dd6d921c9a23f35edb56a3efcfbd20b5a24399e081ed7f8e11d9.jpg,6,site/docs/GoogleSearches/investigation-index.mdx
site/internals/static/img/evidence/6633a3642bcaeed34c1f4dadf6aef8d77c4f2684ee637d18180d3c44daabe196.jpg,1,site/docs/Timeline/they-are-going-to-kill-me-text.mdx
site/internals/static/img/evidence/66c268ce2bcadc10707657bec4da3a4dc5a95defdcea02e8882c6e9c0dd7f8b9.jpg,1,site/docs/Mic/rode-wireless-mic.mdx
site/internals/static/img/evidence/686fd24e926cc1479eb8893a82b080f65895674e8d31abbadaf53c7eaf4d03c3.jpg,1,site/docs/GoogleSearches/judges-graf-lunnen-searches.mdx
site/internals/static/img/evidence/688b2ce7469cb8100edfc24d233a14398ffcd6d8f4c7e934c20de1ec4c0d07a3.jpg,3,site/docs/Mic/Explosive_Residue_Coverup/ceiling-painted-rainbow-building.mdx
site/internals/static/img/evidence/6b0f77aaf4c035c572920c8f06e1e26cb7dc7021bdcf669120d2c31cf84833f4.jpg,19,site/docs/Amfest/murder-tent-replica.mdx
site/internals/static/img/evidence/6b4e4126e01e5ad0efbe5db66e21153962ad584c1581389e6b35282f9abdd2fd.jpg,8,site/docs/Legal/FBI-Witness-Intimidation.mdx
site/internals/static/img/evidence/6b920e608a207f92d5ff168718b39b8f683bbbae619efa105dae7ecdcc690300.jpg,1,site/docs/Media/Media_Articles.mdx
site/internals/static/img/evidence/6c3bd6197c22dc9c0e8c92e53811b88a607de76688be4ceaaa183d449fb49c2a.jpg,2,site/docs/Timeline/funeral-memorial-timeline.mdx
site/internals/static/img/evidence/6d632951576669350c400e2d5d0fd3dd8026d55d62bba34a357a5e30e2fd386b.jpg,3,site/docs/Fix/Foreign_Influence.mdx
site/internals/static/img/evidence/6e444aa1102e18fad6733d7bf2193e1cbc97f2fcb09d55b2e757d0072abb30e0.jpg,2,site/docs/court/discord-evidence-court.mdx
site/internals/static/img/evidence/6e444aa1102e18fad6733d7bf2193e1cbc97f2fcb09d55b2e757d0072abb30e0.png,2,site/docs/court/discord-evidence-court.mdx
site/internals/static/img/evidence/6ef9f5c368c1ab54bad79e2f120355988cf4ee9c1046840c920027c9aa4001d8.jpg,8,site/docs/Amfest/candace-invitation.mdx
site/internals/static/img/evidence/6f2a4fd70b0821587f31ae9e51d71fbe209cb9dcc4df5a35c46ae48bb5c6361a.jpg,3,site/docs/Media/Media-Timeline-Compilation.mdx
site/internals/static/img/evidence/704b3a6ccef774bbd05dbb9aff5a88522f01c00d68eea192c7e626b8fbb9122a.jpg,1,site/docs/Timeline/utah-officials-cox-timeline.mdx
site/internals/static/img/evidence/707356c5027b07834a01f6b40d1df36c1e987cc2af6f197616ac8b3536269508.jpg,2,site/docs/Fix/Foreign_Influence.mdx
site/internals/static/img/evidence/70760480aa11b4b8ff8386f6ffd66b12f80d9f2a715e0c9e15a399d7c65bbbab.jpg,3,site/docs/Timeline/nebraska-army-base-july-20.mdx
site/internals/static/img/evidence/7131945e90532aa259cc1b5e09bccf4b2c4347e87fa8c722a6455f02964b771f.jpg,1,site/docs/Mic/exploding-pendant-shaped-charge.mdx
site/internals/static/img/evidence/7158183ba6bafdf39da87a2e8cbb75a67393153d4161e26a708706a6d626e62e.jpg,1,site/docs/maps/overview.mdx
site/internals/static/img/evidence/7249bb84f942e3296a009effe9b97e56a8ebf7d5daf5a29c64cedb02c5f427f8.jpg,2,site/docs/Media/News-Sources-Analysis.mdx
site/internals/static/img/evidence/732b75e2ad44680faf37151b5d2955e1f5dcef6560d2618df12ac0fdb6ccf27e.jpg,2,site/docs/Timeline/12-23-shooting-time.mdx
site/internals/static/img/evidence/736c189d145e5e3d8f18997c010c98a8faaf22f1d7ae940fa8d59a0dde761631.jpg,1,site/docs/Mic/six-forensic-physics-phenomena.mdx
site/internals/static/img/evidence/74c40a77189ab0c2206ee0bfb387dd939708946cee57e06fdaf3a056ff720b0a.jpg,2,site/docs/GoogleSearches/fort-huachuca-sept-9-searches.mdx
site/internals/static/img/evidence/74d287dc55bcd553d96b155bf4b607d05884545659a0a6594cab16639015817d.jpg,3,site/docs/Fix/Digital_Evidence.mdx
site/internals/static/img/evidence/74d3a21df0be3de21b31dad71e8aa2a645f35056c8b11c04da99dbe9bba4e299.jpg,12,site/docs/GoogleSearches/judges-graf-lunnen-searches.mdx
site/internals/static/img/evidence/74e7fc25b88fa897ac8e9ee1f0054a7552a43df2c38f18ab8b8481b8b22c53c4.jpg,2,site/docs/Amfest/what-is-americafest.mdx
site/internals/static/img/evidence/74eaf6454e86b35225a2ac3d72b84981ad88c46e973fef07d1684dffb238c617.jpg,1,site/docs/court/mirandize/overview.mdx
site/internals/static/img/evidence/74f84d944984ef9a000a5d21b07db193c29d22d3e950504806401e09e6838725.jpg,5,site/docs/Mic/Chest_Shot_Witnesses.mdx
site/internals/static/img/evidence/752490f5d3ec6238f22b3ae3f65ea9b02971cf32eb4ee4ca829cdd209f632b49.jpg,1,site/docs/court/mirandize/overview.mdx
site/internals/static/img/evidence/75a6cc1056036636499f7e8f85301a55c2743035f8fab3c60014842a9eb706b5.jpg,2,site/docs/Timeline/funeral-memorial-timeline.mdx
site/internals/static/img/evidence/76144641dbe61b8d3b6dfc1af9e741908cdc25166eaf2bf6ea86b5673d7b65d8.jpg,3,site/docs/Fix/disabled/Law3.mdx
site/internals/static/img/evidence/76bec3fba8f0691778b5170090a1c599191bbfab150ee088b147582405f1b878.jpg,1,site/docs/Mic/suv-transporting-charlie.mdx
site/internals/static/img/evidence/76c6bf771a046e2112d9512432578374be8a7595fd916dd39597aa8fd7aadb01.jpg,8,site/docs/Media/Mainstream-vs-Alternative-Media.mdx
site/internals/static/img/evidence/7749ebddd43fa5b3f7160fb8bbd7c37d13a2562d63d205bd6ec8c49fa52d908f.jpg,12,site/docs/Fix/Conclusion_Logic.mdx
site/internals/static/img/evidence/774f7ac04b5fac56578aa95bd7f84e78752b38a6932a00f2d7366cd6c2680999.jpg,2,site/docs/Legal/FBI-Witness-Intimidation.mdx
site/internals/static/img/evidence/775609c5845f3f2d68b9a76dab538e6d7883780fcba0c514ee397201bc3fad3f.jpg,1,site/docs/Media/Trump-Votes-Speech.mdx
site/internals/static/img/evidence/779d6006c2e8d2162d85d75932be83cf9483d1b87e660cd330f7a8185eaad228.jpg,13,site/docs/Amfest/ai-voice-and-memorial-tech.mdx
site/internals/static/img/evidence/77bc4589b4bb4246b01a506a1e4f842caf0360f9655b98d1fa29556ddfcaa74f.jpg,6,site/docs/Media/Israeli-Agenda-Criticism.mdx
site/internals/static/img/evidence/77ec10d3ff6d9625859ead5a4500f3513e7fe841a1e7fe235ee0a7b44dca2ab0.jpg,7,site/docs/Timeline/2026.mdx
site/internals/static/img/evidence/781289454f0c0fe4330607de536c9f1579c6ddf0e0d129419cc5507661c91b58.jpg,6,site/docs/Timeline/military-meeting-july-20.mdx
site/internals/static/img/evidence/78a78e6444a1610a0b7c607c7bebb1e5c61c9d1aaaccbc9194129cddeee82c2d.jpg,4,site/docs/GoogleSearches/planes-search-patterns.mdx
site/internals/static/img/evidence/793d08c9e7b2d6f362ca2f3d31c64a49aa0f7524eea157fbac5a14a8bb5ce760.jpg,1,site/docs/Timeline/years.mdx
site/internals/static/img/evidence/79ae77f2511f11a194fc8154aeb7992299725d9373d62c921f0b1a24e191f585.jpg,1,site/docs/Mic/Chest_Shot_Witnesses.mdx
site/internals/static/img/evidence/7a07c9a99a470b551e34dbdf324e8cf5b7f92ea6aef7a4f045c2ba42f903710a.jpg,1,site/docs/Mic/Stew_Peters_Broke_AES_Mic.mdx
site/internals/static/img/evidence/7a7e3152130a1510ba7a20177d3d3fdbe7a377227c59684588ec7ac7cde52e9e.jpg,2,site/docs/Photos/Fix_Laws/Fix_Churches/Img_Photo_7a7e31.mdx
site/internals/static/img/evidence/7ad8b97fd2c5cc4da187f76e0b561674c21292fd0ecefdf85557f4415da1b669.jpg,1,site/docs/Mic/Demo_of_shape_charge.mdx
site/internals/static/img/evidence/7c3dd6ba990844dda8b21f90c9045f64a1b29d378e905d5b5b819d0cbf4ace89.jpg,8,site/docs/Media/Presidential-Medal-of-Freedom.mdx
site/internals/static/img/evidence/7cd7978586eb143bd52adae52093950a2be723cf19d2cd5a8a3384415afa616c.jpg,1,site/docs/Timeline/they-are-going-to-kill-me-text.mdx
site/internals/static/img/evidence/7d049215577e70a49c4de015fa481f3817ce482a8da88894bf4f42b2e6a4edfb.jpg,5,site/docs/Mic/DoD_Contract.mdx
site/internals/static/img/evidence/7dbcc9a3a20d35536a728f55f1bd3a364c4c2b7d6a085f27c0d6d5ddf2c4437d.jpg,5,site/docs/Timeline/kash-patel-manhunt-timeline.mdx
site/internals/static/img/evidence/7e52025f00faeb9544d89460b555223a067ce0637bbcaddf0d1aacaf2787e02b.jpg,9,site/docs/Amfest/amfest-year-timeline.mdx
site/internals/static/img/evidence/7fde45c642354f7aa66b35b367dc12f0f1a5fb2a099701fc3aab8abc21938f69.jpg,6,site/docs/laws/other/List_Of_Laws.md
site/internals/static/img/evidence/804a17ac7c9c1aeed7f9c4baad93c1c358cc55a880192abf7975ae19191d9a62.jpg,1,site/docs/GoogleSearches/july-20-2025-anchor.mdx
site/internals/static/img/evidence/817c45191bb6f2da6d1f9229b5a97d92689b6d457cb470d4cca20330081d965b.jpg,1,site/docs/laws/other/analysis/Fixed/Any_more_to_Add.md
site/internals/static/img/evidence/81af02754596407a3c3bbdced4e10a0c1cb813684c42f9ddb5654092e1f6e815.jpg,4,site/docs/GoogleSearches/overview.mdx
site/internals/static/img/evidence/81b9efba10ea70a850edefa147c069d5d5209d254b2ac1ce0b1d5f936ce0dc9a.jpg,3,site/docs/Timeline/Tyler_Robinson/Affidavit_Probable_Cause.mdx
site/internals/static/img/evidence/81e9db705e6ac592626b1f9adfa931d112d36d989c4cb06a8845b43aaefcb40a.jpg,1,site/docs/GoogleSearches/kathryn-nester-searches.mdx
site/internals/static/img/evidence/838480a6c4a8a9c79984a3d18c17b4b6c5b7a3b427282867718e644bb4d7b70a.jpg,1,site/docs/Mic/DoD_Contract.mdx
site/internals/static/img/evidence/83970a308fb0da0b326dda5d77009a8162a6a69f303f4603ca695a7a26a53a24.jpg,1,site/docs/Timeline/they-are-going-to-kill-me-text.mdx
site/internals/static/img/evidence/83d1d4f19506e028046ae3644bd2672707ef7e152d6cadc6ab899e2c6575953b.jpg,2,site/docs/GoogleSearches/tyler-robinson-lance-twiggs-searches.mdx
site/internals/static/img/evidence/841469f3f911f49993ada72ddef1f229afec8ab2eab0e743a16c47da4e5de993.jpg,2,site/docs/Timeline/july-18-decision.mdx
site/internals/static/img/evidence/8433722e66626d23ea4fc2d81f4f1c1d2307be7cbafa4cd737bb40932b1cc87f.jpg,1,site/docs/Timeline/12-23-shooting-time.mdx
site/internals/static/img/evidence/851331ecc49337fec9d3685ba0eb903c180ed04ce8fd8bfbfd6db45037f51382.jpg,2,site/docs/Timeline/tyler-robinson-post-shot-escape.mdx
site/internals/static/img/evidence/85756bf37d5d83369982c44585bd713755d4a6e4a42330b847e253a66396ff8e.jpg,1,site/docs/Mic/Explosive_Residue_Coverup/fbi-didnt-take-car-custody.mdx
site/internals/static/img/evidence/85df3a40e56572025d537acd532939f8035c3132b565ad8b9d8d83f940083073.jpg,1,site/docs/Vote/overview.mdx
site/internals/static/img/evidence/866cae0fe55eac0b5a25595deac6fcfce28aeb3f0b0a7af420ba7b62c24b4488.jpg,4,site/docs/Amfest/ai-voice-and-memorial-tech.mdx
site/internals/static/img/evidence/873c3ecdd4729f990073ead03ee5d7f31c221183d7dcf13dab4caaff2a7cf7ea.jpg,1,site/docs/laws/explain/all/overview.mdx
site/internals/static/img/evidence/8771891b29d7783334da4140e199f0dcdc0034540511b6251537a0c8270ee8b5.webp,5,site/docs/Fix/Conclusion_Logic.mdx
site/internals/static/img/evidence/87e7482ed0a81e00cc7f3c51ee2ad43cfb4ca1102ff5798a3f6091bb78470887.jpg,1,site/docs/GoogleSearches/fort-huachuca-sept-9-searches.mdx
site/internals/static/img/evidence/880d2de6346251091a08b2d8bed92a5be1a4ac3734aefb444e149a6b60df07d6.jpg,1,site/docs/Media/tabloid-digital-press.mdx
site/internals/static/img/evidence/88e234a55b64906cc3d1c73b066ef5d2463bd8a6a121379c7d5f74628d458ff0.jpg,1,site/docs/GoogleSearches/judges-graf-lunnen-searches.mdx
site/internals/static/img/evidence/897950b6a9fc5912ff935457cc5d7008fcb00a032e7b98bb7f264ed91eac27f2.jpg,1,site/docs/Fix/Churches.mdx
site/internals/static/img/evidence/89aaa0c93d831181849190a68f97ec1d6a7fee728631d2c874962c7af934f138.jpg,2,site/docs/Timeline/hamptons-intervention-meeting.mdx
site/internals/static/img/evidence/8a6b3fb407c3bf95e802984db1436580514294435c1516f8606ad3e273eae774.jpg,3,site/docs/Timeline/Sept_10_2025.mdx
site/internals/static/img/evidence/8acd71166932814bab3ba220cc7dee5dc7f3b1af5eb341ccfe46b2896bf6b9cf.jpg,8,site/docs/Timeline/Tyler_Robinson/Affidavit_Probable_Cause.mdx
site/internals/static/img/evidence/8b54333bda484cbcb40f236eb628f8fe92c235103b43e826911d3e6e1dfa3071.jpg,1,site/docs/Mic/Demo_of_shape_charge.mdx
site/internals/static/img/evidence/8b74a7acc55ffaca666dfa957f06d89f9f1cbbe5ea405c0a256b707fb3153696.png,9,site/docs/Your_Actions_Fix_It/overview.mdx
site/internals/static/img/evidence/8bc9db0b387790d52e6bf6282342fcf460693b98bceb75667f078510c1c5e704.jpg,12,site/docs/Media/Mainstream-vs-Alternative-Media.mdx
site/internals/static/img/evidence/8e0f9f56cb156f7ab4cddf57edc89ad07ef996e749de93346a55672084a8145e.jpg,3,site/docs/Media/Wikipedia-Coverage.mdx
site/internals/static/img/evidence/8e19afea983c4849881c7c136c008f5be9cf21080f660fe5118273e99029f1c3.jpg,2,site/docs/Mic/DoD_Contract.mdx
site/internals/static/img/evidence/8ea10318cf002ae9becad27d33e7e063056c1b901906263be7199efee02a1c7e.jpg,1,site/docs/Timeline/Year_2024.mdx
site/internals/static/img/evidence/8ebedc73f837a5c7e8baa7e4019b2b622c18fa4b71032b030bb172f06d320c37.jpg,1,site/docs/Timeline/years.mdx
site/internals/static/img/evidence/8ef65284457a21552933d6ba5eb88290f1716605c806b938d4db5503014aabaa.jpg,2,site/docs/Cause_of_Death/overview.mdx
site/internals/static/img/evidence/8f9f5441955992b89bd3e39715cc1dfbfe2526784a72a601f6337322db2089f2.jpg,3,site/docs/GoogleSearches/tyler-robinson-lance-twiggs-searches.mdx
site/internals/static/img/evidence/8f9f5441955992b89bd3e39715cc1dfbfe2526784a72a601f6337322db2089f2.png,3,site/docs/GoogleSearches/tyler-robinson-lance-twiggs-searches.mdx
site/internals/static/img/evidence/8fe53be880b238641d49147cb00c582a1bacede53e04d8b62f151a409beb5bd7.jpg,2,site/docs/GoogleSearches/fort-huachuca-image-searches.mdx
site/internals/static/img/evidence/91ad6e2fd11c0d70de97b00d985e9f524e6fdd9b5ff9e20062cf18bedccd2326.jpg,10,site/docs/Mic/DoD_Contract.mdx
site/internals/static/img/evidence/93658ff74a1bb17ec1defe41628c6939b39642c5ea2877c20c5ed1dda0a672b9.jpg,2,site/docs/Photos/Fix_Laws/Fix_Churches/Img_Photo_93658f.mdx
site/internals/static/img/evidence/940356c3bc003cb19a8701aab97b203323ee693dfaa876123ec17ec59703a04f.jpg,1,site/docs/court/mirandize/overview.mdx
site/internals/static/img/evidence/9405be68410783839982412961e14d33445372c66015a1fbad6c97f5090063d5.jpg,1,site/docs/Fix/overview.mdx
site/internals/static/img/evidence/96363fe10906f32e0644a3756925c920ba5a01d71de96481c3303929d3251633.jpg,1,site/docs/Mic/burnt-object-rode-transmitter.mdx
site/internals/static/img/evidence/965c6a489097b9f743f7bb75f1204a5d072f0dac8a5adf0102f1df1a80926de7.jpg,1,site/docs/Mic/AV_Team_Mic_Setup.mdx
site/internals/static/img/evidence/96e0a46ed6be0f448522a4cc78e895d2f7cd28e40dc1a0b2e3e9e1a9d4de6d0e.jpg,1,site/docs/serena_hotel/phones_uvu_to_serena.mdx
site/internals/static/img/evidence/96f53fcb87680ee8633b7bc911840984bee0bd3566eea6df82072449c1cf1dc5.jpg,1,site/docs/Mic/six-forensic-physics-phenomena.mdx
site/internals/static/img/evidence/972a76c804e5c426999288859704814be57179d4597b4e5a0506266287836362.jpg,1,site/docs/index.mdx
site/internals/static/img/evidence/997cdcbf51b382a504554ab541d00ff4a5c0161e5324248f93399bd2aeb4ab27.jpg,7,site/docs/Mic/AES.mdx
site/internals/static/img/evidence/99f04173a6007a408178b38944a688c21bdbe65e06939a451a08bc47674203bf.jpg,3,site/docs/Photos/Fix_Laws/Fix_Churches/Img_Photo_99f041.mdx
site/internals/static/img/evidence/9a32cdfb779f73adc5e44a5f6a27c88513c717ede0e0ad425d591f9c789aa77c.jpg,3,site/docs/Mic/Canon_XA55_Audio.mdx
site/internals/static/img/evidence/9b0df1c98c0a23b8a2b3cca5e5c6917f54c03967289e81a5f5e466975e40db8a.jpg,2,site/docs/court/Days_in_Court/2026-07-06-prelim-day-1.mdx
site/internals/static/img/evidence/9b2e11f9531c66fd9870799d06ab52962c0c5cb1527706868ced03b4a04eb583.jpg,5,site/docs/Timeline/2026.mdx
site/internals/static/img/evidence/9ca5557d1f7da3990f5950ead0f5810c1bc6f2f2a56836799d48900b561f330f.jpg,5,site/docs/Fix/Conclusion_Logic.mdx
site/internals/static/img/evidence/9cbcff0fdef4f01159607846e18ee01e51ad6d3c02f265ce2e6789c6eeae984f.jpg,1,site/docs/Media/social-media-platforms.mdx
site/internals/static/img/evidence/9cc6832ff6f2ec5c2bcfea899c17dfcaaeeaabe83635dc2a240fbd63c549ae03.jpg,3,site/docs/GoogleSearches/planes-search-patterns.mdx
site/internals/static/img/evidence/9cd47f5904f80c550c9de0407c2b92b426640bd7027a5e644a2e684149f47306.jpg,5,site/docs/Timeline/cell-tower-phone-data-timeline.mdx
site/internals/static/img/evidence/9dca2bb97d956e038b880b3836ad4f9b42f0318604973478d458aeb355a25b99.jpg,1,site/docs/Timeline/overview.mdx
site/internals/static/img/evidence/9e2a9433420adabe5844b815827d75ca879291158b52ad08055f4544c2c44570.webp,1,site/docs/Timeline/censorship-information-control-timeline.mdx
site/internals/static/img/evidence/9e6da7d9bd8caaabc019af040f18fc5e0ed6c3881365a490cfea0aae30e1974a.jpg,6,site/docs/Media/broadcast-tv-networks.mdx
site/internals/static/img/evidence/9e974c5385883988da7abe72b760d209a92363f312729b3b5342a4fcdd6c8ffe.jpg,1,site/docs/Media/Presidential-Medal-of-Freedom.mdx
site/internals/static/img/evidence/9eb218cd90c3a4c2ee88075f29238d157f83c05af242648d93a78d3a933c46ad.jpg,1,site/docs/laws/other/analysis/Fixed/Any_more_to_Add.md
site/internals/static/img/evidence/9eef09cc303bf51fb495cf93564316be5e5f146ea3e3efbe44cb2658672f5784.jpg,1,site/docs/Amfest/ai-voice-and-memorial-tech.mdx
site/internals/static/img/evidence/9f9df9e2c28be66807d69913d4cb4a5b468747095f5e302e13d92029ea71bd37.jpg,6,site/docs/Amfest/dave-smith-booking-pressure.mdx
site/internals/static/img/evidence/9fedede6ebbd142a481e04c0b1134ac1287e3c9a3c044d18f7b2efd79938ef59.jpg,11,site/docs/Amfest/amfest-2024-tucker-epstein.mdx
site/internals/static/img/evidence/a052283ce340e75f222537e346c116ac0c80d702597b09cb283dc8a5646c3943.jpg,10,site/docs/Media/september-10-breaking-news.mdx
site/internals/static/img/evidence/a12d3767fa3cefabdd3aa61b3904bc0daf9fff46282c0503cd8ba6e3a2151868.jpg,1,site/docs/Timeline/cell-tower-phone-data-timeline.mdx
site/internals/static/img/evidence/a1468e5ebb96837f4ae5b34abc2d5d09d396d32c5b3103e4a7bd4af6daa87515.jpg,1,site/docs/GoogleSearches/kathryn-nester-searches.mdx
site/internals/static/img/evidence/a1d5c5a9d979ccdbe43867423fa830fe717df089e19f6ec7cd18e03b6688af2b.jpg,1,site/docs/GoogleSearches/overview.mdx
site/internals/static/img/evidence/a21d6ffceba9e1d112ba9169e91ecb3c62fa0f675abf1fb78ee83cb07caa07a7.jpg,1,site/docs/Mic/Mic_vs_Pendant.mdx
site/internals/static/img/evidence/a26e3564cb2fabdd95487cdc7fd60d92f023ad5ab748e88fc87f6fee880ad573.jpg,6,site/docs/GoogleSearches/kathryn-nester-searches.mdx
site/internals/static/img/evidence/a48ec9555647bc3b8c60efa596373149ad09e1cf7340989aa81961baa834d982.jpg,1,site/docs/Media/Presidential-Medal-of-Freedom.mdx
site/internals/static/img/evidence/a51f228094480878a63db9caa0c4f2f9d68d61ce3fe016e8d2557ad8e19dab92.jpg,1,site/docs/Mic/rob-oneill-navy-seal-testimony.mdx
site/internals/static/img/evidence/a536f326c0b89819d4bcb9601d92a11e3006f0c4eebf3d624d792f9a30471b3e.jpg,1,site/docs/laws/explain/all/overview.mdx
site/internals/static/img/evidence/a55f5e7c730a321a734021a8f260d60e8554aa11ea7c6dea2c53c9a30d6960c5.jpg,1,site/docs/Timeline/censorship-information-control-timeline.mdx
site/internals/static/img/evidence/a563bba647fc511abeb2bccae5228c83ff0dd786338a328597d71113eb3651b0.jpg,6,site/docs/Fix/Churches.mdx
site/internals/static/img/evidence/a5999bbba4288dabb0266403975b336daca4da9c0a2740ff5f2e6fa3a0451633.jpg,1,site/docs/Photos/Fix_Laws/disabled/Fix_disabled_Law1/Img_Photo_a5999b.mdx
site/internals/static/img/evidence/a59f5f464c81d4cf149097fa46a05af311bebbe5a090f87e82133986d1ec31f6.jpg,3,site/docs/Timeline/Sept_8_to_13.mdx
site/internals/static/img/evidence/a5e887fccbdda12cd9085df112737e0cd97cab2f8348af693cee0f315e053ec9.jpg,5,site/docs/Media/Candace-Owens-Israel-Controversies.mdx
site/internals/static/img/evidence/a66b044ce24115c33ed3109409dbbcb0901c8d8c54257936b87a7f78d90a2e09.jpg,2,site/docs/court/Days_in_Court/overview.mdx
site/internals/static/img/evidence/a6b65bcb6fbea08be781ab3737b6b3ec07049eb2ee99315839b897dd4614bca4.jpg,1,site/docs/Fix/disabled/Law1.mdx
site/internals/static/img/evidence/a75a763de8f1c884c8a7cf6b3b39c1ac3ca1a8dde3c8129d354d2f828d077337.jpg,4,site/docs/Fix/disabled/Law1.mdx
site/internals/static/img/evidence/a7f60fca87977d698871cf736b3f737c059e533744d84c791ec177b723ba6ae9.jpg,5,site/docs/Timeline/discovery-brady-evidence-timeline.mdx
site/internals/static/img/evidence/a84e6bc0c1c8d4776eefb32e91535ceb82c2e9b43f3e2d47079993ef96b0c3be.jpg,3,site/docs/Amfest/go-max-tucker.mdx
site/internals/static/img/evidence/a85feda714dc7c452930971dabc55247da18a4a959a27c1ca3275aea2409cbe5.jpg,2,site/docs/court/mirandize/grok-analysis.mdx
site/internals/static/img/evidence/a8b1945711be60f04ed8367ee75d13dbc73a6d9ee2e31e234d7f42e8d5c26899.jpg,7,site/docs/Consciousness_Control/communication-by-consciousness.mdx
site/internals/static/img/evidence/a9075e4c73fc45b9b32b9f2a0ecffcb596d46cd8f2589b2999abac4925f2207f.jpg,13,site/docs/Amfest/amfest-year-timeline.mdx
site/internals/static/img/evidence/a989837f0fc981b11e2ba9b4697abf24410ba42a44bb82c261e1fd7c4893f7b7.jpg,4,site/docs/Mic/Canon_XA55_Audio.mdx
site/internals/static/img/evidence/a989837f0fc981b11e2ba9b4697abf24410ba42a44bb82c261e1fd7c4893f7b7.png,4,site/docs/Mic/Canon_XA55_Audio.mdx
site/internals/static/img/evidence/aa77d58233d3c5da712a5814df383100fad9f75cde8f1c5913245bf2dcf02683.jpg,8,site/docs/Media/fbi-press-conference-media.mdx
site/internals/static/img/evidence/ab17a51b612ad418ef50919fd39954ddad8c5c2f39cc52b9cc8955589f26e9b7.jpg,5,site/docs/Mic/AES.mdx
site/internals/static/img/evidence/ac74d8a98386a202c112a46910cbe688a1ecadb8c7a296623a59b7430e602a9a.jpg,1,site/docs/Timeline/12-23-shooting-time.mdx
site/internals/static/img/evidence/acc756be007782076cf85ff2416766b5dd5b8b11b71132e8cf1ddc663aeffe8f.webp,1,site/docs/Timeline/they-are-going-to-kill-me-text.mdx
site/internals/static/img/evidence/addb61388389831fd0593897c7a6121d67c12187cfca0dfe2574ad7e2c1fa9f1.jpg,2,site/docs/Mic/suv-transporting-charlie.mdx
site/internals/static/img/evidence/adf62d3967feac2ff9581f7567f91b29b6fe7966e132184e4a0ab88d13205feb.jpg,1,site/docs/Fix/Foreign_Influence.mdx
site/internals/static/img/evidence/ae9031899df77867bb6033f9e2db30dccf1f64891f9d416824b53f9660bd648e.jpg,1,site/docs/Timeline/hamptons-intervention-meeting.mdx
site/internals/static/img/evidence/ae929fd2aba04677c4e28e5330f1d44943edc90c5b8520ac7601c41474887162.webp,6,site/docs/GoogleSearches/crane-search-patterns.mdx
site/internals/static/img/evidence/af997f70d8e3ffea08d811389de0b4fcc56f6ae11e6c84c08938f7621be0720e.jpg,9,site/docs/Mic/Chest_Shot_Witnesses.mdx
site/internals/static/img/evidence/b0305fc077c34fba477ab6ff45704cbf654451ad8979b9a4380194f09dace831.jpg,3,site/docs/GoogleSearches/uvu-campus-location-searches.mdx
site/internals/static/img/evidence/b056baca5b4912ef046059e1d84f6d7774e61aeaa406aabec343166f4509af2a.jpg,9,site/docs/laws/1_DoJ_FBI/more/Output_Analysis.md
site/internals/static/img/evidence/b1f0bce2408069cc9d3f92e1b07fe0e9270a0cd930df1b3bc68353c12548d5d2.jpg,2,site/docs/laws/other/List_Of_Laws.md
site/internals/static/img/evidence/b2155d692a04ca82ad97f41580162eee85be694e27ae136cf42ba9a09e944b87.jpg,2,site/docs/Mic/Explosive_Residue_Coverup/ceiling-painted-rainbow-building.mdx
site/internals/static/img/evidence/b2bf9c77063290611080dc4ae19de4f134b8e31f4751b86db588d29961769314.jpg,1,site/docs/Mic/rode-wireless-mic.mdx
site/internals/static/img/evidence/b307d6dbfa3beda7515e0f80f46f03a8681d89e03aee4303618494bee626a9f6.jpg,18,site/docs/Fix/Media_Reform.mdx
site/internals/static/img/evidence/b310bf5ec6057b0b20364423fe9190444aed0010b593efdce6e6fee9c765bbdc.jpg,1,site/docs/court/overview.mdx
site/internals/static/img/evidence/b332ed6559013e5352978d81e4da3ee1e13c5af6b38876bb0958a0072b6a7acc.jpg,2,site/docs/Timeline/ten-minutes-after-shot.mdx
site/internals/static/img/evidence/b3ccc3f3ae5c354544cd89f48d074271d884f2835027d22af28ea8566807a3dc.jpg,1,site/docs/Photos/Fix_Laws/Fix_Foreign_Influence/Img_Photo_b3ccc3.mdx
site/internals/static/img/evidence/b453940aa38322ac1bf9f13a4303aec0982b69f51e64f7d4750a88833beff339.jpg,1,site/docs/maps/overview.mdx
site/internals/static/img/evidence/b4f20195fdc9c2707f52c72ef8e8e76100d3b62af38870b5103ef45dc49ca618.jpg,5,site/docs/GoogleSearches/centcom-search-patterns.mdx
site/internals/static/img/evidence/b558fc7693f801c69d2aeda928c9a4fb9e51486e866f79255fc38d7a4a6e1e77.jpg,1,site/docs/Mic/overview.mdx
site/internals/static/img/evidence/b5681b7b1ade441b295157b6e8d63339f89ff618f12268625f18b14b701913b0.jpg,4,site/docs/Mic/explosive-residue.mdx
site/internals/static/img/evidence/b5e3017d380710281d697acad8cbdb410afa92b1d573a9ab590cb5a92c15c1ef.jpg,3,site/docs/Amfest/bannon-amfest-israel-first.mdx
site/internals/static/img/evidence/b6f86c8a18b4569b0def27d2326a31030c174609f13394dd14bccb4bdeeadca5.jpg,1,site/docs/Timeline/utah-officials-cox-timeline.mdx
site/internals/static/img/evidence/b7743835adea6bebe91e6a3090cd0902785cd73ab52274bb08635b610b9a55fc.jpg,1,site/docs/Legal/overview.mdx
site/internals/static/img/evidence/b8240d32592278b162068bd8aa0449c210191b9d25645398ace59e7d6c076a59.jpg,1,site/docs/Mic/AES.mdx
site/internals/static/img/evidence/b90230630e18be4dc0ac4bf2ae7ff4ae69216058dbb4e731e3ca88561be86e46.jpg,2,site/docs/Mic/Explosive_Residue_Coverup/dirt-hauled-immediately.mdx
site/internals/static/img/evidence/bb285c8ed82795eb2885129a9b106fc829e237b2f6eec5cfeb3db7abfa954f79.jpg,2,site/docs/Timeline/overview.mdx
site/internals/static/img/evidence/bb2c457454c35d7288ab169bf22a5353eaf2a9abc724814ccb76fee6a05aedca.jpg,2,site/docs/Media/utah-local-press.mdx
site/internals/static/img/evidence/bca9741ed8032b4dd64b85f389cbfa85d20d0b546d6d43699a8cf77f466ea3cd.jpg,1,site/docs/Mic/exploding-pendant-shaped-charge.mdx
site/internals/static/img/evidence/bd1ac033fe2bab384273ea26c0925a75d1487b3513f7c6489671b27494e6422e.jpg,2,site/docs/GoogleSearches/tyler-robinson-lance-twiggs-searches.mdx
site/internals/static/img/evidence/be8560405013223eb3bc4194f8c5437d9fd9e5fd5717b829e94044826e6073a8.png,2,site/docs/Timeline/Tyler_Robinson/Mirandizing.mdx
site/internals/static/img/evidence/be8e51714e708afed0dd5853b9d4a79e7d9b671908f42d509781513c214d8fb7.jpg,1,site/docs/Mic/suv-transporting-charlie.mdx
site/internals/static/img/evidence/bf3535d9d6ffb4dbc70378af4f0bc7692b7f19d347214dcf0a76f643f5ffdeef.jpg,2,site/docs/GoogleSearches/tyler-robinson-lance-twiggs-searches.mdx
site/internals/static/img/evidence/c128cae2e21246b976796118cbcc2c0f61c15300d9f948bb919bcc6018366697.jpg,14,site/docs/Media/utah-local-press.mdx
site/internals/static/img/evidence/c1877787b3031cbd47fe11f38e064a71eca408dade97df8e2961a8dd184ebcf7.jpg,5,site/docs/Timeline/funeral-memorial-timeline.mdx
site/internals/static/img/evidence/c2386f1c8c5ae0406eceae81521cd9bd6d89fbee182ef2930fcd62fc96ac1046.jpg,5,site/docs/laws/2_US_Intel/Law_2_US_Intel.md
site/internals/static/img/evidence/c33c7c39be5ffe4965fcadfe71c0cfdcd082833e251028044e8d1cbfeba63fa0.jpg,1,site/docs/Timeline/military-meeting-july-20.mdx
site/internals/static/img/evidence/c3414325f85050f2af470f195a9c45093f02353cccc68e9426dfcf24e72b9ce4.jpg,11,site/docs/Timeline/nebraska-army-base-july-20.mdx
site/internals/static/img/evidence/c38ed765576c32a18c67cf72ae482a6eb65e42ae3dbb4e5bb393c12f95ee3f51.jpg,1,site/docs/Media/Media_Articles.mdx
site/internals/static/img/evidence/c3f30f4815b2c5e1744419c1a2888738b5c3337eea351d9f9801cab0de8370f0.jpg,1,site/docs/Timeline/july-18-decision.mdx
site/internals/static/img/evidence/c418e71ea32ccce8e3d8e30b1f7b3267592e3234b7a73bdf98a9f911a3aa400e.jpg,1,site/docs/Mic/suv-transporting-charlie.mdx
site/internals/static/img/evidence/c45cecc9e1589d0f74ffadc63096080ad11a6168b62fdf35cf20f618ff68fc17.jpg,7,site/docs/Legal/FBI-Local-Coordination.mdx
site/internals/static/img/evidence/c51ef651e0e2fd9187ac8fa0b5d25908baba279b0c03f1ea93f6522fa3cedbb4.jpg,6,site/docs/laws/1_DoJ_FBI/more/Human_Requirements.md
site/internals/static/img/evidence/c58a510432fdc5382aeffe0610864f13f243ed98c164c3cfeb9d51c84674fc12.jpg,1,site/docs/Timeline/high-pressure-meeting-sept-9.mdx
site/internals/static/img/evidence/c6d61932dfd6e385116e882a317b25d19ae5585df770ac22cee245739f5113e0.jpg,2,site/docs/Mic/Table_Jumpers_Device.mdx
site/internals/static/img/evidence/c6e3558eefef37084a72636ce342819caeb437de304a7929730ad37376d3d6da.jpg,1,site/docs/Amfest/murder-motive-amfest-x.mdx
site/internals/static/img/evidence/c7f4873d9ea9be6dd6d14dad0726f6991f296a800b9c7e1c240537b474b7f860.jpg,12,site/docs/Amfest/august-25-flyer.mdx
site/internals/static/img/evidence/c8166ac07466f398a9d013e6e188195bd18c5eb518d24f12dcad6b14272c46f0.jpg,2,site/docs/Fix/disabled/Law4.mdx
site/internals/static/img/evidence/c820f0d218e2b925369d6efa6e275d8a8cfaf4bfeee0c1ef44d3939b361d4364.jpg,2,site/docs/Media/september-10-breaking-news.mdx
site/internals/static/img/evidence/c83f77ea6d431315b350c00cd1d681f20f0a2cddfaacfed558ec39aa4c86b7ef.jpg,6,site/docs/Timeline/arrest-booking-affidavit-timeline.mdx
site/internals/static/img/evidence/c867cb4d5bd0200a18a6a6356153ebd2749975c9f53570a5e1c67dd31a0d8e10.jpg,1,site/docs/Timeline/arrest-booking-affidavit-timeline.mdx
site/internals/static/img/evidence/c92a55210dabc786bcfe0a4cc5d7ec7875f661c27e905a1e114324f5ca7d533c.jpg,1,site/docs/Mic/overview.mdx
site/internals/static/img/evidence/c9b128bb294859467aabfe71fdee3d1fd235c673ba3bd10f5fa859515f398dec.jpg,1,site/docs/GoogleSearches/fort-huachuca-sept-9-searches.mdx
site/internals/static/img/evidence/cb3edb581649436d28f67018787b255cfb4bbe9f256e63a4c6a9fd01b6ea3696.jpg,1,site/docs/GoogleSearches/overview.mdx
site/internals/static/img/evidence/cb65e2a40f19bdb7f87ecd74c4bc40f3ad68f9b582d530391f02f54b258b64ab.png,2,site/docs/GoogleSearches/tyler-robinson-lance-twiggs-searches.mdx
site/internals/static/img/evidence/cb859bc1cc3f56aab0d97c75a3352819e45e9c846951ddee6c8c74bedab9bd0f.jpg,6,site/docs/GoogleSearches/fbi-dps-law-enforcement-searches.mdx
site/internals/static/img/evidence/cd1910a13f301771b976f5d859ee39eae82ae571f4dbc8f282efbd24ce8077b9.jpg,13,site/docs/Fix/Discovery_Rights.mdx
site/internals/static/img/evidence/ce58c76e04145bbb3579839a53288ad9557e5c3920073807bc5892abf627522a.jpg,1,site/docs/maps/overview.mdx
site/internals/static/img/evidence/ce84e6f175503e78530a18bb519cd7a7977382d55a3e0a8d581d1e5b6dbb4480.jpg,5,site/docs/Mic/Explosive_Residue_Coverup/fbi-seized-security-team-clothing.mdx
site/internals/static/img/evidence/ced227668351e335438a71aa55c75fafc05c342bafd8bf5d22866d8caa07debd.jpg,6,site/docs/Mic/Explosive_Residue_Coverup/charlie-kirk-necklace.mdx
site/internals/static/img/evidence/cf9b7d26835764ea24972bb5eb46b5b6f579c7a0d2afe7f3b67fbb4c97fb6286.jpg,1,site/docs/Amfest/murder-tent-replica.mdx
site/internals/static/img/evidence/d0545943296b6347a88147eab33dc12cccd3adc1d796241db2e588e750967307.jpg,1,site/docs/GoogleSearches/butch-hibbs-sierra-vista-trends.mdx
site/internals/static/img/evidence/d06bc3c5772fa61206e042f7bc1c27ff57391c3574df9f125bcac0532fa16130.jpg,1,site/docs/Mic/overview.mdx
site/internals/static/img/evidence/d1a0b0d1db23cfd63a589e389422462370bfce4387213e6da9977d237568bdbe.jpg,2,site/docs/GoogleSearches/fort-huachuca-image-searches.mdx
site/internals/static/img/evidence/d1d5eb72b628201e46b8037fc09323e7b428761af7199591af2cf73253673674.jpg,1,site/docs/Fix/disabled/Law1.mdx
site/internals/static/img/evidence/d44c37860b0f11339f577021eec8b530a1fa3293d711f7a617b48dfccfe54371.jpg,1,site/docs/court/mirandize/investigative-hold-counterpoint.mdx
site/internals/static/img/evidence/d4fa70cfb7f28689afd8fe96965f6ba4052dd200af75ec105cfa92f1f565d66f.jpg,1,site/docs/Timeline/roof-jumping-timeline.mdx
site/internals/static/img/evidence/d52d30b23fadf5464a63875061a7c56bfe751cb2b1cafd187d6297a83c3386c5.jpg,1,site/docs/Timeline/overview.mdx
site/internals/static/img/evidence/d5385c2f98ec5ea1b8e0388f4942141e356a9fbaa613fb749723a291307df22a.webp,2,site/docs/Timeline/high-pressure-meeting-sept-9.mdx
site/internals/static/img/evidence/d593f04529b38e2bc5d63115e0254cd774d134c986dc27258fd36e7d6e97b5b2.jpg,1,site/docs/Mic/Table_Jumpers_Device.mdx
site/internals/static/img/evidence/d644be20e230a5c350a20b173472171cffe825d9791574fc739bd63ed9f2c10c.jpg,8,site/docs/GoogleSearches/israel-ip-search-patterns.mdx
site/internals/static/img/evidence/d65a0ab2edfad212a3f7bb5e9bd97defb3d8fa103ffc06f4dcb293407384ee4d.jpg,1,site/docs/Mic/burnt-object-rode-transmitter.mdx
site/internals/static/img/evidence/d6d6c5b3a053a5f75eee44e6d979d294ea4272c38f080981501d9f4a4b8b8457.jpg,5,site/docs/Timeline/autopsy-forensic-timeline.mdx
site/internals/static/img/evidence/d7da1c1a63da01f671366ad902eae0babfeb93ed48baecf759d5d7b4db96fcfb.jpg,5,site/docs/Mic/Canon_XA55_Audio.mdx
site/internals/static/img/evidence/d880c55ea2a81edca9bd4ce8a1b585e9b617771c09d72d271bea024c62b8904a.jpg,3,site/docs/Mic/AV_Team_Mic_Setup.mdx
site/internals/static/img/evidence/d8bfc22f6d1818d3bcebde8dbfdb441b86c070cf0a34bf9a8cf8cf56de42f056.jpg,1,site/docs/index.mdx
site/internals/static/img/evidence/d8f9fb4527063691a9705813138aa7cc5d9e4023a62b77a17505a14694842edb.jpg,1,site/docs/Messages/daily-mail-candace-owens-crisis.mdx
site/internals/static/img/evidence/db4f1ad885954cade25ff7cb333f7c274e97f431b40d9e505367eaf05a4b0b78.jpg,9,site/docs/GoogleSearches/dc-metro-search-patterns.mdx
site/internals/static/img/evidence/dc07b5bd5c4a7214a003b71c7905fad6b32e888da22f9b08f39f18e65095d68d.jpg,19,site/docs/Amfest/amfest-year-timeline.mdx
site/internals/static/img/evidence/dcaeec25dbd68e192683d2f1445b0365d77a72b98373ec82fa735f42e3f18973.jpg,1,site/docs/Mic/suv-transporting-charlie.mdx
site/internals/static/img/evidence/dcec67496a2cb1fb30a25fee9523f21c1932263e4e03677163e9c4504d617816.jpg,2,site/docs/Timeline/Year_2025.mdx
site/internals/static/img/evidence/dd7e1346e502b0fe5eab3acf416652989928b65ca922db4bad94d6822e7844f5.jpg,4,site/docs/GoogleSearches/dia-search-patterns.mdx
site/internals/static/img/evidence/ddbda30d96db0339645bd1027670c9c4085068bad898aa1c0ed8b50027b81298.jpg,6,site/docs/Fix/disabled/Law1.mdx
site/internals/static/img/evidence/ddf980c426381c6abf93ae9a15f87ad70cafb763253b3409c5fedd54e3bb391a.webp,1,site/docs/Mic/mic-explosion-video-analysis.mdx
site/internals/static/img/evidence/de37f3eb75d9d7177030901a032289a82a80154c4f569ede84e36a699a9406ce.jpg,2,site/docs/Mic/exploding-pendant-shaped-charge.mdx
site/internals/static/img/evidence/de7d1269955d3d7ab49a9f1b18b1d77126350da0411cfa0eddabe9dee6eec251.jpg,1,site/docs/Mic/Table_Jumpers_Device.mdx
site/internals/static/img/evidence/de898a433a0380ecdda0d7fa7c606fa191c77f7d0f2dd897bc395c2d889ddff4.jpg,1,site/docs/Timeline/funeral-memorial-timeline.mdx
site/internals/static/img/evidence/dfe59e332fbf5da3ff5a48a2ec64ccd0b040e4b6ec18a7aa756a952da71c3474.jpg,1,site/docs/GoogleSearches/overview.mdx
site/internals/static/img/evidence/e058c3de5cce9efa515b2ae526fff87257e85cd6407a5fc25396741c12089a7a.jpg,1,site/docs/Media/september-10-breaking-news.mdx
site/internals/static/img/evidence/e06ca67fa757c648c71cd68f98be34853e44f89835e416c14848abd6c8439557.jpg,1,site/docs/Timeline/cell-tower-phone-data-timeline.mdx
site/internals/static/img/evidence/e08433d3808cf8a4a1948f5dcbb1c41e48fb57c5bbdf4f231b316a63d976cbba.jpg,6,site/docs/GoogleSearches/misc-figures-searches.mdx
site/internals/static/img/evidence/e0b9e32b67f18e795a496db4c2a23ff3ecf28f527551a5c0d00e932d82ca2802.jpg,6,site/docs/Amfest/amfest-2025-december.mdx
site/internals/static/img/evidence/e0fcb8096c4cf4f9530e80b5ab067047f0325a6257cb25cd4abf53e1011e2f74.jpg,1,site/docs/Timeline/cell-tower-phone-data-timeline.mdx
site/internals/static/img/evidence/e13dfc3f2b185b822739953a01cc40c51a4e139abb6bc66bfa7c7b1ff5f6154c.jpg,11,site/docs/Media/fbi-press-conference-media.mdx
site/internals/static/img/evidence/e217e5ea8b8c6f947a3211c39c88806566c75bddc1b6735dae6006e04ea60178.jpg,8,site/docs/Amfest/open-questions-checklist.mdx
site/internals/static/img/evidence/e236298c4d57a71bb07e2fa4dbff5312201fcea0c9999e16ede4070ffaa86f28.jpg,1,site/docs/Mic/Mic_vs_Pendant.mdx
site/internals/static/img/evidence/e342bd05935a92300641e2fade2189700810158504a45b5cd0bddf598161f734.jpg,1,site/docs/Media/Vance-Mission-Continuation.mdx
site/internals/static/img/evidence/e3660dc6fc3fad0a071cd186ae4d8f64028ae21b3ad0af1543c1e6153f887c78.jpg,1,site/docs/GoogleSearches/overview.mdx
site/internals/static/img/evidence/e3945b5ba6927a91b3000db09aa3b57a38fdcfe3428901836f3a41fa23202859.jpg,15,site/docs/GoogleSearches/centcom-search-patterns.mdx
site/internals/static/img/evidence/e4872eaad473af800117fe20ccc3b276e6e201dcb13262dc317706fc7686b700.jpg,3,site/docs/Mic/Explosive_Residue_Coverup/dirt-hauled-immediately.mdx
site/internals/static/img/evidence/e4ca073dca8af927912a5c0b59f40f3a8f5fe968d7e2a5c67b7b67b3a8554100.jpg,3,site/docs/Amfest/booking-as-policy.mdx
site/internals/static/img/evidence/e50332ff8a5c8b458d83b7924692d1ba3865ec7dd0b7631d1f921fd7d24060a7.jpg,1,site/docs/laws/explain/all/overview.mdx
site/internals/static/img/evidence/e51ce0cdadedea842adcc5b045be3b3d9af939946884d8f17fd247c152830c20.png,1,site/docs/court/mirandize/mirandized-sept-11-image.mdx
site/internals/static/img/evidence/e6001d838a52dcaa969fe7b3bde14d66ff217db0e7e4b8ad31a89a0dfd41e4b7.jpg,1,site/docs/Media/social-media-platforms.mdx
site/internals/static/img/evidence/e605a857c222e197dc4e9667bc0253bcbca5fcd5e1efa89796252cde3a1a9079.jpg,1,site/docs/Mic/DoD_Contract.mdx
site/internals/static/img/evidence/e621d3918ad765435a9df6cfd362a138a6b6aff1cfe2da6bda414afe173b7aa4.jpg,7,site/docs/Timeline/Charlie_Kirk.mdx
site/internals/static/img/evidence/e624719b7d1084f477f850f3f9bf129c876cd6242796c945d7fee3c958cd567e.jpg,3,site/docs/Amfest/candace-amfest-block-pressure.mdx
site/internals/static/img/evidence/e64e0a338e9f4617f5dd4c60b33e56c31805ecf1f79712704b298416f8e54bd2.jpg,1,site/docs/Amfest/debra-carlson-amfest.mdx
site/internals/static/img/evidence/e7ef168722863dcfedad59f480467777e3a9f8aca34bf71dcc2093e5c85b4762.webp,1,site/docs/Mic/AV_Team_Mic_Setup.mdx
site/internals/static/img/evidence/e83ed86f4729741a3c720ecf147337119fdc0c7160bd2a9dc33b6d82e41bea4f.jpg,1,site/docs/Legal/Search-Warrants-Index.mdx
site/internals/static/img/evidence/e85f155fc2777d1f6e2ae2856c9289fd0b8db3ec3711f24ccd1c514e78de69bd.jpg,1,site/docs/Mic/six-forensic-physics-phenomena.mdx
site/internals/static/img/evidence/e88152b4c2893673bead6ebf3b00a7565f995110af53295ee4c1142a83ab2afd.jpg,8,site/docs/Timeline/Tyler_Robinson/Affidavit_Probable_Cause.mdx
site/internals/static/img/evidence/e88152b4c2893673bead6ebf3b00a7565f995110af53295ee4c1142a83ab2afd.png,8,site/docs/Timeline/Tyler_Robinson/Affidavit_Probable_Cause.mdx
site/internals/static/img/evidence/e934cb7d0a54ed4f44ed39959124f50ba04bffd35f97e973be7027f3f6ba5fae.jpg,1,site/docs/Mic/AV_Team_Mic_Setup.mdx
site/internals/static/img/evidence/eaa6b2227e89c9711145e4e01743ef601bb35e550f4dca50ec00fe58cf9c9b77.jpg,1,site/docs/laws/explain/all/overview.mdx
site/internals/static/img/evidence/eaf8beefcf763feb8d4d43573766d87796830325ef2488a9a3353444813be9cd.jpg,1,site/docs/Mic/suv-transporting-charlie.mdx
site/internals/static/img/evidence/ebf6f808c5166b5b6ad3aadb03ff6b603e54029c99baf2ae206c05e1cb64a4cb.jpg,5,site/docs/Timeline/2025.mdx
site/internals/static/img/evidence/ec42647683ab986a336733be2497e9904d9a09387b1e3629ef4b695fc0bb1bdd.jpg,1,site/docs/Mic/mic-explosion-video-analysis.mdx
site/internals/static/img/evidence/eddbb2c53503c36fce5a773937e8f5b7a2d304b066411e56b6300db78e4f04d5.jpg,3,site/docs/Timeline/cell-tower-phone-data-timeline.mdx
site/internals/static/img/evidence/ef92ff38fb643155051108d7fe7bc1b7cff9d20ec5101e2bee5088796c021322.jpg,1,site/docs/Media/Media_Articles.mdx
site/internals/static/img/evidence/f01b22e62f168fbdc4b46506807a7d9e9b720b8d6665a0c788d0fba190f55348.jpg,1,site/docs/Mic/burnt-object-rode-transmitter.mdx
site/internals/static/img/evidence/f03fe7c637340e0514d5bfff8c26cbcddfaf2b749c747abce96a64634fce3111.jpg,1,site/docs/Timeline/other-planes-activity-timeline.mdx
site/internals/static/img/evidence/f0c8ddcbbbf4ccf030c31045e0cb873fe78ff8a9a881b4097d11648089c5a189.jpg,1,site/docs/Mic/exploding-pendant-shaped-charge.mdx
site/internals/static/img/evidence/f153db211f5afa68620f9346c6eea85b1f473d5cec878099491146719bb4ed38.jpg,1,site/docs/court/mirandize/custody-timeline-fake-confession.mdx
site/internals/static/img/evidence/f1b1ae86764e5200991b18e3ba641075eeb5f8488a7b920a5a66b8a522ae93b2.jpg,6,site/docs/Timeline/Sept_10_2025.mdx
site/internals/static/img/evidence/f2962ff45d35618bb00b515bd79398d11d2cc3ef30498fd3a3401ef5566827eb.jpg,1,site/docs/Timeline/they-are-going-to-kill-me-text.mdx
site/internals/static/img/evidence/f31e2559846a78b60f2aca62393debba4db36113fdab3d1be92f2383ebc2f21f.jpg,10,site/docs/Amfest/amfest-year-timeline.mdx
site/internals/static/img/evidence/f369490336e1d411d3cbc1f9a1c95b16785f8202ce10a882966f8f8473fe1edb.jpg,8,site/docs/Mic/AES.mdx
site/internals/static/img/evidence/f3a6f53e1f004ed36c285da55fc589b98aec7e4cd361e225fd6a5330e7ffb7b7.jpg,1,site/docs/GoogleSearches/judges-graf-lunnen-searches.mdx
site/internals/static/img/evidence/f3f7173bd781cfbcb6633db5abb120a2cb742c36f04943c389c2d55689dc50fd.jpg,2,site/docs/Media/Censorship.mdx
site/internals/static/img/evidence/f56dcb6e9915eb4b7cfbf134060b6053f416567cc93a2131da1bb6c9d9517b39.jpg,14,site/docs/Amfest/bannon-we-are-at-war.mdx
site/internals/static/img/evidence/f5808314b41c4fb62bdb5c451de04b0459c382aafd0dd1c8f2639348f0b5a1d0.jpg,1,site/docs/Media/overview.mdx
site/internals/static/img/evidence/f586a9398baeac9a36d577e9668e173c19090d2b537a02e88636c235f32027b9.jpg,1,site/docs/Fix/disabled/Law1.mdx
site/internals/static/img/evidence/f65f6f0092b0df7fd42e2434d979f1cbbb55cd343d8f181085e021aa79ae4844.jpg,1,site/docs/court/mirandize/investigative-hold-counterpoint.mdx
site/internals/static/img/evidence/f6b87191e5507a888f9b3d76da5dd316db987e750b997f0ac48ca515ae6bd267.jpg,1,site/docs/GoogleSearches/july-20-2025-anchor.mdx
site/internals/static/img/evidence/f711d05b3cee8601f65b4d46990c4102bc980ca398c7ffd6bf57bdb0594f269f.jpg,1,site/docs/Mic/overview.mdx
site/internals/static/img/evidence/f78f3a3ede1a3bbfda3cfd42d80f52f48dc1aedb7cfa2f64f5afb598372c125f.jpg,63,site/docs/Cause_of_Death/overview.mdx
site/internals/static/img/evidence/f8975b00a6f8f7b54c4558bf6cb591bdc36c6825be4dc47e8bf9ba8dfd57fc89.jpg,2,site/docs/GoogleSearches/tyler-robinson-lance-twiggs-searches.mdx
site/internals/static/img/evidence/f8975b00a6f8f7b54c4558bf6cb591bdc36c6825be4dc47e8bf9ba8dfd57fc89.png,2,site/docs/GoogleSearches/tyler-robinson-lance-twiggs-searches.mdx
site/internals/static/img/evidence/f897b709fd6b718766c25ebfa65f1d95e44ee8e8203fd99abd2d513e3e9b3495.jpg,2,site/docs/Amfest/murder-tent-replica.mdx
site/internals/static/img/evidence/f8df7210024598d9066f8da67ccbd897b2bca311fcf27c74619cbcff02cb594f.jpg,1,site/docs/index.mdx
site/internals/static/img/evidence/f9788073b31c5e72c1f7a1ff6946f7511137ed7f714efa3762973e715404b844.jpg,1,site/docs/laws/explain/all/overview.mdx
site/internals/static/img/evidence/f9894f19de317433235f8be05b9975c875c8240c32fe265903db4799500f8ea5.jpg,1,site/docs/Media/september-10-breaking-news.mdx
site/internals/static/img/evidence/fa04b240b359dd42dff073ae875ed5a90b9f392fb5c513a4a8f1d0f23a09a1d4.jpg,1,site/docs/Mic/DoD_Contract.mdx
site/internals/static/img/evidence/fa440d2fc35758f6bfb387e899f41d23d413f5718312bd1aa6abf7c2ec5b5757.jpg,1,site/docs/Amfest/x-speaker-pressure-discourse.mdx
site/internals/static/img/evidence/fa82112c9dc71375bdbe2372bf8bb42420697d6e416161137738c8d7e006576f.jpg,1,site/docs/laws/other/analysis/Fixed/Any_more_to_Add.md
site/internals/static/img/evidence/fa9cdfb0ea0c74c22e35d558795ffdb80667092a85d21cb32aafd60378443228.jpg,1,site/docs/Mic/six-forensic-physics-phenomena.mdx
site/internals/static/img/evidence/fae6e1ddb01b8bd52817d544cf6d30bc90659397296c1e103b580d285130e9aa.jpg,8,site/docs/Amfest/amfest-2024-tucker-epstein.mdx
site/internals/static/img/evidence/fb14b85a283763fc0778887022c1800f900cd288c81b36603fb0a80dc7b62fc5.jpg,28,site/docs/Amfest/murder-motive-amfest-x.mdx
site/internals/static/img/evidence/fb93ab1ba466c48fd57bd2f82f92076c997c7709df391e834ba1333bfc0163af.jpg,2,site/docs/Fix/Politicans.mdx
site/internals/static/img/evidence/fba1bb35bff5a595befa3e69f9eed0cb448d824e1cc784c0d4adecaacbc7d7a4.jpg,5,site/docs/laws/explain/all/4_laws_svg/needs_law_4.mdx
site/internals/static/img/evidence/fbd4735ca887b41f3b1a690f96125dcf8f53b10b114526dbb6cdbe59d2e27c71.jpg,4,site/docs/Timeline/censorship-information-control-timeline.mdx
site/internals/static/img/evidence/fbf60875b48a1c8184a96275de52207a0fe3a25de8b2c5926a49e28342575cc6.jpg,2,site/docs/Mic/burnt-object-rode-transmitter.mdx
site/internals/static/img/evidence/fcab2120f05ad3186055e61c5d0dd084c20fabfb73007fbf38a1c083d74225d2.jpg,12,site/docs/Amfest/august-25-flyer.mdx
site/internals/static/img/evidence/ff022f2b9ca68dbad89e031917e315be8ce448c78e3cc92817994341ae759997.jpg,2,site/docs/Timeline/funeral-memorial-timeline.mdx
site/internals/static/img/evidence/ff456bad3c43d5060f6ad7bda3e6b34e3532c6f2287de617938a4464e0677237.jpg,1,site/docs/Timeline/cell-tower-phone-data-timeline.mdx
site/internals/static/img/km-timelines/km-01-timeline.svg,1,site/docs/Messages/wiped-out-premonition.mdx
site/internals/static/img/km-timelines/km-02-timeline.svg,1,site/docs/Messages/harrison-smith-account.mdx
site/internals/static/img/km-timelines/km-04-timeline.svg,1,site/docs/Messages/if-i-go-against-israel.mdx
site/internals/static/img/km-timelines/km-05-timeline.svg,1,site/docs/Messages/frank-turek-messages.mdx
site/internals/static/img/km-timelines/km-07-timeline.svg,3,site/docs/Messages/sept-9-they-are-going-to-kill-me.mdx
site/internals/static/img/km-timelines/km-08-timeline.svg,1,site/docs/Messages/message-to-andrew-kolvet.mdx
site/internals/static/img/km-timelines/km-10-timeline.svg,1,site/docs/Messages/message-to-dan-flood.mdx
site/internals/static/img/serena_hotel/burgenstock_hotel_palace.jpg,1,site/docs/serena_hotel/talks_timeline.mdx
site/internals/static/img/serena_hotel/constitution_avenue_red_zone_aerial.jpg,3,site/docs/serena_hotel/overview.mdx
site/internals/static/img/serena_hotel/d_chowk_supreme_court_constitution_ave.jpg,1,site/docs/serena_hotel/red_zone.mdx
site/internals/static/img/serena_hotel/islamabad_capital_police_patrol_car_2024.jpg,1,site/docs/serena_hotel/security_gallery.mdx
site/internals/static/img/serena_hotel/jinnah_convention_centre_aerial_2014.jpg,2,site/docs/serena_hotel/security_gallery.mdx
site/internals/static/img/serena_hotel/kerry_departs_islamabad_security_agent_2015.jpg,1,site/docs/serena_hotel/security_gallery.mdx
site/internals/static/img/serena_hotel/pakistani_soldiers_lead_us_motorcade_islamabad_2013.jpg,2,site/docs/serena_hotel/security_forces.mdx
site/internals/static/img/serena_hotel/parliament_house_islamabad_red_zone.jpg,1,site/docs/serena_hotel/photos.mdx
site/internals/static/img/serena_hotel/police_commando_islamabad_muharram_2016.jpg,1,site/docs/serena_hotel/security_gallery.mdx
site/internals/static/img/serena_hotel/police_riot_shields_near_supreme_court_red_zone_2017.jpg,2,site/docs/serena_hotel/second_lockdown.mdx
site/internals/static/img/serena_hotel/rangers_on_duty_islamabad_muharram_2016.jpg,2,site/docs/serena_hotel/security_forces.mdx
site/internals/static/img/serena_hotel/serena_islamabad_interior_corridor.jpg,2,site/docs/serena_hotel/islamabad_serena_hotel.mdx
site/internals/static/img/serena_hotel/serena_security_rings.svg,6,site/docs/serena_hotel/allowed_vs_kept_out.mdx
site/internals/static/img/serena_hotel/vance_remarks_islamabad_white_house_video_still_2026.jpg,1,site/docs/serena_hotel/security_gallery.mdx
site/internals/static/img/timelines/death_shot_to_pronouncement_sept10.svg,2,site/docs/Cause_of_Death/overview.mdx
site/internals/static/img/timelines/leave_pro_israel_whatsapp_48h.svg,1,site/docs/Messages/sept-8-donor-group-chat.mdx
site/internals/static/img/timelines/pre_event_pressure_aug_sept.svg,2,site/docs/Timeline/israel-events-pressure-timeline.mdx
site/internals/static/img/timelines/sept10_flight_activity_daytime.svg,3,site/docs/Timeline/n1098l-plane-activity-timeline.mdx
site/internals/static/img/timelines/tyler_robinson_sept8_13.svg,10,site/docs/Timeline/Sept_8_to_13.mdx
site/internals/static/img/timelines/uvu_shot_moment_sept10.svg,6,site/docs/Timeline/12-23-shooting-time.mdx
site/internals/static/img/video_posters/008c341bdc5cdffd95fb7fcf6b420f9ec8617e970949e1b8ef2926c678a0a3c2.jpg,1,site/docs/Media/Media_Articles.mdx
site/internals/static/img/video_posters/02cafcac8013614b0732094f6652e4e4e7189a02be33e0a4ceaf04f4bdfa18f9.jpg,1,site/docs/Fix/Churches.mdx
site/internals/static/img/video_posters/036f40c8825a24ec17ee353005fcfe7def13d4a91f3ebcaf8924f5d772ca683c.jpg,1,site/docs/Timeline/they-are-going-to-kill-me-text.mdx
site/internals/static/img/video_posters/0376b73091187f1e001c1c49cc0a095e0a852db2e785c80278fb83f117afeeed.jpg,1,site/docs/maps/overview.mdx
site/internals/static/img/video_posters/037e0a75a3ac29fb8b5c5910ea8efbbb68bede0aefe35dfbdc26ab91780448fd.jpg,2,site/docs/Mic/oneill-looked-like-an-explosion.mdx
site/internals/static/img/video_posters/07338b3074d83ea3062cee7c6ff2cf0de55ed37a835b3a775569a23904195616.jpg,1,site/docs/Fix/Politicans.mdx
site/internals/static/img/video_posters/09d8e337ba01dc3e10392b4cc6a326753b5f74dc855d33cfc0a9153eb2f29053.jpg,1,site/docs/Timeline/rental-cars-vehicle-movements-timeline.mdx
site/internals/static/img/video_posters/0c6404e3dadafd481a0aa25f961682256442bf7a2a99a86c44b26b85dc203435.jpg,1,site/docs/Mic/rode-wireless-mic.mdx
site/internals/static/img/video_posters/137bace359c8a0ab1f5db2d15f6331b5f778b8f54d21355ba4d9b15aaf3dfd22.jpg,1,site/docs/court/overview.mdx
site/internals/static/img/video_posters/1a4133cb5c88ce3b08d168b8346d71a695ca81458688592aebe7953ec9b46c06.jpg,3,site/docs/Timeline/foreign-leaders-meeting-july-20.mdx
site/internals/static/img/video_posters/1e83d2d7e98772b86ca9be1f6558682b679c20711ea756c604db8815461818be.jpg,5,site/docs/Amfest/july-20-2025-amfest-week.mdx
site/internals/static/img/video_posters/1fe5ae4d2104991a346b499bc0d77c734d964bc9e7705231ed93ff727035563c.jpg,2,site/docs/GoogleSearches/overview.mdx
site/internals/static/img/video_posters/22b4d3bbb6e784ab9223d6bb8ff0d9d588c1cd17f760fa3fa7be8fd65ee9f1a7.jpg,1,site/docs/GoogleSearches/fort-huachuca-image-searches.mdx
site/internals/static/img/video_posters/240c247b83ab0f3bbcfb90aca6b85899ed70d7d6a24041cb7313c8cd9faaaea6.jpg,1,site/docs/Mic/Chest_Shot_Witnesses.mdx
site/internals/static/img/video_posters/2596dcf7fc7025eaf6b3c0df26cbd520a18942e4b1430167a045cb31ba34a670.jpg,1,site/docs/Mic/mic-explosion-video-analysis.mdx
site/internals/static/img/video_posters/26346f493fdb825944aabe864a58ac5601670e63c24e1ce7addb710a03ac20b4.jpg,1,site/docs/GoogleSearches/uvu-campus-location-searches.mdx
site/internals/static/img/video_posters/26e0415636a1ccdfd2bacb0612ecd69ab93042df08760ea2406bbfa184ed87f3.jpg,1,site/docs/Cause_of_Death/overview.mdx
site/internals/static/img/video_posters/2bbd11ae0680816f44b76fb9b21caf9ccd1be6b5ec02558ab5cfeec0982f1b09.jpg,4,site/docs/Consciousness_Control/_research/01_havana_syndrome.md
site/internals/static/img/video_posters/2bddba6c5d78afe100e7ab1da8f45999fe56e5c26f589ed08d4db09eaddeeec5.jpg,5,site/docs/Cause_of_Death/overview.mdx
site/internals/static/img/video_posters/2ed072b08d9412b591d70c38364cbf3421431b53b4fdf4ed3ca4e881f46d8290.jpg,4,site/docs/Mic/Explosive_Residue_Coverup/_research/06_clothing_and_other.md
site/internals/static/img/video_posters/31777aff6aa05b97f450604d804dbe7c53fd40fb0f5bc30fc4bf3552a77d7ee5.jpg,1,site/docs/court/mirandize/baron-coleman-early-turn-in.mdx
site/internals/static/img/video_posters/362320a4690f1040ae97be12f0d859819b0e9296eee62c8afbdb8037bf91f92d.jpg,1,site/docs/Timeline/rental-cars-vehicle-movements-timeline.mdx
site/internals/static/img/video_posters/37186f3bdbc25e87d87ee156ba5b1333b2981bbb9a81cbf30978798465bd2ec4.jpg,1,site/docs/index.mdx
site/internals/static/img/video_posters/39a2b38e15d7842bbced12483bc9b669ae98bc062bb7677999fa17e2e15d07f8.jpg,3,site/docs/Consciousness_Control/brain-to-brain-communications.mdx
site/internals/static/img/video_posters/3dcc741754f7177f844cd0389e5cb26d42928505c14bf73078940446132ffff9.jpg,1,site/docs/Fix/Politicans.mdx
site/internals/static/img/video_posters/4d318b30e24f2ecef9a49d4edb91db23772dfb4793fe62185050cd45368ab07b.jpg,3,site/docs/Fix/Digital_Evidence.mdx
site/internals/static/img/video_posters/503d60737e723b2937767d608c87c550899ed63c20d4a358ea134bc51e2dde83.jpg,1,site/docs/Media/september-10-breaking-news.mdx
site/internals/static/img/video_posters/59d022e7afd006227dd9715cfebc6ea0c704a923a7b3859dc4c46bd39954d6a7.jpg,2,site/docs/Timeline/dispatch-radio-scanner-timeline.mdx
site/internals/static/img/video_posters/5c5decf9616fe9fb440645f1105b07cf8a6d32fb2f73de2a1f45886ed600c53a.jpg,4,site/docs/Cause_of_Death/overview.mdx
site/internals/static/img/video_posters/5dc855660150f212bbc625a565ef9826b820bb453582ea77a67bf621b4fae17f.jpg,1,site/docs/Mic/AES.mdx
site/internals/static/img/video_posters/6250151f73d94fa8a73902eefc9527b818691ab32359f0b68f5ff9277b130733.jpg,1,site/docs/court/mirandize/baron-coleman-early-turn-in.mdx
site/internals/static/img/video_posters/6882f55e7e423873665aa464d67b9ebdc49a7f9ea73aed8270739ce0d6c56e7d.jpg,1,site/docs/Timeline/kash-patel-manhunt-timeline.mdx
site/internals/static/img/video_posters/6a4cd474ce89ac68db78ee9e0c8a65aea3f3694dc093ac802ecf97ec497e33f5.jpg,1,site/docs/Timeline/overview.mdx
site/internals/static/img/video_posters/6d9ac47a7fe02e47b39352c79d514b2d8cf980ce0e05b14a3691623cb2309a37.jpg,1,site/docs/Timeline/su-btt-plane-movements-timeline.mdx
site/internals/static/img/video_posters/719b12017482f9350967449c2700d16b685ce7073cc004d73bfffa825b283596.jpg,1,site/docs/Cause_of_Death/overview.mdx
site/internals/static/img/video_posters/7218ddb09a0072cd5c0d1961d2dba1f911ef4d6f8b657553b46be1bb905ca8e3.jpg,12,site/docs/GoogleSearches/centcom-search-patterns.mdx
site/internals/static/img/video_posters/72d48d0698c08454f69dd53ea621b13f85c4e1ade169d93ddf2be42ae5fbd9cc.jpg,13,site/docs/Timeline/Tyler_Robinson/Mirandizing.mdx
site/internals/static/img/video_posters/733eaee7ceb362916d63d6666fa1a546030ac230ec9dfff4ac588578785d4d61.jpg,1,site/docs/court/mirandize/baron-coleman-early-turn-in.mdx
site/internals/static/img/video_posters/76afb8c0a03ef5de84aefcb8e69b8b34d3ef461bed5065f9b16abfb11d5821ae.jpg,1,site/docs/Timeline/utah-officials-cox-timeline.mdx
site/internals/static/img/video_posters/791e1655c82474b3dcd2eece9fdd99a4f6dffde03bf82382b8a8ffe5778e8bb2.jpg,1,site/docs/Media/broadcast-tv-networks.mdx
site/internals/static/img/video_posters/7f14aa06d68da2c8b8dc2eed55b1868949bbe492e80568bc63124bfc15970859.jpg,1,site/docs/Media/Vance-Mission-Continuation.mdx
site/internals/static/img/video_posters/805f71fc6e7a210ea3bdd37d02ee51a6fd63ddce6866ef67ca63a58516a7975a.jpg,2,site/docs/Mic/Stew_Peters_Broke_AES_Mic.mdx
site/internals/static/img/video_posters/8091ac56b007dacdb26123b94082258abb5acc9c1c2ebf82263a2bd6e78ac237.jpg,2,site/docs/Fix/Politicans.mdx
site/internals/static/img/video_posters/8fc94b2686b8c9f3d4b83b106b92155b9abde6d1baabac3f2cdc63ffa4ece1c8.jpg,1,site/docs/Mic/overview.mdx
site/internals/static/img/video_posters/9044e164a9c6e76fbe9e1746d11bbc155b2fbfbbfc310b6631017c6e5998945d.jpg,1,site/docs/GoogleSearches/fort-huachuca-image-searches.mdx
site/internals/static/img/video_posters/927c3e20837d877ee672159ad6d5a863075fea62fe41dc09d5993b0773de2d76.jpg,4,site/docs/Messages/frank-turek-messages.mdx
site/internals/static/img/video_posters/946b9cec22d848c8571e8f2327bfbce8f94c4763bafc74db0ec03fd1e774bc06.jpg,1,site/docs/Timeline/utah-officials-cox-timeline.mdx
site/internals/static/img/video_posters/96c6f0caedaaa90c6af41f30bc67f2078e48ed1cf68d76690680dcd8834cc49a.jpg,6,site/docs/Fix/TSUSA.mdx
site/internals/static/img/video_posters/985aea04129a4bbbd30303ebd2ace43427d238f9c5985938fd355281d8b7e882.jpg,1,site/docs/GoogleSearches/timpanogos-medical-searches.mdx
site/internals/static/img/video_posters/9ed375d06a5ed1ca28cae90cff42f17599e55377af0e3f060be58552e5592722.jpg,1,site/docs/Mic/Canon_XA55_Audio.mdx
site/internals/static/img/video_posters/a0302c76950fdb7b8f5693ad9a2378c810f3eea1be0af7ffa6a27e617af08c75.jpg,2,site/docs/Fix/disabled/Law1.mdx
site/internals/static/img/video_posters/a041d8e8a9a5b41c8c5522df88276bdc0d75f3b1b16896da076221f7f2599423.jpg,1,site/docs/GoogleSearches/july-20-2025-anchor.mdx
site/internals/static/img/video_posters/a0bd5e58d8498bf6a5b630f0db939cf7f44ceafb8ac84eec83424e733c62a7bb.jpg,1,site/docs/Media/overview.mdx
site/internals/static/img/video_posters/a20da7d6e8cca8f0f2d4a223a425eb9b7f70b1d81f0883e68cf4522f3270b144.jpg,1,site/docs/Mic/rode-wireless-mic.mdx
site/internals/static/img/video_posters/a64fbb4d36f4fc74a8ac9bb2c72a6d2069515c8a5b49ac7518c5566cb3c61ab7.jpg,1,site/docs/Mic/rode-wireless-mic.mdx
site/internals/static/img/video_posters/aac399265fafed74669cfd12d429d93a8a189a0610c11de0477dade0353e2a99.jpg,1,site/docs/laws/other/analysis/Fixed/Any_more_to_Add.md
site/internals/static/img/video_posters/aebb85a2280bdf296e98e7cd9c979e2cdb1b2b26a6c184ee7d2e23bb0b6713a0.jpg,1,site/docs/Mic/Explosive_Residue_Coverup/dirt-replaced-with-cement.mdx
site/internals/static/img/video_posters/afbe041923191d637c83b0fc18dfe6a54a2bc8f752a6c3be2461b33dfaa7571a.jpg,1,site/docs/Timeline/military-meeting-july-20.mdx
site/internals/static/img/video_posters/b4c0165cf9f0876d3445686c9cb809578fd9cd803682d841da9dfb3c62b7eebf.jpg,1,site/docs/Mic/Chest_Shot_Witnesses.mdx
site/internals/static/img/video_posters/bcc21a1a5af6f86aa0bcd2e994eb1e15fd85e4af8eb1aa25ec7f8bdc0fd6f656.jpg,1,site/docs/Fix/Churches.mdx
site/internals/static/img/video_posters/bd103fc1067c21907cec09316066471e120fdb360dab4d8c4b580b59eea34734.jpg,2,site/docs/Media/social-media-platforms.mdx
site/internals/static/img/video_posters/c550011d67f510d2d15c51c4a0e97232c0dd2bc96528ab3fd3d81eb1a641e8b8.jpg,1,site/docs/Fix/Churches.mdx
site/internals/static/img/video_posters/c6389b1d1b9a048ed4f05b03bc95be3ac1e088233d07d10d541464adc15a8853.jpg,1,site/docs/Mic/rode-wireless-mic.mdx
site/internals/static/img/video_posters/c9848458840a3ea6d13c643464654f77b8ae8a32c58ce4841971679d9efbf366.jpg,1,site/docs/Mic/Chest_Shot_Witnesses.mdx
site/internals/static/img/video_posters/daf0c1d3e40823448735a226b898749eb36b82bf7ceafd9131da670a85a48598.jpg,3,site/docs/GoogleSearches/fort-huachuca-image-searches.mdx
site/internals/static/img/video_posters/e0fb7cacc11be573125c0b727c1a63c16c1ade4e92f341866e5905145a0f6386.jpg,2,site/docs/Media/fox-news-coverage.mdx
site/internals/static/img/video_posters/e58fcefdbf4a604d6021a7e9dd6f27fbc7515fa87b9067095d0022869ac3f7e3.jpg,1,site/docs/Mic/Canon_XA55_Audio.mdx
site/internals/static/img/video_posters/e5ab5623f6bc646e9ceed90d83c38c57cf8467e3aeb35171357bdf88f202dc26.jpg,1,site/docs/Mic/Canon_XA55_Audio.mdx
site/internals/static/img/video_posters/e648a89af7b570c54736fb1a04d16bb42f61f9efafd74f2680de1c00883fa680.jpg,1,site/docs/Amfest/overview.mdx
site/internals/static/img/video_posters/e6cc83c641a21ba3e8c8ca0c69e2eaa047a08507de1b0a895eaedcf3dd7579a3.jpg,7,site/docs/GoogleSearches/crane-search-patterns.mdx
site/internals/static/img/video_posters/e750d3679d02a8d5f986a50b6288059a993c44de09e8c215f664ecd5b019f6fa.jpg,3,site/docs/Fix/Event_Security.mdx
site/internals/static/img/video_posters/e7b2e9275017d7ca7f39530a78f436125656653b95444c642ea0848efccf1c69.jpg,2,site/docs/Media/Censorship.mdx
site/internals/static/img/video_posters/eacce9dc4d6277f57cdcaf3d7d4d4a0ec41c940aca17e2e1eeaf7f18509dcea3.jpg,1,site/docs/Fix/Churches.mdx
site/internals/static/img/video_posters/eec4605afc34950544d032537ff8e68a81d427e284be26a7ac89f70f80f21db0.jpg,2,site/docs/Mic/AES.mdx
site/internals/static/img/video_posters/ef109c0684a5f782592cf0e10d1eaedb127d5174be3cadabdd3c06923795b365.jpg,1,site/docs/Fix/Churches.mdx
site/internals/static/img/video_posters/f3ea2d1d36ce55a171c5f9aa19f77675b0019086ab10004b7d9c1dee7a1b1a4c.jpg,1,site/docs/Timeline/overview.mdx
site/internals/static/img/video_posters/f46df7647fcab0835a553f989c01cd909cf5fee46a42346fa84787078f388754.jpg,9,site/docs/Media/Candace-Owens-Israel-Controversies.mdx
site/internals/static/img/video_posters/f6233c85754bd94bccc04fc2462211ff1a7cd718741e4ae2ddcf6cf769e74772.jpg,1,site/docs/Cause_of_Death/overview.mdx
site/internals/static/img/video_posters/fa7834504abe0dd8c3190240a495a5e3cd159591cb7079d99f784f6c30143317.jpg,1,site/docs/Fix/Politicans.mdx
site/internals/static/img/video_posters/fb5575671552797a850ef3fd95d42649f2325c727e386571a113d6a651b98767.jpg,1,site/docs/Timeline/rental-cars-vehicle-movements-timeline.mdx
site/internals/static/reports/uvu-after-action-report/pages/p001.webp,1,site/internals/static/reports/uvu-after-action-report/index.html
site/internals/static/reports/uvu-after-action-report/pages/p002.webp,1,site/internals/static/reports/uvu-after-action-report/index.html
site/internals/static/reports/uvu-after-action-report/pages/p003.webp,1,site/internals/static/reports/uvu-after-action-report/index.html
site/internals/static/reports/uvu-after-action-report/pages/p004.webp,1,site/internals/static/reports/uvu-after-action-report/index.html
site/internals/static/reports/uvu-after-action-report/pages/p005.webp,1,site/internals/static/reports/uvu-after-action-report/index.html
site/internals/static/reports/uvu-after-action-report/pages/p006.webp,1,site/internals/static/reports/uvu-after-action-report/index.html
site/internals/static/reports/uvu-after-action-report/pages/p007.webp,1,site/internals/static/reports/uvu-after-action-report/index.html
site/internals/static/reports/uvu-after-action-report/pages/p008.webp,1,site/internals/static/reports/uvu-after-action-report/index.html
site/internals/static/reports/uvu-after-action-report/pages/p009.webp,1,site/internals/static/reports/uvu-after-action-report/index.html
site/internals/static/reports/uvu-after-action-report/pages/p010.webp,1,site/internals/static/reports/uvu-after-action-report/index.html
site/internals/static/reports/uvu-after-action-report/pages/p011.webp,1,site/internals/static/reports/uvu-after-action-report/index.html
site/internals/static/reports/uvu-after-action-report/pages/p012.webp,1,site/internals/static/reports/uvu-after-action-report/index.html
site/internals/static/reports/uvu-after-action-report/pages/p013.webp,1,site/internals/static/reports/uvu-after-action-report/index.html
site/internals/static/reports/uvu-after-action-report/pages/p014.webp,1,site/internals/static/reports/uvu-after-action-report/index.html
site/internals/static/reports/uvu-after-action-report/pages/p015.webp,1,site/internals/static/reports/uvu-after-action-report/index.html
site/internals/static/reports/uvu-after-action-report/pages/p016.webp,1,site/internals/static/reports/uvu-after-action-report/index.html
site/internals/static/reports/uvu-after-action-report/pages/p017.webp,1,site/internals/static/reports/uvu-after-action-report/index.html
site/internals/static/reports/uvu-after-action-report/pages/p018.webp,1,site/internals/static/reports/uvu-after-action-report/index.html
site/internals/static/reports/uvu-after-action-report/pages/p019.webp,1,site/internals/static/reports/uvu-after-action-report/index.html
site/internals/static/reports/uvu-after-action-report/pages/p020.webp,1,site/internals/static/reports/uvu-after-action-report/index.html
site/internals/static/reports/uvu-after-action-report/pages/p021.webp,1,site/internals/static/reports/uvu-after-action-report/index.html
site/internals/static/reports/uvu-after-action-report/pages/p022.webp,1,site/internals/static/reports/uvu-after-action-report/index.html
site/internals/static/reports/uvu-after-action-report/pages/p023.webp,1,site/internals/static/reports/uvu-after-action-report/index.html
site/internals/static/reports/uvu-after-action-report/pages/p024.webp,1,site/internals/static/reports/uvu-after-action-report/index.html
site/internals/static/reports/uvu-after-action-report/pages/p025.webp,1,site/internals/static/reports/uvu-after-action-report/index.html
site/internals/static/reports/uvu-after-action-report/pages/p026.webp,1,site/internals/static/reports/uvu-after-action-report/index.html
site/internals/static/reports/uvu-after-action-report/pages/p027.webp,1,site/internals/static/reports/uvu-after-action-report/index.html
site/internals/static/reports/uvu-after-action-report/pages/p028.webp,1,site/internals/static/reports/uvu-after-action-report/index.html
site/internals/static/reports/uvu-after-action-report/pages/p029.webp,1,site/internals/static/reports/uvu-after-action-report/index.html
site/internals/static/reports/uvu-after-action-report/pages/p030.webp,1,site/internals/static/reports/uvu-after-action-report/index.html
site/internals/static/reports/uvu-after-action-report/pages/p031.webp,1,site/internals/static/reports/uvu-after-action-report/index.html
site/internals/static/reports/uvu-after-action-report/pages/p032.webp,1,site/internals/static/reports/uvu-after-action-report/index.html
site/internals/static/reports/uvu-after-action-report/pages/p033.webp,1,site/internals/static/reports/uvu-after-action-report/index.html
site/internals/static/reports/uvu-after-action-report/pages/p034.webp,1,site/internals/static/reports/uvu-after-action-report/index.html
site/internals/static/reports/uvu-after-action-report/pages/p035.webp,1,site/internals/static/reports/uvu-after-action-report/index.html
site/internals/static/reports/uvu-after-action-report/pages/p036.webp,1,site/internals/static/reports/uvu-after-action-report/index.html
site/internals/static/reports/uvu-after-action-report/pages/p037.webp,1,site/internals/static/reports/uvu-after-action-report/index.html
site/internals/static/reports/uvu-after-action-report/pages/p038.webp,1,site/internals/static/reports/uvu-after-action-report/index.html
site/internals/static/reports/uvu-after-action-report/pages/p039.webp,1,site/internals/static/reports/uvu-after-action-report/index.html
site/internals/static/reports/uvu-after-action-report/pages/p040.webp,1,site/internals/static/reports/uvu-after-action-report/index.html
site/internals/static/reports/uvu-after-action-report/pages/p041.webp,1,site/internals/static/reports/uvu-after-action-report/index.html
site/internals/static/reports/uvu-after-action-report/pages/p042.webp,1,site/internals/static/reports/uvu-after-action-report/index.html
site/internals/static/reports/uvu-after-action-report/pages/p043.webp,1,site/internals/static/reports/uvu-after-action-report/index.html
site/internals/static/reports/uvu-after-action-report/pages/p044.webp,1,site/internals/static/reports/uvu-after-action-report/index.html
site/internals/static/reports/uvu-after-action-report/pages/p045.webp,1,site/internals/static/reports/uvu-after-action-report/index.html
site/internals/static/reports/uvu-after-action-report/pages/p046.webp,1,site/internals/static/reports/uvu-after-action-report/index.html
site/internals/static/reports/uvu-after-action-report/pages/p047.webp,1,site/internals/static/reports/uvu-after-action-report/index.html
site/internals/static/reports/uvu-after-action-report/pages/p048.webp,1,site/internals/static/reports/uvu-after-action-report/index.html
site/internals/static/reports/uvu-after-action-report/pages/p049.webp,1,site/internals/static/reports/uvu-after-action-report/index.html
site/internals/static/reports/uvu-after-action-report/pages/p050.webp,1,site/internals/static/reports/uvu-after-action-report/index.html
site/internals/static/reports/uvu-after-action-report/pages/p051.webp,1,site/internals/static/reports/uvu-after-action-report/index.html
site/internals/static/reports/uvu-after-action-report/pages/p052.webp,1,site/internals/static/reports/uvu-after-action-report/index.html
site/internals/static/reports/uvu-after-action-report/pages/p053.webp,1,site/internals/static/reports/uvu-after-action-report/index.html
site/internals/static/reports/uvu-after-action-report/pages/p054.webp,1,site/internals/static/reports/uvu-after-action-report/index.html
site/internals/static/reports/uvu-after-action-report/pages/p055.webp,1,site/internals/static/reports/uvu-after-action-report/index.html
site/internals/static/reports/uvu-after-action-report/pages/p056.webp,1,site/internals/static/reports/uvu-after-action-report/index.html
site/internals/static/reports/uvu-after-action-report/pages/p057.webp,1,site/internals/static/reports/uvu-after-action-report/index.html
site/internals/static/reports/uvu-after-action-report/pages/p058.webp,1,site/internals/static/reports/uvu-after-action-report/index.html
site/internals/static/reports/uvu-after-action-report/pages/p059.webp,1,site/internals/static/reports/uvu-after-action-report/index.html
site/internals/static/reports/uvu-after-action-report/pages/p060.webp,1,site/internals/static/reports/uvu-after-action-report/index.html
site/internals/static/reports/uvu-after-action-report/pages/p061.webp,1,site/internals/static/reports/uvu-after-action-report/index.html
site/internals/static/reports/uvu-after-action-report/pages/p062.webp,1,site/internals/static/reports/uvu-after-action-report/index.html
site/internals/static/reports/uvu-after-action-report/pages/p063.webp,1,site/internals/static/reports/uvu-after-action-report/index.html
site/internals/static/reports/uvu-after-action-report/pages/p064.webp,1,site/internals/static/reports/uvu-after-action-report/index.html
site/internals/static/reports/uvu-after-action-report/pages/p065.webp,1,site/internals/static/reports/uvu-after-action-report/index.html
site/internals/static/reports/uvu-after-action-report/pages/p066.webp,1,site/internals/static/reports/uvu-after-action-report/index.html
site/internals/static/reports/uvu-after-action-report/pages/p067.webp,1,site/internals/static/reports/uvu-after-action-report/index.html
site/internals/static/reports/uvu-after-action-report/pages/p068.webp,1,site/internals/static/reports/uvu-after-action-report/index.html
site/internals/static/reports/uvu-after-action-report/pages/p069.webp,1,site/internals/static/reports/uvu-after-action-report/index.html
site/internals/static/reports/uvu-after-action-report/pages/p070.webp,1,site/internals/static/reports/uvu-after-action-report/index.html
site/internals/static/reports/uvu-after-action-report/pages/p071.webp,1,site/internals/static/reports/uvu-after-action-report/index.html
site/internals/static/reports/uvu-after-action-report/pages/p072.webp,1,site/internals/static/reports/uvu-after-action-report/index.html
site/internals/static/reports/uvu-after-action-report/pages/p073.webp,1,site/internals/static/reports/uvu-after-action-report/index.html
site/internals/static/reports/uvu-after-action-report/pages/p074.webp,1,site/internals/static/reports/uvu-after-action-report/index.html
site/internals/static/reports/uvu-after-action-report/pages/p075.webp,1,site/internals/static/reports/uvu-after-action-report/index.html
site/internals/static/reports/uvu-after-action-report/pages/p076.webp,1,site/internals/static/reports/uvu-after-action-report/index.html
site/internals/static/reports/uvu-after-action-report/pages/p077.webp,1,site/internals/static/reports/uvu-after-action-report/index.html
site/internals/static/reports/uvu-after-action-report/pages/p078.webp,1,site/internals/static/reports/uvu-after-action-report/index.html
site/internals/static/reports/uvu-after-action-report/pages/p079.webp,1,site/internals/static/reports/uvu-after-action-report/index.html
site/internals/static/reports/uvu-after-action-report/pages/p080.webp,1,site/internals/static/reports/uvu-after-action-report/index.html
site/internals/static/reports/uvu-after-action-report/pages/p081.webp,1,site/internals/static/reports/uvu-after-action-report/index.html
site/internals/static/reports/uvu-after-action-report/pages/p082.webp,1,site/internals/static/reports/uvu-after-action-report/index.html
site/internals/static/reports/uvu-after-action-report/pages/p083.webp,1,site/internals/static/reports/uvu-after-action-report/index.html
site/internals/static/reports/uvu-after-action-report/pages/p084.webp,1,site/internals/static/reports/uvu-after-action-report/index.html
site/internals/static/reports/uvu-after-action-report/pages/p085.webp,1,site/internals/static/reports/uvu-after-action-report/index.html
site/internals/static/reports/uvu-after-action-report/pages/p086.webp,1,site/internals/static/reports/uvu-after-action-report/index.html
site/internals/static/reports/uvu-after-action-report/pages/p087.webp,1,site/internals/static/reports/uvu-after-action-report/index.html
site/internals/static/reports/uvu-after-action-report/pages/p088.webp,1,site/internals/static/reports/uvu-after-action-report/index.html
site/internals/static/reports/uvu-after-action-report/pages/p089.webp,1,site/internals/static/reports/uvu-after-action-report/index.html
site/internals/static/reports/uvu-after-action-report/pages/p090.webp,1,site/internals/static/reports/uvu-after-action-report/index.html
site/internals/static/reports/uvu-after-action-report/pages/p091.webp,1,site/internals/static/reports/uvu-after-action-report/index.html
site/internals/static/reports/uvu-after-action-report/pages/p092.webp,1,site/internals/static/reports/uvu-after-action-report/index.html
site/internals/static/reports/uvu-after-action-report/pages/p093.webp,1,site/internals/static/reports/uvu-after-action-report/index.html
site/internals/static/reports/uvu-after-action-report/pages/p094.webp,1,site/internals/static/reports/uvu-after-action-report/index.html
site/internals/static/reports/uvu-after-action-report/pages/p095.webp,1,site/internals/static/reports/uvu-after-action-report/index.html
site/internals/static/reports/uvu-after-action-report/pages/p096.webp,1,site/internals/static/reports/uvu-after-action-report/index.html
site/internals/static/reports/uvu-after-action-report/pages/p097.webp,1,site/internals/static/reports/uvu-after-action-report/index.html
site/internals/static/reports/uvu-after-action-report/pages/p098.webp,1,site/internals/static/reports/uvu-after-action-report/index.html
site/internals/static/reports/uvu-after-action-report/pages/p099.webp,1,site/internals/static/reports/uvu-after-action-report/index.html
site/internals/static/reports/uvu-after-action-report/pages/p100.webp,1,site/internals/static/reports/uvu-after-action-report/index.html
site/internals/static/reports/uvu-after-action-report/pages/p101.webp,1,site/internals/static/reports/uvu-after-action-report/index.html
site/internals/static/reports/uvu-after-action-report/pages/p102.webp,1,site/internals/static/reports/uvu-after-action-report/index.html
site/internals/static/reports/uvu-after-action-report/pages/p103.webp,1,site/internals/static/reports/uvu-after-action-report/index.html
site/internals/static/reports/uvu-after-action-report/pages/p104.webp,1,site/internals/static/reports/uvu-after-action-report/index.html
site/internals/static/reports/uvu-after-action-report/pages/p105.webp,1,site/internals/static/reports/uvu-after-action-report/index.html
site/internals/static/reports/uvu-after-action-report/pages/p106.webp,1,site/internals/static/reports/uvu-after-action-report/index.html
site/internals/static/reports/uvu-after-action-report/pages/p107.webp,1,site/internals/static/reports/uvu-after-action-report/index.html
site/internals/static/reports/uvu-after-action-report/pages/p108.webp,1,site/internals/static/reports/uvu-after-action-report/index.html
site/internals/static/reports/uvu-after-action-report/pages/p109.webp,1,site/internals/static/reports/uvu-after-action-report/index.html
site/internals/static/reports/uvu-after-action-report/pages/p110.webp,1,site/internals/static/reports/uvu-after-action-report/index.html
site/internals/static/reports/uvu-after-action-report/pages/p111.webp,1,site/internals/static/reports/uvu-after-action-report/index.html
site/internals/static/reports/uvu-after-action-report/pages/p112.webp,1,site/internals/static/reports/uvu-after-action-report/index.html
site/internals/static/reports/uvu-after-action-report/pages/p113.webp,1,site/internals/static/reports/uvu-after-action-report/index.html
site/internals/static/reports/uvu-after-action-report/pages/p114.webp,1,site/internals/static/reports/uvu-after-action-report/index.html
site/internals/static/reports/uvu-after-action-report/pages/p115.webp,1,site/internals/static/reports/uvu-after-action-report/index.html
site/internals/static/reports/uvu-after-action-report/pages/p116.webp,1,site/internals/static/reports/uvu-after-action-report/index.html
site/internals/static/reports/uvu-after-action-report/pages/p117.webp,1,site/internals/static/reports/uvu-after-action-report/index.html
site/internals/static/reports/uvu-after-action-report/pages/p118.webp,1,site/internals/static/reports/uvu-after-action-report/index.html
site/internals/static/reports/uvu-after-action-report/pages/p119.webp,1,site/internals/static/reports/uvu-after-action-report/index.html
site/internals/static/reports/uvu-after-action-report/pages/p120.webp,1,site/internals/static/reports/uvu-after-action-report/index.html
site/internals/static/reports/uvu-after-action-report/pages/p121.webp,1,site/internals/static/reports/uvu-after-action-report/index.html
site/internals/static/reports/uvu-after-action-report/pages/p122.webp,1,site/internals/static/reports/uvu-after-action-report/index.html
site/internals/static/reports/uvu-after-action-report/pages/p123.webp,1,site/internals/static/reports/uvu-after-action-report/index.html
site/internals/static/reports/uvu-after-action-report/pages/p124.webp,1,site/internals/static/reports/uvu-after-action-report/index.html
site/internals/static/reports/uvu-after-action-report/pages/p125.webp,1,site/internals/static/reports/uvu-after-action-report/index.html
site/internals/static/reports/uvu-after-action-report/pages/p126.webp,1,site/internals/static/reports/uvu-after-action-report/index.html
site/internals/static/reports/uvu-after-action-report/pages/p127.webp,1,site/internals/static/reports/uvu-after-action-report/index.html
site/internals/static/reports/uvu-after-action-report/pages/p128.webp,1,site/internals/static/reports/uvu-after-action-report/index.html
site/internals/static/reports/uvu-after-action-report/pages/p129.webp,1,site/internals/static/reports/uvu-after-action-report/index.html
site/internals/static/reports/uvu-after-action-report/pages/p130.webp,1,site/internals/static/reports/uvu-after-action-report/index.html
site/internals/static/reports/uvu-after-action-report/pages/p131.webp,1,site/internals/static/reports/uvu-after-action-report/index.html
site/internals/static/reports/uvu-after-action-report/pages/p132.webp,1,site/internals/static/reports/uvu-after-action-report/index.html
site/internals/static/reports/uvu-after-action-report/pages/p133.webp,1,site/internals/static/reports/uvu-after-action-report/index.html
site/internals/static/reports/uvu-after-action-report/pages/p134.webp,1,site/internals/static/reports/uvu-after-action-report/index.html
site/internals/static/reports/uvu-after-action-report/pages/p135.webp,1,site/internals/static/reports/uvu-after-action-report/index.html
site/internals/static/reports/uvu-after-action-report/pages/p136.webp,1,site/internals/static/reports/uvu-after-action-report/index.html
site/internals/static/reports/uvu-after-action-report/pages/p137.webp,1,site/internals/static/reports/uvu-after-action-report/index.html
site/internals/static/reports/uvu-after-action-report/pages/p138.webp,1,site/internals/static/reports/uvu-after-action-report/index.html
site/internals/static/reports/uvu-after-action-report/pages/p139.webp,1,site/internals/static/reports/uvu-after-action-report/index.html
site/internals/static/reports/uvu-after-action-report/pages/p140.webp,1,site/internals/static/reports/uvu-after-action-report/index.html
site/internals/static/reports/uvu-after-action-report/pages/p141.webp,1,site/internals/static/reports/uvu-after-action-report/index.html
site/internals/static/reports/uvu-after-action-report/pages/p142.webp,1,site/internals/static/reports/uvu-after-action-report/index.html
site/internals/static/reports/uvu-after-action-report/pages/p143.webp,1,site/internals/static/reports/uvu-after-action-report/index.html
site/internals/static/reports/uvu-after-action-report/pages/p144.webp,1,site/internals/static/reports/uvu-after-action-report/index.html
site/internals/static/reports/uvu-after-action-report/pages/p145.webp,1,site/internals/static/reports/uvu-after-action-report/index.html
site/internals/static/reports/uvu-after-action-report/pages/p146.webp,1,site/internals/static/reports/uvu-after-action-report/index.html
site/internals/static/reports/uvu-after-action-report/pages/p147.webp,1,site/internals/static/reports/uvu-after-action-report/index.html
site/internals/static/reports/uvu-after-action-report/pages/p148.webp,1,site/internals/static/reports/uvu-after-action-report/index.html
site/internals/static/reports/uvu-after-action-report/pages/p149.webp,1,site/internals/static/reports/uvu-after-action-report/index.html
site/internals/static/reports/uvu-after-action-report/pages/p150.webp,1,site/internals/static/reports/uvu-after-action-report/index.html
site/internals/static/reports/uvu-after-action-report/pages/p151.webp,1,site/internals/static/reports/uvu-after-action-report/index.html
site/internals/static/reports/uvu-after-action-report/pages/p152.webp,1,site/internals/static/reports/uvu-after-action-report/index.html
site/internals/static/reports/uvu-after-action-report/pages/p153.webp,1,site/internals/static/reports/uvu-after-action-report/index.html
site/internals/static/reports/uvu-after-action-report/pages/p154.webp,1,site/internals/static/reports/uvu-after-action-report/index.html
site/internals/static/reports/uvu-after-action-report/pages/p155.webp,1,site/internals/static/reports/uvu-after-action-report/index.html
site/internals/static/reports/uvu-after-action-report/pages/p156.webp,1,site/internals/static/reports/uvu-after-action-report/index.html
site/internals/static/reports/uvu-after-action-report/pages/p157.webp,1,site/internals/static/reports/uvu-after-action-report/index.html
site/internals/static/reports/uvu-after-action-report/pages/p158.webp,1,site/internals/static/reports/uvu-after-action-report/index.html
site/static/img/km-timelines/km-01-timeline.svg,1,site/docs/Messages/wiped-out-premonition.mdx
site/static/img/km-timelines/km-02-timeline.svg,1,site/docs/Messages/harrison-smith-account.mdx
site/static/img/km-timelines/km-04-timeline.svg,1,site/docs/Messages/if-i-go-against-israel.mdx
site/static/img/km-timelines/km-05-timeline.svg,1,site/docs/Messages/frank-turek-messages.mdx
site/static/img/km-timelines/km-07-timeline.svg,3,site/docs/Messages/sept-9-they-are-going-to-kill-me.mdx
site/static/img/km-timelines/km-08-timeline.svg,1,site/docs/Messages/message-to-andrew-kolvet.mdx
site/static/img/km-timelines/km-10-timeline.svg,1,site/docs/Messages/message-to-dan-flood.mdx
