vkey	basename	media_path	media_present	size	mtime	audio_path	transcription_path	transcription_source	ai_description_path	ocr_path	manifest_cid	manifest_pinned	source_url	source_author	added_date	manifest_description	source_platform	origin	mirror_dir	title_hint
1965869689755812061	1965869689755812061.mp4	/Users/bryan/BGit/Bryan_git/charlie-kirk/videos/1965869689755812061.mp4	video	2058838	1787168908				/Users/bryan/BGit/Bryan_git/charlie-kirk/.lfbridge/videos/1965869689755812061.mp4.ai_description	/Users/bryan/BGit/Bryan_git/charlie-kirk/.lfbridge/videos/1965869689755812061.mp4.ocr	Qmdupxi4TifTuoMz25qHPMUxP3DVz7btycwvJ1rfZZKBpq	true	https://x.com/Cashloren/status/1965869689755812061	@Cashloren	2026-07-13	Glenn Beck tells Megyn Kelly Charlie Kirk has a pulse, critical	x	videos_dir		
1965871960702828885	1965871960702828885.mp4	/Users/bryan/BGit/Bryan_git/charlie-kirk/videos/1965871960702828885.mp4	video	13560413	1787168909				/Users/bryan/BGit/Bryan_git/charlie-kirk/.lfbridge/videos/1965871960702828885.mp4.ai_description	/Users/bryan/BGit/Bryan_git/charlie-kirk/.lfbridge/videos/1965871960702828885.mp4.ocr	QmXSWJzgm6R5j7rWbubZgVu7y6NeMbwGHgttYzPo9Yaxhh	true	https://x.com/VigilantFox/status/1965871960702828885	@VigilantFox	2026-07-13	Eyewitness: one pop, head fell back, blood gushing from neck	x	videos_dir		
1965884012565766172	1965884012565766172.mp4	/Users/bryan/BGit/Bryan_git/charlie-kirk/videos/1965884012565766172.mp4	video	1349105	1787168908				/Users/bryan/BGit/Bryan_git/charlie-kirk/.lfbridge/videos/1965884012565766172.mp4.ai_description	/Users/bryan/BGit/Bryan_git/charlie-kirk/.lfbridge/videos/1965884012565766172.mp4.ocr	QmT5j43eoZcg83huMrAWJswkQke5ki2EYt8MBbCYsFBzq2	true	https://x.com/aducarrabh/status/1965884012565766172	@aducarrabh	2026-07-13	Slow-motion: object whizzes by; alleged vest ricochet to neck	x	videos_dir		
1965890646746513821	1965890646746513821.mp4	/Users/bryan/BGit/Bryan_git/charlie-kirk/videos/1965890646746513821.mp4	video	14499759	1787168909				/Users/bryan/BGit/Bryan_git/charlie-kirk/.lfbridge/videos/1965890646746513821.mp4.ai_description	/Users/bryan/BGit/Bryan_git/charlie-kirk/.lfbridge/videos/1965890646746513821.mp4.ocr	QmZ3a5nC4DNY4duWqoJjchf5ZPKWon34it9uxwgCETkb9p	true	https://x.com/TND/status/1965890646746513821	@TND	2026-07-13	Eyewitness: it was like a direct shot to the heart	x	videos_dir		
1965892000185725129	1965892000185725129.mp4	/Users/bryan/BGit/Bryan_git/charlie-kirk/videos/1965892000185725129.mp4	video	475718	1787168904				/Users/bryan/BGit/Bryan_git/charlie-kirk/.lfbridge/videos/1965892000185725129.mp4.ai_description	/Users/bryan/BGit/Bryan_git/charlie-kirk/.lfbridge/videos/1965892000185725129.mp4.ocr	QmfRuCtidKQfFuQpimhNFhw2tNo8CajDkpHS3Fpz7Pkr3e	true	https://x.com/Bizarro_Videos/status/1965892000185725129	@Bizarro_Videos	2026-07-13	Vest-ricochet frame claim; old-man Fox heart-shot allegation	x	videos_dir		
1965913654840406034	1965913654840406034.mp4	/Users/bryan/BGit/Bryan_git/charlie-kirk/videos/1965913654840406034.mp4	video	475718	1787168904				/Users/bryan/BGit/Bryan_git/charlie-kirk/.lfbridge/videos/1965913654840406034.mp4.ai_description	/Users/bryan/BGit/Bryan_git/charlie-kirk/.lfbridge/videos/1965913654840406034.mp4.ocr	QmfRuCtidKQfFuQpimhNFhw2tNo8CajDkpHS3Fpz7Pkr3e	true	https://x.com/Bizarro_Videos/status/1965913654840406034	@Bizarro_Videos	2026-07-13	Same vest-ricochet clip (reposted by same account)	x	videos_dir		
1966235480732873149	1966235480732873149.mp4	/Users/bryan/BGit/Bryan_git/charlie-kirk/videos/1966235480732873149.mp4	video	1508756	1787168908				/Users/bryan/BGit/Bryan_git/charlie-kirk/.lfbridge/videos/1966235480732873149.mp4.ai_description	/Users/bryan/BGit/Bryan_git/charlie-kirk/.lfbridge/videos/1966235480732873149.mp4.ocr	QmZZ4FQHmQvaMrpm1rP2EetjNK4NNfdux3hfCTmz6fd6zR	true	https://x.com/Maxwell1995Vjjo/status/1966235480732873149	@Maxwell1995Vjjo	2026-07-13	TV witness re George Zinn: one shot directly to the heart	x	videos_dir		
1966293765158560167	1966293765158560167.mp4	/Users/bryan/BGit/Bryan_git/charlie-kirk/videos/1966293765158560167.mp4	video	15620406	1787172509				/Users/bryan/BGit/Bryan_git/charlie-kirk/.lfbridge/videos/1966293765158560167.mp4.ai_description	/Users/bryan/BGit/Bryan_git/charlie-kirk/.lfbridge/videos/1966293765158560167.mp4.ocr	QmachmgMpySvi4cGpvpeHTDwS85PugUMY1M4NUARgyEHF2	true	https://x.com/its_The_Dr/status/1966293765158560167	@its_The_Dr	2026-07-13	Speaker: heart shot plus body-armor fragmentation-to-throat theory	x	videos_dir		
1969832388823003519	1969832388823003519.mp4	/Users/bryan/BGit/Bryan_git/charlie-kirk/videos/1969832388823003519.mp4	video	638032	1787172508				/Users/bryan/BGit/Bryan_git/charlie-kirk/.lfbridge/videos/1969832388823003519.mp4.ai_description	/Users/bryan/BGit/Bryan_git/charlie-kirk/.lfbridge/videos/1969832388823003519.mp4.ocr	QmVGU5Cajy4jzWY9hDaFKg8m8niF3vwxND6L9661Fg3fxJ	true	https://x.com/MarioNawfal/status/1969832388823003519	@MarioNawfal	2026-07-13	Erika Kirk takes the torch after Charlie's assassination	x	videos_dir		
1975970593259610515	1975970593259610515.mp4	/Users/bryan/BGit/Bryan_git/charlie-kirk/videos/1975970593259610515.mp4	video	5989125	1787171331				/Users/bryan/BGit/Bryan_git/charlie-kirk/.lfbridge/videos/1975970593259610515.mp4.ai_description	/Users/bryan/BGit/Bryan_git/charlie-kirk/.lfbridge/videos/1975970593259610515.mp4.ocr	QmcWL2KW2RcZ2MWe8EXhxUURgSuihPyjmkMxJvs49pevoZ	true	https://x.com/Mia_Stretch/status/1975970593259610515	@Mia_Stretch	2026-07-31	Split-screen 27s clip of the Russell Kennington escort — left panel a frozen zoom on the man in scrubs and lab coat between two officers, right panel the moving TikTok footage (credited @chelsealaroe, watermarked @THEINTELSCIF) showing the officer carrying the rifle-shaped object. No speech	x	videos_dir		
1976419242666021122	1976419242666021122.mp4	/Users/bryan/BGit/Bryan_git/charlie-kirk/videos/1976419242666021122.mp4	video	2684183	1782928889	/Users/bryan/BGit/Bryan_git/charlie-kirk/videos/1976419242666021122.mp3	/Users/bryan/BGit/Bryan_git/charlie-kirk/.lfbridge/videos/1976419242666021122.mp4.transcription	video	/Users/bryan/BGit/Bryan_git/charlie-kirk/.lfbridge/videos/1976419242666021122.mp4.ai_description	/Users/bryan/BGit/Bryan_git/charlie-kirk/.lfbridge/videos/1976419242666021122.mp4.ocr	Qmf13kfzZWzZZdNfpNjiN9HhxN1VCGFvZb7ViGJYtwTHAT	true	https://x.com/DiligentDenizen/status/1976419242666021122	@DiligentDenizen	2026-07-01	Man identified as Cooper Brown reportedly stopping a TPUSA young man from testifying on camera; Fox News clip	x	videos_dir		
2001535869736435737	2001535869736435737.mp4	/Users/bryan/BGit/Bryan_git/charlie-kirk/videos/2001535869736435737.mp4	video	13626393	1786905836				/Users/bryan/BGit/Bryan_git/charlie-kirk/.lfbridge/videos/2001535869736435737.mp4.ai_description	/Users/bryan/BGit/Bryan_git/charlie-kirk/.lfbridge/videos/2001535869736435737.mp4.ocr	QmbeapmdPs3dVkQHPAf3CHxb17W6S8rd1rKJpFGSgfrtBa	true	https://x.com/ProjectConstitu/status/2001535869736435737	@ProjectConstitu	2026-08-16	Candace Owens clip saying the Egyptian jets fly in and out of Israel with transponders off	x	videos_dir		
2002152440435781712	2002152440435781712.mp4	/Users/bryan/BGit/Bryan_git/charlie-kirk/videos/2002152440435781712.mp4	video	2080626	1783092714	/Users/bryan/BGit/Bryan_git/charlie-kirk/videos/2002152440435781712.mp3	/Users/bryan/BGit/Bryan_git/charlie-kirk/.lfbridge/videos/2002152440435781712.mp4.transcription	video	/Users/bryan/BGit/Bryan_git/charlie-kirk/.lfbridge/videos/2002152440435781712.mp4.ai_description	/Users/bryan/BGit/Bryan_git/charlie-kirk/.lfbridge/videos/2002152440435781712.mp4.ocr	QmZdFUWDekCDBZcETphabnmTW4Y9vYk7EyPUJECsBXuDfo	true	https://x.com/ProjectConstitu/status/2002152440435781712	@ProjectConstitu	2026-07-03	Project Constitution video on Brian Harpole and his father Bobby Harpole; family law-enforcement, Masonic and funeral-home background	x	videos_dir		
2011947043674034660	2011947043674034660.mp4	/Users/bryan/BGit/Bryan_git/charlie-kirk/videos/2011947043674034660.mp4	video	1339701	1779645955	/Users/bryan/BGit/Bryan_git/charlie-kirk/videos/2011947043674034660.mp3	/Users/bryan/BGit/Bryan_git/charlie-kirk/.lfbridge/videos/2011947043674034660.mp4.transcription	video	/Users/bryan/BGit/Bryan_git/charlie-kirk/.lfbridge/videos/2011947043674034660.mp4.ai_description	/Users/bryan/BGit/Bryan_git/charlie-kirk/.lfbridge/videos/2011947043674034660.mp4.ocr	QmYjH2fYpeCVoLK3pb3ppfeskKSP2Hjw3rToq2q945fe2Q	true	https://x.com/AMeadowInquiry/status/2011947043674034660	@AMeadowInquiry	2026-05-24	Cabot Phillips alibi video (originally posted by @cabot_phillips, mirrored in AMeadowInquiry quote-tweet alleging Fort Huachuca carpet/trim/wall match)	x	videos_dir		
2026310419405504514	2026310419405504514.mp4	/Users/bryan/BGit/Bryan_git/charlie-kirk/videos/2026310419405504514.mp4	video	2520231	1784803272				/Users/bryan/BGit/Bryan_git/charlie-kirk/.lfbridge/videos/2026310419405504514.mp4.ai_description	/Users/bryan/BGit/Bryan_git/charlie-kirk/.lfbridge/videos/2026310419405504514.mp4.ocr							x	videos_dir		
2038721750431846877	2038721750431846877.mp4	/Users/bryan/BGit/Bryan_git/charlie-kirk/videos/2038721750431846877.mp4	video	13812481	1784981445				/Users/bryan/BGit/Bryan_git/charlie-kirk/.lfbridge/videos/2038721750431846877.mp4.ai_description	/Users/bryan/BGit/Bryan_git/charlie-kirk/.lfbridge/videos/2038721750431846877.mp4.ocr	QmWzRTy7Ywi6RyN3kt8VhUkJ5bVmD3HhNhmUGLNhbYjM3h	true	https://x.com/SenseReceptor/status/2038721750431846877	@SenseReceptor	2026-07-25	"Joe Kent tells Harrison Smith the ""Truman Show"" echo chamber around Trump was shaped by Israeli access, moving the Iran red line"	x	videos_dir		
2038934507307343872	2038934507307343872.mp4	/Users/bryan/BGit/Bryan_git/charlie-kirk/videos/2038934507307343872.mp4	video	10473150	1784803272				/Users/bryan/BGit/Bryan_git/charlie-kirk/.lfbridge/videos/2038934507307343872.mp4.ai_description	/Users/bryan/BGit/Bryan_git/charlie-kirk/.lfbridge/videos/2038934507307343872.mp4.ocr							x	videos_dir		
2045116771431321829	2045116771431321829.mp4	/Users/bryan/BGit/Bryan_git/charlie-kirk/videos/2045116771431321829.mp4	video	6059643	1776439886	/Users/bryan/BGit/Bryan_git/charlie-kirk/videos/2045116771431321829.mp3	/Users/bryan/BGit/Bryan_git/charlie-kirk/.lfbridge/videos/2045116771431321829.mp4.transcription	video	/Users/bryan/BGit/Bryan_git/charlie-kirk/.lfbridge/videos/2045116771431321829.mp4.ai_description	/Users/bryan/BGit/Bryan_git/charlie-kirk/.lfbridge/videos/2045116771431321829.mp4.ocr	Qmb49X85Y7wRdMEi7EgvEvjN3A8rdpZVvLfu2CuiSZwbwR	true	https://x.com/SteveCameronPr1/status/2045116771431321829	@SteveCameronPr1	2026-04-17	Sheriff Nate Brooksby describes Tyler Robinson surrender timeline at Washington County Sheriff Office	x	videos_dir		
2045200557531435037	2045200557531435037.mp4	/Users/bryan/BGit/Bryan_git/charlie-kirk/videos/2045200557531435037.mp4	video	130250181	1776451941		/Users/bryan/BGit/Bryan_git/charlie-kirk/.lfbridge/videos/2045200557531435037.mp4.transcription	video	/Users/bryan/BGit/Bryan_git/charlie-kirk/.lfbridge/videos/2045200557531435037.mp4.ai_description	/Users/bryan/BGit/Bryan_git/charlie-kirk/.lfbridge/videos/2045200557531435037.mp4.ocr	QmeC1zcPBzgp9REfTbH7Hz1kyoL6P2kyQcYxoYTbMbLvGq	true	https://x.com/RealCandaceO/status/2045200557531435037	@RealCandaceO	2026-04-17	Candace Owens — The Tyler Robinson hearing explained; demands Trump command FBI to release discovery documents	x	videos_dir		
2045871393611395289_00001	2045871393611395289_00001.mp4	/Users/bryan/BGit/Bryan_git/charlie-kirk/videos/2045871393611395289_00001.mp4	video	8378775	1776688229	/Users/bryan/BGit/Bryan_git/charlie-kirk/videos/2045871393611395289_00001.mp3	/Users/bryan/BGit/Bryan_git/charlie-kirk/.lfbridge/videos/2045871393611395289_00001.mp4.transcription	video	/Users/bryan/BGit/Bryan_git/charlie-kirk/.lfbridge/videos/2045871393611395289_00001.mp4.ai_description	/Users/bryan/BGit/Bryan_git/charlie-kirk/.lfbridge/videos/2045871393611395289_00001.mp4.ocr	Qmcf5Dj8qouWV8m5R9MLWKb3PbqbG6Yoxqisibf9e3dcUT	true	https://x.com/ProjectConstitu/status/2045871393611395289	@ProjectConstitu	2026-04-20	FBI ignored eyewitnesses who saw shooter in all-black — construction worker Dylan Hope speaks out (video 1 of 2, short clip)	x	videos_dir		
2045871393611395289_00002	2045871393611395289_00002.mp4	/Users/bryan/BGit/Bryan_git/charlie-kirk/videos/2045871393611395289_00002.mp4	video	56460035	1776688247	/Users/bryan/BGit/Bryan_git/charlie-kirk/videos/2045871393611395289_00002.mp3	/Users/bryan/BGit/Bryan_git/charlie-kirk/.lfbridge/videos/2045871393611395289_00002.mp4.transcription	video	/Users/bryan/BGit/Bryan_git/charlie-kirk/.lfbridge/videos/2045871393611395289_00002.mp4.ai_description	/Users/bryan/BGit/Bryan_git/charlie-kirk/.lfbridge/videos/2045871393611395289_00002.mp4.ocr	QmS8nNNsdoYwnifaEmvk2iH9TLTANJMXTYdssJQY5Toygz	true	https://x.com/ProjectConstitu/status/2045871393611395289	@ProjectConstitu	2026-04-20	FBI ignored eyewitnesses who saw shooter in all-black — construction worker Dylan Hope speaks out (video 2 of 2, full interview)	x	videos_dir		
2046380775579209982	2046380775579209982.mp4	/Users/bryan/BGit/Bryan_git/charlie-kirk/videos/2046380775579209982.mp4	video	22593106	1776772901	/Users/bryan/BGit/Bryan_git/charlie-kirk/videos/2046380775579209982.mp3	/Users/bryan/BGit/Bryan_git/charlie-kirk/.lfbridge/videos/2046380775579209982.mp4.transcription	video	/Users/bryan/BGit/Bryan_git/charlie-kirk/.lfbridge/videos/2046380775579209982.mp4.ai_description	/Users/bryan/BGit/Bryan_git/charlie-kirk/.lfbridge/videos/2046380775579209982.mp4.ocr	QmPqpX8PjTgsPJvdUVn8MmPFBiZ75XxUPfXr8YjWDwjtFq	true	https://x.com/FurkanGozukara/status/2046380775579209982?s=20	@FurkanGozukara	2026-04-21	Buckley Carlson dismantles FBI Director Kash Patel over Charlie Kirk assassination coverup — Valhalla pagan reference mocks devout Christian	x	videos_dir		
2046414464447287296	2046414464447287296.mp4	/Users/bryan/BGit/Bryan_git/charlie-kirk/videos/2046414464447287296.mp4	video	6546481	1787172509	/Users/bryan/BGit/Bryan_git/charlie-kirk/videos/2046414464447287296.mp3	/Users/bryan/BGit/Bryan_git/charlie-kirk/.lfbridge/videos/2046414464447287296.mp3.transcription	audio_sibling	/Users/bryan/BGit/Bryan_git/charlie-kirk/.lfbridge/videos/2046414464447287296.mp4.ai_description	/Users/bryan/BGit/Bryan_git/charlie-kirk/.lfbridge/videos/2046414464447287296.mp4.ocr	QmSS2HkEaF38xhE25ZsY9FUGmvcwwisnwRgKHxjvkdkZse	true	https://x.com/MJTruthUltra/status/2046416354454990874	@MJTruthUltra	2026-04-20	MJTruthUltra — Kash Valhalla quote + Goat Island / Valhalla Danish House (video 3 of 3)	x	videos_dir		
2046416264562921472	2046416264562921472.mp4	/Users/bryan/BGit/Bryan_git/charlie-kirk/videos/2046416264562921472.mp4	video	6216571	1787172509	/Users/bryan/BGit/Bryan_git/charlie-kirk/videos/2046416264562921472.mp3	/Users/bryan/BGit/Bryan_git/charlie-kirk/.lfbridge/videos/2046416264562921472.mp3.transcription	audio_sibling	/Users/bryan/BGit/Bryan_git/charlie-kirk/.lfbridge/videos/2046416264562921472.mp4.ai_description	/Users/bryan/BGit/Bryan_git/charlie-kirk/.lfbridge/videos/2046416264562921472.mp4.ocr	QmfJ9f9ymnw6RvHYXzGbnL9rQeHPES7Pi6TQJQnbHqBEzG	true	https://x.com/MJTruthUltra/status/2046416354454990874	@MJTruthUltra	2026-04-20	MJTruthUltra — Kash Valhalla quote + Goat Island / Valhalla Danish House (video 2 of 3)	x	videos_dir		
2046416264567140352	2046416264567140352.mp4	/Users/bryan/BGit/Bryan_git/charlie-kirk/videos/2046416264567140352.mp4	video	1525649	1787172508	/Users/bryan/BGit/Bryan_git/charlie-kirk/videos/2046416264567140352.mp3	/Users/bryan/BGit/Bryan_git/charlie-kirk/.lfbridge/videos/2046416264567140352.mp3.transcription	audio_sibling	/Users/bryan/BGit/Bryan_git/charlie-kirk/.lfbridge/videos/2046416264567140352.mp4.ai_description	/Users/bryan/BGit/Bryan_git/charlie-kirk/.lfbridge/videos/2046416264567140352.mp4.ocr	QmchuzwZemj9rh5Z4fAPVP36KL8fqWYd4UTm5djnJRJZpc	true	https://x.com/MJTruthUltra/status/2046416354454990874	@MJTruthUltra	2026-04-20	MJTruthUltra — Kash Valhalla quote + Goat Island / Valhalla Danish House (video 1 of 3)	x	videos_dir		
2047113133903495513	2047113133903495513.mp4	/Users/bryan/BGit/Bryan_git/charlie-kirk/videos/2047113133903495513.mp4	video	58916838	1776971760	/Users/bryan/BGit/Bryan_git/charlie-kirk/videos/2047113133903495513.mp3	/Users/bryan/BGit/Bryan_git/charlie-kirk/.lfbridge/videos/2047113133903495513.mp4.transcription	video	/Users/bryan/BGit/Bryan_git/charlie-kirk/.lfbridge/videos/2047113133903495513.mp4.ai_description	/Users/bryan/BGit/Bryan_git/charlie-kirk/.lfbridge/videos/2047113133903495513.mp4.ocr	Qmf861VfyBj9LHr5yLVhN1ugZG6B1ZppVgWUY5HFVyrz3g	true	https://x.com/jamiburns45/status/2047113133903495513?s=20	@jamiburns45	2026-04-23	Brig. Gen. Blaine Holt and Rob O Neill (bin Laden SEAL killer) on NEWSMAX discussing CK assassination	x	videos_dir		
2053805778952417528	2053805778952417528.mp4	/Users/bryan/BGit/Bryan_git/charlie-kirk/videos/2053805778952417528.mp4	video	6159642	1778501998	/Users/bryan/BGit/Bryan_git/charlie-kirk/videos/2053805778952417528.mp3	/Users/bryan/BGit/Bryan_git/charlie-kirk/.lfbridge/videos/2053805778952417528.mp4.transcription	video	/Users/bryan/BGit/Bryan_git/charlie-kirk/.lfbridge/videos/2053805778952417528.mp4.ai_description	/Users/bryan/BGit/Bryan_git/charlie-kirk/.lfbridge/videos/2053805778952417528.mp4.ocr	QmNjgg3Trjfiq4YEK4XjDur9YyJF1xk8nhAkeCkXMoo41Y	true	https://x.com/MuppetMasher/status/2053805778952417528	@MuppetMasher	2026-05-11	UVU witness Nick interview — describes hearing pops/smaller calibre sounds, not rifle, and trajectory of shot	x	videos_dir		
2055025567255191600	2055025567255191600.mp4	/Users/bryan/BGit/Bryan_git/charlie-kirk/videos/2055025567255191600.mp4	video	48741435	1778870348	/Users/bryan/BGit/Bryan_git/charlie-kirk/videos/2055025567255191600.mp3	/Users/bryan/BGit/Bryan_git/charlie-kirk/.lfbridge/videos/2055025567255191600.mp4.transcription	video	/Users/bryan/BGit/Bryan_git/charlie-kirk/.lfbridge/videos/2055025567255191600.mp4.ai_description	/Users/bryan/BGit/Bryan_git/charlie-kirk/.lfbridge/videos/2055025567255191600.mp4.ocr	Qma3dQgv74Lr1W6yipQU8SUZYY7WNch7P18XQ9ah15rTP2	true	https://x.com/rustyrockets/status/2055025567255191600	@rustyrockets	2026-05-15	Russell Brand — 4:45 monologue tying Charlie Kirk and Israel themes	x	videos_dir		
2055445490003489041	2055445490003489041.mp4	/Users/bryan/BGit/Bryan_git/charlie-kirk/videos/2055445490003489041.mp4	video	15229977	1778941001	/Users/bryan/BGit/Bryan_git/charlie-kirk/videos/2055445490003489041.mp3	/Users/bryan/BGit/Bryan_git/charlie-kirk/.lfbridge/videos/2055445490003489041.mp4.transcription	video	/Users/bryan/BGit/Bryan_git/charlie-kirk/.lfbridge/videos/2055445490003489041.mp4.ai_description	/Users/bryan/BGit/Bryan_git/charlie-kirk/.lfbridge/videos/2055445490003489041.mp4.ocr	QmRctS1DC9ZU8U9qzy9FVmCGmLDsCWKgNMgcapzcK5SsSQ	true	https://x.com/FurkanGozukara/status/2055445490003489041	@FurkanGozukara	2026-05-16	Stew Peters segment alleging Charlie Kirk rejected a $1 billion Israeli offer (amplified by @FurkanGozukara)	x	videos_dir		
2057560145379708956	2057560145379708956.mp4	/Users/bryan/BGit/Bryan_git/charlie-kirk/videos/2057560145379708956.mp4	video	3685643	1779402881	/Users/bryan/BGit/Bryan_git/charlie-kirk/videos/2057560145379708956.mp3	/Users/bryan/BGit/Bryan_git/charlie-kirk/.lfbridge/videos/2057560145379708956.mp4.transcription	video	/Users/bryan/BGit/Bryan_git/charlie-kirk/.lfbridge/videos/2057560145379708956.mp4.ai_description	/Users/bryan/BGit/Bryan_git/charlie-kirk/.lfbridge/videos/2057560145379708956.mp4.ocr	QmRroFnN6ku7scJcNZXgTprhf8723Zic5oiBiRNogqHTRm	true	https://x.com/ShadowofEzra/status/2057560145379708956	@ShadowofEzra	2026-05-21	Dan Merrell — contractor hired to pave Charlie Kirk crime scene — says Utah governor and Kash Patel FBI ordered the pave-over by Monday	x	videos_dir		
2067372027623715212	2067372027623715212.mp4	/Users/bryan/BGit/Bryan_git/charlie-kirk/videos/2067372027623715212.mp4	video	46196181	1781737132	/Users/bryan/BGit/Bryan_git/charlie-kirk/videos/2067372027623715212.mp3	/Users/bryan/BGit/Bryan_git/charlie-kirk/.lfbridge/videos/2067372027623715212.mp4.transcription	video	/Users/bryan/BGit/Bryan_git/charlie-kirk/.lfbridge/videos/2067372027623715212.mp4.ai_description	/Users/bryan/BGit/Bryan_git/charlie-kirk/.lfbridge/videos/2067372027623715212.mp4.ocr	QmThpacy26yaTjsRcPSVegJQTNzRRSyXt23tKWjPZcyn3s	true	https://x.com/ProjectConstitu/status/2067372027623715212	@ProjectConstitu	2026-06-17	Candace Owens exploding-mic theory explainer — soil excavation, paved-over tent, necklace search	x	videos_dir		
2068463186668605858	2068463186668605858.mp4	/Users/bryan/BGit/Bryan_git/charlie-kirk/videos/2068463186668605858.mp4	video	10585703	1787172509	/Users/bryan/BGit/Bryan_git/charlie-kirk/videos/2068463186668605858.mp3	/Users/bryan/BGit/Bryan_git/charlie-kirk/.lfbridge/videos/2068463186668605858.mp3.transcription	audio_sibling	/Users/bryan/BGit/Bryan_git/charlie-kirk/.lfbridge/videos/2068463186668605858.mp4.ai_description	/Users/bryan/BGit/Bryan_git/charlie-kirk/.lfbridge/videos/2068463186668605858.mp4.ocr	QmRiWzUfpwFu34KwtxnPTs84NkqVwLtm2RTtcLRRp7m22w	true	https://x.com/Partisangirl/status/2068463186668605858	@Partisangirl	2026-06-21	Tucker Carlson: those who knew Charlie Kirk believe he was murdered for his evolving views on Israel	x	videos_dir		
2069185145555255370	2069185145555255370.mp4	/Users/bryan/BGit/Bryan_git/charlie-kirk/videos/2069185145555255370.mp4	video	96925208	1787172515	/Users/bryan/BGit/Bryan_git/charlie-kirk/videos/2069185145555255370.mp3	/Users/bryan/BGit/Bryan_git/charlie-kirk/.lfbridge/videos/2069185145555255370.mp3.transcription	audio_sibling	/Users/bryan/BGit/Bryan_git/charlie-kirk/.lfbridge/videos/2069185145555255370.mp4.ai_description	/Users/bryan/BGit/Bryan_git/charlie-kirk/.lfbridge/videos/2069185145555255370.mp4.ocr	QmYoW7YuVGkVpq9r67aufTqqLM9QQb7UjR27QMvwyjbq2y	true	https://x.com/realhonestash/status/2069185145555255370	@realhonestash	2026-06-22	Candace Owens covers alleged crisis actors and the mic-as-shaped-charge plan theory	x	videos_dir		
2069185145555255370_source	2069185145555255370_source.mp4	/Users/bryan/BGit/Bryan_git/charlie-kirk/videos/2069185145555255370_source.mp4	video	6758881	1787172509				/Users/bryan/BGit/Bryan_git/charlie-kirk/.lfbridge/videos/2069185145555255370_source.mp4.ai_description	/Users/bryan/BGit/Bryan_git/charlie-kirk/.lfbridge/videos/2069185145555255370_source.mp4.ocr	QmS84Kqhk27iMFCMDx5YupSnPy5kh1HUiwUFaZsYmCsJQp	true	https://x.com/realhonestash/status/2069185145555255370	@realhonestash	2026-06-22	Source clip - alleged crisis actors describing what they witnessed	x	videos_dir		
2069350461573046382	2069350461573046382.mp4	/Users/bryan/BGit/Bryan_git/charlie-kirk/videos/2069350461573046382.mp4	video	30635952	1782509178	/Users/bryan/BGit/Bryan_git/charlie-kirk/videos/2069350461573046382.mp3	/Users/bryan/BGit/Bryan_git/charlie-kirk/.lfbridge/videos/2069350461573046382.mp4.transcription	video	/Users/bryan/BGit/Bryan_git/charlie-kirk/.lfbridge/videos/2069350461573046382.mp4.ai_description	/Users/bryan/BGit/Bryan_git/charlie-kirk/.lfbridge/videos/2069350461573046382.mp4.ocr	QmbXGTeP3o1grnNNm5d5cMNsYPWeoXr4TNgkqyVS1U9m8q	true	https://x.com/MuppetMasher/status/2069350461573046382	@MuppetMasher	2026-06-26	"Compilation of on-camera witness TV interviews describing Charlie Kirk shot in the heart/chest (shaped-charge ""shot to the heart"" theory)."	x	videos_dir		
2069566053353463951	2069566053353463951.mp4	/Users/bryan/BGit/Bryan_git/charlie-kirk/videos/2069566053353463951.mp4	video	173543756	1782302726	/Users/bryan/BGit/Bryan_git/charlie-kirk/videos/2069566053353463951.mp3	/Users/bryan/BGit/Bryan_git/charlie-kirk/.lfbridge/videos/2069566053353463951.mp4.transcription	video	/Users/bryan/BGit/Bryan_git/charlie-kirk/.lfbridge/videos/2069566053353463951.mp4.ai_description	/Users/bryan/BGit/Bryan_git/charlie-kirk/.lfbridge/videos/2069566053353463951.mp4.ocr	QmaH8msKvgBjgsAYUSFegAo7JYCNUQUCeJCv6geZaFTfGC	true	https://x.com/CharlotteLee_88/status/2069566053353463951	@CharlotteLee_88	2026-06-24	Witness lineup - Sara describes shot in chest, doubles down, then changes account on second station	x	videos_dir		
2069997980002726099	2069997980002726099.mp4	/Users/bryan/BGit/Bryan_git/charlie-kirk/videos/2069997980002726099.mp4	video	30641855	1782386933	/Users/bryan/BGit/Bryan_git/charlie-kirk/videos/2069997980002726099.mp3	/Users/bryan/BGit/Bryan_git/charlie-kirk/.lfbridge/videos/2069997980002726099.mp4.transcription	video	/Users/bryan/BGit/Bryan_git/charlie-kirk/.lfbridge/videos/2069997980002726099.mp4.ai_description	/Users/bryan/BGit/Bryan_git/charlie-kirk/.lfbridge/videos/2069997980002726099.mp4.ocr	QmTUAdM2AELmSag6in7A8AypCsSw6NKSQqFJj15gF28ZAj	true	https://x.com/realstewpeters/status/2069997980002726099	@realstewpeters	2026-06-25	Stew Peters explains his exploding-mic thesis tying CK death to AES factory $440k DoD order, Hegseth SAM702 flight, and Elbit Systems	x	videos_dir		
2070467635578294609	2070467635578294609.mp4	/Users/bryan/BGit/Bryan_git/charlie-kirk/videos/2070467635578294609.mp4	video	42701327	1782474158	/Users/bryan/BGit/Bryan_git/charlie-kirk/videos/2070467635578294609.mp3	/Users/bryan/BGit/Bryan_git/charlie-kirk/.lfbridge/videos/2070467635578294609.mp4.transcription	video	/Users/bryan/BGit/Bryan_git/charlie-kirk/.lfbridge/videos/2070467635578294609.mp4.ai_description	/Users/bryan/BGit/Bryan_git/charlie-kirk/.lfbridge/videos/2070467635578294609.mp4.ocr	QmcsVH1Qt1MomvqkB2giLRCtNWQ4tEC3PnEnK5BKnyLZX6	true	https://x.com/ProjectConstitu/status/2070467635578294609	@ProjectConstitu	2026-06-26	Joshua Peterson TPUSA whistleblower testimony — alleged Israeli/Mossad recruitment at TPUSA training	x	videos_dir		
2070615710003589174	2070615710003589174.mp4	/Users/bryan/BGit/Bryan_git/charlie-kirk/videos/2070615710003589174.mp4	video	556396	1782512924	/Users/bryan/BGit/Bryan_git/charlie-kirk/videos/2070615710003589174.mp3	/Users/bryan/BGit/Bryan_git/charlie-kirk/.lfbridge/videos/2070615710003589174.mp4.transcription	video	/Users/bryan/BGit/Bryan_git/charlie-kirk/.lfbridge/videos/2070615710003589174.mp4.ai_description	/Users/bryan/BGit/Bryan_git/charlie-kirk/.lfbridge/videos/2070615710003589174.mp4.ocr	QmQ8y9mRxxJfGq8VgGb3LN2aet5MnHnAzLpHaoDobDWeLs	true	https://x.com/DiligentDenizen/status/2070615710003589174?s=20	@DiligentDenizen	2026-06-26	Candace Owens SUV photos montage — shattered tempered glass (RODE mic) on SUV floor	x	videos_dir		
2071072788132118610	2071072788132118610.mp4	/Users/bryan/BGit/Bryan_git/charlie-kirk/videos/2071072788132118610.mp4	video	75721393	1782664703	/Users/bryan/BGit/Bryan_git/charlie-kirk/videos/2071072788132118610.mp3	/Users/bryan/BGit/Bryan_git/charlie-kirk/.lfbridge/videos/2071072788132118610.mp4.transcription	video	/Users/bryan/BGit/Bryan_git/charlie-kirk/.lfbridge/videos/2071072788132118610.mp4.ai_description	/Users/bryan/BGit/Bryan_git/charlie-kirk/.lfbridge/videos/2071072788132118610.mp4.ocr	QmbDwwYuPmjPjL84jM2XCum7EFrtc33pjWBhMdKMFCdPXt	true	https://x.com/troofevades/status/2071072788132118610	@troofevades	2026-06-28	Demonstration of a real shaped charge detonating (large smoke cloud); skeptic counterargument to the exploding-mic theory. Original video by @Trillion0x.	x	videos_dir		
2071074071404798401	2071074071404798401.mp4	/Users/bryan/BGit/Bryan_git/charlie-kirk/videos/2071074071404798401.mp4	video	11877523	1782669552	/Users/bryan/BGit/Bryan_git/charlie-kirk/videos/2071074071404798401.mp3	/Users/bryan/BGit/Bryan_git/charlie-kirk/.lfbridge/videos/2071074071404798401.mp4.transcription	video	/Users/bryan/BGit/Bryan_git/charlie-kirk/.lfbridge/videos/2071074071404798401.mp4.ai_description	/Users/bryan/BGit/Bryan_git/charlie-kirk/.lfbridge/videos/2071074071404798401.mp4.ocr	Qmbmk5C2fTbsxtWv4nnPNjsorjy9DRShPi811ZikJ8DvB2	true	https://x.com/UAPLuigi/status/2071074071404798401	@UAPLuigi	2026-06-28	Microwave Hearing / Frey Effect / V2K explainer with audio demo attributed to CIA-DARPA Project Pandora microwave voice-to-skull technology	x	videos_dir		
2071736376215920842	2071736376215920842.mp4	/Users/bryan/BGit/Bryan_git/charlie-kirk/videos/2071736376215920842.mp4	video	3922575	1782859636	/Users/bryan/BGit/Bryan_git/charlie-kirk/videos/2071736376215920842.mp3	/Users/bryan/BGit/Bryan_git/charlie-kirk/.lfbridge/videos/2071736376215920842.mp4.transcription	video	/Users/bryan/BGit/Bryan_git/charlie-kirk/.lfbridge/videos/2071736376215920842.mp4.ai_description	/Users/bryan/BGit/Bryan_git/charlie-kirk/.lfbridge/videos/2071736376215920842.mp4.ocr	QmWnQXa9n7UQWEtGHVHMNVr8kmN7gYR9brubAPSj3xR4uD	true	https://x.com/CatQuestionsAll/status/2071736376215920842	@CatQuestionsAll	2026-06-30	Benny Johnson says there is reason to believe CK was a professional hit job and considerable evidence of state actors involved	x	videos_dir		
2071736376215920842_extracted	2071736376215920842_extracted	/Users/bryan/BGit/Bryan_git/charlie-kirk/videos/2071736376215920842_extracted.mp3	audio_only	972777		/Users/bryan/BGit/Bryan_git/charlie-kirk/videos/2071736376215920842_extracted.mp3	/Users/bryan/BGit/Bryan_git/charlie-kirk/.lfbridge/videos/2071736376215920842_extracted.mp3.transcription	audio_sibling									x	sidecar_only		
2072021982296551765	2072021982296551765.mp4	/Users/bryan/BGit/Bryan_git/charlie-kirk/videos/2072021982296551765.mp4	video	3078587	1782846946	/Users/bryan/BGit/Bryan_git/charlie-kirk/videos/2072021982296551765.mp3	/Users/bryan/BGit/Bryan_git/charlie-kirk/.lfbridge/videos/2072021982296551765.mp4.transcription	video	/Users/bryan/BGit/Bryan_git/charlie-kirk/.lfbridge/videos/2072021982296551765.mp4.ai_description	/Users/bryan/BGit/Bryan_git/charlie-kirk/.lfbridge/videos/2072021982296551765.mp4.ocr	QmYfryta9zQRs6W6qCctfvz4MZjo3p8x7wzCSEVR8mK6KJ	true	https://x.com/IGraceAshford/status/2072021982296551765	@IGraceAshford	2026-06-30	Baron Coleman alleges bulletproof evidence of a multi-agency cover-up framing Tyler Robinson	x	videos_dir		
2072814926133866634	2072814926133866634.mp4	/Users/bryan/BGit/Bryan_git/charlie-kirk/videos/2072814926133866634.mp4	video	13316587	1787172509	/Users/bryan/BGit/Bryan_git/charlie-kirk/videos/2072814926133866634.mp3	/Users/bryan/BGit/Bryan_git/charlie-kirk/.lfbridge/videos/2072814926133866634.mp3.transcription	audio_sibling	/Users/bryan/BGit/Bryan_git/charlie-kirk/.lfbridge/videos/2072814926133866634.mp4.ai_description	/Users/bryan/BGit/Bryan_git/charlie-kirk/.lfbridge/videos/2072814926133866634.mp4.ocr	QmWpQUf5HajEXF8SV3ZTSGB377HUruL7GLPUbr7ByHAQkh	true	https://x.com/mistressdivy/status/2072814926133866634	@mistressdivy	2026-07-02	Paralegal analyzes AES USASpending.gov DoD contract for miniature anti-personnel demolition devices, ties to Kirk mic theory	x	videos_dir		
2074257725697970542	2074257725697970542.mp4	/Users/bryan/BGit/Bryan_git/charlie-kirk/videos/2074257725697970542.mp4	video	13419576	1783381868	/Users/bryan/BGit/Bryan_git/charlie-kirk/videos/2074257725697970542.mp3	/Users/bryan/BGit/Bryan_git/charlie-kirk/.lfbridge/videos/2074257725697970542.mp4.transcription	video	/Users/bryan/BGit/Bryan_git/charlie-kirk/.lfbridge/videos/2074257725697970542.mp4.ai_description	/Users/bryan/BGit/Bryan_git/charlie-kirk/.lfbridge/videos/2074257725697970542.mp4.ocr	QmbNQzjHMfZpLqKL7uVQxstB7Bw6befeXkQzGdsXNWY9GY	true	https://x.com/JOKAQARMY1/status/2074257725697970542	@JOKAQARMY1	2026-07-06	"Clip captioned ""Officer Bagley body cam dies on roof"" — claim that a UVU-area officer body camera stopped recording on the rooftop"	x	videos_dir		
2075191642366054733	2075191642366054733.mp4	/Users/bryan/BGit/Bryan_git/charlie-kirk/videos/2075191642366054733.mp4	video	61909839	1783701880		/Users/bryan/BGit/Bryan_git/charlie-kirk/.lfbridge/videos/2075191642366054733.mp4.transcription	video	/Users/bryan/BGit/Bryan_git/charlie-kirk/.lfbridge/videos/2075191642366054733.mp4.ai_description	/Users/bryan/BGit/Bryan_git/charlie-kirk/.lfbridge/videos/2075191642366054733.mp4.ocr	QmWxfDTeJekGmhRvHz1kCZvKnA38L6y4BpZAjPuC6FGKDg	true	https://x.com/iluminomoly/status/2075191642366054733	@iluminomoly	2026-07-10	Police scanner breakdown — shifting story of Zach Qureshi/Andrew Piskadlo going hospital to hospital; Nissan Armada turns out to be FBI; non-existent DMV plate	x	videos_dir		
2075290171105288315	2075290171105288315.mp4	/Users/bryan/BGit/Bryan_git/charlie-kirk/videos/2075290171105288315.mp4	video	1645892	1783688199		/Users/bryan/BGit/Bryan_git/charlie-kirk/.lfbridge/videos/2075290171105288315.mp4.transcription	video	/Users/bryan/BGit/Bryan_git/charlie-kirk/.lfbridge/videos/2075290171105288315.mp4.ai_description	/Users/bryan/BGit/Bryan_git/charlie-kirk/.lfbridge/videos/2075290171105288315.mp4.ocr	QmR3y2v5F5uHzCrUJ79s8M2bKoFqPi3cBY2KZvrFabq3oj	true	https://x.com/realstewpeters/status/2075290171105288315	@realstewpeters	2026-07-10	Utah v. Robinson testimony — Agent Davis confirms a Cellebrite (Israeli firm) extraction on Lance Twiggs phone; Robinson-Twiggs texts Sept 10-11	x	videos_dir		
2075531573907071094	2075531573907071094.mp4	/Users/bryan/BGit/Bryan_git/charlie-kirk/videos/2075531573907071094.mp4	video	13400391	1783688296		/Users/bryan/BGit/Bryan_git/charlie-kirk/.lfbridge/videos/2075531573907071094.mp4.transcription	video	/Users/bryan/BGit/Bryan_git/charlie-kirk/.lfbridge/videos/2075531573907071094.mp4.ai_description	/Users/bryan/BGit/Bryan_git/charlie-kirk/.lfbridge/videos/2075531573907071094.mp4.ocr	QmZWuQH5Mf1mY5SP2C9HHvRFrSRcp8xLmw8RgKfRXypA9g	true	https://x.com/IGraceAshford/status/2075531573907071094	@IGraceAshford	2026-07-10	Every district/magistrate judge in M.D. Tennessee recused from Brian Harpole defamation suit vs Candace Owens; 6th Cir. bringing outside judge. Includes Candace Owens clip on the public-figure argument.	x	videos_dir		
2075691199575265757	2075691199575265757.mp4		none								QmQKcXQqCGn8hjfMwj7Mycfnzbv8B73sMmHLPYS9TZjSg9	true	https://x.com/ProjectConstitu/status/2075691199575265757	@ProjectConstitu	2026-07-10	"Resurfaced 20s video: man in all black with backpack and long dark hair running from UVU crime scene 9/10, filmed by a witness who said ""he is the guy"". Amplified by @realhonestash."	x	manifest_only		
2076019571127935010	2076019571127935010.mp4	/Users/bryan/BGit/Bryan_git/charlie-kirk/videos/2076019571127935010.mp4	video	61343222	1783866425		/Users/bryan/BGit/Bryan_git/charlie-kirk/.lfbridge/videos/2076019571127935010.mp4.transcription	video	/Users/bryan/BGit/Bryan_git/charlie-kirk/.lfbridge/videos/2076019571127935010.mp4.ai_description	/Users/bryan/BGit/Bryan_git/charlie-kirk/.lfbridge/videos/2076019571127935010.mp4.ocr	QmRx9WA5DXjcFvmEmMsSWgzvTjWTikezpH8d4Bn4WAgrnh	true	https://x.com/VLuvMully/status/2076019571127935010	@VLuvMully (clip: @WDYFW_PodClips / @baroncoleman)	2026-07-12	Baron Coleman legal analysis: if Tyler Robinson turned himself in early afternoon (3-6pm 9/11) and Washington County refuses/deleted the turn-in video, it points to a multi-agency cover-up; discusses missing footage, Sheriff Brooksby 8:02pm call, shirt, mic-explosive hypothesis.	x	videos_dir		
2076295071326929264	2076295071326929264.mp4	/Users/bryan/BGit/Bryan_git/charlie-kirk/videos/2076295071326929264.mp4	video	89384494	1783867645		/Users/bryan/BGit/Bryan_git/charlie-kirk/.lfbridge/videos/2076295071326929264.mp4.transcription	video	/Users/bryan/BGit/Bryan_git/charlie-kirk/.lfbridge/videos/2076295071326929264.mp4.ai_description	/Users/bryan/BGit/Bryan_git/charlie-kirk/.lfbridge/videos/2076295071326929264.mp4.ocr	QmQxVttdEXbFCbcJrjfv1Bwam71YDExQLAZwRaAMdhXG9V	true	https://x.com/Bechedith/status/2076295071326929264	@Bechedith (re: @baroncoleman / @VLuvMully)	2026-07-12	"~7.3-min video shared by @Bechedith replying that attorney Baron Coleman ""already covered this"" — the Tyler Robinson Mirandizing / custody-timeline dispute (6:25 PM Sept 11 Miranda reading vs the ~7:57 PM Discord confession)."	x	videos_dir		
2076465128329846991	2076465128329846991.mp4	/Users/bryan/BGit/Bryan_git/charlie-kirk/videos/2076465128329846991.mp4	video	20839951	1787172509				/Users/bryan/BGit/Bryan_git/charlie-kirk/.lfbridge/videos/2076465128329846991.mp4.ai_description	/Users/bryan/BGit/Bryan_git/charlie-kirk/.lfbridge/videos/2076465128329846991.mp4.ocr	QmZHropnv47SNw2XBeaNNTfB8RAqv4nPcE1AbVTQNvdZJV	true	https://x.com/charlie_ward77/status/2076465128329846991	@charlie_ward77	2026-07-13	"TV news broadcast clip — a witness says the arrested man (George Zinn) is the wrong guy and that Charlie Kirk was hit by ""one shot, right directly to the heart"" from a ""sharp shooter""; segment hands off to Jason Chaffetz."	x	videos_dir		
2076529988237767086	2076529988237767086.mp4	/Users/bryan/BGit/Bryan_git/charlie-kirk/videos/2076529988237767086.mp4	video	148204036	1783963384		/Users/bryan/BGit/Bryan_git/charlie-kirk/.lfbridge/videos/2076529988237767086.mp4.transcription	video	/Users/bryan/BGit/Bryan_git/charlie-kirk/.lfbridge/videos/2076529988237767086.mp4.ai_description	/Users/bryan/BGit/Bryan_git/charlie-kirk/.lfbridge/videos/2076529988237767086.mp4.ocr	QmSbvABAy45DGwUxRfusXGHELYYRGW2hdWCsk1KrBQR8pL	true	https://x.com/IanCarrollShow/status/2076529988237767086	@IanCarrollShow	2026-07-13	Ian Carroll ~7.1-min video: 'Israel really likes assassination. It's kind of their thing.' — argument on Israel's history of targeted killings.	x	videos_dir		
2076585079015391653	2076585079015391653.mp4	/Users/bryan/BGit/Bryan_git/charlie-kirk/videos/2076585079015391653.mp4	video	10987615	1783963897		/Users/bryan/BGit/Bryan_git/charlie-kirk/.lfbridge/videos/2076585079015391653.mp4.transcription	video	/Users/bryan/BGit/Bryan_git/charlie-kirk/.lfbridge/videos/2076585079015391653.mp4.ai_description	/Users/bryan/BGit/Bryan_git/charlie-kirk/.lfbridge/videos/2076585079015391653.mp4.ocr	QmdRHj4338We2zB4bXzZGTgRVuRHfQCBG6ZJ5dGcwAnyvh	true	https://x.com/IGraceAshford/status/2076585079015391653	@IGraceAshford (clip: @baroncoleman)	2026-07-13	Baron Coleman: Tyler Robinson is in grave danger because he was never supposed to survive this long; if the Charlie Kirk case reaches trial the evidence will not hold.	x	videos_dir		
2077277163053564059	2077277163053564059.mp4	/Users/bryan/BGit/Bryan_git/charlie-kirk/videos/2077277163053564059.mp4	video	4420062	1784119345		/Users/bryan/BGit/Bryan_git/charlie-kirk/.lfbridge/videos/2077277163053564059.mp4.transcription	video	/Users/bryan/BGit/Bryan_git/charlie-kirk/.lfbridge/videos/2077277163053564059.mp4.ai_description	/Users/bryan/BGit/Bryan_git/charlie-kirk/.lfbridge/videos/2077277163053564059.mp4.ocr	QmSnkHsTUv8tPb45f9RrvFLM16FVSpKCA1ersYX28SFAZQ	true	https://x.com/wtshesaid72/status/2077277163053564059	@wtshesaid72	2026-07-15	Animated B-Field Resonant Cascade (BFRC) hypothesis walkthrough — music only, no narration	x	videos_dir		
2077840998583935465	2077840998583935465.mp4	/Users/bryan/BGit/Bryan_git/charlie-kirk/videos/2077840998583935465.mp4	video	8236414	1784232212		/Users/bryan/BGit/Bryan_git/charlie-kirk/.lfbridge/videos/2077840998583935465.mp4.transcription	video	/Users/bryan/BGit/Bryan_git/charlie-kirk/.lfbridge/videos/2077840998583935465.mp4.ai_description	/Users/bryan/BGit/Bryan_git/charlie-kirk/.lfbridge/videos/2077840998583935465.mp4.ocr	Qmc5XpXRZ8fPBTLsvMx66kcB6RyywTs48WALsPo7nXdLRn	true	https://x.com/realstewpeters/status/2077840998583935465	@realstewpeters	2026-07-16	Stew Peters claims Fort Huachuca-linked image search results (DIA, CENTCOM, Crane, Kirk security figures) were wiped the day after broadcast	x	videos_dir		
2077921727888138329_1	2077921727888138329_1.mp4	/Users/bryan/BGit/Bryan_git/charlie-kirk/videos/2077921727888138329_1.mp4	video	5639462	1784309808		/Users/bryan/BGit/Bryan_git/charlie-kirk/.lfbridge/videos/2077921727888138329_1.mp4.transcription	video	/Users/bryan/BGit/Bryan_git/charlie-kirk/.lfbridge/videos/2077921727888138329_1.mp4.ai_description	/Users/bryan/BGit/Bryan_git/charlie-kirk/.lfbridge/videos/2077921727888138329_1.mp4.ocr	QmQK5HHckHYVhKPBPAQpHNo9KbYgJSW1ziKLHF9k6WA3a7	true	https://x.com/ZREIKMIESTER/status/2077921727888138329	@ZREIKMIESTER	2026-07-17	Slow-motion mic/LiPO-battery explosion theory diagram video (Charlie Kirk neck)	x	videos_dir		
2077951056697331723	2077951056697331723.mp4	/Users/bryan/BGit/Bryan_git/charlie-kirk/videos/2077951056697331723.mp4	video	2358647	1784313430		/Users/bryan/BGit/Bryan_git/charlie-kirk/.lfbridge/videos/2077951056697331723.mp4.transcription	video	/Users/bryan/BGit/Bryan_git/charlie-kirk/.lfbridge/videos/2077951056697331723.mp4.ai_description	/Users/bryan/BGit/Bryan_git/charlie-kirk/.lfbridge/videos/2077951056697331723.mp4.ocr	QmTo4HtjkqvEMCvAUMDo6eP6FwroAp8r2btv1mqGSwyFFa	true	https://x.com/VLuvMully/status/2077951056697331723	@VLuvMully	2026-07-17	Cowboy's Smokehouse receipt video — Check #211, ordered 9/10/25 8:55 PM, paid 9:47 PM (video by @DiligentDenizen)	x	videos_dir		
2077994177216827578_1	2077994177216827578_1.mp4	/Users/bryan/BGit/Bryan_git/charlie-kirk/videos/2077994177216827578_1.mp4	video	1875096	1784309546		/Users/bryan/BGit/Bryan_git/charlie-kirk/.lfbridge/videos/2077994177216827578_1.mp4.transcription	video	/Users/bryan/BGit/Bryan_git/charlie-kirk/.lfbridge/videos/2077994177216827578_1.mp4.ai_description	/Users/bryan/BGit/Bryan_git/charlie-kirk/.lfbridge/videos/2077994177216827578_1.mp4.ocr	QmRYqnrzozjGsYogb4uBk8LmckKS2xw9E2oXoqt5BK2Yt4	true	https://x.com/shiloheffort/status/2077994177216827578	@shiloheffort (media orig. @SH4D0W_M4TR1X)	2026-07-17	Short clip discussed re: Hunter Kozak hand-gesture question (portrait, 20s)	x	videos_dir		
2077994177216827578_2	2077994177216827578_2.mp4	/Users/bryan/BGit/Bryan_git/charlie-kirk/videos/2077994177216827578_2.mp4	video	10394739	1784309546		/Users/bryan/BGit/Bryan_git/charlie-kirk/.lfbridge/videos/2077994177216827578_2.mp4.transcription	video	/Users/bryan/BGit/Bryan_git/charlie-kirk/.lfbridge/videos/2077994177216827578_2.mp4.ai_description	/Users/bryan/BGit/Bryan_git/charlie-kirk/.lfbridge/videos/2077994177216827578_2.mp4.ocr	QmPPpsUN2QDQKFj283cfSX5RucawSLvgB1qvP4K8cxn1T7	true	https://x.com/shiloheffort/status/2077994177216827578	@shiloheffort (media orig. @SH4D0W_M4TR1X)	2026-07-17	Longer clip (1:45) discussed re: Hunter Kozak reaction question	x	videos_dir		
2078118925586338287	2078118925586338287.mp4	/Users/bryan/BGit/Bryan_git/charlie-kirk/videos/2078118925586338287.mp4	video	317098280	1784309774		/Users/bryan/BGit/Bryan_git/charlie-kirk/.lfbridge/videos/2078118925586338287.mp4.transcription	video	/Users/bryan/BGit/Bryan_git/charlie-kirk/.lfbridge/videos/2078118925586338287.mp4.ai_description	/Users/bryan/BGit/Bryan_git/charlie-kirk/.lfbridge/videos/2078118925586338287.mp4.ocr	QmdEnrkAFkRUnC8ZNX1Bkgv5ePjQz4wsVBkgKGt5iMYRJy	true	https://x.com/BlakeBednarz/status/2078118925586338287	@BlakeBednarz	2026-07-17	Blake Bednarz asks why Agent David Hull rooftop change-of-clothes testimony got no follow-up	x	videos_dir		
2078878337867354512	2078878337867354512.mp4	/Users/bryan/BGit/Bryan_git/charlie-kirk/videos/2078878337867354512.mp4	video	13248759	1784548274		/Users/bryan/BGit/Bryan_git/charlie-kirk/.lfbridge/videos/2078878337867354512.mp4.transcription	video	/Users/bryan/BGit/Bryan_git/charlie-kirk/.lfbridge/videos/2078878337867354512.mp4.ai_description	/Users/bryan/BGit/Bryan_git/charlie-kirk/.lfbridge/videos/2078878337867354512.mp4.ocr	QmbkrGVMSbE7Bxvw8NCiNWUqdKL1SWRfiBbAXXCMpFSyzM	true	https://x.com/DiligentDenizen/status/2078878337867354512	@DiligentDenizen	2026-07-20	George Zinn TPUSA claim, decoy allegation, Hull testimony on Robinson meeting	x	videos_dir		
2078917940993311136	2078917940993311136.mp4	/Users/bryan/BGit/Bryan_git/charlie-kirk/videos/2078917940993311136.mp4	video	6102297	1784548143		/Users/bryan/BGit/Bryan_git/charlie-kirk/.lfbridge/videos/2078917940993311136.mp4.transcription	video	/Users/bryan/BGit/Bryan_git/charlie-kirk/.lfbridge/videos/2078917940993311136.mp4.ai_description	/Users/bryan/BGit/Bryan_git/charlie-kirk/.lfbridge/videos/2078917940993311136.mp4.ocr	QmRQPGX5NXGVNuwgop1exEDgRFL6ugh7Hf883Yj6ZcBema	true	https://x.com/FaithDrivUr/status/2078917940993311136	@FaithDrivUr	2026-07-20	Narrator says police place the assassin on campus at 9:24 a.m. Sept 10 making contact with TPUSA representatives on the UVU quad; asks who that employee was	x	videos_dir		
2078967048521036149	2078967048521036149.mp4	/Users/bryan/BGit/Bryan_git/charlie-kirk/videos/2078967048521036149.mp4	video	109205268	1785760115				/Users/bryan/BGit/Bryan_git/charlie-kirk/.lfbridge/videos/2078967048521036149.mp4.ai_description	/Users/bryan/BGit/Bryan_git/charlie-kirk/.lfbridge/videos/2078967048521036149.mp4.ocr	QmTabPZCekeH7nxUYg3kGKmkaBaXWKGtQTUdRN97Vz4QSW	true	https://x.com/DiligentDenizen/status/2078967048521036149	@DiligentDenizen	2026-08-03	34:46 full conversation at Cowboy's Smokehouse, Panguitch UT (7/11/2026) — owner hands over the 9/10/25 receipt, explains the non-working camera, and a staff eyewitness who reportedly ID'd Tyler Robinson on 9/10/25 (8:55-9:47pm) gives an on-camera interview	x	videos_dir		
2079042475130323448	2079042475130323448.mp4	/Users/bryan/BGit/Bryan_git/charlie-kirk/videos/2079042475130323448.mp4	video	4557914	1784521730		/Users/bryan/BGit/Bryan_git/charlie-kirk/.lfbridge/videos/2079042475130323448.mp4.transcription	video	/Users/bryan/BGit/Bryan_git/charlie-kirk/.lfbridge/videos/2079042475130323448.mp4.ai_description	/Users/bryan/BGit/Bryan_git/charlie-kirk/.lfbridge/videos/2079042475130323448.mp4.ocr	QmXp6eL1Y6arbLTQWqVFDmybZSxFvoVvsCJPbj4AW4QpbZ	true	https://x.com/Wendy7839570959/status/2079042475130323448	@Wendy7839570959	2026-07-19	Witness on camera saying the FBI asked him to delete his close-up video of the Charlie Kirk shooting, then called back to confirm he had erased it	x	videos_dir		
2079054276320440416	2079054276320440416.mp4	/Users/bryan/BGit/Bryan_git/charlie-kirk/videos/2079054276320440416.mp4	video	5340486	1784552456		/Users/bryan/BGit/Bryan_git/charlie-kirk/.lfbridge/videos/2079054276320440416.mp4.transcription	video	/Users/bryan/BGit/Bryan_git/charlie-kirk/.lfbridge/videos/2079054276320440416.mp4.ai_description	/Users/bryan/BGit/Bryan_git/charlie-kirk/.lfbridge/videos/2079054276320440416.mp4.ocr	QmcfNxXtoaU8bnaK9tR17n3hDdbMBcwrbZNBXV72aS9UZo	true	https://x.com/Wendy7839570959/status/2079054276320440416	@Wendy7839570959	2026-07-20	Clip: pro-Israel speaker says Western politicians blocking Iran war will fall	x	videos_dir		
2079273906506965009	2079273906506965009.mp4	/Users/bryan/BGit/Bryan_git/charlie-kirk/videos/2079273906506965009.mp4	video	20604158	1786747452				/Users/bryan/BGit/Bryan_git/charlie-kirk/.lfbridge/videos/2079273906506965009.mp4.ai_description	/Users/bryan/BGit/Bryan_git/charlie-kirk/.lfbridge/videos/2079273906506965009.mp4.ocr	QmT3wxEWv5LQsxih65s6XhvTwchUfU3sU6xW27FNt9y5Q7	true	https://x.com/DiligentDenizen/status/2079273906506965009	@DiligentDenizen	2026-08-14	Full raw 3:46 interview with the Cowboy's Smokehouse (Panguitch, UT) employee who says he is 100% certain he served Tyler Robinson on September 10, 2025 and personally took his card at checkout	x	videos_dir		
2079275082648809861	2079275082648809861.mp4	/Users/bryan/BGit/Bryan_git/charlie-kirk/videos/2079275082648809861.mp4	video	1589588	1784629179		/Users/bryan/BGit/Bryan_git/charlie-kirk/.lfbridge/videos/2079275082648809861.mp4.transcription	video	/Users/bryan/BGit/Bryan_git/charlie-kirk/.lfbridge/videos/2079275082648809861.mp4.ai_description	/Users/bryan/BGit/Bryan_git/charlie-kirk/.lfbridge/videos/2079275082648809861.mp4.ocr	Qmah14bm4ngcXo9FrXpLkApAHd7YtpdAHDfMiVc3LPC65m	true	https://x.com/ArtifexMemor/status/2079275082648809861	@ArtifexMemor	2026-07-21	"Longer cut of the circulated ""Kolvet"" audio clip re Andrew Kolvet"	x	videos_dir		
2079560806690324910	2079560806690324910.mp4	/Users/bryan/BGit/Bryan_git/charlie-kirk/videos/2079560806690324910.mp4	video	79086463	1784674829				/Users/bryan/BGit/Bryan_git/charlie-kirk/.lfbridge/videos/2079560806690324910.mp4.ai_description	/Users/bryan/BGit/Bryan_git/charlie-kirk/.lfbridge/videos/2079560806690324910.mp4.ocr	QmTPZV4tV5Z2ZGFhfzXft18XYERPyuuJtYjeEwoV4Zzyzy	true	https://x.com/ArtifexMemor/status/2079560806690324910	@ArtifexMemor (video by @juliandorey)	2026-07-21	Julian Dorey podcast clip: Joe Kent addresses the Charlie Kirk assassination strangeness	x	videos_dir		
2079661605332062718_1	2079661605332062718_1.mp4	/Users/bryan/BGit/Bryan_git/charlie-kirk/videos/2079661605332062718_1.mp4	video	803644	1786444598				/Users/bryan/BGit/Bryan_git/charlie-kirk/.lfbridge/videos/2079661605332062718_1.mp4.ai_description	/Users/bryan/BGit/Bryan_git/charlie-kirk/.lfbridge/videos/2079661605332062718_1.mp4.ocr	QmR3ycmF8RcvYP5ayGz5ABj2vUTreDUvtpjUem2gBvdjCG	true	https://x.com/hurtfeelingzday/status/2079661605332062718	@hurtfeelingzday	2026-08-11	"Erika Kirk responds to flight-log questions: ""go through my flight log, go right ahead"""	x	videos_dir		
2079661605332062718_2	2079661605332062718_2.mp4	/Users/bryan/BGit/Bryan_git/charlie-kirk/videos/2079661605332062718_2.mp4	video	1174058	1786444599				/Users/bryan/BGit/Bryan_git/charlie-kirk/.lfbridge/videos/2079661605332062718_2.mp4.ai_description	/Users/bryan/BGit/Bryan_git/charlie-kirk/.lfbridge/videos/2079661605332062718_2.mp4.ocr	QmbwcnBJiYD9mkqHpMvtwavFWamseBi2QMeKVe1SxAwAhW	true	https://x.com/hurtfeelingzday/status/2079661605332062718	@hurtfeelingzday	2026-08-11	Screen recording of N102DZ tracking-record material (no audio)	x	videos_dir		
2079684519762993659	2079684519762993659.mp4	/Users/bryan/BGit/Bryan_git/charlie-kirk/videos/2079684519762993659.mp4	video	162618649	1784673093				/Users/bryan/BGit/Bryan_git/charlie-kirk/.lfbridge/videos/2079684519762993659.mp4.ai_description	/Users/bryan/BGit/Bryan_git/charlie-kirk/.lfbridge/videos/2079684519762993659.mp4.ocr	QmRht9hZwK3BKuCPSPrRnDKo2YTMGgcp6i5djRgWQbhooq	true	https://x.com/AmericaOnly76/status/2079684519762993659	@AmericaOnly76 (video by @realstewpeters)	2026-07-21	Stew Peters 32-min video: Fort Huachuca image-search geo-spikes for DIA/CENTCOM/Crane/Kirk security figures before Sept 9	x	videos_dir		
2080472331692954016	2080472331692954016.mp4	/Users/bryan/BGit/Bryan_git/charlie-kirk/videos/2080472331692954016.mp4	video	45749854	1784894061				/Users/bryan/BGit/Bryan_git/charlie-kirk/.lfbridge/videos/2080472331692954016.mp4.ai_description	/Users/bryan/BGit/Bryan_git/charlie-kirk/.lfbridge/videos/2080472331692954016.mp4.ocr	Qmd6zPTaBkhDSqCA9nEVrx1e7JsgAEUV7qSDu1pGELiPZJ	true	https://x.com/RickyTheGuido/status/2080472331692954016	@RickyTheGuido	2026-07-24	Satirical LEGO-animated music video referencing Charlie Kirk RODE mic	x	videos_dir		
2080783022367162519	2080783022367162519.mp4	/Users/bryan/BGit/Bryan_git/charlie-kirk/videos/2080783022367162519.mp4	video	65118660	1786398830				/Users/bryan/BGit/Bryan_git/charlie-kirk/.lfbridge/videos/2080783022367162519.mp4.ai_description	/Users/bryan/BGit/Bryan_git/charlie-kirk/.lfbridge/videos/2080783022367162519.mp4.ocr	Qme2M43yTB8mUuMuJs8Svw3kGUoYDk22gbC25GN8q9zxby	true	https://x.com/TootyTracksuit/status/2080783022367162519	@TootyTracksuit	2026-07-26	"KSL aerial news footage of officers on the Losee Center roof with Officer Bagley — quoted by @Villgecrazylady in the ""screwdriver wasn't on the roof"" post"	x	videos_dir		
2080879127033430307	2080879127033430307.mp4	/Users/bryan/BGit/Bryan_git/charlie-kirk/videos/2080879127033430307.mp4	video	1484366	1784985034				/Users/bryan/BGit/Bryan_git/charlie-kirk/.lfbridge/videos/2080879127033430307.mp4.ai_description	/Users/bryan/BGit/Bryan_git/charlie-kirk/.lfbridge/videos/2080879127033430307.mp4.ocr	QmanDK8AkXN3b24Q4fQcYms5QmmrhpjBSGPEQLUDYzytNk	true	https://x.com/SwordTruth/status/2080879127033430307	@SwordTruth	2026-07-25	"Tyler Bowyer on stage describing Mikey McCoy as Charlie Kirk's ""assistant and handler"""	x	videos_dir		
2081179762265919683	2081179762265919683.mp4	/Users/bryan/BGit/Bryan_git/charlie-kirk/videos/2081179762265919683.mp4	video	78673495	1785057218				/Users/bryan/BGit/Bryan_git/charlie-kirk/.lfbridge/videos/2081179762265919683.mp4.ai_description	/Users/bryan/BGit/Bryan_git/charlie-kirk/.lfbridge/videos/2081179762265919683.mp4.ocr	QmPLMHuGuMPLP69zSznq4xZ9KzN6S7Vm74wXgjxJFCxuH8	true	https://x.com/ProjectConstitu/status/2081179762265919683	@ProjectConstitu	2026-07-26	"Full 3:43 live TV-news witness segment outside UVU — names both witnesses, Angie Martin and Darren Brunson, who says ""one shot right directly to the heart"""	x	videos_dir		
2081874128009924956	2081874128009924956.mp4	/Users/bryan/BGit/Bryan_git/charlie-kirk/videos/2081874128009924956.mp4	video	12591159	1786429570				/Users/bryan/BGit/Bryan_git/charlie-kirk/.lfbridge/videos/2081874128009924956.mp4.ai_description	/Users/bryan/BGit/Bryan_git/charlie-kirk/.lfbridge/videos/2081874128009924956.mp4.ocr	QmTUX55c2sDVeXRrtuUTp82ZgjFtZT25usjwnC4VQiiVUE	true	https://x.com/ProjectConstitu/status/2081874128009924956	@ProjectConstitu	2026-07-27	77-second Candace Owens clip reporting that Dr. Deirdre Amaro, Utah chief medical examiner, has resigned with no official reason given	x	videos_dir		
2081877698306048459	2081877698306048459.mp4	/Users/bryan/BGit/Bryan_git/charlie-kirk/videos/2081877698306048459.mp4	video	1268162	1787172509				/Users/bryan/BGit/Bryan_git/charlie-kirk/.lfbridge/videos/2081877698306048459.mp4.ai_description	/Users/bryan/BGit/Bryan_git/charlie-kirk/.lfbridge/videos/2081877698306048459.mp4.ocr	Qmd61gsAViXZpkS8MADknnBcZfkRZcaGnMrpoXTf1j3pYn	true	https://x.com/DiligentDenizen/status/2081877698306048459	@DiligentDenizen	2026-07-27	"23-second Candace Owens clip presenting an audio tip from an alleged 911 call by Charlie Kirk's security team — ""get that off of him"""	x	videos_dir		
2081878115635139013	2081878115635139013.mp4	/Users/bryan/BGit/Bryan_git/charlie-kirk/videos/2081878115635139013.mp4	video	2322942	1785233092				/Users/bryan/BGit/Bryan_git/charlie-kirk/.lfbridge/videos/2081878115635139013.mp4.ai_description	/Users/bryan/BGit/Bryan_git/charlie-kirk/.lfbridge/videos/2081878115635139013.mp4.ocr	QmReyWVL4nvo21nWQFQHq7BQxPGQapisBWN4eRGBGEp2jF	true	https://x.com/hurtfeelingzday/status/2081878115635139013	@hurtfeelingzday	2026-07-28	Clip attached to a post disputing whether Andrew Kolvet was aboard the Santa Barbara to Scottsdale flight that departed 14 minutes after the shooting on 9/10/2025	x	videos_dir		
2082286655189516559	2082286655189516559.mp4	/Users/bryan/BGit/Bryan_git/charlie-kirk/videos/2082286655189516559.mp4	video	22326937	1785433878				/Users/bryan/BGit/Bryan_git/charlie-kirk/.lfbridge/videos/2082286655189516559.mp4.ai_description	/Users/bryan/BGit/Bryan_git/charlie-kirk/.lfbridge/videos/2082286655189516559.mp4.ocr	QmcTLKrk1tfidwAbNy7ZhqxNrz63q2LcRewiSw7VMvicuS	true	https://x.com/BasedSamParker/status/2082286655189516559	@BasedSamParker	2026-07-30	Enhanced/slowed roof descent footage at UVU, posted to argue the jumper moved without hesitation; quoted by @Ryanmatta	x	videos_dir		
2082425147990925722	2082425147990925722.mp4	/Users/bryan/BGit/Bryan_git/charlie-kirk/videos/2082425147990925722.mp4	video	9730032	1785327310				/Users/bryan/BGit/Bryan_git/charlie-kirk/.lfbridge/videos/2082425147990925722.mp4.ai_description	/Users/bryan/BGit/Bryan_git/charlie-kirk/.lfbridge/videos/2082425147990925722.mp4.ocr	QmVqerMTVvKf62uJAPihgCdiMjHmPQHhuxy8ujdfZnr63Q	true	https://x.com/RedactedNews/status/2082425147990925722	@RedactedNews	2026-07-29	Redacted segment on Havana Syndrome, claimed link to James Woolsey death, MI6 asset Rafe Hassel nanotech/brain-to-brain allegations	x	videos_dir		
2082585546191262169	2082585546191262169.mp4	/Users/bryan/BGit/Bryan_git/charlie-kirk/videos/2082585546191262169.mp4	video	19058259	1785445379				/Users/bryan/BGit/Bryan_git/charlie-kirk/.lfbridge/videos/2082585546191262169.mp4.ai_description	/Users/bryan/BGit/Bryan_git/charlie-kirk/.lfbridge/videos/2082585546191262169.mp4.ocr	QmVbUSmpdQKSuu2q1G4Nf8hT6q9B2D9KYH9mCYiKKXaZCJ	true	https://x.com/ChrisGoodwin79/status/2082585546191262169	@ChrisGoodwin79	2026-07-30	Candace Owens rooftop video matched against the preliminary hearing footage filmed off courtroom TV screens; after 1:28 the courtroom version plays with the investigator testimony audio	x	videos_dir		
2082652969468588522	2082652969468588522.mp4	/Users/bryan/BGit/Bryan_git/charlie-kirk/videos/2082652969468588522.mp4	video	4058170	1785427170				/Users/bryan/BGit/Bryan_git/charlie-kirk/.lfbridge/videos/2082652969468588522.mp4.ai_description	/Users/bryan/BGit/Bryan_git/charlie-kirk/.lfbridge/videos/2082652969468588522.mp4.ocr	Qmb7vHkne9g3JycNF6Tu1FU3STuAdXfjSw3LSR459qkGUh	true	https://x.com/CharlotteLee_88/status/2082652969468588522	@CharlotteLee_88	2026-07-30	Elevated view across the UVU plaza, said to be filmed 11:24 a.m. Sept 10, 2025; crowd chanting USA around the reflecting pool. Originally posted to Instagram by Sierra Henderson.	x	videos_dir		
2082805142668050569	2082805142668050569.mp4	/Users/bryan/BGit/Bryan_git/charlie-kirk/videos/2082805142668050569.mp4	video	67861834	1785433222				/Users/bryan/BGit/Bryan_git/charlie-kirk/.lfbridge/videos/2082805142668050569.mp4.ai_description	/Users/bryan/BGit/Bryan_git/charlie-kirk/.lfbridge/videos/2082805142668050569.mp4.ocr	QmYdZ1HRKZHVQxZHdc1Dm1xCqQgVwFSXovvDDzprxsqEak	true	https://x.com/TheSCIF/status/2082805142668050569	@TheSCIF	2026-07-30	23-minute compilation arguing CIA and DARPA are directly involved in Havana Syndrome, framing directed energy weapons as modern mind control	x	videos_dir		
2082896893978550337	2082896893978550337.mp4	/Users/bryan/BGit/Bryan_git/charlie-kirk/videos/2082896893978550337.mp4	video	9526556	1785445489				/Users/bryan/BGit/Bryan_git/charlie-kirk/.lfbridge/videos/2082896893978550337.mp4.ai_description	/Users/bryan/BGit/Bryan_git/charlie-kirk/.lfbridge/videos/2082896893978550337.mp4.ocr	QmQptVYBi7Q4xWHKnmmxEm5JkJJRaqXSTYKrJxbqBwR2gx	true	https://x.com/Villgecrazylady/status/2082896893978550337	@Villgecrazylady	2026-07-30	KSL Chopper 5 aerial of the Losee Center roof about an hour after the shooting — no screwdriver or crime-scene tape visible	x	videos_dir		
2082975397311033354	2082975397311033354.mp4	/Users/bryan/BGit/Bryan_git/charlie-kirk/videos/2082975397311033354.mp4	video	36716324	1786499933				/Users/bryan/BGit/Bryan_git/charlie-kirk/.lfbridge/videos/2082975397311033354.mp4.ai_description	/Users/bryan/BGit/Bryan_git/charlie-kirk/.lfbridge/videos/2082975397311033354.mp4.ocr	QmWtgfk8x9ntm5wz36F7sK2xW9x7dUccQ7iU8BzzRXN9XP	true	https://x.com/danksterintel/status/2082975397311033354	@danksterintel	2026-07-30	100-second Candace Owens clip alleging Timpanogos ER patients were moved to another wing ~10am Sept 10 2025 and shuttled to Intermountain by 11:30am, over 2 hours before Charlie Kirk was shot	x	videos_dir		
2082978765991293333	2082978765991293333.mp4	/Users/bryan/BGit/Bryan_git/charlie-kirk/videos/2082978765991293333.mp4	video	57339516	1785497211				/Users/bryan/BGit/Bryan_git/charlie-kirk/.lfbridge/videos/2082978765991293333.mp4.ai_description	/Users/bryan/BGit/Bryan_git/charlie-kirk/.lfbridge/videos/2082978765991293333.mp4.ocr	QmRKJ3wG65Xqv9A3pFK4faSdYfRSqP5WNWdHDL7EUwQYXe	true	https://x.com/ProjectConstitu/status/2082978765991293333	@ProjectConstitu	2026-07-31	Candace Owens says the FBI seized clothing from members of Charlie Kirk security team, down to their boxer briefs	x	videos_dir		
2083095317038215206	2083095317038215206.mp4	/Users/bryan/BGit/Bryan_git/charlie-kirk/videos/2083095317038215206.mp4	video	54739460	1785502656				/Users/bryan/BGit/Bryan_git/charlie-kirk/.lfbridge/videos/2083095317038215206.mp4.ai_description	/Users/bryan/BGit/Bryan_git/charlie-kirk/.lfbridge/videos/2083095317038215206.mp4.ocr	QmccK17Zbc1365LesVBjy48S7tuL7KzFinxoiZB8qwUBGH	true	https://x.com/MarioNawfal/status/2083095317038215206	@MarioNawfal	2026-07-31	Candace Owens segment — Timpanogos ER patients moved to another wing ~10am and shuttled to Intermountain / Utah Valley ~11:30am on Sept 10, 2025 (anonymous tip)	x	videos_dir		
2083322821271232810	2083322821271232810.mp4	/Users/bryan/BGit/Bryan_git/charlie-kirk/videos/2083322821271232810.mp4	video	680566	1786429555				/Users/bryan/BGit/Bryan_git/charlie-kirk/.lfbridge/videos/2083322821271232810.mp4.ai_description	/Users/bryan/BGit/Bryan_git/charlie-kirk/.lfbridge/videos/2083322821271232810.mp4.ocr	QmbCfo8Usz4Frx9zBdtYtP11Dab4HS8SmCBMkNndSt5aZB	true	https://x.com/DiligentDenizen/status/2083322821271232810	@DiligentDenizen	2026-07-31	Russell Kim Kennington court documents — Provo District Court Order to Release on Own Recognizance signed by Judge Shawn R Howell 9/11/2025 3:35:49 PM, plus the Affidavit of Probable Cause for the 11:30 AM arrest by Orem PD Officer Chad R Black, and the lab-coat escort photo with a rifle-shaped object arrowed	x	videos_dir		
2083353205736390930	2083353205736390930.mp4	/Users/bryan/BGit/Bryan_git/charlie-kirk/videos/2083353205736390930.mp4	video	2074320	1785581021				/Users/bryan/BGit/Bryan_git/charlie-kirk/.lfbridge/videos/2083353205736390930.mp4.ai_description	/Users/bryan/BGit/Bryan_git/charlie-kirk/.lfbridge/videos/2083353205736390930.mp4.ocr	QmaeyUH484zQmncAee4bFfyBrrMwjDFq2kDWnrrTiALM7n	true	https://x.com/jvalentine82/status/2083353205736390930	@jvalentine82	2026-08-01	"18s satire clip, 1280x720. Two men in ""Candace is a demon"" shirts each slide a full-length bolt-action rifle down one leg of slim-fit jeans and walk, mocking the argument that a .30-06 could not have been concealed. Audio: ""we are going to prove to these people that a 30-06 easily fits inside slim fitting jeans... see, we told you"""	x	videos_dir		
2083454143046226110	2083454143046226110.mp4	/Users/bryan/BGit/Bryan_git/charlie-kirk/videos/2083454143046226110.mp4	video	88013518	1786398831				/Users/bryan/BGit/Bryan_git/charlie-kirk/.lfbridge/videos/2083454143046226110.mp4.ai_description	/Users/bryan/BGit/Bryan_git/charlie-kirk/.lfbridge/videos/2083454143046226110.mp4.ocr	Qmbg9iFHWDyDLpHQCLA2aQU5bEPkq8Du7Cxy5e1k8tFjUq	true	https://x.com/VLuvMully/status/2083454143046226110	@VLuvMully	2026-08-01	3:02 clip of an unidentified woman who says she formerly worked at the hospital. She says Utah Valley Regional Medical Center is a Level II trauma center about a mile farther from UVU than Timpanogos and asks why Charlie was taken to Timpanogos; that the surgeon named in press is a pediatric surgeon she knows who did his residency and internship in the military; and that many ED providers and especially male nurses are former or reserve military. Also circulating from @TheDibsterX/2083226790282072277	x	videos_dir		
2083667058571493703	2083667058571493703.mp4	/Users/bryan/BGit/Bryan_git/charlie-kirk/videos/2083667058571493703.mp4	video	123728939	1786500578				/Users/bryan/BGit/Bryan_git/charlie-kirk/.lfbridge/videos/2083667058571493703.mp4.ai_description	/Users/bryan/BGit/Bryan_git/charlie-kirk/.lfbridge/videos/2083667058571493703.mp4.ocr	QmZDuZeSaydC3mCjkbabNHTVPRmax7GVSa1fsaQR576AdL	true	https://x.com/WeAreNotGTM/status/2083667058571493703	@WeAreNotGTM	2026-08-01	"2:57 music video — the ""Battle Bun Brigade National Anthem,"" a #JusticeForCharlie song credited to @morrison_j2714. Chorus: ""Justice for Charlie, truth don't run when the pressure comes."" Lyrics call for consistent standards, evidence over rumor, and open questions"	x	videos_dir		
2083776278008893587	2083776278008893587.mp4	/Users/bryan/BGit/Bryan_git/charlie-kirk/videos/2083776278008893587.mp4	video	12998062	1786398900				/Users/bryan/BGit/Bryan_git/charlie-kirk/.lfbridge/videos/2083776278008893587.mp4.ai_description	/Users/bryan/BGit/Bryan_git/charlie-kirk/.lfbridge/videos/2083776278008893587.mp4.ocr	QmW5CEmJdzULuxCFoCXXAFmCYgqsM4DhHTp3qfB589kLtD	true	https://x.com/OwenBenjamin/status/2083776278008893587	@OwenBenjamin	2026-08-02	"1:56 sarcastic demonstration by an unidentified gun owner, shared by comedian Owen Benjamin. He slides a replica .30-06 down loose-fitting jeans while narrating in mock-agreement that it is ""incredibly inconspicuous,"" then drops the sarcasm to argue the real problem is the scope: a rifle carried in a pants leg, or disassembled and reassembled, would not hold zero, and he ""would not trust that gun to be shot at a deer, let alone the most life-changing shot of my life."""	x	videos_dir		
2084007515218493721	2084007515218493721.mp4	/Users/bryan/BGit/Bryan_git/charlie-kirk/videos/2084007515218493721.mp4	video	6739042	1786499548				/Users/bryan/BGit/Bryan_git/charlie-kirk/.lfbridge/videos/2084007515218493721.mp4.ai_description	/Users/bryan/BGit/Bryan_git/charlie-kirk/.lfbridge/videos/2084007515218493721.mp4.ocr	QmZ6kyMhsLiByR3tfPY3aHMyvUshPgz5fuL3tLEuVvGY26	true	https://x.com/ChewingTheVoid/status/2084007515218493721	@ChewingTheVoid	2026-08-02	"0:31 clip of the livestream call moments after Charlie Kirk was shot — the caller, identified in the post as Zee Cohen (founder of the Unfuck America Tour), says ""Dude, we're fucked. We are so fucked,"" then clarifies ""By we, I mean we as a country,"" and moves the conversation to Discord: ""I'll text you on Discord... It's gonna ruin our shit."""	x	videos_dir		
2084026940860596330	2084026940860596330.mp4	/Users/bryan/BGit/Bryan_git/charlie-kirk/videos/2084026940860596330.mp4	video	8313384	1786430501				/Users/bryan/BGit/Bryan_git/charlie-kirk/.lfbridge/videos/2084026940860596330.mp4.ai_description	/Users/bryan/BGit/Bryan_git/charlie-kirk/.lfbridge/videos/2084026940860596330.mp4.ocr	QmWX4qjUgB11hwGfdSfU3MzvqLEDiM8XaefHQ185xB9TCE	true	https://x.com/CharlotteLee_88/status/2084026940860596330	@CharlotteLee_88	2026-08-02	"0:12 witness clip from inside the UVU crowd showing the TPUSA American Comeback Tour tent set-up before the event — staff arrange the stage table stacked with red caps under the PROVE ME WRONG canopy; the poster claims staffers named Chrissy and Angel were responsible for setting up the tent and asks ""Making his tea too?"""	x	videos_dir		
2084153118317568321	2084153118317568321.mp4	/Users/bryan/BGit/Bryan_git/charlie-kirk/videos/2084153118317568321.mp4	video	125248916	1785758452		/Users/bryan/BGit/Bryan_git/charlie-kirk/.lfbridge/videos/2084153118317568321.mp4.transcription	video	/Users/bryan/BGit/Bryan_git/charlie-kirk/.lfbridge/videos/2084153118317568321.mp4.ai_description	/Users/bryan/BGit/Bryan_git/charlie-kirk/.lfbridge/videos/2084153118317568321.mp4.ocr	QmVveTSgB5zScKzwiMd29KecLHrZeU74c4s3bEm8BTiDak	true	https://x.com/ProjectConstitu/status/2084153118317568321	@ProjectConstitu	2026-08-03	1:45 high-resolution (2160x2420) clip of the shooting moment quoted by the shards-analysis post — Charlie Kirk's final words about mass shooters, the shot, and the crowd fleeing; the source footage used for the black-shards frame-by-frame claim	x	videos_dir		
2084239546867130638	2084239546867130638.mp4	/Users/bryan/BGit/Bryan_git/charlie-kirk/videos/2084239546867130638.mp4	video	4299828	1785758433		/Users/bryan/BGit/Bryan_git/charlie-kirk/.lfbridge/videos/2084239546867130638.mp4.transcription	video	/Users/bryan/BGit/Bryan_git/charlie-kirk/.lfbridge/videos/2084239546867130638.mp4.ai_description	/Users/bryan/BGit/Bryan_git/charlie-kirk/.lfbridge/videos/2084239546867130638.mp4.ocr	QmXnEVGCB5wN7f5oLRvgvVLAZET56yiY6k5HM4YCTBhHu7	true	https://x.com/ProjectConstitu/status/2084239546867130638	@ProjectConstitu	2026-08-03	0:38 slow-motion analysis clip claiming tiny black shards fall from under Charlie Kirk's shirt near his belt line as he collapses — the poster says the shards are debris from the Rode wireless mic transmitter and argues for an explosive device rather than a gunshot	x	videos_dir		
2084405554785505716	2084405554785505716.mp4	/Users/bryan/BGit/Bryan_git/charlie-kirk/videos/2084405554785505716.mp4	video	2509373	1786499591				/Users/bryan/BGit/Bryan_git/charlie-kirk/.lfbridge/videos/2084405554785505716.mp4.ai_description	/Users/bryan/BGit/Bryan_git/charlie-kirk/.lfbridge/videos/2084405554785505716.mp4.ocr	QmTkTfB2oHcgaRdL16nmXu8Z5c1wKvzu188K46Enk8FULk	true	https://x.com/DiligentDenizen/status/2084405554785505716	@DiligentDenizen	2026-08-03	0:16 clip of Utah court records search showing Russell Kennington's 9/11/25 felony obstruction / trespassing case reportedly missing from official court records	x	videos_dir		
2084417955824062950	2084417955824062950.mp4	/Users/bryan/BGit/Bryan_git/charlie-kirk/videos/2084417955824062950.mp4	video	9575456	1785837470				/Users/bryan/BGit/Bryan_git/charlie-kirk/.lfbridge/videos/2084417955824062950.mp4.ai_description	/Users/bryan/BGit/Bryan_git/charlie-kirk/.lfbridge/videos/2084417955824062950.mp4.ocr	QmWn5VoxSbtGY6zKV9qzstemLuQKnitDYvSq9UqJZZfh9J	true	https://x.com/ProjectConstitu/status/2084417955824062950	@ProjectConstitu	2026-08-04	Candace Owens identifies mystery officer on Losee rooftop with Officer Bagley as Alan Robinson of USU police	x	videos_dir		
2084426970964877724	2084426970964877724.mp4	/Users/bryan/BGit/Bryan_git/charlie-kirk/videos/2084426970964877724.mp4	video	62558990	1785838892				/Users/bryan/BGit/Bryan_git/charlie-kirk/.lfbridge/videos/2084426970964877724.mp4.ai_description	/Users/bryan/BGit/Bryan_git/charlie-kirk/.lfbridge/videos/2084426970964877724.mp4.ocr	QmazcnUensqwx3USwwNjZJ9GXveNK9hocxiDW7tsS1Eh15	true	https://x.com/SenseReceptor/status/2084426970964877724	@SenseReceptor	2026-08-04	Marjorie Taylor Greene interview clip questioning the Charlie Kirk assassination narrative (lapel mic, .30-06, SD cards, paving)	x	videos_dir		
2084692935254188187	2084692935254188187.mp4	/Users/bryan/BGit/Bryan_git/charlie-kirk/videos/2084692935254188187.mp4	video	5913582	1785948267				/Users/bryan/BGit/Bryan_git/charlie-kirk/.lfbridge/videos/2084692935254188187.mp4.ai_description	/Users/bryan/BGit/Bryan_git/charlie-kirk/.lfbridge/videos/2084692935254188187.mp4.ocr	QmPZRAkzT3TwhDEa9gNe1v56djmoRLZ2qDx6YZb9oHjuJQ	true	https://x.com/LionelMedia/status/2084692935254188187	@LionelMedia	2026-08-05	Billie Webb livestream clip: Timpanogos surgeon reportedly warned before Sept 10 surgery he would not leave hospital for a long time	x	videos_dir		
2084745267962585553	2084745267962585553.mp4	/Users/bryan/BGit/Bryan_git/charlie-kirk/videos/2084745267962585553.mp4	video	8239894	1785880233				/Users/bryan/BGit/Bryan_git/charlie-kirk/.lfbridge/videos/2084745267962585553.mp4.ai_description	/Users/bryan/BGit/Bryan_git/charlie-kirk/.lfbridge/videos/2084745267962585553.mp4.ocr	QmTffVAiESHW3HZ9FKzNARSJN62sNWUeUqVSGr9i6UugwR	true	https://x.com/realstewpeters/status/2084745267962585553	@realstewpeters	2026-08-04	Hebrew Google search of Tyler Robinson apartment address from Egyptian jet in Lincoln NE, April 29 2025	x	videos_dir		
2084986993063166461	2084986993063166461.mp4	/Users/bryan/BGit/Bryan_git/charlie-kirk/videos/2084986993063166461.mp4	video	120499270	1785955751				/Users/bryan/BGit/Bryan_git/charlie-kirk/.lfbridge/videos/2084986993063166461.mp4.ai_description	/Users/bryan/BGit/Bryan_git/charlie-kirk/.lfbridge/videos/2084986993063166461.mp4.ocr	QmauoHT7DkE3ScQhLLFYbTK2rgSDGegr8NRzGYJRS3TEWM	true	https://x.com/DangerousConspr/status/2084986993063166461	@DangerousConspr	2026-08-05	On-scene construction site video: worker reportedly spoke to fleeing man in black before sirens; crime scene left open	x	videos_dir		
2085075638449307892	2085075638449307892.mp4	/Users/bryan/BGit/Bryan_git/charlie-kirk/videos/2085075638449307892.mp4	video	14149906	1788191402						QmPorAD9dSYb3GX64VKxQ3oxtRw6N1MYvgTdtU9Jp6bc3K	true	https://x.com/realstewpeters/status/2085075638449307892	@realstewpeters	2026-08-31	Stew Peters segment claiming Hebrew-language Google searches for Erika Kirk, Tyler Robinson's address and Orem SIM cards were run from locations where Egyptian military aircraft were on the ground	x	videos_dir		
2085533451730755639	2085533451730755639.mp4	/Users/bryan/BGit/Bryan_git/charlie-kirk/videos/2085533451730755639.mp4	video	8923250	1786140610				/Users/bryan/BGit/Bryan_git/charlie-kirk/.lfbridge/videos/2085533451730755639.mp4.ai_description	/Users/bryan/BGit/Bryan_git/charlie-kirk/.lfbridge/videos/2085533451730755639.mp4.ocr	QmP2m6sPYnpBgUzr6JfnRwitwqJG64eE7i3KYVsG5bgDPG	true	https://x.com/godfatherofchao/status/2085533451730755639	@godfatherofchao	2026-08-07	Baron Coleman on Julian Dorey Podcast Ep 458 — Tyler Robinson family denies he confessed	x	videos_dir		
2085794603819544692	2085794603819544692.mp4	/Users/bryan/BGit/Bryan_git/charlie-kirk/videos/2085794603819544692.mp4	video	196339420	1786142881				/Users/bryan/BGit/Bryan_git/charlie-kirk/.lfbridge/videos/2085794603819544692.mp4.ai_description	/Users/bryan/BGit/Bryan_git/charlie-kirk/.lfbridge/videos/2085794603819544692.mp4.ocr	QmVvPn6bmS2xdCDy9gEnGu5ptCnwfayoqeeZKM3mBbUmP3	true	https://x.com/BasedSamParker/status/2085774401988125026	@BasedSamParker	2026-08-07	Eyewitness testimony vs. the alleged Tyler Robinson text confession — full escape-path retrace (11:47)	x	videos_dir		
2086519443971318155	2086519443971318155.mp4	/Users/bryan/BGit/Bryan_git/charlie-kirk/videos/2086519443971318155.mp4	video	31514712	1787172509				/Users/bryan/BGit/Bryan_git/charlie-kirk/.lfbridge/videos/2086519443971318155.mp4.ai_description	/Users/bryan/BGit/Bryan_git/charlie-kirk/.lfbridge/videos/2086519443971318155.mp4.ocr	QmbstSiTR9Nq9TGt4qw7pGbms28yzTaE6jyPja7ebQRHmJ	true	https://x.com/DiligentDenizen/status/2086519443971318155	@DiligentDenizen	2026-08-09	Alleged staging house across from Losee Center — vehicle barricade morning of 9/10, shooter escape path, grey Challenger on Ring camera (7:48)	x	videos_dir		
2086589506967265670	2086589506967265670.mp4	/Users/bryan/BGit/Bryan_git/charlie-kirk/videos/2086589506967265670.mp4	video	34979871	1786356710				/Users/bryan/BGit/Bryan_git/charlie-kirk/.lfbridge/videos/2086589506967265670.mp4.ai_description	/Users/bryan/BGit/Bryan_git/charlie-kirk/.lfbridge/videos/2086589506967265670.mp4.ocr	QmVs4MdZVNs2giSpTWQAbwW4NnEn6FKDd23msoMQwNn91h	true	https://x.com/TarynEllez7/status/2086589506967265670	@TarynEllez7	2026-08-10	UVU Sept 9 warning / landscaping firm cement under the tent	x	videos_dir		
2086599006965379504	2086599006965379504.mp4	/Users/bryan/BGit/Bryan_git/charlie-kirk/videos/2086599006965379504.mp4	video	44218737	1786357077				/Users/bryan/BGit/Bryan_git/charlie-kirk/.lfbridge/videos/2086599006965379504.mp4.ai_description	/Users/bryan/BGit/Bryan_git/charlie-kirk/.lfbridge/videos/2086599006965379504.mp4.ocr	QmQrAoTcV8XXLk6XvVeD8oJd3CawvpAdyXJ5hZcnqDDEuK	true	https://x.com/ArtifexMemor/status/2086599006965379504	@ArtifexMemor (video originally @NihiloX)	2026-08-10	"Second-row witnesses: impact hit the chest, blood from middle of chest, ""shot in the heart"" (0:36)"	x	videos_dir		
2086628729975943324	2086628729975943324.mp4	/Users/bryan/BGit/Bryan_git/charlie-kirk/videos/2086628729975943324.mp4	video	2106444	1786356797				/Users/bryan/BGit/Bryan_git/charlie-kirk/.lfbridge/videos/2086628729975943324.mp4.ai_description	/Users/bryan/BGit/Bryan_git/charlie-kirk/.lfbridge/videos/2086628729975943324.mp4.ocr	QmSuE1b7MxhJpZcJ5RGH1UB6A828kSm23dU32s3V9E4ya4	true	https://x.com/DangerousConspr/status/2086628729975943324	@DangerousConspr	2026-08-10	Crowd shot from the side of the UVU plaza, 20 seconds ending at the sound	x	videos_dir		
2086670412730277896	2086670412730277896.mp4	/Users/bryan/BGit/Bryan_git/charlie-kirk/videos/2086670412730277896.mp4	video	854017	1786356898				/Users/bryan/BGit/Bryan_git/charlie-kirk/.lfbridge/videos/2086670412730277896.mp4.ai_description	/Users/bryan/BGit/Bryan_git/charlie-kirk/.lfbridge/videos/2086670412730277896.mp4.ocr	QmadkRYcF3vT15HbSi8x1f8gLz2tL7zapM6xDTFnJho6tS	true	https://x.com/DiligentDenizen/status/2086670412730277896	@DiligentDenizen	2026-08-10	RETCON13 5G tactical comms mast compared to antenna at UVU construction site (0:12, no narration)	x	videos_dir		
2087393163778347089	2087393163778347089.mp4	/Users/bryan/BGit/Bryan_git/charlie-kirk/videos/2087393163778347089.mp4	video	2620783	1786549050				/Users/bryan/BGit/Bryan_git/charlie-kirk/.lfbridge/videos/2087393163778347089.mp4.ai_description	/Users/bryan/BGit/Bryan_git/charlie-kirk/.lfbridge/videos/2087393163778347089.mp4.ocr	QmZ5NmiWH9Hy3v1RJXiJxG19aT94wGvTviV4qWjBDp5sWh	true	https://x.com/DiligentDenizen/status/2087393163778347089	@DiligentDenizen	2026-08-12	Nov 4 2025 doorstep visit to Lance Twiggs family residence (16s)	x	videos_dir		
2087612450229072023	2087612450229072023.mp4	/Users/bryan/BGit/Bryan_git/charlie-kirk/videos/2087612450229072023.mp4	video	126353634	1787138057				/Users/bryan/BGit/Bryan_git/charlie-kirk/.lfbridge/videos/2087612450229072023.mp4.ai_description	/Users/bryan/BGit/Bryan_git/charlie-kirk/.lfbridge/videos/2087612450229072023.mp4.ocr	Qmb92YLptn9gjXqn7Sptxyy2LH26fjz8txpysNNQ9J8sKC	true	https://x.com/CharlotteLee_88/status/2087612450229072023	@CharlotteLee_88 (video by @ArtifexMemor)	2026-08-19	Former Charlie Kirk film-crew staffer walks through the state day-of timeline for Tyler Robinson: 25 hours awake, ~13h20m of driving, and the maroon shirt he never changed.	x	videos_dir		
2087635870627016929	2087635870627016929.mp4	/Users/bryan/BGit/Bryan_git/charlie-kirk/videos/2087635870627016929.mp4	video	21385199	1786619623		/Users/bryan/BGit/Bryan_git/charlie-kirk/.lfbridge/videos/2087635870627016929.mp4.transcription	video	/Users/bryan/BGit/Bryan_git/charlie-kirk/.lfbridge/videos/2087635870627016929.mp4.ai_description	/Users/bryan/BGit/Bryan_git/charlie-kirk/.lfbridge/videos/2087635870627016929.mp4.ocr	QmQBcMjT7PvPUQXfgR6Vhm3oMzAHaHZCgJvXY6DNcJot7D	true	https://x.com/alleytopfiles/status/2087635870627016929	@alleytopfiles	2026-08-12	Witness says FBI advised him to erase his Charlie Kirk footage, then called back to confirm (1:15)	x	videos_dir		
2087954262651273461	2087954262651273461.mp4	/Users/bryan/BGit/Bryan_git/charlie-kirk/videos/2087954262651273461.mp4	video	13340072	1786662151				/Users/bryan/BGit/Bryan_git/charlie-kirk/.lfbridge/videos/2087954262651273461.mp4.ai_description	/Users/bryan/BGit/Bryan_git/charlie-kirk/.lfbridge/videos/2087954262651273461.mp4.ocr	QmWyfhCMygaZ1Lz9JBTPh6b1zSuw744Bmccanv2qwMootj	true	https://x.com/shiloheffort/status/2087954262651273461	@shiloheffort	2026-08-13	"Self-shot phone video at UVU seconds after the shot; filmer calls himself ""Outer TikTok"" and repeatedly plugs his channel"	x	videos_dir		
2089012149041463592	2089012149041463592.mp4	/Users/bryan/BGit/Bryan_git/charlie-kirk/videos/2089012149041463592.mp4	video	46586031	1786905832				/Users/bryan/BGit/Bryan_git/charlie-kirk/.lfbridge/videos/2089012149041463592.mp4.ai_description	/Users/bryan/BGit/Bryan_git/charlie-kirk/.lfbridge/videos/2089012149041463592.mp4.ocr	QmS29GrF8DKkSqFpjpPBFqD5mesVvfqqzrRfC1LQesADXX	true	https://x.com/ProjectConstitu/status/2089012149041463592	@ProjectConstitu	2026-08-16	Fox News Sharm El-Sheikh tarmac coverage plus Candace Owens segment naming SU-BTU and an alleged passenger alias	x	videos_dir		
2089032178990780892	2089032178990780892.mp4	/Users/bryan/BGit/Bryan_git/charlie-kirk/videos/2089032178990780892.mp4	video	20448872	1786906480				/Users/bryan/BGit/Bryan_git/charlie-kirk/.lfbridge/videos/2089032178990780892.mp4.ai_description	/Users/bryan/BGit/Bryan_git/charlie-kirk/.lfbridge/videos/2089032178990780892.mp4.ocr	QmcwsSCCiymU4UdpGpnwcECvLKf9PQRdCghY6C2GyQa5X9	true	https://x.com/MysticMuse1o1/status/2089032178990780892	@MysticMuse1o1	2026-08-16	Terry Tut video on the Egyptian planes, shared by @MysticMuse1o1 in the Project Constitution thread	x	videos_dir		
2089043647207793118	2089043647207793118.mp4	/Users/bryan/BGit/Bryan_git/charlie-kirk/videos/2089043647207793118.mp4	video	35608526	1786969383				/Users/bryan/BGit/Bryan_git/charlie-kirk/.lfbridge/videos/2089043647207793118.mp4.ai_description	/Users/bryan/BGit/Bryan_git/charlie-kirk/.lfbridge/videos/2089043647207793118.mp4.ocr	QmXLsuPumydoCLD1twXjKBEQsmHM917UWDeU3hHT8v7Yek	true	https://x.com/danksterintel/status/2089043647207793118	@danksterintel	2026-08-17	@danksterintel 3:30 walkthrough of the Farnsworth SUV angle: a person in all-black tactical gear enters the rear of the transport SUV; footage first aired by Candace Owens	x	videos_dir		
2089076950174158960	2089076950174158960.mp4	/Users/bryan/BGit/Bryan_git/charlie-kirk/videos/2089076950174158960.mp4	video	23281873	1786968782				/Users/bryan/BGit/Bryan_git/charlie-kirk/.lfbridge/videos/2089076950174158960.mp4.ai_description	/Users/bryan/BGit/Bryan_git/charlie-kirk/.lfbridge/videos/2089076950174158960.mp4.ocr	QmScnsmDvuZTbDFrxxrC2vVaF3ETDqMbVSAMrMHoMYHkhU	true	https://x.com/NihiloX/status/2089076950174158960	@NihiloX	2026-08-17	Charlie Kirk in his own words: the haters who get his attention are the close-proximity ones who betrayed or deceived him, not the campus radicals (27.6s, 4K)	x	videos_dir		
2089500844601266390	2089500844601266390.mp4	/Users/bryan/BGit/Bryan_git/charlie-kirk/videos/2089500844601266390.mp4	video	18865527	1787168686				/Users/bryan/BGit/Bryan_git/charlie-kirk/.lfbridge/videos/2089500844601266390.mp4.ai_description	/Users/bryan/BGit/Bryan_git/charlie-kirk/.lfbridge/videos/2089500844601266390.mp4.ocr	QmdRct9aQgzaKS657HzF8zy82vC61B3vVXoboNbYGsKcH7	true	https://x.com/BlakeBednarz/status/2089500844601266390	@BlakeBednarz	2026-08-17	"@BlakeBednarz 3:46 clip of the UVU ""CS - Roof - West Overview Camera 4"" court exhibit, cut so the embedded timestamp stays visible; counts three forward jumps on 9/10/2025 and calls for the original-quality release"	x	videos_dir		
2089892369709846599	2089892369709846599.mp4	/Users/bryan/BGit/Bryan_git/charlie-kirk/videos/2089892369709846599.mp4	video	83574973	1787136652				/Users/bryan/BGit/Bryan_git/charlie-kirk/.lfbridge/videos/2089892369709846599.mp4.ai_description	/Users/bryan/BGit/Bryan_git/charlie-kirk/.lfbridge/videos/2089892369709846599.mp4.ocr	QmQnJpKt9S8vJNh4rq4KvumbdLQDxgKk13nFLJ3nzyDb8z	true	https://x.com/Trillion0x/status/2089892369709846599	@Trillion0x	2026-08-19	Joe Kent explains NCTC's foreign-nexus role in the Charlie Kirk investigation and says NCTC was told its services were no longer required	x	videos_dir		
2089980659745894732	2089980659745894732.mp4	/Users/bryan/BGit/Bryan_git/charlie-kirk/videos/2089980659745894732.mp4	video	40052837	1787164790				/Users/bryan/BGit/Bryan_git/charlie-kirk/.lfbridge/videos/2089980659745894732.mp4.ai_description	/Users/bryan/BGit/Bryan_git/charlie-kirk/.lfbridge/videos/2089980659745894732.mp4.ocr	QmRquvtpmxPkRU1KAnqazzkmDzGHW9tEoSF4bJN7EvyZdh	true	https://x.com/YTRABBITCHASER/status/2089980659745894732	@YTRABBITCHASER	2026-08-19	UVU dispatch radio audio for 9/10/2025 clipped to the portion concerning the UVU Library, paired with preliminary-hearing testimony about the library.	x	videos_dir		
2090466320869458085	2090466320869458085.mp4	/Users/bryan/BGit/Bryan_git/charlie-kirk/videos/2090466320869458085.mp4	video	5392434	1787258184						QmUwDPiEiNj8SobCVPyiwuSPtshetPmGUJNaB3nb3Boho1	true	https://x.com/AMERICANFIRSTQ_/status/2090466320869458085	@AMERICANFIRSTQ_	2026-08-20	Anonymous voice claiming to be a DGSE action-division colonel alleges a Unit 8200 liaison inside the Elysee paid for an on-air attack on Candace Owens. Unverified.	x	videos_dir		
2090891396265791653	2090891396265791653.mp4	/Users/bryan/BGit/Bryan_git/charlie-kirk/videos/2090891396265791653.mp4	video	15280507	1787351580						QmX56VTHaSWzLpBhjgnG4SzFyKprmRtVPUXdvW4Vvy6qJh	true	https://x.com/tricia_dejong/status/2090891396265791653	@tricia_dejong	2026-08-21	"Rob O'Neill and Brig. Gen. Blaine Holt on NEWSMAX — ""That looked like an explosion to me""; 4-minute extended cut"	x	videos_dir		
2094377089679995086_1	2094377089679995086_1.mp4	/Users/bryan/BGit/Bryan_git/charlie-kirk/videos/2094377089679995086_1.mp4	video	46793505	1788180108						QmYYHgW9imQGwV55rRSqjgk7fHT14FDzc3LnSXhBtoAMFS	true	https://x.com/ProjectConstitu/status/2094377089679995086	@ProjectConstitu	2026-08-31	Silent slideshow arguing N59906, the MARC Inc. Piper Navajo survey aircraft that flew passes over UVU on 10 Sep 2025, was re-registered to Alpha Whiskey 2 LLC on 4 April 2026 rather than disappearing.	x	videos_dir		
2094377089679995086_2	2094377089679995086_2.mp4	/Users/bryan/BGit/Bryan_git/charlie-kirk/videos/2094377089679995086_2.mp4	video	20261709	1788180110						QmbuATDrPAEgHSUDFZG6KEPGWLXoFkPpv9HVcRwLsYe663	true	https://x.com/ProjectConstitu/status/1986848303871328357	@ProjectConstitu	2026-08-31	Silent video from the 7 Nov 2025 original post breaking down the N59906 MARC Inc. survey flight over Utah Valley University before the Charlie Kirk shooting.	x	videos_dir		
Frank_Kirk_9_9_2025	Frank_Kirk_9_9_2025.mp4		none								QmSWJ3kPpm6JfwanDp3tvXhm97e5SpRRimytvUZJCzXX4i	true		"Frank Turek (podcast segment, host addressed as ""Jack"")"	2026-08-23	"Frank Turek says he was in the room at TPUSA headquarters on Sept 9 2025 while Charlie Kirk held a 50-minute Zoom call with two officials in Israel; states ""this idea that Charlie was giving up on Israel is false"""	x	manifest_only		
I Was Hired to Pave Over Charlie Kirk’s Death Scene [vPrvWY6dWIw]	I Was Hired to Pave Over Charlie Kirk’s Death Scene [vPrvWY6dWIw].webm	/Users/bryan/BGit/Bryan_git/charlie-kirk/videos/I Was Hired to Pave Over Charlie Kirk’s Death Scene [vPrvWY6dWIw].webm	video	633775001	1788136659												x	videos_dir		
IPFS/Blake Bednarz UVU original	Blake Bednarz UVU original.MP4	/Users/bryan/BGit/Bryan_git/charlie-kirk/IPFS/videos/Blake Bednarz UVU original.MP4	video	3211918311	1775824359		/Users/bryan/BGit/Bryan_git/charlie-kirk/.lfbridge/IPFS/videos/Blake Bednarz UVU original.MP4.transcription	video	/Users/bryan/BGit/Bryan_git/charlie-kirk/.lfbridge/IPFS/videos/Blake Bednarz UVU original.MP4.ai_description	/Users/bryan/BGit/Bryan_git/charlie-kirk/.lfbridge/IPFS/videos/Blake Bednarz UVU original.MP4.ocr							ipfs	ipfs_dir		
IPFS/chain_of_evil	chain_of_evil.mp4	/Users/bryan/BGit/Bryan_git/charlie-kirk/IPFS/videos/chain_of_evil.mp4	video	54643354	1783724753		/Users/bryan/BGit/Bryan_git/charlie-kirk/.lfbridge/IPFS/videos/chain_of_evil.mp4.transcription	video	/Users/bryan/BGit/Bryan_git/charlie-kirk/.lfbridge/IPFS/videos/chain_of_evil.mp4.ai_description	/Users/bryan/BGit/Bryan_git/charlie-kirk/.lfbridge/IPFS/videos/chain_of_evil.mp4.ocr	QmS64aK5A7BfPP3C645FLBSQRdXcMCyCtCxddAQixoQ22K					"videos/chain_of_evil.mp4 — ""Chain of Evil"" (compressed)"	ipfs	ipfs_dir		
QmNvfMUSQvNsvprfF4zWutBz4djdnVhnBgMSxCuUq8vYQS	QmNvfMUSQvNsvprfF4zWutBz4djdnVhnBgMSxCuUq8vYQS.mp4	/Users/bryan/BGit/Bryan_git/charlie-kirk/videos/QmNvfMUSQvNsvprfF4zWutBz4djdnVhnBgMSxCuUq8vYQS.mp4	video	453493	1787172509				/Users/bryan/BGit/Bryan_git/charlie-kirk/.lfbridge/videos/QmNvfMUSQvNsvprfF4zWutBz4djdnVhnBgMSxCuUq8vYQS.mp4.ai_description	/Users/bryan/BGit/Bryan_git/charlie-kirk/.lfbridge/videos/QmNvfMUSQvNsvprfF4zWutBz4djdnVhnBgMSxCuUq8vYQS.mp4.ocr							x	videos_dir		
QmPVvNLdkq6C7LRH5ao6VnjQtgUFSuPsa6szJN446w4Xv4	QmPVvNLdkq6C7LRH5ao6VnjQtgUFSuPsa6szJN446w4Xv4.mp4	/Users/bryan/BGit/Bryan_git/charlie-kirk/videos/QmPVvNLdkq6C7LRH5ao6VnjQtgUFSuPsa6szJN446w4Xv4.mp4	video	90510	1787172509				/Users/bryan/BGit/Bryan_git/charlie-kirk/.lfbridge/videos/QmPVvNLdkq6C7LRH5ao6VnjQtgUFSuPsa6szJN446w4Xv4.mp4.ai_description	/Users/bryan/BGit/Bryan_git/charlie-kirk/.lfbridge/videos/QmPVvNLdkq6C7LRH5ao6VnjQtgUFSuPsa6szJN446w4Xv4.mp4.ocr							x	videos_dir		
QmPZYMTEWB6xA3qLGzs28s4qDVDr7RuL4UJ2K6b5sMXAN5	QmPZYMTEWB6xA3qLGzs28s4qDVDr7RuL4UJ2K6b5sMXAN5.mp4	/Users/bryan/BGit/Bryan_git/charlie-kirk/videos/QmPZYMTEWB6xA3qLGzs28s4qDVDr7RuL4UJ2K6b5sMXAN5.mp4	video	471997	1787172509				/Users/bryan/BGit/Bryan_git/charlie-kirk/.lfbridge/videos/QmPZYMTEWB6xA3qLGzs28s4qDVDr7RuL4UJ2K6b5sMXAN5.mp4.ai_description	/Users/bryan/BGit/Bryan_git/charlie-kirk/.lfbridge/videos/QmPZYMTEWB6xA3qLGzs28s4qDVDr7RuL4UJ2K6b5sMXAN5.mp4.ocr							x	videos_dir		
QmQtxidWHtrHBGhwXmnA6ctEj1qFUd1oJxhUDDD3rbUdPQ	QmQtxidWHtrHBGhwXmnA6ctEj1qFUd1oJxhUDDD3rbUdPQ.mp4	/Users/bryan/BGit/Bryan_git/charlie-kirk/videos/QmQtxidWHtrHBGhwXmnA6ctEj1qFUd1oJxhUDDD3rbUdPQ.mp4	video	117709	1787172509				/Users/bryan/BGit/Bryan_git/charlie-kirk/.lfbridge/videos/QmQtxidWHtrHBGhwXmnA6ctEj1qFUd1oJxhUDDD3rbUdPQ.mp4.ai_description	/Users/bryan/BGit/Bryan_git/charlie-kirk/.lfbridge/videos/QmQtxidWHtrHBGhwXmnA6ctEj1qFUd1oJxhUDDD3rbUdPQ.mp4.ocr							x	videos_dir		
QmRAQWmcd6nAEdFZuHPowY2MNT1m71HnFYyEDcumdDMime	QmRAQWmcd6nAEdFZuHPowY2MNT1m71HnFYyEDcumdDMime.mp4	/Users/bryan/BGit/Bryan_git/charlie-kirk/videos/QmRAQWmcd6nAEdFZuHPowY2MNT1m71HnFYyEDcumdDMime.mp4	video	314286	1787172509				/Users/bryan/BGit/Bryan_git/charlie-kirk/.lfbridge/videos/QmRAQWmcd6nAEdFZuHPowY2MNT1m71HnFYyEDcumdDMime.mp4.ai_description	/Users/bryan/BGit/Bryan_git/charlie-kirk/.lfbridge/videos/QmRAQWmcd6nAEdFZuHPowY2MNT1m71HnFYyEDcumdDMime.mp4.ocr							x	videos_dir		
QmS64aK5A7BfPP3C645FLBSQRdXcMCyCtCxddAQixoQ22K	QmS64aK5A7BfPP3C645FLBSQRdXcMCyCtCxddAQixoQ22K.mp4	/Users/bryan/BGit/Bryan_git/charlie-kirk/videos/QmS64aK5A7BfPP3C645FLBSQRdXcMCyCtCxddAQixoQ22K.mp4	video	54643354	1787172514				/Users/bryan/BGit/Bryan_git/charlie-kirk/.lfbridge/videos/QmS64aK5A7BfPP3C645FLBSQRdXcMCyCtCxddAQixoQ22K.mp4.ai_description	/Users/bryan/BGit/Bryan_git/charlie-kirk/.lfbridge/videos/QmS64aK5A7BfPP3C645FLBSQRdXcMCyCtCxddAQixoQ22K.mp4.ocr							x	videos_dir		
QmT5aLi7d88dELpjeURfJdh3k3mWZ6TH4frNubHyhfpWud	QmT5aLi7d88dELpjeURfJdh3k3mWZ6TH4frNubHyhfpWud.mp4	/Users/bryan/BGit/Bryan_git/charlie-kirk/videos/QmT5aLi7d88dELpjeURfJdh3k3mWZ6TH4frNubHyhfpWud.mp4	video	150063	1787172509				/Users/bryan/BGit/Bryan_git/charlie-kirk/.lfbridge/videos/QmT5aLi7d88dELpjeURfJdh3k3mWZ6TH4frNubHyhfpWud.mp4.ai_description	/Users/bryan/BGit/Bryan_git/charlie-kirk/.lfbridge/videos/QmT5aLi7d88dELpjeURfJdh3k3mWZ6TH4frNubHyhfpWud.mp4.ocr							x	videos_dir		
QmTPcVTaAQC5SnMx74m5V5ZWe2Rygb84v6qjjvKFaQ27V2	QmTPcVTaAQC5SnMx74m5V5ZWe2Rygb84v6qjjvKFaQ27V2.mp4	/Users/bryan/BGit/Bryan_git/charlie-kirk/videos/QmTPcVTaAQC5SnMx74m5V5ZWe2Rygb84v6qjjvKFaQ27V2.mp4	video	184817	1787172509				/Users/bryan/BGit/Bryan_git/charlie-kirk/.lfbridge/videos/QmTPcVTaAQC5SnMx74m5V5ZWe2Rygb84v6qjjvKFaQ27V2.mp4.ai_description	/Users/bryan/BGit/Bryan_git/charlie-kirk/.lfbridge/videos/QmTPcVTaAQC5SnMx74m5V5ZWe2Rygb84v6qjjvKFaQ27V2.mp4.ocr							x	videos_dir		
QmU45pypQVC3hzX8e3zepukM1mALU7Pd6rwZhNvdega3ts	QmU45pypQVC3hzX8e3zepukM1mALU7Pd6rwZhNvdega3ts.mp4	/Users/bryan/BGit/Bryan_git/charlie-kirk/videos/QmU45pypQVC3hzX8e3zepukM1mALU7Pd6rwZhNvdega3ts.mp4	video	169473	1787172509				/Users/bryan/BGit/Bryan_git/charlie-kirk/.lfbridge/videos/QmU45pypQVC3hzX8e3zepukM1mALU7Pd6rwZhNvdega3ts.mp4.ai_description	/Users/bryan/BGit/Bryan_git/charlie-kirk/.lfbridge/videos/QmU45pypQVC3hzX8e3zepukM1mALU7Pd6rwZhNvdega3ts.mp4.ocr							x	videos_dir		
QmUAcBkhS1n151NMmYg32b9DrjYAuq2N5tcadGU1SvyBtm	QmUAcBkhS1n151NMmYg32b9DrjYAuq2N5tcadGU1SvyBtm.mp4	/Users/bryan/BGit/Bryan_git/charlie-kirk/videos/QmUAcBkhS1n151NMmYg32b9DrjYAuq2N5tcadGU1SvyBtm.mp4	video	229697	1787172509				/Users/bryan/BGit/Bryan_git/charlie-kirk/.lfbridge/videos/QmUAcBkhS1n151NMmYg32b9DrjYAuq2N5tcadGU1SvyBtm.mp4.ai_description	/Users/bryan/BGit/Bryan_git/charlie-kirk/.lfbridge/videos/QmUAcBkhS1n151NMmYg32b9DrjYAuq2N5tcadGU1SvyBtm.mp4.ocr							x	videos_dir		
QmUJXzWtVLzN5msEFGg9GmZCCyeEWgxXbmbLDdfq7Q3p7X	QmUJXzWtVLzN5msEFGg9GmZCCyeEWgxXbmbLDdfq7Q3p7X.mp4	/Users/bryan/BGit/Bryan_git/charlie-kirk/videos/QmUJXzWtVLzN5msEFGg9GmZCCyeEWgxXbmbLDdfq7Q3p7X.mp4	video	46430	1787172509				/Users/bryan/BGit/Bryan_git/charlie-kirk/.lfbridge/videos/QmUJXzWtVLzN5msEFGg9GmZCCyeEWgxXbmbLDdfq7Q3p7X.mp4.ai_description	/Users/bryan/BGit/Bryan_git/charlie-kirk/.lfbridge/videos/QmUJXzWtVLzN5msEFGg9GmZCCyeEWgxXbmbLDdfq7Q3p7X.mp4.ocr							x	videos_dir		
QmV9s8RSSeQfmSW2PA5MBGGYi1dCFwcCfNL3FS6mzzWftU	QmV9s8RSSeQfmSW2PA5MBGGYi1dCFwcCfNL3FS6mzzWftU.mp4	/Users/bryan/BGit/Bryan_git/charlie-kirk/videos/QmV9s8RSSeQfmSW2PA5MBGGYi1dCFwcCfNL3FS6mzzWftU.mp4	video	227091	1787172509				/Users/bryan/BGit/Bryan_git/charlie-kirk/.lfbridge/videos/QmV9s8RSSeQfmSW2PA5MBGGYi1dCFwcCfNL3FS6mzzWftU.mp4.ai_description	/Users/bryan/BGit/Bryan_git/charlie-kirk/.lfbridge/videos/QmV9s8RSSeQfmSW2PA5MBGGYi1dCFwcCfNL3FS6mzzWftU.mp4.ocr							x	videos_dir		
QmVBQvUfCmGqWU1YBN2YzUqdHGyjq1Ye28gtTCfX6GQjMf	QmVBQvUfCmGqWU1YBN2YzUqdHGyjq1Ye28gtTCfX6GQjMf.mp4	/Users/bryan/BGit/Bryan_git/charlie-kirk/videos/QmVBQvUfCmGqWU1YBN2YzUqdHGyjq1Ye28gtTCfX6GQjMf.mp4	video	161963	1787172509				/Users/bryan/BGit/Bryan_git/charlie-kirk/.lfbridge/videos/QmVBQvUfCmGqWU1YBN2YzUqdHGyjq1Ye28gtTCfX6GQjMf.mp4.ai_description	/Users/bryan/BGit/Bryan_git/charlie-kirk/.lfbridge/videos/QmVBQvUfCmGqWU1YBN2YzUqdHGyjq1Ye28gtTCfX6GQjMf.mp4.ocr							x	videos_dir		
QmVMBu1YDVFesVp3eom4RZ16ZdfzV9wWssUDKJFTeK2bdc	QmVMBu1YDVFesVp3eom4RZ16ZdfzV9wWssUDKJFTeK2bdc.mp4	/Users/bryan/BGit/Bryan_git/charlie-kirk/videos/QmVMBu1YDVFesVp3eom4RZ16ZdfzV9wWssUDKJFTeK2bdc.mp4	video	88546	1787172509				/Users/bryan/BGit/Bryan_git/charlie-kirk/.lfbridge/videos/QmVMBu1YDVFesVp3eom4RZ16ZdfzV9wWssUDKJFTeK2bdc.mp4.ai_description	/Users/bryan/BGit/Bryan_git/charlie-kirk/.lfbridge/videos/QmVMBu1YDVFesVp3eom4RZ16ZdfzV9wWssUDKJFTeK2bdc.mp4.ocr							x	videos_dir		
QmWh6rgusMS7nCuqw98QxsigpZBA6H6wfAkfZM2XMLCkkQ	QmWh6rgusMS7nCuqw98QxsigpZBA6H6wfAkfZM2XMLCkkQ.mp4	/Users/bryan/BGit/Bryan_git/charlie-kirk/videos/QmWh6rgusMS7nCuqw98QxsigpZBA6H6wfAkfZM2XMLCkkQ.mp4	video	163512	1787172509				/Users/bryan/BGit/Bryan_git/charlie-kirk/.lfbridge/videos/QmWh6rgusMS7nCuqw98QxsigpZBA6H6wfAkfZM2XMLCkkQ.mp4.ai_description	/Users/bryan/BGit/Bryan_git/charlie-kirk/.lfbridge/videos/QmWh6rgusMS7nCuqw98QxsigpZBA6H6wfAkfZM2XMLCkkQ.mp4.ocr							x	videos_dir		
QmXEPuva2HB45r5unuTx8XVzUrTxYZwP296qzeJe42NBov	QmXEPuva2HB45r5unuTx8XVzUrTxYZwP296qzeJe42NBov.mp4	/Users/bryan/BGit/Bryan_git/charlie-kirk/videos/QmXEPuva2HB45r5unuTx8XVzUrTxYZwP296qzeJe42NBov.mp4	video	250197	1787172509				/Users/bryan/BGit/Bryan_git/charlie-kirk/.lfbridge/videos/QmXEPuva2HB45r5unuTx8XVzUrTxYZwP296qzeJe42NBov.mp4.ai_description	/Users/bryan/BGit/Bryan_git/charlie-kirk/.lfbridge/videos/QmXEPuva2HB45r5unuTx8XVzUrTxYZwP296qzeJe42NBov.mp4.ocr							x	videos_dir		
QmXnUdjEFm6WNbWboYd3cKFLT1a93E2unaTwGzmmrN5XnJ	QmXnUdjEFm6WNbWboYd3cKFLT1a93E2unaTwGzmmrN5XnJ.mp4	/Users/bryan/BGit/Bryan_git/charlie-kirk/videos/QmXnUdjEFm6WNbWboYd3cKFLT1a93E2unaTwGzmmrN5XnJ.mp4	video	61565	1787172509				/Users/bryan/BGit/Bryan_git/charlie-kirk/.lfbridge/videos/QmXnUdjEFm6WNbWboYd3cKFLT1a93E2unaTwGzmmrN5XnJ.mp4.ai_description	/Users/bryan/BGit/Bryan_git/charlie-kirk/.lfbridge/videos/QmXnUdjEFm6WNbWboYd3cKFLT1a93E2unaTwGzmmrN5XnJ.mp4.ocr							x	videos_dir		
QmYEy93b6qqAgX4ni3JKwDCWmunPHC5BThKqhC4zQK2SM9	QmYEy93b6qqAgX4ni3JKwDCWmunPHC5BThKqhC4zQK2SM9.mp4	/Users/bryan/BGit/Bryan_git/charlie-kirk/videos/QmYEy93b6qqAgX4ni3JKwDCWmunPHC5BThKqhC4zQK2SM9.mp4	video	263078	1787172509				/Users/bryan/BGit/Bryan_git/charlie-kirk/.lfbridge/videos/QmYEy93b6qqAgX4ni3JKwDCWmunPHC5BThKqhC4zQK2SM9.mp4.ai_description	/Users/bryan/BGit/Bryan_git/charlie-kirk/.lfbridge/videos/QmYEy93b6qqAgX4ni3JKwDCWmunPHC5BThKqhC4zQK2SM9.mp4.ocr							x	videos_dir		
QmYGg8Qa7xAPLAYnjKRPQaAXzHsnzxaSGewqLk4mNV9Y2Y	QmYGg8Qa7xAPLAYnjKRPQaAXzHsnzxaSGewqLk4mNV9Y2Y.mp4	/Users/bryan/BGit/Bryan_git/charlie-kirk/videos/QmYGg8Qa7xAPLAYnjKRPQaAXzHsnzxaSGewqLk4mNV9Y2Y.mp4	video	19953	1787172509				/Users/bryan/BGit/Bryan_git/charlie-kirk/.lfbridge/videos/QmYGg8Qa7xAPLAYnjKRPQaAXzHsnzxaSGewqLk4mNV9Y2Y.mp4.ai_description	/Users/bryan/BGit/Bryan_git/charlie-kirk/.lfbridge/videos/QmYGg8Qa7xAPLAYnjKRPQaAXzHsnzxaSGewqLk4mNV9Y2Y.mp4.ocr							x	videos_dir		
QmZ4hsVAUG4ZZeakKwAB1hmnoZsurUEC6ujy8aSy5ptCnY	QmZ4hsVAUG4ZZeakKwAB1hmnoZsurUEC6ujy8aSy5ptCnY.mp4	/Users/bryan/BGit/Bryan_git/charlie-kirk/videos/QmZ4hsVAUG4ZZeakKwAB1hmnoZsurUEC6ujy8aSy5ptCnY.mp4	video	55940	1787172509				/Users/bryan/BGit/Bryan_git/charlie-kirk/.lfbridge/videos/QmZ4hsVAUG4ZZeakKwAB1hmnoZsurUEC6ujy8aSy5ptCnY.mp4.ai_description	/Users/bryan/BGit/Bryan_git/charlie-kirk/.lfbridge/videos/QmZ4hsVAUG4ZZeakKwAB1hmnoZsurUEC6ujy8aSy5ptCnY.mp4.ocr							x	videos_dir		
QmZ9WxTqgk9xvwadYX1r6S3EexQwyvTaQr8hXmPH64xNHS	QmZ9WxTqgk9xvwadYX1r6S3EexQwyvTaQr8hXmPH64xNHS.mp4	/Users/bryan/BGit/Bryan_git/charlie-kirk/videos/QmZ9WxTqgk9xvwadYX1r6S3EexQwyvTaQr8hXmPH64xNHS.mp4	video	78729	1787172509				/Users/bryan/BGit/Bryan_git/charlie-kirk/.lfbridge/videos/QmZ9WxTqgk9xvwadYX1r6S3EexQwyvTaQr8hXmPH64xNHS.mp4.ai_description	/Users/bryan/BGit/Bryan_git/charlie-kirk/.lfbridge/videos/QmZ9WxTqgk9xvwadYX1r6S3EexQwyvTaQr8hXmPH64xNHS.mp4.ocr							x	videos_dir		
QmZgbnSUvV6KZCchEkrC8yHcEifrdNS7DAT1UaVNgaSsQR	QmZgbnSUvV6KZCchEkrC8yHcEifrdNS7DAT1UaVNgaSsQR.mp4	/Users/bryan/BGit/Bryan_git/charlie-kirk/videos/QmZgbnSUvV6KZCchEkrC8yHcEifrdNS7DAT1UaVNgaSsQR.mp4	video	218752	1787172509				/Users/bryan/BGit/Bryan_git/charlie-kirk/.lfbridge/videos/QmZgbnSUvV6KZCchEkrC8yHcEifrdNS7DAT1UaVNgaSsQR.mp4.ai_description	/Users/bryan/BGit/Bryan_git/charlie-kirk/.lfbridge/videos/QmZgbnSUvV6KZCchEkrC8yHcEifrdNS7DAT1UaVNgaSsQR.mp4.ocr							x	videos_dir		
QmZj41R5rbrBAjscyahjhzGs5WBgQZC41BwhnXfsJpiH2U	QmZj41R5rbrBAjscyahjhzGs5WBgQZC41BwhnXfsJpiH2U.mp4	/Users/bryan/BGit/Bryan_git/charlie-kirk/videos/QmZj41R5rbrBAjscyahjhzGs5WBgQZC41BwhnXfsJpiH2U.mp4	video	82558	1787172509				/Users/bryan/BGit/Bryan_git/charlie-kirk/.lfbridge/videos/QmZj41R5rbrBAjscyahjhzGs5WBgQZC41BwhnXfsJpiH2U.mp4.ai_description	/Users/bryan/BGit/Bryan_git/charlie-kirk/.lfbridge/videos/QmZj41R5rbrBAjscyahjhzGs5WBgQZC41BwhnXfsJpiH2U.mp4.ocr							x	videos_dir		
QmZnbhLZHE8RNgoKiy6oYfBaXKUFsimiNzWdejg4UHuJwC	QmZnbhLZHE8RNgoKiy6oYfBaXKUFsimiNzWdejg4UHuJwC.mp4	/Users/bryan/BGit/Bryan_git/charlie-kirk/videos/QmZnbhLZHE8RNgoKiy6oYfBaXKUFsimiNzWdejg4UHuJwC.mp4	video	81522	1787172509				/Users/bryan/BGit/Bryan_git/charlie-kirk/.lfbridge/videos/QmZnbhLZHE8RNgoKiy6oYfBaXKUFsimiNzWdejg4UHuJwC.mp4.ai_description	/Users/bryan/BGit/Bryan_git/charlie-kirk/.lfbridge/videos/QmZnbhLZHE8RNgoKiy6oYfBaXKUFsimiNzWdejg4UHuJwC.mp4.ocr							x	videos_dir		
QmZv3tnVjzdKU2uviSdti8ips1oQ3amPMxvVrTCLYB5Lgf	QmZv3tnVjzdKU2uviSdti8ips1oQ3amPMxvVrTCLYB5Lgf.mp4	/Users/bryan/BGit/Bryan_git/charlie-kirk/videos/QmZv3tnVjzdKU2uviSdti8ips1oQ3amPMxvVrTCLYB5Lgf.mp4	video	233442	1787172509				/Users/bryan/BGit/Bryan_git/charlie-kirk/.lfbridge/videos/QmZv3tnVjzdKU2uviSdti8ips1oQ3amPMxvVrTCLYB5Lgf.mp4.ai_description	/Users/bryan/BGit/Bryan_git/charlie-kirk/.lfbridge/videos/QmZv3tnVjzdKU2uviSdti8ips1oQ3amPMxvVrTCLYB5Lgf.mp4.ocr							x	videos_dir		
QmaFUQ5h3ahrdKYZ9dkNbBP4xsp2Qui3WcLo1pp5FQCcCu	QmaFUQ5h3ahrdKYZ9dkNbBP4xsp2Qui3WcLo1pp5FQCcCu.mp4	/Users/bryan/BGit/Bryan_git/charlie-kirk/videos/QmaFUQ5h3ahrdKYZ9dkNbBP4xsp2Qui3WcLo1pp5FQCcCu.mp4	video	426942	1787172509				/Users/bryan/BGit/Bryan_git/charlie-kirk/.lfbridge/videos/QmaFUQ5h3ahrdKYZ9dkNbBP4xsp2Qui3WcLo1pp5FQCcCu.mp4.ai_description	/Users/bryan/BGit/Bryan_git/charlie-kirk/.lfbridge/videos/QmaFUQ5h3ahrdKYZ9dkNbBP4xsp2Qui3WcLo1pp5FQCcCu.mp4.ocr							x	videos_dir		
QmadspqfgqfkBWGkhhnN2RZ9yEr1CPtojqyqP9YewEzeSe	QmadspqfgqfkBWGkhhnN2RZ9yEr1CPtojqyqP9YewEzeSe.mp4	/Users/bryan/BGit/Bryan_git/charlie-kirk/videos/QmadspqfgqfkBWGkhhnN2RZ9yEr1CPtojqyqP9YewEzeSe.mp4	video	215371	1787172509				/Users/bryan/BGit/Bryan_git/charlie-kirk/.lfbridge/videos/QmadspqfgqfkBWGkhhnN2RZ9yEr1CPtojqyqP9YewEzeSe.mp4.ai_description	/Users/bryan/BGit/Bryan_git/charlie-kirk/.lfbridge/videos/QmadspqfgqfkBWGkhhnN2RZ9yEr1CPtojqyqP9YewEzeSe.mp4.ocr							x	videos_dir		
Qmc4UBcYmGny39FQGLuSWET1UxytLrhbeok6ssoF48zhjy	Qmc4UBcYmGny39FQGLuSWET1UxytLrhbeok6ssoF48zhjy.mp4	/Users/bryan/BGit/Bryan_git/charlie-kirk/videos/Qmc4UBcYmGny39FQGLuSWET1UxytLrhbeok6ssoF48zhjy.mp4	video	244049	1787172509				/Users/bryan/BGit/Bryan_git/charlie-kirk/.lfbridge/videos/Qmc4UBcYmGny39FQGLuSWET1UxytLrhbeok6ssoF48zhjy.mp4.ai_description	/Users/bryan/BGit/Bryan_git/charlie-kirk/.lfbridge/videos/Qmc4UBcYmGny39FQGLuSWET1UxytLrhbeok6ssoF48zhjy.mp4.ocr							x	videos_dir		
Qmd1tFNno6udyvMMhrTVscNRcoj3sPMfYNtfrkqL2JJZZj	Qmd1tFNno6udyvMMhrTVscNRcoj3sPMfYNtfrkqL2JJZZj.mp4	/Users/bryan/BGit/Bryan_git/charlie-kirk/videos/Qmd1tFNno6udyvMMhrTVscNRcoj3sPMfYNtfrkqL2JJZZj.mp4	video	149544	1787172509				/Users/bryan/BGit/Bryan_git/charlie-kirk/.lfbridge/videos/Qmd1tFNno6udyvMMhrTVscNRcoj3sPMfYNtfrkqL2JJZZj.mp4.ai_description	/Users/bryan/BGit/Bryan_git/charlie-kirk/.lfbridge/videos/Qmd1tFNno6udyvMMhrTVscNRcoj3sPMfYNtfrkqL2JJZZj.mp4.ocr							x	videos_dir		
_QwGo0LyZ3I	_QwGo0LyZ3I.mp4	/Users/bryan/BGit/Bryan_git/charlie-kirk/videos/_QwGo0LyZ3I.mp4	video	130662618	1783963805		/Users/bryan/BGit/Bryan_git/charlie-kirk/.lfbridge/videos/_QwGo0LyZ3I.mp4.transcription	video	/Users/bryan/BGit/Bryan_git/charlie-kirk/.lfbridge/videos/_QwGo0LyZ3I.mp4.ai_description	/Users/bryan/BGit/Bryan_git/charlie-kirk/.lfbridge/videos/_QwGo0LyZ3I.mp4.ocr							x	videos_dir		
kirk-parents-hearing-3006	kirk-parents-hearing-3006.mp4	/Users/bryan/BGit/Bryan_git/charlie-kirk/videos/kirk-parents-hearing-3006.mp4	video	13337563	1784803272				/Users/bryan/BGit/Bryan_git/charlie-kirk/.lfbridge/videos/kirk-parents-hearing-3006.mp4.ai_description	/Users/bryan/BGit/Bryan_git/charlie-kirk/.lfbridge/videos/kirk-parents-hearing-3006.mp4.ocr							x	videos_dir		
mirror/2_Cause_of_Death/Red Pill Dispenser - The official story of Charlie Kirk's assassination doesn't add up one... [2038934507307343872]	Red Pill Dispenser - The official story of Charlie Kirk's assassination doesn't add up one... [2038934507307343872].mp4	/Users/bryan/_Mirror/Politics/Charlie_Kirk_Mi/2_Cause_of_Death/Red Pill Dispenser - The official story of Charlie Kirk's assassination doesn't add up one... [2038934507307343872].mp4	video	13127834	1774973947		/Users/bryan/BGit/Bryan_git/personal_large_files_bridge/_Mirror/Politics/Charlie_Kirk_Mi/2_Cause_of_Death/Red Pill Dispenser - The official story of Charlie Kirk's assassination doesn't add up one... [2038934507307343872].mp4.transcription	video	/Users/bryan/BGit/Bryan_git/personal_large_files_bridge/_Mirror/Politics/Charlie_Kirk_Mi/2_Cause_of_Death/Red Pill Dispenser - The official story of Charlie Kirk's assassination doesn't add up one... [2038934507307343872].mp4.ai_description	/Users/bryan/BGit/Bryan_git/personal_large_files_bridge/_Mirror/Politics/Charlie_Kirk_Mi/2_Cause_of_Death/Red Pill Dispenser - The official story of Charlie Kirk's assassination doesn't add up one... [2038934507307343872].mp4.ocr							local	mirror	2_Cause_of_Death	
mirror/Acoustics_Ballistics/Sword Truth - Hey @troofevades great job! I asked @Grok imagine to make a visualiza... [2016609430901809152]	Sword Truth - Hey @troofevades great job! I asked @Grok imagine to make a visualiza... [2016609430901809152].mp4	/Users/bryan/_Mirror/Politics/Charlie_Kirk_Mi/Acoustics_Ballistics/Sword Truth - Hey @troofevades great job! I asked @Grok imagine to make a visualiza... [2016609430901809152].mp4	video	663226	1783642488		/Users/bryan/BGit/Bryan_git/personal_large_files_bridge/_Mirror/Politics/Charlie_Kirk_Mi/Acoustics_Ballistics/Sword Truth - Hey @troofevades great job! I asked @Grok imagine to make a visualiza... [2016609430901809152].mp4.transcription	video	/Users/bryan/BGit/Bryan_git/personal_large_files_bridge/_Mirror/Politics/Charlie_Kirk_Mi/Acoustics_Ballistics/Sword Truth - Hey @troofevades great job! I asked @Grok imagine to make a visualiza... [2016609430901809152].mp4.ai_description	/Users/bryan/BGit/Bryan_git/personal_large_files_bridge/_Mirror/Politics/Charlie_Kirk_Mi/Acoustics_Ballistics/Sword Truth - Hey @troofevades great job! I asked @Grok imagine to make a visualiza... [2016609430901809152].mp4.ocr							local	mirror	Acoustics_Ballistics	
mirror/Assassination/Assass_from_South	Assass_from_South.mp4	/Users/bryan/_Mirror/Politics/Charlie_Kirk_Mi/Assassination/Assass_from_South.mp4	video	8548234	1758812923		/Users/bryan/BGit/Bryan_git/personal_large_files_bridge/_Mirror/Politics/Charlie_Kirk_Mi/Assassination/Assass_from_South.mp4.transcription	video	/Users/bryan/BGit/Bryan_git/personal_large_files_bridge/_Mirror/Politics/Charlie_Kirk_Mi/Assassination/Assass_from_South.mp4.ai_description	/Users/bryan/BGit/Bryan_git/personal_large_files_bridge/_Mirror/Politics/Charlie_Kirk_Mi/Assassination/Assass_from_South.mp4.ocr							local	mirror	Assassination	
mirror/Assassination/CK_Assassination	CK_Assassination.mp4	/Users/bryan/_Mirror/Politics/Charlie_Kirk_Mi/Assassination/CK_Assassination.mp4	video	10901001	1758812802		/Users/bryan/BGit/Bryan_git/personal_large_files_bridge/_Mirror/Politics/Charlie_Kirk_Mi/Assassination/CK_Assassination.mp4.transcription	video	/Users/bryan/BGit/Bryan_git/personal_large_files_bridge/_Mirror/Politics/Charlie_Kirk_Mi/Assassination/CK_Assassination.mp4.ai_description	/Users/bryan/BGit/Bryan_git/personal_large_files_bridge/_Mirror/Politics/Charlie_Kirk_Mi/Assassination/CK_Assassination.mp4.ocr							local	mirror	Assassination	
mirror/Ballistics/Ballistics_Kirk	Ballistics_Kirk.mov	/Users/bryan/_Mirror/Politics/Charlie_Kirk_Mi/Ballistics/Ballistics_Kirk.mov	video	207182142	1758061383		/Users/bryan/BGit/Bryan_git/personal_large_files_bridge/_Mirror/Politics/Charlie_Kirk_Mi/Ballistics/Ballistics_Kirk.mov.transcription	video	/Users/bryan/BGit/Bryan_git/personal_large_files_bridge/_Mirror/Politics/Charlie_Kirk_Mi/Ballistics/Ballistics_Kirk.mov.ai_description	/Users/bryan/BGit/Bryan_git/personal_large_files_bridge/_Mirror/Politics/Charlie_Kirk_Mi/Ballistics/Ballistics_Kirk.mov.ocr							local	mirror	Ballistics	
mirror/Ballistics/Darth Powell - If you think Charlie Kirk was shot with a 30-06  You're a fucking ret... [2026310419405504514]	Darth Powell - If you think Charlie Kirk was shot with a 30-06  You're a fucking ret... [2026310419405504514].mp4	/Users/bryan/_Mirror/Politics/Charlie_Kirk_Mi/Ballistics/Darth Powell - If you think Charlie Kirk was shot with a 30-06  You're a fucking ret... [2026310419405504514].mp4	video	2623034	1777917840		/Users/bryan/BGit/Bryan_git/personal_large_files_bridge/_Mirror/Politics/Charlie_Kirk_Mi/Ballistics/Darth Powell - If you think Charlie Kirk was shot with a 30-06  You're a fucking ret... [2026310419405504514].mp4.transcription	video	/Users/bryan/BGit/Bryan_git/personal_large_files_bridge/_Mirror/Politics/Charlie_Kirk_Mi/Ballistics/Darth Powell - If you think Charlie Kirk was shot with a 30-06  You're a fucking ret... [2026310419405504514].mp4.ai_description	/Users/bryan/BGit/Bryan_git/personal_large_files_bridge/_Mirror/Politics/Charlie_Kirk_Mi/Ballistics/Darth Powell - If you think Charlie Kirk was shot with a 30-06  You're a fucking ret... [2026310419405504514].mp4.ocr							local	mirror	Ballistics	
mirror/Ballistics/Double_Shot	Double_Shot.mp4	/Users/bryan/_Mirror/Politics/Charlie_Kirk_Mi/Ballistics/Double_Shot.mp4	video	2666762	1758664457		/Users/bryan/BGit/Bryan_git/personal_large_files_bridge/_Mirror/Politics/Charlie_Kirk_Mi/Ballistics/Double_Shot.mp4.transcription	video	/Users/bryan/BGit/Bryan_git/personal_large_files_bridge/_Mirror/Politics/Charlie_Kirk_Mi/Ballistics/Double_Shot.mp4.ai_description	/Users/bryan/BGit/Bryan_git/personal_large_files_bridge/_Mirror/Politics/Charlie_Kirk_Mi/Ballistics/Double_Shot.mp4.ocr							local	mirror	Ballistics	
mirror/Ballistics/Front_Left_Camera	Front_Left_Camera.mp4	/Users/bryan/_Mirror/Politics/Charlie_Kirk_Mi/Ballistics/Front_Left_Camera.mp4	video	2666762	1758679082		/Users/bryan/BGit/Bryan_git/personal_large_files_bridge/_Mirror/Politics/Charlie_Kirk_Mi/Ballistics/Front_Left_Camera.mp4.transcription	video	/Users/bryan/BGit/Bryan_git/personal_large_files_bridge/_Mirror/Politics/Charlie_Kirk_Mi/Ballistics/Front_Left_Camera.mp4.ai_description	/Users/bryan/BGit/Bryan_git/personal_large_files_bridge/_Mirror/Politics/Charlie_Kirk_Mi/Ballistics/Front_Left_Camera.mp4.ocr							local	mirror	Ballistics	
mirror/Ballistics/aJnS37qSPtBTwGwC [aJnS37qSPtBTwGwC]	aJnS37qSPtBTwGwC [aJnS37qSPtBTwGwC].mp4	/Users/bryan/_Mirror/Politics/Charlie_Kirk_Mi/Ballistics/aJnS37qSPtBTwGwC [aJnS37qSPtBTwGwC].mp4	video	3377474	1761929699		/Users/bryan/BGit/Bryan_git/personal_large_files_bridge/_Mirror/Politics/Charlie_Kirk_Mi/Ballistics/aJnS37qSPtBTwGwC [aJnS37qSPtBTwGwC].mp4.transcription	video	/Users/bryan/BGit/Bryan_git/personal_large_files_bridge/_Mirror/Politics/Charlie_Kirk_Mi/Ballistics/aJnS37qSPtBTwGwC [aJnS37qSPtBTwGwC].mp4.ai_description	/Users/bryan/BGit/Bryan_git/personal_large_files_bridge/_Mirror/Politics/Charlie_Kirk_Mi/Ballistics/aJnS37qSPtBTwGwC [aJnS37qSPtBTwGwC].mp4.ocr							local	mirror	Ballistics	
mirror/Ballistics/ᵀᴿᴵᴸᴸᴵᴼᴺ - I tried to animate the bullet path but even artificial physics weren’... [1999703755290210308]	ᵀᴿᴵᴸᴸᴵᴼᴺ - I tried to animate the bullet path but even artificial physics weren’... [1999703755290210308].mp4	/Users/bryan/_Mirror/Politics/Charlie_Kirk_Mi/Ballistics/ᵀᴿᴵᴸᴸᴵᴼᴺ - I tried to animate the bullet path but even artificial physics weren’... [1999703755290210308].mp4	video	240557	1783642554		/Users/bryan/BGit/Bryan_git/personal_large_files_bridge/_Mirror/Politics/Charlie_Kirk_Mi/Ballistics/ᵀᴿᴵᴸᴸᴵᴼᴺ - I tried to animate the bullet path but even artificial physics weren’... [1999703755290210308].mp4.transcription	video	/Users/bryan/BGit/Bryan_git/personal_large_files_bridge/_Mirror/Politics/Charlie_Kirk_Mi/Ballistics/ᵀᴿᴵᴸᴸᴵᴼᴺ - I tried to animate the bullet path but even artificial physics weren’... [1999703755290210308].mp4.ai_description	/Users/bryan/BGit/Bryan_git/personal_large_files_bridge/_Mirror/Politics/Charlie_Kirk_Mi/Ballistics/ᵀᴿᴵᴸᴸᴵᴼᴺ - I tried to animate the bullet path but even artificial physics weren’... [1999703755290210308].mp4.ocr							local	mirror	Ballistics	
mirror/Big_Picture/George_Webb_Big_Picture	George_Webb_Big_Picture.mp4	/Users/bryan/_Mirror/Politics/Charlie_Kirk_Mi/Big_Picture/George_Webb_Big_Picture.mp4	video	50992446	1765122177		/Users/bryan/BGit/Bryan_git/personal_large_files_bridge/_Mirror/Politics/Charlie_Kirk_Mi/Big_Picture/George_Webb_Big_Picture.mp4.transcription	video	/Users/bryan/BGit/Bryan_git/personal_large_files_bridge/_Mirror/Politics/Charlie_Kirk_Mi/Big_Picture/George_Webb_Big_Picture.mp4.ai_description	/Users/bryan/BGit/Bryan_git/personal_large_files_bridge/_Mirror/Politics/Charlie_Kirk_Mi/Big_Picture/George_Webb_Big_Picture.mp4.ocr							local	mirror	Big_Picture	
mirror/Blue_Side	Blue_Side.mp4	/Users/bryan/_Mirror/Politics/Charlie_Kirk_Mi/Blue_Side.mp4	video	12233228	1757815999		/Users/bryan/BGit/Bryan_git/personal_large_files_bridge/_Mirror/Politics/Charlie_Kirk_Mi/Blue_Side.mp4.transcription	video	/Users/bryan/BGit/Bryan_git/personal_large_files_bridge/_Mirror/Politics/Charlie_Kirk_Mi/Blue_Side.mp4.ai_description	/Users/bryan/BGit/Bryan_git/personal_large_files_bridge/_Mirror/Politics/Charlie_Kirk_Mi/Blue_Side.mp4.ocr							local	mirror	.	
mirror/Bullet/Bullet_Video_news	Bullet_Video_news.mp4	/Users/bryan/_Mirror/Politics/Charlie_Kirk_Mi/Bullet/Bullet_Video_news.mp4	video	95335960	1783642795		/Users/bryan/BGit/Bryan_git/personal_large_files_bridge/_Mirror/Politics/Charlie_Kirk_Mi/Bullet/Bullet_Video_news.mp4.transcription	video	/Users/bryan/BGit/Bryan_git/personal_large_files_bridge/_Mirror/Politics/Charlie_Kirk_Mi/Bullet/Bullet_Video_news.mp4.ai_description	/Users/bryan/BGit/Bryan_git/personal_large_files_bridge/_Mirror/Politics/Charlie_Kirk_Mi/Bullet/Bullet_Video_news.mp4.ocr							local	mirror	Bullet	
mirror/Bullet/Project Constitution - 🚨BREAKING： Physics Engineer PROVES FBI is LYING about Charlie Cook's ... [1980724422861336576]	Project Constitution - 🚨BREAKING： Physics Engineer PROVES FBI is LYING about Charlie Cook's ... [1980724422861336576].mp4	/Users/bryan/_Mirror/Politics/Charlie_Kirk_Mi/Bullet/Project Constitution - 🚨BREAKING： Physics Engineer PROVES FBI is LYING about Charlie Cook's ... [1980724422861336576].mp4	video	119434482	1761164524		/Users/bryan/BGit/Bryan_git/personal_large_files_bridge/_Mirror/Politics/Charlie_Kirk_Mi/Bullet/Project Constitution - 🚨BREAKING： Physics Engineer PROVES FBI is LYING about Charlie Cook's ... [1980724422861336576].mp4.transcription	video	/Users/bryan/BGit/Bryan_git/personal_large_files_bridge/_Mirror/Politics/Charlie_Kirk_Mi/Bullet/Project Constitution - 🚨BREAKING： Physics Engineer PROVES FBI is LYING about Charlie Cook's ... [1980724422861336576].mp4.ai_description	/Users/bryan/BGit/Bryan_git/personal_large_files_bridge/_Mirror/Politics/Charlie_Kirk_Mi/Bullet/Project Constitution - 🚨BREAKING： Physics Engineer PROVES FBI is LYING about Charlie Cook's ... [1980724422861336576].mp4.ocr							local	mirror	Bullet	
mirror/Bullet/ᵀᴿᴵᴸᴸᴵᴼᴺ - There is not a chance in the world that this giant cigar of a round g... [1987669076982792192]	ᵀᴿᴵᴸᴸᴵᴼᴺ - There is not a chance in the world that this giant cigar of a round g... [1987669076982792192].mp4	/Users/bryan/_Mirror/Politics/Charlie_Kirk_Mi/Bullet/ᵀᴿᴵᴸᴸᴵᴼᴺ - There is not a chance in the world that this giant cigar of a round g... [1987669076982792192].mp4	video	1331768	1762780829		/Users/bryan/BGit/Bryan_git/personal_large_files_bridge/_Mirror/Politics/Charlie_Kirk_Mi/Bullet/ᵀᴿᴵᴸᴸᴵᴼᴺ - There is not a chance in the world that this giant cigar of a round g... [1987669076982792192].mp4.transcription	video	/Users/bryan/BGit/Bryan_git/personal_large_files_bridge/_Mirror/Politics/Charlie_Kirk_Mi/Bullet/ᵀᴿᴵᴸᴸᴵᴼᴺ - There is not a chance in the world that this giant cigar of a round g... [1987669076982792192].mp4.ai_description	/Users/bryan/BGit/Bryan_git/personal_large_files_bridge/_Mirror/Politics/Charlie_Kirk_Mi/Bullet/ᵀᴿᴵᴸᴸᴵᴼᴺ - There is not a chance in the world that this giant cigar of a round g... [1987669076982792192].mp4.ocr							local	mirror	Bullet	
mirror/CIA/Backup/RAW_CIA_Drones	RAW_CIA_Drones.mp4	/Users/bryan/_Mirror/Politics/Charlie_Kirk_Mi/CIA/Backup/RAW_CIA_Drones.mp4	video	138606	1783642734		/Users/bryan/BGit/Bryan_git/personal_large_files_bridge/_Mirror/Politics/Charlie_Kirk_Mi/CIA/Backup/RAW_CIA_Drones.mp4.transcription	video	/Users/bryan/BGit/Bryan_git/personal_large_files_bridge/_Mirror/Politics/Charlie_Kirk_Mi/CIA/Backup/RAW_CIA_Drones.mp4.ai_description	/Users/bryan/BGit/Bryan_git/personal_large_files_bridge/_Mirror/Politics/Charlie_Kirk_Mi/CIA/Backup/RAW_CIA_Drones.mp4.ocr							local	mirror	CIA/Backup	
mirror/CIA/FINAL_CIA_Drones	FINAL_CIA_Drones.mp4	/Users/bryan/_Mirror/Politics/Charlie_Kirk_Mi/CIA/FINAL_CIA_Drones.mp4	video	224197358	1783643337		/Users/bryan/BGit/Bryan_git/personal_large_files_bridge/_Mirror/Politics/Charlie_Kirk_Mi/CIA/FINAL_CIA_Drones.mp4.transcription	video	/Users/bryan/BGit/Bryan_git/personal_large_files_bridge/_Mirror/Politics/Charlie_Kirk_Mi/CIA/FINAL_CIA_Drones.mp4.ai_description	/Users/bryan/BGit/Bryan_git/personal_large_files_bridge/_Mirror/Politics/Charlie_Kirk_Mi/CIA/FINAL_CIA_Drones.mp4.ocr							local	mirror	CIA	
mirror/CIA/Full_Video_Variations/Full_Drone_2025_Oct_27_4_56am	Full_Drone_2025_Oct_27_4_56am.mp4	/Users/bryan/_Mirror/Politics/Charlie_Kirk_Mi/CIA/Full_Video_Variations/Full_Drone_2025_Oct_27_4_56am.mp4	video	273900575	1783643459		/Users/bryan/BGit/Bryan_git/personal_large_files_bridge/_Mirror/Politics/Charlie_Kirk_Mi/CIA/Full_Video_Variations/Full_Drone_2025_Oct_27_4_56am.mp4.transcription	video	/Users/bryan/BGit/Bryan_git/personal_large_files_bridge/_Mirror/Politics/Charlie_Kirk_Mi/CIA/Full_Video_Variations/Full_Drone_2025_Oct_27_4_56am.mp4.ai_description	/Users/bryan/BGit/Bryan_git/personal_large_files_bridge/_Mirror/Politics/Charlie_Kirk_Mi/CIA/Full_Video_Variations/Full_Drone_2025_Oct_27_4_56am.mp4.ocr							local	mirror	CIA/Full_Video_Variations	
mirror/CIA/Old Video/FINAL_CIA_Drones	FINAL_CIA_Drones.mp4	/Users/bryan/_Mirror/Politics/Charlie_Kirk_Mi/CIA/Old Video/FINAL_CIA_Drones.mp4	video	79825318	1783643042		/Users/bryan/BGit/Bryan_git/personal_large_files_bridge/_Mirror/Politics/Charlie_Kirk_Mi/CIA/Old Video/FINAL_CIA_Drones.mp4.transcription	video	/Users/bryan/BGit/Bryan_git/personal_large_files_bridge/_Mirror/Politics/Charlie_Kirk_Mi/CIA/Old Video/FINAL_CIA_Drones.mp4.ai_description	/Users/bryan/BGit/Bryan_git/personal_large_files_bridge/_Mirror/Politics/Charlie_Kirk_Mi/CIA/Old Video/FINAL_CIA_Drones.mp4.ocr							local	mirror	CIA/Old Video	
mirror/CIA/Old Video/Original_Fixed_High_Q	Original_Fixed_High_Q.mp4	/Users/bryan/_Mirror/Politics/Charlie_Kirk_Mi/CIA/Old Video/Original_Fixed_High_Q.mp4	video	168499101	1783643396		/Users/bryan/BGit/Bryan_git/personal_large_files_bridge/_Mirror/Politics/Charlie_Kirk_Mi/CIA/Old Video/Original_Fixed_High_Q.mp4.transcription	video	/Users/bryan/BGit/Bryan_git/personal_large_files_bridge/_Mirror/Politics/Charlie_Kirk_Mi/CIA/Old Video/Original_Fixed_High_Q.mp4.ai_description	/Users/bryan/BGit/Bryan_git/personal_large_files_bridge/_Mirror/Politics/Charlie_Kirk_Mi/CIA/Old Video/Original_Fixed_High_Q.mp4.ocr							local	mirror	CIA/Old Video	
mirror/CIA/Old Video/Video LADY.cmproj/media/1760995724.250481/Jesse_ON_FIRE	Jesse_ON_FIRE.mp4	/Users/bryan/_Mirror/Politics/Charlie_Kirk_Mi/CIA/Old Video/Video LADY.cmproj/media/1760995724.250481/Jesse_ON_FIRE.mp4	video	173579279	1760991179		/Users/bryan/BGit/Bryan_git/personal_large_files_bridge/_Mirror/Politics/Charlie_Kirk_Mi/CIA/Old Video/Video LADY.cmproj/media/1760995724.250481/Jesse_ON_FIRE.mp4.transcription	video	/Users/bryan/BGit/Bryan_git/personal_large_files_bridge/_Mirror/Politics/Charlie_Kirk_Mi/CIA/Old Video/Video LADY.cmproj/media/1760995724.250481/Jesse_ON_FIRE.mp4.ai_description	/Users/bryan/BGit/Bryan_git/personal_large_files_bridge/_Mirror/Politics/Charlie_Kirk_Mi/CIA/Old Video/Video LADY.cmproj/media/1760995724.250481/Jesse_ON_FIRE.mp4.ocr							local	mirror	CIA/Old Video/Video LADY.cmproj/media/1760995724.250481	
mirror/CIA/Other/Jesse_ON_FIRE	Jesse_ON_FIRE.mp4	/Users/bryan/_Mirror/Politics/Charlie_Kirk_Mi/CIA/Other/Jesse_ON_FIRE.mp4	video	173579279	1760991179		/Users/bryan/BGit/Bryan_git/personal_large_files_bridge/_Mirror/Politics/Charlie_Kirk_Mi/CIA/Other/Jesse_ON_FIRE.mp4.transcription	video	/Users/bryan/BGit/Bryan_git/personal_large_files_bridge/_Mirror/Politics/Charlie_Kirk_Mi/CIA/Other/Jesse_ON_FIRE.mp4.ai_description	/Users/bryan/BGit/Bryan_git/personal_large_files_bridge/_Mirror/Politics/Charlie_Kirk_Mi/CIA/Other/Jesse_ON_FIRE.mp4.ocr							local	mirror	CIA/Other	
mirror/CIA/Other/Jesse_ON_FIRE copy	Jesse_ON_FIRE copy.mp4	/Users/bryan/_Mirror/Politics/Charlie_Kirk_Mi/CIA/Other/Jesse_ON_FIRE copy.mp4	video	173579279	1760991179		/Users/bryan/BGit/Bryan_git/personal_large_files_bridge/_Mirror/Politics/Charlie_Kirk_Mi/CIA/Other/Jesse_ON_FIRE copy.mp4.transcription	video	/Users/bryan/BGit/Bryan_git/personal_large_files_bridge/_Mirror/Politics/Charlie_Kirk_Mi/CIA/Other/Jesse_ON_FIRE copy.mp4.ai_description	/Users/bryan/BGit/Bryan_git/personal_large_files_bridge/_Mirror/Politics/Charlie_Kirk_Mi/CIA/Other/Jesse_ON_FIRE copy.mp4.ocr							local	mirror	CIA/Other	
mirror/CIA/Other/Jesse_ON_FIRE copy 2	Jesse_ON_FIRE copy 2.mp4	/Users/bryan/_Mirror/Politics/Charlie_Kirk_Mi/CIA/Other/Jesse_ON_FIRE copy 2.mp4	video	173579279	1760991179		/Users/bryan/BGit/Bryan_git/personal_large_files_bridge/_Mirror/Politics/Charlie_Kirk_Mi/CIA/Other/Jesse_ON_FIRE copy 2.mp4.transcription	video	/Users/bryan/BGit/Bryan_git/personal_large_files_bridge/_Mirror/Politics/Charlie_Kirk_Mi/CIA/Other/Jesse_ON_FIRE copy 2.mp4.ai_description	/Users/bryan/BGit/Bryan_git/personal_large_files_bridge/_Mirror/Politics/Charlie_Kirk_Mi/CIA/Other/Jesse_ON_FIRE copy 2.mp4.ocr							local	mirror	CIA/Other	
mirror/CIA/Other/Project Constitution - 🚨ICYMI： This CIA-linked program hiding in plain sight at Utah State C... [1979657287435264000]	Project Constitution - 🚨ICYMI： This CIA-linked program hiding in plain sight at Utah State C... [1979657287435264000].mp4	/Users/bryan/_Mirror/Politics/Charlie_Kirk_Mi/CIA/Other/Project Constitution - 🚨ICYMI： This CIA-linked program hiding in plain sight at Utah State C... [1979657287435264000].mp4	video	5053782	1760825764		/Users/bryan/BGit/Bryan_git/personal_large_files_bridge/_Mirror/Politics/Charlie_Kirk_Mi/CIA/Other/Project Constitution - 🚨ICYMI： This CIA-linked program hiding in plain sight at Utah State C... [1979657287435264000].mp4.transcription	video	/Users/bryan/BGit/Bryan_git/personal_large_files_bridge/_Mirror/Politics/Charlie_Kirk_Mi/CIA/Other/Project Constitution - 🚨ICYMI： This CIA-linked program hiding in plain sight at Utah State C... [1979657287435264000].mp4.ai_description	/Users/bryan/BGit/Bryan_git/personal_large_files_bridge/_Mirror/Politics/Charlie_Kirk_Mi/CIA/Other/Project Constitution - 🚨ICYMI： This CIA-linked program hiding in plain sight at Utah State C... [1979657287435264000].mp4.ocr							local	mirror	CIA/Other	
mirror/CIA/v3 New CIA Video	v3 New CIA Video.mp4	/Users/bryan/_Mirror/Politics/Charlie_Kirk_Mi/CIA/v3 New CIA Video.mp4	video	224197358	1783644078		/Users/bryan/BGit/Bryan_git/personal_large_files_bridge/_Mirror/Politics/Charlie_Kirk_Mi/CIA/v3 New CIA Video.mp4.transcription	video	/Users/bryan/BGit/Bryan_git/personal_large_files_bridge/_Mirror/Politics/Charlie_Kirk_Mi/CIA/v3 New CIA Video.mp4.ai_description	/Users/bryan/BGit/Bryan_git/personal_large_files_bridge/_Mirror/Politics/Charlie_Kirk_Mi/CIA/v3 New CIA Video.mp4.ocr							local	mirror	CIA	
mirror/Censorship/Censorship	Censorship.mp4	/Users/bryan/_Mirror/Politics/Charlie_Kirk_Mi/Censorship/Censorship.mp4	video	13140338	1760895461		/Users/bryan/BGit/Bryan_git/personal_large_files_bridge/_Mirror/Politics/Charlie_Kirk_Mi/Censorship/Censorship.mp4.transcription	video	/Users/bryan/BGit/Bryan_git/personal_large_files_bridge/_Mirror/Politics/Charlie_Kirk_Mi/Censorship/Censorship.mp4.ai_description	/Users/bryan/BGit/Bryan_git/personal_large_files_bridge/_Mirror/Politics/Charlie_Kirk_Mi/Censorship/Censorship.mp4.ocr							local	mirror	Censorship	
mirror/Censorship/David Nino Rodriguez - This man, Ryne Simmons, says he witnessed Charlie Kirk’s assassinatio... [1982164740559241216]	David Nino Rodriguez - This man, Ryne Simmons, says he witnessed Charlie Kirk’s assassinatio... [1982164740559241216].mp4	/Users/bryan/_Mirror/Politics/Charlie_Kirk_Mi/Censorship/David Nino Rodriguez - This man, Ryne Simmons, says he witnessed Charlie Kirk’s assassinatio... [1982164740559241216].mp4	video	25843742	1761587972		/Users/bryan/BGit/Bryan_git/personal_large_files_bridge/_Mirror/Politics/Charlie_Kirk_Mi/Censorship/David Nino Rodriguez - This man, Ryne Simmons, says he witnessed Charlie Kirk’s assassinatio... [1982164740559241216].mp4.transcription	video	/Users/bryan/BGit/Bryan_git/personal_large_files_bridge/_Mirror/Politics/Charlie_Kirk_Mi/Censorship/David Nino Rodriguez - This man, Ryne Simmons, says he witnessed Charlie Kirk’s assassinatio... [1982164740559241216].mp4.ai_description	/Users/bryan/BGit/Bryan_git/personal_large_files_bridge/_Mirror/Politics/Charlie_Kirk_Mi/Censorship/David Nino Rodriguez - This man, Ryne Simmons, says he witnessed Charlie Kirk’s assassinatio... [1982164740559241216].mp4.ocr							local	mirror	Censorship	
mirror/Censorship/Jammles - @ShadowofEzra He says that photos and videos are being deleted from h... [1982156179494027264]	Jammles - @ShadowofEzra He says that photos and videos are being deleted from h... [1982156179494027264].mp4	/Users/bryan/_Mirror/Politics/Charlie_Kirk_Mi/Censorship/Jammles - @ShadowofEzra He says that photos and videos are being deleted from h... [1982156179494027264].mp4	video	8632889	1761699034		/Users/bryan/BGit/Bryan_git/personal_large_files_bridge/_Mirror/Politics/Charlie_Kirk_Mi/Censorship/Jammles - @ShadowofEzra He says that photos and videos are being deleted from h... [1982156179494027264].mp4.transcription	video	/Users/bryan/BGit/Bryan_git/personal_large_files_bridge/_Mirror/Politics/Charlie_Kirk_Mi/Censorship/Jammles - @ShadowofEzra He says that photos and videos are being deleted from h... [1982156179494027264].mp4.ai_description	/Users/bryan/BGit/Bryan_git/personal_large_files_bridge/_Mirror/Politics/Charlie_Kirk_Mi/Censorship/Jammles - @ShadowofEzra He says that photos and videos are being deleted from h... [1982156179494027264].mp4.ocr							local	mirror	Censorship	
mirror/Censorship/Project Constitution - 🚨ALERT： They're Banning THOUSANDS of Us for Simply LIKING, REPLYING o... [1997135100006338561]	Project Constitution - 🚨ALERT： They're Banning THOUSANDS of Us for Simply LIKING, REPLYING o... [1997135100006338561].mp4	/Users/bryan/_Mirror/Politics/Charlie_Kirk_Mi/Censorship/Project Constitution - 🚨ALERT： They're Banning THOUSANDS of Us for Simply LIKING, REPLYING o... [1997135100006338561].mp4	video	40178092	1765023648		/Users/bryan/BGit/Bryan_git/personal_large_files_bridge/_Mirror/Politics/Charlie_Kirk_Mi/Censorship/Project Constitution - 🚨ALERT： They're Banning THOUSANDS of Us for Simply LIKING, REPLYING o... [1997135100006338561].mp4.transcription	video	/Users/bryan/BGit/Bryan_git/personal_large_files_bridge/_Mirror/Politics/Charlie_Kirk_Mi/Censorship/Project Constitution - 🚨ALERT： They're Banning THOUSANDS of Us for Simply LIKING, REPLYING o... [1997135100006338561].mp4.ai_description	/Users/bryan/BGit/Bryan_git/personal_large_files_bridge/_Mirror/Politics/Charlie_Kirk_Mi/Censorship/Project Constitution - 🚨ALERT： They're Banning THOUSANDS of Us for Simply LIKING, REPLYING o... [1997135100006338561].mp4.ocr							local	mirror	Censorship	
mirror/Censorship/Ryan_1	Ryan_1.mp4	/Users/bryan/_Mirror/Politics/Charlie_Kirk_Mi/Censorship/Ryan_1.mp4	video	45895242	1761699007		/Users/bryan/BGit/Bryan_git/personal_large_files_bridge/_Mirror/Politics/Charlie_Kirk_Mi/Censorship/Ryan_1.mp4.transcription	video	/Users/bryan/BGit/Bryan_git/personal_large_files_bridge/_Mirror/Politics/Charlie_Kirk_Mi/Censorship/Ryan_1.mp4.ai_description	/Users/bryan/BGit/Bryan_git/personal_large_files_bridge/_Mirror/Politics/Charlie_Kirk_Mi/Censorship/Ryan_1.mp4.ocr							local	mirror	Censorship	
mirror/Censorship/Ryan_2	Ryan_2.mp4	/Users/bryan/_Mirror/Politics/Charlie_Kirk_Mi/Censorship/Ryan_2.mp4	video	75262897	1761699022		/Users/bryan/BGit/Bryan_git/personal_large_files_bridge/_Mirror/Politics/Charlie_Kirk_Mi/Censorship/Ryan_2.mp4.transcription	video	/Users/bryan/BGit/Bryan_git/personal_large_files_bridge/_Mirror/Politics/Charlie_Kirk_Mi/Censorship/Ryan_2.mp4.ai_description	/Users/bryan/BGit/Bryan_git/personal_large_files_bridge/_Mirror/Politics/Charlie_Kirk_Mi/Censorship/Ryan_2.mp4.ocr							local	mirror	Censorship	
mirror/Censorship/Ryne_Simmons	Ryne_Simmons.mp4	/Users/bryan/_Mirror/Politics/Charlie_Kirk_Mi/Censorship/Ryne_Simmons.mp4	video	22720591	1761512460		/Users/bryan/BGit/Bryan_git/personal_large_files_bridge/_Mirror/Politics/Charlie_Kirk_Mi/Censorship/Ryne_Simmons.mp4.transcription	video	/Users/bryan/BGit/Bryan_git/personal_large_files_bridge/_Mirror/Politics/Charlie_Kirk_Mi/Censorship/Ryne_Simmons.mp4.ai_description	/Users/bryan/BGit/Bryan_git/personal_large_files_bridge/_Mirror/Politics/Charlie_Kirk_Mi/Censorship/Ryne_Simmons.mp4.ocr							local	mirror	Censorship	
mirror/Charlie_Kirk/Erika_Kirk/Erika_Evil_Doors	Erika_Evil_Doors.mp4	/Users/bryan/_Mirror/Politics/Charlie_Kirk_Mi/Charlie_Kirk/Erika_Kirk/Erika_Evil_Doors.mp4	video	49689936	1769041977		/Users/bryan/BGit/Bryan_git/personal_large_files_bridge/_Mirror/Politics/Charlie_Kirk_Mi/Charlie_Kirk/Erika_Kirk/Erika_Evil_Doors.mp4.transcription	video	/Users/bryan/BGit/Bryan_git/personal_large_files_bridge/_Mirror/Politics/Charlie_Kirk_Mi/Charlie_Kirk/Erika_Kirk/Erika_Evil_Doors.mp4.ai_description	/Users/bryan/BGit/Bryan_git/personal_large_files_bridge/_Mirror/Politics/Charlie_Kirk_Mi/Charlie_Kirk/Erika_Kirk/Erika_Evil_Doors.mp4.ocr							local	mirror	Charlie_Kirk/Erika_Kirk	
mirror/Charlie_Kirk/Ian - CHARLIE KIRK PRESSURED THE TRUMP ADMIN REGARDING EPSTEIN 2 MONTHS BEF... [1979640363716419585]	Ian - CHARLIE KIRK PRESSURED THE TRUMP ADMIN REGARDING EPSTEIN 2 MONTHS BEF... [1979640363716419585].mp4	/Users/bryan/_Mirror/Politics/Charlie_Kirk_Mi/Charlie_Kirk/Ian - CHARLIE KIRK PRESSURED THE TRUMP ADMIN REGARDING EPSTEIN 2 MONTHS BEF... [1979640363716419585].mp4	video	137218154	1760825879		/Users/bryan/BGit/Bryan_git/personal_large_files_bridge/_Mirror/Politics/Charlie_Kirk_Mi/Charlie_Kirk/Ian - CHARLIE KIRK PRESSURED THE TRUMP ADMIN REGARDING EPSTEIN 2 MONTHS BEF... [1979640363716419585].mp4.transcription	video	/Users/bryan/BGit/Bryan_git/personal_large_files_bridge/_Mirror/Politics/Charlie_Kirk_Mi/Charlie_Kirk/Ian - CHARLIE KIRK PRESSURED THE TRUMP ADMIN REGARDING EPSTEIN 2 MONTHS BEF... [1979640363716419585].mp4.ai_description	/Users/bryan/BGit/Bryan_git/personal_large_files_bridge/_Mirror/Politics/Charlie_Kirk_Mi/Charlie_Kirk/Ian - CHARLIE KIRK PRESSURED THE TRUMP ADMIN REGARDING EPSTEIN 2 MONTHS BEF... [1979640363716419585].mp4.ocr							local	mirror	Charlie_Kirk	
mirror/Charlie_Kirk/Project Constitution - 🚨 EXCLUSIVE： BRAND-NEW HD FOOTAGE FROM FIRST ROW OF CHARLIE KIRK SHOO... [1977138390123368448]	Project Constitution - 🚨 EXCLUSIVE： BRAND-NEW HD FOOTAGE FROM FIRST ROW OF CHARLIE KIRK SHOO... [1977138390123368448].mp4	/Users/bryan/_Mirror/Politics/Charlie_Kirk_Mi/Charlie_Kirk/Project Constitution - 🚨 EXCLUSIVE： BRAND-NEW HD FOOTAGE FROM FIRST ROW OF CHARLIE KIRK SHOO... [1977138390123368448].mp4	video	3942956	1760226309		/Users/bryan/BGit/Bryan_git/personal_large_files_bridge/_Mirror/Politics/Charlie_Kirk_Mi/Charlie_Kirk/Project Constitution - 🚨 EXCLUSIVE： BRAND-NEW HD FOOTAGE FROM FIRST ROW OF CHARLIE KIRK SHOO... [1977138390123368448].mp4.transcription	video	/Users/bryan/BGit/Bryan_git/personal_large_files_bridge/_Mirror/Politics/Charlie_Kirk_Mi/Charlie_Kirk/Project Constitution - 🚨 EXCLUSIVE： BRAND-NEW HD FOOTAGE FROM FIRST ROW OF CHARLIE KIRK SHOO... [1977138390123368448].mp4.ai_description	/Users/bryan/BGit/Bryan_git/personal_large_files_bridge/_Mirror/Politics/Charlie_Kirk_Mi/Charlie_Kirk/Project Constitution - 🚨 EXCLUSIVE： BRAND-NEW HD FOOTAGE FROM FIRST ROW OF CHARLIE KIRK SHOO... [1977138390123368448].mp4.ocr							local	mirror	Charlie_Kirk	
mirror/Comedy/Noah’s Ark 🚢 - This actually happened, and people seemed to fall for it. [1977568933885382656]	Noah’s Ark 🚢 - This actually happened, and people seemed to fall for it. [1977568933885382656].mp4	/Users/bryan/_Mirror/Politics/Charlie_Kirk_Mi/Comedy/Noah’s Ark 🚢 - This actually happened, and people seemed to fall for it. [1977568933885382656].mp4	video	11884998	1760378320		/Users/bryan/BGit/Bryan_git/personal_large_files_bridge/_Mirror/Politics/Charlie_Kirk_Mi/Comedy/Noah’s Ark 🚢 - This actually happened, and people seemed to fall for it. [1977568933885382656].mp4.transcription	video	/Users/bryan/BGit/Bryan_git/personal_large_files_bridge/_Mirror/Politics/Charlie_Kirk_Mi/Comedy/Noah’s Ark 🚢 - This actually happened, and people seemed to fall for it. [1977568933885382656].mp4.ai_description	/Users/bryan/BGit/Bryan_git/personal_large_files_bridge/_Mirror/Politics/Charlie_Kirk_Mi/Comedy/Noah’s Ark 🚢 - This actually happened, and people seemed to fall for it. [1977568933885382656].mp4.ocr							local	mirror	Comedy	
mirror/Court/Charlies_Parents/Ryan_1	Ryan_1.mp4	/Users/bryan/_Mirror/Politics/Charlie_Kirk_Mi/Court/Charlies_Parents/Ryan_1.mp4	video	95039799	1783643847		/Users/bryan/BGit/Bryan_git/personal_large_files_bridge/_Mirror/Politics/Charlie_Kirk_Mi/Court/Charlies_Parents/Ryan_1.mp4.transcription	video	/Users/bryan/BGit/Bryan_git/personal_large_files_bridge/_Mirror/Politics/Charlie_Kirk_Mi/Court/Charlies_Parents/Ryan_1.mp4.ai_description	/Users/bryan/BGit/Bryan_git/personal_large_files_bridge/_Mirror/Politics/Charlie_Kirk_Mi/Court/Charlies_Parents/Ryan_1.mp4.ocr							local	mirror	Court/Charlies_Parents	
mirror/Court/Charlies_Parents/Ryan_2	Ryan_2.mp4	/Users/bryan/_Mirror/Politics/Charlie_Kirk_Mi/Court/Charlies_Parents/Ryan_2.mp4	video	95702241	1783643906		/Users/bryan/BGit/Bryan_git/personal_large_files_bridge/_Mirror/Politics/Charlie_Kirk_Mi/Court/Charlies_Parents/Ryan_2.mp4.transcription	video	/Users/bryan/BGit/Bryan_git/personal_large_files_bridge/_Mirror/Politics/Charlie_Kirk_Mi/Court/Charlies_Parents/Ryan_2.mp4.ai_description	/Users/bryan/BGit/Bryan_git/personal_large_files_bridge/_Mirror/Politics/Charlie_Kirk_Mi/Court/Charlies_Parents/Ryan_2.mp4.ocr							local	mirror	Court/Charlies_Parents	
mirror/Court/Mirandize/NerdPolitic23 - @BopItTwistItBob @f1dlerontheroof @HolonCitizen [2044556134313508864]	NerdPolitic23 - @BopItTwistItBob @f1dlerontheroof @HolonCitizen [2044556134313508864].mp4	/Users/bryan/_Mirror/Politics/Charlie_Kirk_Mi/Court/Mirandize/NerdPolitic23 - @BopItTwistItBob @f1dlerontheroof @HolonCitizen [2044556134313508864].mp4	video	3400976	1776296910		/Users/bryan/BGit/Bryan_git/personal_large_files_bridge/_Mirror/Politics/Charlie_Kirk_Mi/Court/Mirandize/NerdPolitic23 - @BopItTwistItBob @f1dlerontheroof @HolonCitizen [2044556134313508864].mp4.transcription	video	/Users/bryan/BGit/Bryan_git/personal_large_files_bridge/_Mirror/Politics/Charlie_Kirk_Mi/Court/Mirandize/NerdPolitic23 - @BopItTwistItBob @f1dlerontheroof @HolonCitizen [2044556134313508864].mp4.ai_description	/Users/bryan/BGit/Bryan_git/personal_large_files_bridge/_Mirror/Politics/Charlie_Kirk_Mi/Court/Mirandize/NerdPolitic23 - @BopItTwistItBob @f1dlerontheroof @HolonCitizen [2044556134313508864].mp4.ocr							local	mirror	Court/Mirandize	
mirror/Cover_Up/Project Constitution - 🚨ALERT： This Is The MOST INSANE Charlie Kirk ASSASSINATION STORY YOU’... [1997983472086810624]	Project Constitution - 🚨ALERT： This Is The MOST INSANE Charlie Kirk ASSASSINATION STORY YOU’... [1997983472086810624].mp4	/Users/bryan/_Mirror/Politics/Charlie_Kirk_Mi/Cover_Up/Project Constitution - 🚨ALERT： This Is The MOST INSANE Charlie Kirk ASSASSINATION STORY YOU’... [1997983472086810624].mp4	video	102420156	1765193433		/Users/bryan/BGit/Bryan_git/personal_large_files_bridge/_Mirror/Politics/Charlie_Kirk_Mi/Cover_Up/Project Constitution - 🚨ALERT： This Is The MOST INSANE Charlie Kirk ASSASSINATION STORY YOU’... [1997983472086810624].mp4.transcription	video	/Users/bryan/BGit/Bryan_git/personal_large_files_bridge/_Mirror/Politics/Charlie_Kirk_Mi/Cover_Up/Project Constitution - 🚨ALERT： This Is The MOST INSANE Charlie Kirk ASSASSINATION STORY YOU’... [1997983472086810624].mp4.ai_description	/Users/bryan/BGit/Bryan_git/personal_large_files_bridge/_Mirror/Politics/Charlie_Kirk_Mi/Cover_Up/Project Constitution - 🚨ALERT： This Is The MOST INSANE Charlie Kirk ASSASSINATION STORY YOU’... [1997983472086810624].mp4.ocr							local	mirror	Cover_Up	
mirror/Cover_Up/Project Constitution - 🚨EXPOSED： FBI Ordered Local Police Not to INTERVIEW Witnesses In Char... [1971655771524911105]	Project Constitution - 🚨EXPOSED： FBI Ordered Local Police Not to INTERVIEW Witnesses In Char... [1971655771524911105].mp4	/Users/bryan/_Mirror/Politics/Charlie_Kirk_Mi/Cover_Up/Project Constitution - 🚨EXPOSED： FBI Ordered Local Police Not to INTERVIEW Witnesses In Char... [1971655771524911105].mp4	video	9662248	1767354719		/Users/bryan/BGit/Bryan_git/personal_large_files_bridge/_Mirror/Politics/Charlie_Kirk_Mi/Cover_Up/Project Constitution - 🚨EXPOSED： FBI Ordered Local Police Not to INTERVIEW Witnesses In Char... [1971655771524911105].mp4.transcription	video	/Users/bryan/BGit/Bryan_git/personal_large_files_bridge/_Mirror/Politics/Charlie_Kirk_Mi/Cover_Up/Project Constitution - 🚨EXPOSED： FBI Ordered Local Police Not to INTERVIEW Witnesses In Char... [1971655771524911105].mp4.ai_description	/Users/bryan/BGit/Bryan_git/personal_large_files_bridge/_Mirror/Politics/Charlie_Kirk_Mi/Cover_Up/Project Constitution - 🚨EXPOSED： FBI Ordered Local Police Not to INTERVIEW Witnesses In Char... [1971655771524911105].mp4.ocr							local	mirror	Cover_Up	
mirror/Dietrich_Bonhoeffer/Charlie_Bonhoeffer	Charlie_Bonhoeffer.mp4	/Users/bryan/_Mirror/Politics/Charlie_Kirk_Mi/Dietrich_Bonhoeffer/Charlie_Bonhoeffer.mp4	video	259800018	1765650100		/Users/bryan/BGit/Bryan_git/personal_large_files_bridge/_Mirror/Politics/Charlie_Kirk_Mi/Dietrich_Bonhoeffer/Charlie_Bonhoeffer.mp4.transcription	video	/Users/bryan/BGit/Bryan_git/personal_large_files_bridge/_Mirror/Politics/Charlie_Kirk_Mi/Dietrich_Bonhoeffer/Charlie_Bonhoeffer.mp4.ai_description	/Users/bryan/BGit/Bryan_git/personal_large_files_bridge/_Mirror/Politics/Charlie_Kirk_Mi/Dietrich_Bonhoeffer/Charlie_Bonhoeffer.mp4.ocr							local	mirror	Dietrich_Bonhoeffer	
mirror/Dietrich_Bonhoeffer/Did He Know Charlie Kirk Predicts His Own Ending!	Did He Know Charlie Kirk Predicts His Own Ending!.mp4	/Users/bryan/_Mirror/Politics/Charlie_Kirk_Mi/Dietrich_Bonhoeffer/Did He Know Charlie Kirk Predicts His Own Ending!.mp4	video	29632494	1765643904		/Users/bryan/BGit/Bryan_git/personal_large_files_bridge/_Mirror/Politics/Charlie_Kirk_Mi/Dietrich_Bonhoeffer/Did He Know Charlie Kirk Predicts His Own Ending!.mp4.transcription	video	/Users/bryan/BGit/Bryan_git/personal_large_files_bridge/_Mirror/Politics/Charlie_Kirk_Mi/Dietrich_Bonhoeffer/Did He Know Charlie Kirk Predicts His Own Ending!.mp4.ai_description	/Users/bryan/BGit/Bryan_git/personal_large_files_bridge/_Mirror/Politics/Charlie_Kirk_Mi/Dietrich_Bonhoeffer/Did He Know Charlie Kirk Predicts His Own Ending!.mp4.ocr							local	mirror	Dietrich_Bonhoeffer	
mirror/Dietrich_Bonhoeffer/Did He Know？ Charlie Kirk Predicts His Own Ending! [N9phYmyKE9w]	Did He Know？ Charlie Kirk Predicts His Own Ending! [N9phYmyKE9w].webm	/Users/bryan/_Mirror/Politics/Charlie_Kirk_Mi/Dietrich_Bonhoeffer/Did He Know？ Charlie Kirk Predicts His Own Ending! [N9phYmyKE9w].webm	video	29675564	1765643514		/Users/bryan/BGit/Bryan_git/personal_large_files_bridge/_Mirror/Politics/Charlie_Kirk_Mi/Dietrich_Bonhoeffer/Did He Know？ Charlie Kirk Predicts His Own Ending! [N9phYmyKE9w].webm.transcription	video	/Users/bryan/BGit/Bryan_git/personal_large_files_bridge/_Mirror/Politics/Charlie_Kirk_Mi/Dietrich_Bonhoeffer/Did He Know？ Charlie Kirk Predicts His Own Ending! [N9phYmyKE9w].webm.ai_description	/Users/bryan/BGit/Bryan_git/personal_large_files_bridge/_Mirror/Politics/Charlie_Kirk_Mi/Dietrich_Bonhoeffer/Did He Know？ Charlie Kirk Predicts His Own Ending! [N9phYmyKE9w].webm.ocr							local	mirror	Dietrich_Bonhoeffer	
mirror/Dietrich_Bonhoeffer/The Plan to be a Martyr - Charlie Kirk and Dietrich Bonhoeffer - 2186 [qGFZYcVxGXs]	The Plan to be a Martyr - Charlie Kirk and Dietrich Bonhoeffer - 2186 [qGFZYcVxGXs].webm	/Users/bryan/_Mirror/Politics/Charlie_Kirk_Mi/Dietrich_Bonhoeffer/The Plan to be a Martyr - Charlie Kirk and Dietrich Bonhoeffer - 2186 [qGFZYcVxGXs].webm	video	85373474	1765644612		/Users/bryan/BGit/Bryan_git/personal_large_files_bridge/_Mirror/Politics/Charlie_Kirk_Mi/Dietrich_Bonhoeffer/The Plan to be a Martyr - Charlie Kirk and Dietrich Bonhoeffer - 2186 [qGFZYcVxGXs].webm.transcription	video	/Users/bryan/BGit/Bryan_git/personal_large_files_bridge/_Mirror/Politics/Charlie_Kirk_Mi/Dietrich_Bonhoeffer/The Plan to be a Martyr - Charlie Kirk and Dietrich Bonhoeffer - 2186 [qGFZYcVxGXs].webm.ai_description	/Users/bryan/BGit/Bryan_git/personal_large_files_bridge/_Mirror/Politics/Charlie_Kirk_Mi/Dietrich_Bonhoeffer/The Plan to be a Martyr - Charlie Kirk and Dietrich Bonhoeffer - 2186 [qGFZYcVxGXs].webm.ocr							local	mirror	Dietrich_Bonhoeffer	
mirror/Drone/10_Drones	10_Drones.mp4	/Users/bryan/_Mirror/Politics/Charlie_Kirk_Mi/Drone/10_Drones.mp4	video	79319887	1758767096		/Users/bryan/BGit/Bryan_git/personal_large_files_bridge/_Mirror/Politics/Charlie_Kirk_Mi/Drone/10_Drones.mp4.transcription	video	/Users/bryan/BGit/Bryan_git/personal_large_files_bridge/_Mirror/Politics/Charlie_Kirk_Mi/Drone/10_Drones.mp4.ai_description	/Users/bryan/BGit/Bryan_git/personal_large_files_bridge/_Mirror/Politics/Charlie_Kirk_Mi/Drone/10_Drones.mp4.ocr							local	mirror	Drone	
mirror/Drone/11_Drones	11_Drones.mp4	/Users/bryan/_Mirror/Politics/Charlie_Kirk_Mi/Drone/11_Drones.mp4	video	11675467	1759754724		/Users/bryan/BGit/Bryan_git/personal_large_files_bridge/_Mirror/Politics/Charlie_Kirk_Mi/Drone/11_Drones.mp4.transcription	video	/Users/bryan/BGit/Bryan_git/personal_large_files_bridge/_Mirror/Politics/Charlie_Kirk_Mi/Drone/11_Drones.mp4.ai_description	/Users/bryan/BGit/Bryan_git/personal_large_files_bridge/_Mirror/Politics/Charlie_Kirk_Mi/Drone/11_Drones.mp4.ocr							local	mirror	Drone	
mirror/Drone/12_Short_Drone_Video	12_Short_Drone_Video.mp4	/Users/bryan/_Mirror/Politics/Charlie_Kirk_Mi/Drone/12_Short_Drone_Video.mp4	video	3022219	1760185699		/Users/bryan/BGit/Bryan_git/personal_large_files_bridge/_Mirror/Politics/Charlie_Kirk_Mi/Drone/12_Short_Drone_Video.mp4.transcription	video	/Users/bryan/BGit/Bryan_git/personal_large_files_bridge/_Mirror/Politics/Charlie_Kirk_Mi/Drone/12_Short_Drone_Video.mp4.ai_description	/Users/bryan/BGit/Bryan_git/personal_large_files_bridge/_Mirror/Politics/Charlie_Kirk_Mi/Drone/12_Short_Drone_Video.mp4.ocr							local	mirror	Drone	
mirror/Drone/3_Drones	3_Drones.mp4	/Users/bryan/_Mirror/Politics/Charlie_Kirk_Mi/Drone/3_Drones.mp4	video	706830	1759754852		/Users/bryan/BGit/Bryan_git/personal_large_files_bridge/_Mirror/Politics/Charlie_Kirk_Mi/Drone/3_Drones.mp4.transcription	video	/Users/bryan/BGit/Bryan_git/personal_large_files_bridge/_Mirror/Politics/Charlie_Kirk_Mi/Drone/3_Drones.mp4.ai_description	/Users/bryan/BGit/Bryan_git/personal_large_files_bridge/_Mirror/Politics/Charlie_Kirk_Mi/Drone/3_Drones.mp4.ocr							local	mirror	Drone	
mirror/Drone/5_No_Drones	5_No_Drones.mp4	/Users/bryan/_Mirror/Politics/Charlie_Kirk_Mi/Drone/5_No_Drones.mp4	video	12575582	1759754885		/Users/bryan/BGit/Bryan_git/personal_large_files_bridge/_Mirror/Politics/Charlie_Kirk_Mi/Drone/5_No_Drones.mp4.transcription	video	/Users/bryan/BGit/Bryan_git/personal_large_files_bridge/_Mirror/Politics/Charlie_Kirk_Mi/Drone/5_No_Drones.mp4.ai_description	/Users/bryan/BGit/Bryan_git/personal_large_files_bridge/_Mirror/Politics/Charlie_Kirk_Mi/Drone/5_No_Drones.mp4.ocr							local	mirror	Drone	
mirror/Drone/Crowdsource The Truth - Do any UAS or UAV experts know who was flying a drone on Utah Valley ... [1966510462167605248]	Crowdsource The Truth - Do any UAS or UAV experts know who was flying a drone on Utah Valley ... [1966510462167605248].mp4	/Users/bryan/_Mirror/Politics/Charlie_Kirk_Mi/Drone/Crowdsource The Truth - Do any UAS or UAV experts know who was flying a drone on Utah Valley ... [1966510462167605248].mp4	video	3022609	1760895620		/Users/bryan/BGit/Bryan_git/personal_large_files_bridge/_Mirror/Politics/Charlie_Kirk_Mi/Drone/Crowdsource The Truth - Do any UAS or UAV experts know who was flying a drone on Utah Valley ... [1966510462167605248].mp4.transcription	video	/Users/bryan/BGit/Bryan_git/personal_large_files_bridge/_Mirror/Politics/Charlie_Kirk_Mi/Drone/Crowdsource The Truth - Do any UAS or UAV experts know who was flying a drone on Utah Valley ... [1966510462167605248].mp4.ai_description	/Users/bryan/BGit/Bryan_git/personal_large_files_bridge/_Mirror/Politics/Charlie_Kirk_Mi/Drone/Crowdsource The Truth - Do any UAS or UAV experts know who was flying a drone on Utah Valley ... [1966510462167605248].mp4.ocr							local	mirror	Drone	
mirror/Drone/Crowdsource The Truth - These might be the best images of a UAV on site yet.  Doesn't look li... [1979961060376432642]	Crowdsource The Truth - These might be the best images of a UAV on site yet.  Doesn't look li... [1979961060376432642].mp4	/Users/bryan/_Mirror/Politics/Charlie_Kirk_Mi/Drone/Crowdsource The Truth - These might be the best images of a UAV on site yet.  Doesn't look li... [1979961060376432642].mp4	video	4806248	1760895476		/Users/bryan/BGit/Bryan_git/personal_large_files_bridge/_Mirror/Politics/Charlie_Kirk_Mi/Drone/Crowdsource The Truth - These might be the best images of a UAV on site yet.  Doesn't look li... [1979961060376432642].mp4.transcription	video	/Users/bryan/BGit/Bryan_git/personal_large_files_bridge/_Mirror/Politics/Charlie_Kirk_Mi/Drone/Crowdsource The Truth - These might be the best images of a UAV on site yet.  Doesn't look li... [1979961060376432642].mp4.ai_description	/Users/bryan/BGit/Bryan_git/personal_large_files_bridge/_Mirror/Politics/Charlie_Kirk_Mi/Drone/Crowdsource The Truth - These might be the best images of a UAV on site yet.  Doesn't look li... [1979961060376432642].mp4.ocr							local	mirror	Drone	
mirror/Drone/Crowdsource The Truth - These unknown flying objects were recorded by @lifeisdriving at @UVU ... [1967477764857962496]	Crowdsource The Truth - These unknown flying objects were recorded by @lifeisdriving at @UVU ... [1967477764857962496].mp4	/Users/bryan/_Mirror/Politics/Charlie_Kirk_Mi/Drone/Crowdsource The Truth - These unknown flying objects were recorded by @lifeisdriving at @UVU ... [1967477764857962496].mp4	video	79319887	1760895519		/Users/bryan/BGit/Bryan_git/personal_large_files_bridge/_Mirror/Politics/Charlie_Kirk_Mi/Drone/Crowdsource The Truth - These unknown flying objects were recorded by @lifeisdriving at @UVU ... [1967477764857962496].mp4.transcription	video	/Users/bryan/BGit/Bryan_git/personal_large_files_bridge/_Mirror/Politics/Charlie_Kirk_Mi/Drone/Crowdsource The Truth - These unknown flying objects were recorded by @lifeisdriving at @UVU ... [1967477764857962496].mp4.ai_description	/Users/bryan/BGit/Bryan_git/personal_large_files_bridge/_Mirror/Politics/Charlie_Kirk_Mi/Drone/Crowdsource The Truth - These unknown flying objects were recorded by @lifeisdriving at @UVU ... [1967477764857962496].mp4.ocr							local	mirror	Drone	
mirror/Drone/Drone_Shot_South	Drone_Shot_South.mp4	/Users/bryan/_Mirror/Politics/Charlie_Kirk_Mi/Drone/Drone_Shot_South.mp4	video	274060	1758765450		/Users/bryan/BGit/Bryan_git/personal_large_files_bridge/_Mirror/Politics/Charlie_Kirk_Mi/Drone/Drone_Shot_South.mp4.transcription	video	/Users/bryan/BGit/Bryan_git/personal_large_files_bridge/_Mirror/Politics/Charlie_Kirk_Mi/Drone/Drone_Shot_South.mp4.ai_description	/Users/bryan/BGit/Bryan_git/personal_large_files_bridge/_Mirror/Politics/Charlie_Kirk_Mi/Drone/Drone_Shot_South.mp4.ocr							local	mirror	Drone	
mirror/Drone/GTG Trinity - 🚨 Fast-moving drones ignored in official reports 🚨 Do you believe the... [1986786367859539968]	GTG Trinity - 🚨 Fast-moving drones ignored in official reports 🚨 Do you believe the... [1986786367859539968].mp4	/Users/bryan/_Mirror/Politics/Charlie_Kirk_Mi/Drone/GTG Trinity - 🚨 Fast-moving drones ignored in official reports 🚨 Do you believe the... [1986786367859539968].mp4	video	6288446	1762536791		/Users/bryan/BGit/Bryan_git/personal_large_files_bridge/_Mirror/Politics/Charlie_Kirk_Mi/Drone/GTG Trinity - 🚨 Fast-moving drones ignored in official reports 🚨 Do you believe the... [1986786367859539968].mp4.transcription	video	/Users/bryan/BGit/Bryan_git/personal_large_files_bridge/_Mirror/Politics/Charlie_Kirk_Mi/Drone/GTG Trinity - 🚨 Fast-moving drones ignored in official reports 🚨 Do you believe the... [1986786367859539968].mp4.ai_description	/Users/bryan/BGit/Bryan_git/personal_large_files_bridge/_Mirror/Politics/Charlie_Kirk_Mi/Drone/GTG Trinity - 🚨 Fast-moving drones ignored in official reports 🚨 Do you believe the... [1986786367859539968].mp4.ocr							local	mirror	Drone	
mirror/Drone/HustleBitch - 🚨 THEY WERE MUCH CLOSER THAN YOU THINK - WATCH AND PAY ATTENTION 🚨   ... [1970679028697710592]	HustleBitch - 🚨 THEY WERE MUCH CLOSER THAN YOU THINK - WATCH AND PAY ATTENTION 🚨   ... [1970679028697710592].mp4	/Users/bryan/_Mirror/Politics/Charlie_Kirk_Mi/Drone/HustleBitch - 🚨 THEY WERE MUCH CLOSER THAN YOU THINK - WATCH AND PAY ATTENTION 🚨   ... [1970679028697710592].mp4	video	4563604	1760894912		/Users/bryan/BGit/Bryan_git/personal_large_files_bridge/_Mirror/Politics/Charlie_Kirk_Mi/Drone/HustleBitch - 🚨 THEY WERE MUCH CLOSER THAN YOU THINK - WATCH AND PAY ATTENTION 🚨   ... [1970679028697710592].mp4.transcription	video	/Users/bryan/BGit/Bryan_git/personal_large_files_bridge/_Mirror/Politics/Charlie_Kirk_Mi/Drone/HustleBitch - 🚨 THEY WERE MUCH CLOSER THAN YOU THINK - WATCH AND PAY ATTENTION 🚨   ... [1970679028697710592].mp4.ai_description	/Users/bryan/BGit/Bryan_git/personal_large_files_bridge/_Mirror/Politics/Charlie_Kirk_Mi/Drone/HustleBitch - 🚨 THEY WERE MUCH CLOSER THAN YOU THINK - WATCH AND PAY ATTENTION 🚨   ... [1970679028697710592].mp4.ocr							local	mirror	Drone	
mirror/Drone/John Cullen 🐓 - Is this a bug？ If so, what kind of bug？  h⧸t：  @LMBubba [1977161668284063744]	John Cullen 🐓 - Is this a bug？ If so, what kind of bug？  h⧸t：  @LMBubba [1977161668284063744].mp4	/Users/bryan/_Mirror/Politics/Charlie_Kirk_Mi/Drone/John Cullen 🐓 - Is this a bug？ If so, what kind of bug？  h⧸t：  @LMBubba [1977161668284063744].mp4	video	8369986	1760230098		/Users/bryan/BGit/Bryan_git/personal_large_files_bridge/_Mirror/Politics/Charlie_Kirk_Mi/Drone/John Cullen 🐓 - Is this a bug？ If so, what kind of bug？  h⧸t：  @LMBubba [1977161668284063744].mp4.transcription	video	/Users/bryan/BGit/Bryan_git/personal_large_files_bridge/_Mirror/Politics/Charlie_Kirk_Mi/Drone/John Cullen 🐓 - Is this a bug？ If so, what kind of bug？  h⧸t：  @LMBubba [1977161668284063744].mp4.ai_description	/Users/bryan/BGit/Bryan_git/personal_large_files_bridge/_Mirror/Politics/Charlie_Kirk_Mi/Drone/John Cullen 🐓 - Is this a bug？ If so, what kind of bug？  h⧸t：  @LMBubba [1977161668284063744].mp4.ocr							local	mirror	Drone	
mirror/Drone/Project Constitution - TPUSA's Tyler Bowyer DOUBLY EXPOSED – Birthday Vid DROPS DRONE FOOTAG... #1 [1978960844735070208]	Project Constitution - TPUSA's Tyler Bowyer DOUBLY EXPOSED – Birthday Vid DROPS DRONE FOOTAG... #1 [1978960844735070208].mp4	/Users/bryan/_Mirror/Politics/Charlie_Kirk_Mi/Drone/Project Constitution - TPUSA's Tyler Bowyer DOUBLY EXPOSED – Birthday Vid DROPS DRONE FOOTAG... #1 [1978960844735070208].mp4	video	8381566	1760658134		/Users/bryan/BGit/Bryan_git/personal_large_files_bridge/_Mirror/Politics/Charlie_Kirk_Mi/Drone/Project Constitution - TPUSA's Tyler Bowyer DOUBLY EXPOSED – Birthday Vid DROPS DRONE FOOTAG... #1 [1978960844735070208].mp4.transcription	video	/Users/bryan/BGit/Bryan_git/personal_large_files_bridge/_Mirror/Politics/Charlie_Kirk_Mi/Drone/Project Constitution - TPUSA's Tyler Bowyer DOUBLY EXPOSED – Birthday Vid DROPS DRONE FOOTAG... #1 [1978960844735070208].mp4.ai_description	/Users/bryan/BGit/Bryan_git/personal_large_files_bridge/_Mirror/Politics/Charlie_Kirk_Mi/Drone/Project Constitution - TPUSA's Tyler Bowyer DOUBLY EXPOSED – Birthday Vid DROPS DRONE FOOTAG... #1 [1978960844735070208].mp4.ocr							local	mirror	Drone	
mirror/Drone/Project Constitution - TPUSA's Tyler Bowyer DOUBLY EXPOSED – Birthday Vid DROPS DRONE FOOTAG... #2 [1978940399126294528]	Project Constitution - TPUSA's Tyler Bowyer DOUBLY EXPOSED – Birthday Vid DROPS DRONE FOOTAG... #2 [1978940399126294528].mp4	/Users/bryan/_Mirror/Politics/Charlie_Kirk_Mi/Drone/Project Constitution - TPUSA's Tyler Bowyer DOUBLY EXPOSED – Birthday Vid DROPS DRONE FOOTAG... #2 [1978940399126294528].mp4	video	5931150	1760658137		/Users/bryan/BGit/Bryan_git/personal_large_files_bridge/_Mirror/Politics/Charlie_Kirk_Mi/Drone/Project Constitution - TPUSA's Tyler Bowyer DOUBLY EXPOSED – Birthday Vid DROPS DRONE FOOTAG... #2 [1978940399126294528].mp4.transcription	video	/Users/bryan/BGit/Bryan_git/personal_large_files_bridge/_Mirror/Politics/Charlie_Kirk_Mi/Drone/Project Constitution - TPUSA's Tyler Bowyer DOUBLY EXPOSED – Birthday Vid DROPS DRONE FOOTAG... #2 [1978940399126294528].mp4.ai_description	/Users/bryan/BGit/Bryan_git/personal_large_files_bridge/_Mirror/Politics/Charlie_Kirk_Mi/Drone/Project Constitution - TPUSA's Tyler Bowyer DOUBLY EXPOSED – Birthday Vid DROPS DRONE FOOTAG... #2 [1978940399126294528].mp4.ocr							local	mirror	Drone	
mirror/Drone/Project Constitution - 🚨 BREAKING：  High-Altitude Military Drones at UVU Prove Charlie Kirk ... #1 [2003371770103963648]	Project Constitution - 🚨 BREAKING：  High-Altitude Military Drones at UVU Prove Charlie Kirk ... #1 [2003371770103963648].mp4	/Users/bryan/_Mirror/Politics/Charlie_Kirk_Mi/Drone/Project Constitution - 🚨 BREAKING：  High-Altitude Military Drones at UVU Prove Charlie Kirk ... #1 [2003371770103963648].mp4	video	39449400	1766493639		/Users/bryan/BGit/Bryan_git/personal_large_files_bridge/_Mirror/Politics/Charlie_Kirk_Mi/Drone/Project Constitution - 🚨 BREAKING：  High-Altitude Military Drones at UVU Prove Charlie Kirk ... #1 [2003371770103963648].mp4.transcription	video	/Users/bryan/BGit/Bryan_git/personal_large_files_bridge/_Mirror/Politics/Charlie_Kirk_Mi/Drone/Project Constitution - 🚨 BREAKING：  High-Altitude Military Drones at UVU Prove Charlie Kirk ... #1 [2003371770103963648].mp4.ai_description	/Users/bryan/BGit/Bryan_git/personal_large_files_bridge/_Mirror/Politics/Charlie_Kirk_Mi/Drone/Project Constitution - 🚨 BREAKING：  High-Altitude Military Drones at UVU Prove Charlie Kirk ... #1 [2003371770103963648].mp4.ocr							local	mirror	Drone	
mirror/Drone/Project Constitution - 🚨 BREAKING：  High-Altitude Military Drones at UVU Prove Charlie Kirk ... #2 [1970986606845710336]	Project Constitution - 🚨 BREAKING：  High-Altitude Military Drones at UVU Prove Charlie Kirk ... #2 [1970986606845710336].mp4	/Users/bryan/_Mirror/Politics/Charlie_Kirk_Mi/Drone/Project Constitution - 🚨 BREAKING：  High-Altitude Military Drones at UVU Prove Charlie Kirk ... #2 [1970986606845710336].mp4	video	33052214	1766493643		/Users/bryan/BGit/Bryan_git/personal_large_files_bridge/_Mirror/Politics/Charlie_Kirk_Mi/Drone/Project Constitution - 🚨 BREAKING：  High-Altitude Military Drones at UVU Prove Charlie Kirk ... #2 [1970986606845710336].mp4.transcription	video	/Users/bryan/BGit/Bryan_git/personal_large_files_bridge/_Mirror/Politics/Charlie_Kirk_Mi/Drone/Project Constitution - 🚨 BREAKING：  High-Altitude Military Drones at UVU Prove Charlie Kirk ... #2 [1970986606845710336].mp4.ai_description	/Users/bryan/BGit/Bryan_git/personal_large_files_bridge/_Mirror/Politics/Charlie_Kirk_Mi/Drone/Project Constitution - 🚨 BREAKING：  High-Altitude Military Drones at UVU Prove Charlie Kirk ... #2 [1970986606845710336].mp4.ocr							local	mirror	Drone	
mirror/Drone/Project Constitution - 🚨 BREAKING： NEW DRONE FOOTAGE  From The TPUSA Event At UVU Where Char... #1 [1986565434716381185]	Project Constitution - 🚨 BREAKING： NEW DRONE FOOTAGE  From The TPUSA Event At UVU Where Char... #1 [1986565434716381185].mp4	/Users/bryan/_Mirror/Politics/Charlie_Kirk_Mi/Drone/Project Constitution - 🚨 BREAKING： NEW DRONE FOOTAGE  From The TPUSA Event At UVU Where Char... #1 [1986565434716381185].mp4	video	73003981	1762474575		/Users/bryan/BGit/Bryan_git/personal_large_files_bridge/_Mirror/Politics/Charlie_Kirk_Mi/Drone/Project Constitution - 🚨 BREAKING： NEW DRONE FOOTAGE  From The TPUSA Event At UVU Where Char... #1 [1986565434716381185].mp4.transcription	video	/Users/bryan/BGit/Bryan_git/personal_large_files_bridge/_Mirror/Politics/Charlie_Kirk_Mi/Drone/Project Constitution - 🚨 BREAKING： NEW DRONE FOOTAGE  From The TPUSA Event At UVU Where Char... #1 [1986565434716381185].mp4.ai_description	/Users/bryan/BGit/Bryan_git/personal_large_files_bridge/_Mirror/Politics/Charlie_Kirk_Mi/Drone/Project Constitution - 🚨 BREAKING： NEW DRONE FOOTAGE  From The TPUSA Event At UVU Where Char... #1 [1986565434716381185].mp4.ocr							local	mirror	Drone	
mirror/Drone/Project Constitution - 🚨 BREAKING： NEW DRONE FOOTAGE  From The TPUSA Event At UVU Where Char... #2 [1978960844735070208]	Project Constitution - 🚨 BREAKING： NEW DRONE FOOTAGE  From The TPUSA Event At UVU Where Char... #2 [1978960844735070208].mp4	/Users/bryan/_Mirror/Politics/Charlie_Kirk_Mi/Drone/Project Constitution - 🚨 BREAKING： NEW DRONE FOOTAGE  From The TPUSA Event At UVU Where Char... #2 [1978960844735070208].mp4	video	8381566	1762474589		/Users/bryan/BGit/Bryan_git/personal_large_files_bridge/_Mirror/Politics/Charlie_Kirk_Mi/Drone/Project Constitution - 🚨 BREAKING： NEW DRONE FOOTAGE  From The TPUSA Event At UVU Where Char... #2 [1978960844735070208].mp4.transcription	video	/Users/bryan/BGit/Bryan_git/personal_large_files_bridge/_Mirror/Politics/Charlie_Kirk_Mi/Drone/Project Constitution - 🚨 BREAKING： NEW DRONE FOOTAGE  From The TPUSA Event At UVU Where Char... #2 [1978960844735070208].mp4.ai_description	/Users/bryan/BGit/Bryan_git/personal_large_files_bridge/_Mirror/Politics/Charlie_Kirk_Mi/Drone/Project Constitution - 🚨 BREAKING： NEW DRONE FOOTAGE  From The TPUSA Event At UVU Where Char... #2 [1978960844735070208].mp4.ocr							local	mirror	Drone	
mirror/Drone/conman - ‼️Please Share‼️  - Video and pictures of the drone suspected of assa... #1 [1977286647084470272]	conman - ‼️Please Share‼️  - Video and pictures of the drone suspected of assa... #1 [1977286647084470272].mp4	/Users/bryan/_Mirror/Politics/Charlie_Kirk_Mi/Drone/conman - ‼️Please Share‼️  - Video and pictures of the drone suspected of assa... #1 [1977286647084470272].mp4	video	1820655	1760906984		/Users/bryan/BGit/Bryan_git/personal_large_files_bridge/_Mirror/Politics/Charlie_Kirk_Mi/Drone/conman - ‼️Please Share‼️  - Video and pictures of the drone suspected of assa... #1 [1977286647084470272].mp4.transcription	video	/Users/bryan/BGit/Bryan_git/personal_large_files_bridge/_Mirror/Politics/Charlie_Kirk_Mi/Drone/conman - ‼️Please Share‼️  - Video and pictures of the drone suspected of assa... #1 [1977286647084470272].mp4.ai_description	/Users/bryan/BGit/Bryan_git/personal_large_files_bridge/_Mirror/Politics/Charlie_Kirk_Mi/Drone/conman - ‼️Please Share‼️  - Video and pictures of the drone suspected of assa... #1 [1977286647084470272].mp4.ocr							local	mirror	Drone	
mirror/Drone/conman - ‼️Please Share‼️  - Video and pictures of the drone suspected of assa... #2 [1977286647092789248]	conman - ‼️Please Share‼️  - Video and pictures of the drone suspected of assa... #2 [1977286647092789248].mp4	/Users/bryan/_Mirror/Politics/Charlie_Kirk_Mi/Drone/conman - ‼️Please Share‼️  - Video and pictures of the drone suspected of assa... #2 [1977286647092789248].mp4	video	1842672	1760906985		/Users/bryan/BGit/Bryan_git/personal_large_files_bridge/_Mirror/Politics/Charlie_Kirk_Mi/Drone/conman - ‼️Please Share‼️  - Video and pictures of the drone suspected of assa... #2 [1977286647092789248].mp4.transcription	video	/Users/bryan/BGit/Bryan_git/personal_large_files_bridge/_Mirror/Politics/Charlie_Kirk_Mi/Drone/conman - ‼️Please Share‼️  - Video and pictures of the drone suspected of assa... #2 [1977286647092789248].mp4.ai_description	/Users/bryan/BGit/Bryan_git/personal_large_files_bridge/_Mirror/Politics/Charlie_Kirk_Mi/Drone/conman - ‼️Please Share‼️  - Video and pictures of the drone suspected of assa... #2 [1977286647092789248].mp4.ocr							local	mirror	Drone	
mirror/Drone/conman - ‼️Please Share‼️  - Video and pictures of the drone suspected of assa... #3 [1977286647105421312]	conman - ‼️Please Share‼️  - Video and pictures of the drone suspected of assa... #3 [1977286647105421312].mp4	/Users/bryan/_Mirror/Politics/Charlie_Kirk_Mi/Drone/conman - ‼️Please Share‼️  - Video and pictures of the drone suspected of assa... #3 [1977286647105421312].mp4	video	8577096	1760906987		/Users/bryan/BGit/Bryan_git/personal_large_files_bridge/_Mirror/Politics/Charlie_Kirk_Mi/Drone/conman - ‼️Please Share‼️  - Video and pictures of the drone suspected of assa... #3 [1977286647105421312].mp4.transcription	video	/Users/bryan/BGit/Bryan_git/personal_large_files_bridge/_Mirror/Politics/Charlie_Kirk_Mi/Drone/conman - ‼️Please Share‼️  - Video and pictures of the drone suspected of assa... #3 [1977286647105421312].mp4.ai_description	/Users/bryan/BGit/Bryan_git/personal_large_files_bridge/_Mirror/Politics/Charlie_Kirk_Mi/Drone/conman - ‼️Please Share‼️  - Video and pictures of the drone suspected of assa... #3 [1977286647105421312].mp4.ocr							local	mirror	Drone	
mirror/Drone/thomas perera - @I_Am_JohnCullen Bullet casing falling from above tent ？  Bullet comi... #1 [1977744772262457344]	thomas perera - @I_Am_JohnCullen Bullet casing falling from above tent ？  Bullet comi... #1 [1977744772262457344].mp4	/Users/bryan/_Mirror/Politics/Charlie_Kirk_Mi/Drone/thomas perera - @I_Am_JohnCullen Bullet casing falling from above tent ？  Bullet comi... #1 [1977744772262457344].mp4	video	4018532	1760399746		/Users/bryan/BGit/Bryan_git/personal_large_files_bridge/_Mirror/Politics/Charlie_Kirk_Mi/Drone/thomas perera - @I_Am_JohnCullen Bullet casing falling from above tent ？  Bullet comi... #1 [1977744772262457344].mp4.transcription	video	/Users/bryan/BGit/Bryan_git/personal_large_files_bridge/_Mirror/Politics/Charlie_Kirk_Mi/Drone/thomas perera - @I_Am_JohnCullen Bullet casing falling from above tent ？  Bullet comi... #1 [1977744772262457344].mp4.ai_description	/Users/bryan/BGit/Bryan_git/personal_large_files_bridge/_Mirror/Politics/Charlie_Kirk_Mi/Drone/thomas perera - @I_Am_JohnCullen Bullet casing falling from above tent ？  Bullet comi... #1 [1977744772262457344].mp4.ocr							local	mirror	Drone	
mirror/Drone/thomas perera - @I_Am_JohnCullen Bullet casing falling from above tent ？  Bullet comi... #2 [1977744772254064640]	thomas perera - @I_Am_JohnCullen Bullet casing falling from above tent ？  Bullet comi... #2 [1977744772254064640].mp4	/Users/bryan/_Mirror/Politics/Charlie_Kirk_Mi/Drone/thomas perera - @I_Am_JohnCullen Bullet casing falling from above tent ？  Bullet comi... #2 [1977744772254064640].mp4	video	3073856	1760399749		/Users/bryan/BGit/Bryan_git/personal_large_files_bridge/_Mirror/Politics/Charlie_Kirk_Mi/Drone/thomas perera - @I_Am_JohnCullen Bullet casing falling from above tent ？  Bullet comi... #2 [1977744772254064640].mp4.transcription	video	/Users/bryan/BGit/Bryan_git/personal_large_files_bridge/_Mirror/Politics/Charlie_Kirk_Mi/Drone/thomas perera - @I_Am_JohnCullen Bullet casing falling from above tent ？  Bullet comi... #2 [1977744772254064640].mp4.ai_description	/Users/bryan/BGit/Bryan_git/personal_large_files_bridge/_Mirror/Politics/Charlie_Kirk_Mi/Drone/thomas perera - @I_Am_JohnCullen Bullet casing falling from above tent ？  Bullet comi... #2 [1977744772254064640].mp4.ocr							local	mirror	Drone	
mirror/Drone/thomas perera - @I_Am_JohnCullen Bullet casing falling from above tent ？  Bullet comi... #3 [1977744772254048256]	thomas perera - @I_Am_JohnCullen Bullet casing falling from above tent ？  Bullet comi... #3 [1977744772254048256].mp4	/Users/bryan/_Mirror/Politics/Charlie_Kirk_Mi/Drone/thomas perera - @I_Am_JohnCullen Bullet casing falling from above tent ？  Bullet comi... #3 [1977744772254048256].mp4	video	2055237	1760399752		/Users/bryan/BGit/Bryan_git/personal_large_files_bridge/_Mirror/Politics/Charlie_Kirk_Mi/Drone/thomas perera - @I_Am_JohnCullen Bullet casing falling from above tent ？  Bullet comi... #3 [1977744772254048256].mp4.transcription	video	/Users/bryan/BGit/Bryan_git/personal_large_files_bridge/_Mirror/Politics/Charlie_Kirk_Mi/Drone/thomas perera - @I_Am_JohnCullen Bullet casing falling from above tent ？  Bullet comi... #3 [1977744772254048256].mp4.ai_description	/Users/bryan/BGit/Bryan_git/personal_large_files_bridge/_Mirror/Politics/Charlie_Kirk_Mi/Drone/thomas perera - @I_Am_JohnCullen Bullet casing falling from above tent ？  Bullet comi... #3 [1977744772254048256].mp4.ocr							local	mirror	Drone	
mirror/Early/Tyler Durden - @LibertyLockPod His words not mine [1984944438481653760]	Tyler Durden - @LibertyLockPod His words not mine [1984944438481653760].mp4	/Users/bryan/_Mirror/Politics/Charlie_Kirk_Mi/Early/Tyler Durden - @LibertyLockPod His words not mine [1984944438481653760].mp4	video	3807378	1762094294		/Users/bryan/BGit/Bryan_git/personal_large_files_bridge/_Mirror/Politics/Charlie_Kirk_Mi/Early/Tyler Durden - @LibertyLockPod His words not mine [1984944438481653760].mp4.transcription	video	/Users/bryan/BGit/Bryan_git/personal_large_files_bridge/_Mirror/Politics/Charlie_Kirk_Mi/Early/Tyler Durden - @LibertyLockPod His words not mine [1984944438481653760].mp4.ai_description	/Users/bryan/BGit/Bryan_git/personal_large_files_bridge/_Mirror/Politics/Charlie_Kirk_Mi/Early/Tyler Durden - @LibertyLockPod His words not mine [1984944438481653760].mp4.ocr							local	mirror	Early	
mirror/FBI/HustleBitch - 🚨BREAKING：  New video shows armed law enforcement surrounding a home ... [1965882953071996928]	HustleBitch - 🚨BREAKING：  New video shows armed law enforcement surrounding a home ... [1965882953071996928].mp4	/Users/bryan/_Mirror/Politics/Charlie_Kirk_Mi/FBI/HustleBitch - 🚨BREAKING：  New video shows armed law enforcement surrounding a home ... [1965882953071996928].mp4	video	21606488	1767360379		/Users/bryan/BGit/Bryan_git/personal_large_files_bridge/_Mirror/Politics/Charlie_Kirk_Mi/FBI/HustleBitch - 🚨BREAKING：  New video shows armed law enforcement surrounding a home ... [1965882953071996928].mp4.transcription	video	/Users/bryan/BGit/Bryan_git/personal_large_files_bridge/_Mirror/Politics/Charlie_Kirk_Mi/FBI/HustleBitch - 🚨BREAKING：  New video shows armed law enforcement surrounding a home ... [1965882953071996928].mp4.ai_description	/Users/bryan/BGit/Bryan_git/personal_large_files_bridge/_Mirror/Politics/Charlie_Kirk_Mi/FBI/HustleBitch - 🚨BREAKING：  New video shows armed law enforcement surrounding a home ... [1965882953071996928].mp4.ocr							local	mirror	FBI	
mirror/Fance/Etranger/French Legionaire	French Legionaire.mp4	/Users/bryan/_Mirror/Politics/Charlie_Kirk_Mi/Fance/Etranger/French Legionaire.mp4	video	7039316	1783644287		/Users/bryan/BGit/Bryan_git/personal_large_files_bridge/_Mirror/Politics/Charlie_Kirk_Mi/Fance/Etranger/French Legionaire.mp4.transcription	video	/Users/bryan/BGit/Bryan_git/personal_large_files_bridge/_Mirror/Politics/Charlie_Kirk_Mi/Fance/Etranger/French Legionaire.mp4.ai_description	/Users/bryan/BGit/Bryan_git/personal_large_files_bridge/_Mirror/Politics/Charlie_Kirk_Mi/Fance/Etranger/French Legionaire.mp4.ocr							local	mirror	Fance/Etranger	
mirror/Full_Shot_Side	Full_Shot_Side.mp4	/Users/bryan/_Mirror/Politics/Charlie_Kirk_Mi/Full_Shot_Side.mp4	video	9263338	1757905660		/Users/bryan/BGit/Bryan_git/personal_large_files_bridge/_Mirror/Politics/Charlie_Kirk_Mi/Full_Shot_Side.mp4.transcription	video	/Users/bryan/BGit/Bryan_git/personal_large_files_bridge/_Mirror/Politics/Charlie_Kirk_Mi/Full_Shot_Side.mp4.ai_description	/Users/bryan/BGit/Bryan_git/personal_large_files_bridge/_Mirror/Politics/Charlie_Kirk_Mi/Full_Shot_Side.mp4.ocr							local	mirror	.	
mirror/Full_Video_From_North	Full_Video_From_North.mp4	/Users/bryan/_Mirror/Politics/Charlie_Kirk_Mi/Full_Video_From_North.mp4	video	3483441	1759150197		/Users/bryan/BGit/Bryan_git/personal_large_files_bridge/_Mirror/Politics/Charlie_Kirk_Mi/Full_Video_From_North.mp4.transcription	video	/Users/bryan/BGit/Bryan_git/personal_large_files_bridge/_Mirror/Politics/Charlie_Kirk_Mi/Full_Video_From_North.mp4.ai_description	/Users/bryan/BGit/Bryan_git/personal_large_files_bridge/_Mirror/Politics/Charlie_Kirk_Mi/Full_Video_From_North.mp4.ocr							local	mirror	.	
mirror/Google_Search/Diligent Denizen 🇺🇸 - ‼️🇺🇸： Google Trend searches for TYLER JAMES ROBINSON were trending ov... [1979286533149503488]	Diligent Denizen 🇺🇸 - ‼️🇺🇸： Google Trend searches for TYLER JAMES ROBINSON were trending ov... [1979286533149503488].mp4	/Users/bryan/_Mirror/Politics/Charlie_Kirk_Mi/Google_Search/Diligent Denizen 🇺🇸 - ‼️🇺🇸： Google Trend searches for TYLER JAMES ROBINSON were trending ov... [1979286533149503488].mp4	video	412919	1783644274		/Users/bryan/BGit/Bryan_git/personal_large_files_bridge/_Mirror/Politics/Charlie_Kirk_Mi/Google_Search/Diligent Denizen 🇺🇸 - ‼️🇺🇸： Google Trend searches for TYLER JAMES ROBINSON were trending ov... [1979286533149503488].mp4.transcription	video	/Users/bryan/BGit/Bryan_git/personal_large_files_bridge/_Mirror/Politics/Charlie_Kirk_Mi/Google_Search/Diligent Denizen 🇺🇸 - ‼️🇺🇸： Google Trend searches for TYLER JAMES ROBINSON were trending ov... [1979286533149503488].mp4.ai_description	/Users/bryan/BGit/Bryan_git/personal_large_files_bridge/_Mirror/Politics/Charlie_Kirk_Mi/Google_Search/Diligent Denizen 🇺🇸 - ‼️🇺🇸： Google Trend searches for TYLER JAMES ROBINSON were trending ov... [1979286533149503488].mp4.ocr							local	mirror	Google_Search	
mirror/Google_Search/Project Constitution - 🚨 ISRAELI IP MYSTERY： Google Searches EXPLODED for Charlie Kirk Assas... [1977626333871001600]	Project Constitution - 🚨 ISRAELI IP MYSTERY： Google Searches EXPLODED for Charlie Kirk Assas... [1977626333871001600].mp4	/Users/bryan/_Mirror/Politics/Charlie_Kirk_Mi/Google_Search/Project Constitution - 🚨 ISRAELI IP MYSTERY： Google Searches EXPLODED for Charlie Kirk Assas... [1977626333871001600].mp4	video	143593359	1760437449		/Users/bryan/BGit/Bryan_git/personal_large_files_bridge/_Mirror/Politics/Charlie_Kirk_Mi/Google_Search/Project Constitution - 🚨 ISRAELI IP MYSTERY： Google Searches EXPLODED for Charlie Kirk Assas... [1977626333871001600].mp4.transcription	video	/Users/bryan/BGit/Bryan_git/personal_large_files_bridge/_Mirror/Politics/Charlie_Kirk_Mi/Google_Search/Project Constitution - 🚨 ISRAELI IP MYSTERY： Google Searches EXPLODED for Charlie Kirk Assas... [1977626333871001600].mp4.ai_description	/Users/bryan/BGit/Bryan_git/personal_large_files_bridge/_Mirror/Politics/Charlie_Kirk_Mi/Google_Search/Project Constitution - 🚨 ISRAELI IP MYSTERY： Google Searches EXPLODED for Charlie Kirk Assas... [1977626333871001600].mp4.ocr							local	mirror	Google_Search	
mirror/Google_Search/Sam Parker 🇺🇸🧯 - MORE CHARLIE KIRK BOMBSHELLS! Google Trends analysis shows George Zin... [1977027123845234688]	Sam Parker 🇺🇸🧯 - MORE CHARLIE KIRK BOMBSHELLS! Google Trends analysis shows George Zin... [1977027123845234688].mp4	/Users/bryan/_Mirror/Politics/Charlie_Kirk_Mi/Google_Search/Sam Parker 🇺🇸🧯 - MORE CHARLIE KIRK BOMBSHELLS! Google Trends analysis shows George Zin... [1977027123845234688].mp4	video	24596769	1760411973		/Users/bryan/BGit/Bryan_git/personal_large_files_bridge/_Mirror/Politics/Charlie_Kirk_Mi/Google_Search/Sam Parker 🇺🇸🧯 - MORE CHARLIE KIRK BOMBSHELLS! Google Trends analysis shows George Zin... [1977027123845234688].mp4.transcription	video	/Users/bryan/BGit/Bryan_git/personal_large_files_bridge/_Mirror/Politics/Charlie_Kirk_Mi/Google_Search/Sam Parker 🇺🇸🧯 - MORE CHARLIE KIRK BOMBSHELLS! Google Trends analysis shows George Zin... [1977027123845234688].mp4.ai_description	/Users/bryan/BGit/Bryan_git/personal_large_files_bridge/_Mirror/Politics/Charlie_Kirk_Mi/Google_Search/Sam Parker 🇺🇸🧯 - MORE CHARLIE KIRK BOMBSHELLS! Google Trends analysis shows George Zin... [1977027123845234688].mp4.ocr							local	mirror	Google_Search	
mirror/Google_Search/Wall Street Apes - Ohh my god  - 12 days before Charlie Kirk was assassinated, someone i... [1977693442194153473]	Wall Street Apes - Ohh my god  - 12 days before Charlie Kirk was assassinated, someone i... [1977693442194153473].mp4	/Users/bryan/_Mirror/Politics/Charlie_Kirk_Mi/Google_Search/Wall Street Apes - Ohh my god  - 12 days before Charlie Kirk was assassinated, someone i... [1977693442194153473].mp4	video	2480398	1760371013		/Users/bryan/BGit/Bryan_git/personal_large_files_bridge/_Mirror/Politics/Charlie_Kirk_Mi/Google_Search/Wall Street Apes - Ohh my god  - 12 days before Charlie Kirk was assassinated, someone i... [1977693442194153473].mp4.transcription	video	/Users/bryan/BGit/Bryan_git/personal_large_files_bridge/_Mirror/Politics/Charlie_Kirk_Mi/Google_Search/Wall Street Apes - Ohh my god  - 12 days before Charlie Kirk was assassinated, someone i... [1977693442194153473].mp4.ai_description	/Users/bryan/BGit/Bryan_git/personal_large_files_bridge/_Mirror/Politics/Charlie_Kirk_Mi/Google_Search/Wall Street Apes - Ohh my god  - 12 days before Charlie Kirk was assassinated, someone i... [1977693442194153473].mp4.ocr							local	mirror	Google_Search	
mirror/Google_Search/Yes, Still MORE DISTURBING Searches from before Charlie Kirk Passed [tA7GEQjmHx4]	Yes, Still MORE DISTURBING Searches from before Charlie Kirk Passed [tA7GEQjmHx4].webm	/Users/bryan/_Mirror/Politics/Charlie_Kirk_Mi/Google_Search/Yes, Still MORE DISTURBING Searches from before Charlie Kirk Passed [tA7GEQjmHx4].webm	video	609136131	1760437578		/Users/bryan/BGit/Bryan_git/personal_large_files_bridge/_Mirror/Politics/Charlie_Kirk_Mi/Google_Search/Yes, Still MORE DISTURBING Searches from before Charlie Kirk Passed [tA7GEQjmHx4].webm.transcription	video		/Users/bryan/BGit/Bryan_git/personal_large_files_bridge/_Mirror/Politics/Charlie_Kirk_Mi/Google_Search/Yes, Still MORE DISTURBING Searches from before Charlie Kirk Passed [tA7GEQjmHx4].webm.ocr							local	mirror	Google_Search	
mirror/Google_Search/🅆🅄🄻🄵 - Google Trends show searches for Tyler Robinson’s name in the DC area ... [1979066668702724096]	🅆🅄🄻🄵 - Google Trends show searches for Tyler Robinson’s name in the DC area ... [1979066668702724096].mp4	/Users/bryan/_Mirror/Politics/Charlie_Kirk_Mi/Google_Search/🅆🅄🄻🄵 - Google Trends show searches for Tyler Robinson’s name in the DC area ... [1979066668702724096].mp4	video	9082446	1760707512		/Users/bryan/BGit/Bryan_git/personal_large_files_bridge/_Mirror/Politics/Charlie_Kirk_Mi/Google_Search/🅆🅄🄻🄵 - Google Trends show searches for Tyler Robinson’s name in the DC area ... [1979066668702724096].mp4.transcription	video	/Users/bryan/BGit/Bryan_git/personal_large_files_bridge/_Mirror/Politics/Charlie_Kirk_Mi/Google_Search/🅆🅄🄻🄵 - Google Trends show searches for Tyler Robinson’s name in the DC area ... [1979066668702724096].mp4.ai_description	/Users/bryan/BGit/Bryan_git/personal_large_files_bridge/_Mirror/Politics/Charlie_Kirk_Mi/Google_Search/🅆🅄🄻🄵 - Google Trends show searches for Tyler Robinson’s name in the DC area ... [1979066668702724096].mp4.ocr							local	mirror	Google_Search	
mirror/Influencers/FULL Josh Hammer VS Dave Smith Debate on Israel [w-ng95XlQb4]	FULL Josh Hammer VS Dave Smith Debate on Israel [w-ng95XlQb4].webm	/Users/bryan/_Mirror/Politics/Charlie_Kirk_Mi/Influencers/FULL Josh Hammer VS Dave Smith Debate on Israel [w-ng95XlQb4].webm	video	379761865	1760978709		/Users/bryan/BGit/Bryan_git/personal_large_files_bridge/_Mirror/Politics/Charlie_Kirk_Mi/Influencers/FULL Josh Hammer VS Dave Smith Debate on Israel [w-ng95XlQb4].webm.transcription	video	/Users/bryan/BGit/Bryan_git/personal_large_files_bridge/_Mirror/Politics/Charlie_Kirk_Mi/Influencers/FULL Josh Hammer VS Dave Smith Debate on Israel [w-ng95XlQb4].webm.ai_description	/Users/bryan/BGit/Bryan_git/personal_large_files_bridge/_Mirror/Politics/Charlie_Kirk_Mi/Influencers/FULL Josh Hammer VS Dave Smith Debate on Israel [w-ng95XlQb4].webm.ocr							local	mirror	Influencers	
mirror/Influencers/Megyn Kelly and Charlie Kirk Suggest Epstein May Have Been a Mossad Agent to Audience Applause [PtBr4Brp12U]	Megyn Kelly and Charlie Kirk Suggest Epstein May Have Been a Mossad Agent to Audience Applause [PtBr4Brp12U].webm	/Users/bryan/_Mirror/Politics/Charlie_Kirk_Mi/Influencers/Megyn Kelly and Charlie Kirk Suggest Epstein May Have Been a Mossad Agent to Audience Applause [PtBr4Brp12U].webm	video	13007427	1760962366		/Users/bryan/BGit/Bryan_git/personal_large_files_bridge/_Mirror/Politics/Charlie_Kirk_Mi/Influencers/Megyn Kelly and Charlie Kirk Suggest Epstein May Have Been a Mossad Agent to Audience Applause [PtBr4Brp12U].webm.transcription	video	/Users/bryan/BGit/Bryan_git/personal_large_files_bridge/_Mirror/Politics/Charlie_Kirk_Mi/Influencers/Megyn Kelly and Charlie Kirk Suggest Epstein May Have Been a Mossad Agent to Audience Applause [PtBr4Brp12U].webm.ai_description	/Users/bryan/BGit/Bryan_git/personal_large_files_bridge/_Mirror/Politics/Charlie_Kirk_Mi/Influencers/Megyn Kelly and Charlie Kirk Suggest Epstein May Have Been a Mossad Agent to Audience Applause [PtBr4Brp12U].webm.ocr							local	mirror	Influencers	
mirror/Influencers/SAS_July_11	SAS_July_11.mp4	/Users/bryan/_Mirror/Politics/Charlie_Kirk_Mi/Influencers/SAS_July_11.mp4	video	209764758	1760964774		/Users/bryan/BGit/Bryan_git/personal_large_files_bridge/_Mirror/Politics/Charlie_Kirk_Mi/Influencers/SAS_July_11.mp4.transcription	video	/Users/bryan/BGit/Bryan_git/personal_large_files_bridge/_Mirror/Politics/Charlie_Kirk_Mi/Influencers/SAS_July_11.mp4.ai_description	/Users/bryan/BGit/Bryan_git/personal_large_files_bridge/_Mirror/Politics/Charlie_Kirk_Mi/Influencers/SAS_July_11.mp4.ocr							local	mirror	Influencers	
mirror/Influencers/Tucker Carlson’s Message to America on the Epstein Cover-Up ｜ Full Speech [0aLXZj-oBLE]	Tucker Carlson’s Message to America on the Epstein Cover-Up ｜ Full Speech [0aLXZj-oBLE].webm	/Users/bryan/_Mirror/Politics/Charlie_Kirk_Mi/Influencers/Tucker Carlson’s Message to America on the Epstein Cover-Up ｜ Full Speech [0aLXZj-oBLE].webm	video	264924630	1760986618		/Users/bryan/BGit/Bryan_git/personal_large_files_bridge/_Mirror/Politics/Charlie_Kirk_Mi/Influencers/Tucker Carlson’s Message to America on the Epstein Cover-Up ｜ Full Speech [0aLXZj-oBLE].webm.transcription	video	/Users/bryan/BGit/Bryan_git/personal_large_files_bridge/_Mirror/Politics/Charlie_Kirk_Mi/Influencers/Tucker Carlson’s Message to America on the Epstein Cover-Up ｜ Full Speech [0aLXZj-oBLE].webm.ai_description	/Users/bryan/BGit/Bryan_git/personal_large_files_bridge/_Mirror/Politics/Charlie_Kirk_Mi/Influencers/Tucker Carlson’s Message to America on the Epstein Cover-Up ｜ Full Speech [0aLXZj-oBLE].webm.ocr							local	mirror	Influencers	
mirror/Influencers/Virginia Tech_Sept_4	Virginia Tech_Sept_4.webm	/Users/bryan/_Mirror/Politics/Charlie_Kirk_Mi/Influencers/Virginia Tech_Sept_4.webm	video	85506867	1760964921		/Users/bryan/BGit/Bryan_git/personal_large_files_bridge/_Mirror/Politics/Charlie_Kirk_Mi/Influencers/Virginia Tech_Sept_4.webm.transcription	video	/Users/bryan/BGit/Bryan_git/personal_large_files_bridge/_Mirror/Politics/Charlie_Kirk_Mi/Influencers/Virginia Tech_Sept_4.webm.ai_description	/Users/bryan/BGit/Bryan_git/personal_large_files_bridge/_Mirror/Politics/Charlie_Kirk_Mi/Influencers/Virginia Tech_Sept_4.webm.ocr							local	mirror	Influencers	
mirror/Iran/Turning Point USA - CHARLIE KIRK： “If you are serious about actually protecting human rig... [2028563763599900672]	Turning Point USA - CHARLIE KIRK： “If you are serious about actually protecting human rig... [2028563763599900672].mp4	/Users/bryan/_Mirror/Politics/Charlie_Kirk_Mi/Iran/Turning Point USA - CHARLIE KIRK： “If you are serious about actually protecting human rig... [2028563763599900672].mp4	video	22378189	1772735915		/Users/bryan/BGit/Bryan_git/personal_large_files_bridge/_Mirror/Politics/Charlie_Kirk_Mi/Iran/Turning Point USA - CHARLIE KIRK： “If you are serious about actually protecting human rig... [2028563763599900672].mp4.transcription	video	/Users/bryan/BGit/Bryan_git/personal_large_files_bridge/_Mirror/Politics/Charlie_Kirk_Mi/Iran/Turning Point USA - CHARLIE KIRK： “If you are serious about actually protecting human rig... [2028563763599900672].mp4.ai_description	/Users/bryan/BGit/Bryan_git/personal_large_files_bridge/_Mirror/Politics/Charlie_Kirk_Mi/Iran/Turning Point USA - CHARLIE KIRK： “If you are serious about actually protecting human rig... [2028563763599900672].mp4.ocr							local	mirror	Iran	
mirror/Israel/Candace_Myron	Candace_Myron.mp4	/Users/bryan/_Mirror/Politics/Charlie_Kirk_Mi/Israel/Candace_Myron.mp4	video	16416026	1763497486		/Users/bryan/BGit/Bryan_git/personal_large_files_bridge/_Mirror/Politics/Charlie_Kirk_Mi/Israel/Candace_Myron.mp4.transcription	video	/Users/bryan/BGit/Bryan_git/personal_large_files_bridge/_Mirror/Politics/Charlie_Kirk_Mi/Israel/Candace_Myron.mp4.ai_description	/Users/bryan/BGit/Bryan_git/personal_large_files_bridge/_Mirror/Politics/Charlie_Kirk_Mi/Israel/Candace_Myron.mp4.ocr							local	mirror	Israel	
mirror/Israel/Charlie_Said	Charlie_Said.mp4	/Users/bryan/_Mirror/Politics/Charlie_Kirk_Mi/Israel/Charlie_Said.mp4	video	8050003	1762174766		/Users/bryan/BGit/Bryan_git/personal_large_files_bridge/_Mirror/Politics/Charlie_Kirk_Mi/Israel/Charlie_Said.mp4.transcription	video	/Users/bryan/BGit/Bryan_git/personal_large_files_bridge/_Mirror/Politics/Charlie_Kirk_Mi/Israel/Charlie_Said.mp4.ai_description	/Users/bryan/BGit/Bryan_git/personal_large_files_bridge/_Mirror/Politics/Charlie_Kirk_Mi/Israel/Charlie_Said.mp4.ocr							local	mirror	Israel	
mirror/Israel/Donors_Charlie	Donors_Charlie.mp4	/Users/bryan/_Mirror/Politics/Charlie_Kirk_Mi/Israel/Donors_Charlie.mp4	video	3600423	1762094340		/Users/bryan/BGit/Bryan_git/personal_large_files_bridge/_Mirror/Politics/Charlie_Kirk_Mi/Israel/Donors_Charlie.mp4.transcription	video	/Users/bryan/BGit/Bryan_git/personal_large_files_bridge/_Mirror/Politics/Charlie_Kirk_Mi/Israel/Donors_Charlie.mp4.ai_description	/Users/bryan/BGit/Bryan_git/personal_large_files_bridge/_Mirror/Politics/Charlie_Kirk_Mi/Israel/Donors_Charlie.mp4.ocr							local	mirror	Israel	
mirror/Israel/GOP_Influence_Israel	GOP_Influence_Israel.mp4	/Users/bryan/_Mirror/Politics/Charlie_Kirk_Mi/Israel/GOP_Influence_Israel.mp4	video	6227608	1763141354		/Users/bryan/BGit/Bryan_git/personal_large_files_bridge/_Mirror/Politics/Charlie_Kirk_Mi/Israel/GOP_Influence_Israel.mp4.transcription	video	/Users/bryan/BGit/Bryan_git/personal_large_files_bridge/_Mirror/Politics/Charlie_Kirk_Mi/Israel/GOP_Influence_Israel.mp4.ai_description	/Users/bryan/BGit/Bryan_git/personal_large_files_bridge/_Mirror/Politics/Charlie_Kirk_Mi/Israel/GOP_Influence_Israel.mp4.ocr							local	mirror	Israel	
mirror/Israel/Ga_za_Clense	Ga_za_Clense.mp4	/Users/bryan/_Mirror/Politics/Charlie_Kirk_Mi/Israel/Ga_za_Clense.mp4	video	1665673	1763141720		/Users/bryan/BGit/Bryan_git/personal_large_files_bridge/_Mirror/Politics/Charlie_Kirk_Mi/Israel/Ga_za_Clense.mp4.transcription	video	/Users/bryan/BGit/Bryan_git/personal_large_files_bridge/_Mirror/Politics/Charlie_Kirk_Mi/Israel/Ga_za_Clense.mp4.ai_description	/Users/bryan/BGit/Bryan_git/personal_large_files_bridge/_Mirror/Politics/Charlie_Kirk_Mi/Israel/Ga_za_Clense.mp4.ocr							local	mirror	Israel	
mirror/Israel/M0ssad_Recruit_Emp_1	M0ssad_Recruit_Emp_1.mp4	/Users/bryan/_Mirror/Politics/Charlie_Kirk_Mi/Israel/M0ssad_Recruit_Emp_1.mp4	video	32569545	1765044300		/Users/bryan/BGit/Bryan_git/personal_large_files_bridge/_Mirror/Politics/Charlie_Kirk_Mi/Israel/M0ssad_Recruit_Emp_1.mp4.transcription	video	/Users/bryan/BGit/Bryan_git/personal_large_files_bridge/_Mirror/Politics/Charlie_Kirk_Mi/Israel/M0ssad_Recruit_Emp_1.mp4.ai_description	/Users/bryan/BGit/Bryan_git/personal_large_files_bridge/_Mirror/Politics/Charlie_Kirk_Mi/Israel/M0ssad_Recruit_Emp_1.mp4.ocr							local	mirror	Israel	
mirror/Israel/M0ssad_Recruit_Emp_2	M0ssad_Recruit_Emp_2.mp4	/Users/bryan/_Mirror/Politics/Charlie_Kirk_Mi/Israel/M0ssad_Recruit_Emp_2.mp4	video	21055557	1765044304		/Users/bryan/BGit/Bryan_git/personal_large_files_bridge/_Mirror/Politics/Charlie_Kirk_Mi/Israel/M0ssad_Recruit_Emp_2.mp4.transcription	video	/Users/bryan/BGit/Bryan_git/personal_large_files_bridge/_Mirror/Politics/Charlie_Kirk_Mi/Israel/M0ssad_Recruit_Emp_2.mp4.ai_description	/Users/bryan/BGit/Bryan_git/personal_large_files_bridge/_Mirror/Politics/Charlie_Kirk_Mi/Israel/M0ssad_Recruit_Emp_2.mp4.ocr							local	mirror	Israel	
mirror/Israel/Mossad_Googled_In_July	Mossad_Googled_In_July.mp4	/Users/bryan/_Mirror/Politics/Charlie_Kirk_Mi/Israel/Mossad_Googled_In_July.mp4	video	21917845	1760142161		/Users/bryan/BGit/Bryan_git/personal_large_files_bridge/_Mirror/Politics/Charlie_Kirk_Mi/Israel/Mossad_Googled_In_July.mp4.transcription	video	/Users/bryan/BGit/Bryan_git/personal_large_files_bridge/_Mirror/Politics/Charlie_Kirk_Mi/Israel/Mossad_Googled_In_July.mp4.ai_description	/Users/bryan/BGit/Bryan_git/personal_large_files_bridge/_Mirror/Politics/Charlie_Kirk_Mi/Israel/Mossad_Googled_In_July.mp4.ocr							local	mirror	Israel	
mirror/Israel/Priv_Messages_Charlie	Priv_Messages_Charlie.mp4	/Users/bryan/_Mirror/Politics/Charlie_Kirk_Mi/Israel/Priv_Messages_Charlie.mp4	video	2154346	1762176651		/Users/bryan/BGit/Bryan_git/personal_large_files_bridge/_Mirror/Politics/Charlie_Kirk_Mi/Israel/Priv_Messages_Charlie.mp4.transcription	video	/Users/bryan/BGit/Bryan_git/personal_large_files_bridge/_Mirror/Politics/Charlie_Kirk_Mi/Israel/Priv_Messages_Charlie.mp4.ai_description	/Users/bryan/BGit/Bryan_git/personal_large_files_bridge/_Mirror/Politics/Charlie_Kirk_Mi/Israel/Priv_Messages_Charlie.mp4.ocr							local	mirror	Israel	
mirror/Israel/RedPill_Israel	RedPill_Israel.mp4	/Users/bryan/_Mirror/Politics/Charlie_Kirk_Mi/Israel/RedPill_Israel.mp4	video	8667110	1760826267		/Users/bryan/BGit/Bryan_git/personal_large_files_bridge/_Mirror/Politics/Charlie_Kirk_Mi/Israel/RedPill_Israel.mp4.transcription	video	/Users/bryan/BGit/Bryan_git/personal_large_files_bridge/_Mirror/Politics/Charlie_Kirk_Mi/Israel/RedPill_Israel.mp4.ai_description	/Users/bryan/BGit/Bryan_git/personal_large_files_bridge/_Mirror/Politics/Charlie_Kirk_Mi/Israel/RedPill_Israel.mp4.ocr							local	mirror	Israel	
mirror/Israel/Secret_Service_Cars/Alex Jones - BREAKING EXCLUSIVE： Investigative Journalist Max Blumenthal Says Whit... [1968037294037684224]	Alex Jones - BREAKING EXCLUSIVE： Investigative Journalist Max Blumenthal Says Whit... [1968037294037684224].mp4	/Users/bryan/_Mirror/Politics/Charlie_Kirk_Mi/Israel/Secret_Service_Cars/Alex Jones - BREAKING EXCLUSIVE： Investigative Journalist Max Blumenthal Says Whit... [1968037294037684224].mp4	video	18280636	1763486440		/Users/bryan/BGit/Bryan_git/personal_large_files_bridge/_Mirror/Politics/Charlie_Kirk_Mi/Israel/Secret_Service_Cars/Alex Jones - BREAKING EXCLUSIVE： Investigative Journalist Max Blumenthal Says Whit... [1968037294037684224].mp4.transcription	video	/Users/bryan/BGit/Bryan_git/personal_large_files_bridge/_Mirror/Politics/Charlie_Kirk_Mi/Israel/Secret_Service_Cars/Alex Jones - BREAKING EXCLUSIVE： Investigative Journalist Max Blumenthal Says Whit... [1968037294037684224].mp4.ai_description	/Users/bryan/BGit/Bryan_git/personal_large_files_bridge/_Mirror/Politics/Charlie_Kirk_Mi/Israel/Secret_Service_Cars/Alex Jones - BREAKING EXCLUSIVE： Investigative Journalist Max Blumenthal Says Whit... [1968037294037684224].mp4.ocr							local	mirror	Israel/Secret_Service_Cars	
mirror/Israel/Secret_Service_Cars/The SCIF - Secret Service found electronic devices planted in their emergency ve... [1966993373761249280]	The SCIF - Secret Service found electronic devices planted in their emergency ve... [1966993373761249280].mp4	/Users/bryan/_Mirror/Politics/Charlie_Kirk_Mi/Israel/Secret_Service_Cars/The SCIF - Secret Service found electronic devices planted in their emergency ve... [1966993373761249280].mp4	video	8003519	1763487034		/Users/bryan/BGit/Bryan_git/personal_large_files_bridge/_Mirror/Politics/Charlie_Kirk_Mi/Israel/Secret_Service_Cars/The SCIF - Secret Service found electronic devices planted in their emergency ve... [1966993373761249280].mp4.transcription	video	/Users/bryan/BGit/Bryan_git/personal_large_files_bridge/_Mirror/Politics/Charlie_Kirk_Mi/Israel/Secret_Service_Cars/The SCIF - Secret Service found electronic devices planted in their emergency ve... [1966993373761249280].mp4.ai_description	/Users/bryan/BGit/Bryan_git/personal_large_files_bridge/_Mirror/Politics/Charlie_Kirk_Mi/Israel/Secret_Service_Cars/The SCIF - Secret Service found electronic devices planted in their emergency ve... [1966993373761249280].mp4.ocr							local	mirror	Israel/Secret_Service_Cars	
mirror/Israel/TPV Sean - Iranian Hackers Release Proof FBI 'Framed' Tyler Robinson For Charlie... [2039399246907019265]	TPV Sean - Iranian Hackers Release Proof FBI 'Framed' Tyler Robinson For Charlie... [2039399246907019265].mp4	/Users/bryan/_Mirror/Politics/Charlie_Kirk_Mi/Israel/TPV Sean - Iranian Hackers Release Proof FBI 'Framed' Tyler Robinson For Charlie... [2039399246907019265].mp4	video	119724313	1775068653		/Users/bryan/BGit/Bryan_git/personal_large_files_bridge/_Mirror/Politics/Charlie_Kirk_Mi/Israel/TPV Sean - Iranian Hackers Release Proof FBI 'Framed' Tyler Robinson For Charlie... [2039399246907019265].mp4.transcription	video	/Users/bryan/BGit/Bryan_git/personal_large_files_bridge/_Mirror/Politics/Charlie_Kirk_Mi/Israel/TPV Sean - Iranian Hackers Release Proof FBI 'Framed' Tyler Robinson For Charlie... [2039399246907019265].mp4.ai_description	/Users/bryan/BGit/Bryan_git/personal_large_files_bridge/_Mirror/Politics/Charlie_Kirk_Mi/Israel/TPV Sean - Iranian Hackers Release Proof FBI 'Framed' Tyler Robinson For Charlie... [2039399246907019265].mp4.ocr							local	mirror	Israel	
mirror/Israel/The American Conservative - Charlie Kirk warned against starting a war with Iran. His worst fears... [2030840849970651136]	The American Conservative - Charlie Kirk warned against starting a war with Iran. His worst fears... [2030840849970651136].mp4	/Users/bryan/_Mirror/Politics/Charlie_Kirk_Mi/Israel/The American Conservative - Charlie Kirk warned against starting a war with Iran. His worst fears... [2030840849970651136].mp4	video	6368959	1773077979		/Users/bryan/BGit/Bryan_git/personal_large_files_bridge/_Mirror/Politics/Charlie_Kirk_Mi/Israel/The American Conservative - Charlie Kirk warned against starting a war with Iran. His worst fears... [2030840849970651136].mp4.transcription	video	/Users/bryan/BGit/Bryan_git/personal_large_files_bridge/_Mirror/Politics/Charlie_Kirk_Mi/Israel/The American Conservative - Charlie Kirk warned against starting a war with Iran. His worst fears... [2030840849970651136].mp4.ai_description	/Users/bryan/BGit/Bryan_git/personal_large_files_bridge/_Mirror/Politics/Charlie_Kirk_Mi/Israel/The American Conservative - Charlie Kirk warned against starting a war with Iran. His worst fears... [2030840849970651136].mp4.ocr							local	mirror	Israel	
mirror/Israel/Whistle_Blower_Patrick_Howley	Whistle_Blower_Patrick_Howley.mp4	/Users/bryan/_Mirror/Politics/Charlie_Kirk_Mi/Israel/Whistle_Blower_Patrick_Howley.mp4	video	1558501	1769354582		/Users/bryan/BGit/Bryan_git/personal_large_files_bridge/_Mirror/Politics/Charlie_Kirk_Mi/Israel/Whistle_Blower_Patrick_Howley.mp4.transcription	video	/Users/bryan/BGit/Bryan_git/personal_large_files_bridge/_Mirror/Politics/Charlie_Kirk_Mi/Israel/Whistle_Blower_Patrick_Howley.mp4.ai_description	/Users/bryan/BGit/Bryan_git/personal_large_files_bridge/_Mirror/Politics/Charlie_Kirk_Mi/Israel/Whistle_Blower_Patrick_Howley.mp4.ocr							local	mirror	Israel	
mirror/Israel/matrixbot - BOMBSHELL LEAKED AUDIO： AZ RNC Committeewoman Liz Harris claims TPUSA... [2036510865772650498]	matrixbot - BOMBSHELL LEAKED AUDIO： AZ RNC Committeewoman Liz Harris claims TPUSA... [2036510865772650498].mp4	/Users/bryan/_Mirror/Politics/Charlie_Kirk_Mi/Israel/matrixbot - BOMBSHELL LEAKED AUDIO： AZ RNC Committeewoman Liz Harris claims TPUSA... [2036510865772650498].mp4	video	3046117	1774389941		/Users/bryan/BGit/Bryan_git/personal_large_files_bridge/_Mirror/Politics/Charlie_Kirk_Mi/Israel/matrixbot - BOMBSHELL LEAKED AUDIO： AZ RNC Committeewoman Liz Harris claims TPUSA... [2036510865772650498].mp4.transcription	video	/Users/bryan/BGit/Bryan_git/personal_large_files_bridge/_Mirror/Politics/Charlie_Kirk_Mi/Israel/matrixbot - BOMBSHELL LEAKED AUDIO： AZ RNC Committeewoman Liz Harris claims TPUSA... [2036510865772650498].mp4.ai_description	/Users/bryan/BGit/Bryan_git/personal_large_files_bridge/_Mirror/Politics/Charlie_Kirk_Mi/Israel/matrixbot - BOMBSHELL LEAKED AUDIO： AZ RNC Committeewoman Liz Harris claims TPUSA... [2036510865772650498].mp4.ocr							local	mirror	Israel	
mirror/Kirk_Rifle_Roof	Kirk_Rifle_Roof.mp4	/Users/bryan/_Mirror/Politics/Charlie_Kirk_Mi/Kirk_Rifle_Roof.mp4	video	4733114	1757674537		/Users/bryan/BGit/Bryan_git/personal_large_files_bridge/_Mirror/Politics/Charlie_Kirk_Mi/Kirk_Rifle_Roof.mp4.transcription	video	/Users/bryan/BGit/Bryan_git/personal_large_files_bridge/_Mirror/Politics/Charlie_Kirk_Mi/Kirk_Rifle_Roof.mp4.ai_description	/Users/bryan/BGit/Bryan_git/personal_large_files_bridge/_Mirror/Politics/Charlie_Kirk_Mi/Kirk_Rifle_Roof.mp4.ocr							local	mirror	.	
mirror/MKUltra/Mia - Voice of God Technology [2025096310710296577]	Mia - Voice of God Technology [2025096310710296577].mp4	/Users/bryan/_Mirror/Politics/Charlie_Kirk_Mi/MKUltra/Mia - Voice of God Technology [2025096310710296577].mp4	video	6092001	1771698448		/Users/bryan/BGit/Bryan_git/personal_large_files_bridge/_Mirror/Politics/Charlie_Kirk_Mi/MKUltra/Mia - Voice of God Technology [2025096310710296577].mp4.transcription	video	/Users/bryan/BGit/Bryan_git/personal_large_files_bridge/_Mirror/Politics/Charlie_Kirk_Mi/MKUltra/Mia - Voice of God Technology [2025096310710296577].mp4.ai_description	/Users/bryan/BGit/Bryan_git/personal_large_files_bridge/_Mirror/Politics/Charlie_Kirk_Mi/MKUltra/Mia - Voice of God Technology [2025096310710296577].mp4.ocr							local	mirror	MKUltra	
mirror/MKUltra/Professor_Example	Professor_Example.mp4	/Users/bryan/_Mirror/Politics/Charlie_Kirk_Mi/MKUltra/Professor_Example.mp4	video	5212787	1771602477		/Users/bryan/BGit/Bryan_git/personal_large_files_bridge/_Mirror/Politics/Charlie_Kirk_Mi/MKUltra/Professor_Example.mp4.transcription	video	/Users/bryan/BGit/Bryan_git/personal_large_files_bridge/_Mirror/Politics/Charlie_Kirk_Mi/MKUltra/Professor_Example.mp4.ai_description	/Users/bryan/BGit/Bryan_git/personal_large_files_bridge/_Mirror/Politics/Charlie_Kirk_Mi/MKUltra/Professor_Example.mp4.ocr							local	mirror	MKUltra	
mirror/MKUltra/Redacted - 🤯 Havana syndrome is real. It's happening to CIA agents, FBI agents, ... [2035096934969442304]	Redacted - 🤯 Havana syndrome is real. It's happening to CIA agents, FBI agents, ... [2035096934969442304].mp4	/Users/bryan/_Mirror/Politics/Charlie_Kirk_Mi/MKUltra/Redacted - 🤯 Havana syndrome is real. It's happening to CIA agents, FBI agents, ... [2035096934969442304].mp4	video	247227755	1774224767		/Users/bryan/BGit/Bryan_git/personal_large_files_bridge/_Mirror/Politics/Charlie_Kirk_Mi/MKUltra/Redacted - 🤯 Havana syndrome is real. It's happening to CIA agents, FBI agents, ... [2035096934969442304].mp4.transcription	video	/Users/bryan/BGit/Bryan_git/personal_large_files_bridge/_Mirror/Politics/Charlie_Kirk_Mi/MKUltra/Redacted - 🤯 Havana syndrome is real. It's happening to CIA agents, FBI agents, ... [2035096934969442304].mp4.ai_description	/Users/bryan/BGit/Bryan_git/personal_large_files_bridge/_Mirror/Politics/Charlie_Kirk_Mi/MKUltra/Redacted - 🤯 Havana syndrome is real. It's happening to CIA agents, FBI agents, ... [2035096934969442304].mp4.ocr							local	mirror	MKUltra	
mirror/MKUltra/Voice_of_God	Voice_of_God.mp4	/Users/bryan/_Mirror/Politics/Charlie_Kirk_Mi/MKUltra/Voice_of_God.mp4	video	4672088	1769451744		/Users/bryan/BGit/Bryan_git/personal_large_files_bridge/_Mirror/Politics/Charlie_Kirk_Mi/MKUltra/Voice_of_God.mp4.transcription	video	/Users/bryan/BGit/Bryan_git/personal_large_files_bridge/_Mirror/Politics/Charlie_Kirk_Mi/MKUltra/Voice_of_God.mp4.ai_description	/Users/bryan/BGit/Bryan_git/personal_large_files_bridge/_Mirror/Politics/Charlie_Kirk_Mi/MKUltra/Voice_of_God.mp4.ocr							local	mirror	MKUltra	
mirror/MKUltra/illuminatibot - VOICE TO SKULL TECHNOLOGY    Demonstration of Voice to Skull remote 6... [2033659190754025472]	illuminatibot - VOICE TO SKULL TECHNOLOGY    Demonstration of Voice to Skull remote 6... [2033659190754025472].mp4	/Users/bryan/_Mirror/Politics/Charlie_Kirk_Mi/MKUltra/illuminatibot - VOICE TO SKULL TECHNOLOGY    Demonstration of Voice to Skull remote 6... [2033659190754025472].mp4	video	5200675	1773773472		/Users/bryan/BGit/Bryan_git/personal_large_files_bridge/_Mirror/Politics/Charlie_Kirk_Mi/MKUltra/illuminatibot - VOICE TO SKULL TECHNOLOGY    Demonstration of Voice to Skull remote 6... [2033659190754025472].mp4.transcription	video	/Users/bryan/BGit/Bryan_git/personal_large_files_bridge/_Mirror/Politics/Charlie_Kirk_Mi/MKUltra/illuminatibot - VOICE TO SKULL TECHNOLOGY    Demonstration of Voice to Skull remote 6... [2033659190754025472].mp4.ai_description	/Users/bryan/BGit/Bryan_git/personal_large_files_bridge/_Mirror/Politics/Charlie_Kirk_Mi/MKUltra/illuminatibot - VOICE TO SKULL TECHNOLOGY    Demonstration of Voice to Skull remote 6... [2033659190754025472].mp4.ocr							local	mirror	MKUltra	
mirror/MKUltra/matrixbot - Professor demonstrates how an audible signal can be silently beamed i... [2054260338875666432]	matrixbot - Professor demonstrates how an audible signal can be silently beamed i... [2054260338875666432].mp4	/Users/bryan/_Mirror/Politics/Charlie_Kirk_Mi/MKUltra/matrixbot - Professor demonstrates how an audible signal can be silently beamed i... [2054260338875666432].mp4	video	5483247	1780947574		/Users/bryan/BGit/Bryan_git/personal_large_files_bridge/_Mirror/Politics/Charlie_Kirk_Mi/MKUltra/matrixbot - Professor demonstrates how an audible signal can be silently beamed i... [2054260338875666432].mp4.transcription	video	/Users/bryan/BGit/Bryan_git/personal_large_files_bridge/_Mirror/Politics/Charlie_Kirk_Mi/MKUltra/matrixbot - Professor demonstrates how an audible signal can be silently beamed i... [2054260338875666432].mp4.ai_description	/Users/bryan/BGit/Bryan_git/personal_large_files_bridge/_Mirror/Politics/Charlie_Kirk_Mi/MKUltra/matrixbot - Professor demonstrates how an audible signal can be silently beamed i... [2054260338875666432].mp4.ocr							local	mirror	MKUltra	
mirror/MKUltra/mrredpillz jokaqarmy - Direct Energy Weapons were used in Venezuela 🤔 [2010844744591527937]	mrredpillz jokaqarmy - Direct Energy Weapons were used in Venezuela 🤔 [2010844744591527937].mp4	/Users/bryan/_Mirror/Politics/Charlie_Kirk_Mi/MKUltra/mrredpillz jokaqarmy - Direct Energy Weapons were used in Venezuela 🤔 [2010844744591527937].mp4	video	2967610	1769444486		/Users/bryan/BGit/Bryan_git/personal_large_files_bridge/_Mirror/Politics/Charlie_Kirk_Mi/MKUltra/mrredpillz jokaqarmy - Direct Energy Weapons were used in Venezuela 🤔 [2010844744591527937].mp4.transcription	video	/Users/bryan/BGit/Bryan_git/personal_large_files_bridge/_Mirror/Politics/Charlie_Kirk_Mi/MKUltra/mrredpillz jokaqarmy - Direct Energy Weapons were used in Venezuela 🤔 [2010844744591527937].mp4.ai_description	/Users/bryan/BGit/Bryan_git/personal_large_files_bridge/_Mirror/Politics/Charlie_Kirk_Mi/MKUltra/mrredpillz jokaqarmy - Direct Energy Weapons were used in Venezuela 🤔 [2010844744591527937].mp4.ocr							local	mirror	MKUltra	
mirror/Map/Campus_Tour_Fly_Over	Campus_Tour_Fly_Over.mp4	/Users/bryan/_Mirror/Politics/Charlie_Kirk_Mi/Map/Campus_Tour_Fly_Over.mp4	video	15931353	1760184235		/Users/bryan/BGit/Bryan_git/personal_large_files_bridge/_Mirror/Politics/Charlie_Kirk_Mi/Map/Campus_Tour_Fly_Over.mp4.transcription	video	/Users/bryan/BGit/Bryan_git/personal_large_files_bridge/_Mirror/Politics/Charlie_Kirk_Mi/Map/Campus_Tour_Fly_Over.mp4.ai_description	/Users/bryan/BGit/Bryan_git/personal_large_files_bridge/_Mirror/Politics/Charlie_Kirk_Mi/Map/Campus_Tour_Fly_Over.mp4.ocr							local	mirror	Map	
mirror/Map/Jason Cain - I believe I have found the #CharlieKirk #Sniper shooting location usi... #1 [1965910149694140416]	Jason Cain - I believe I have found the #CharlieKirk #Sniper shooting location usi... #1 [1965910149694140416].mp4	/Users/bryan/_Mirror/Politics/Charlie_Kirk_Mi/Map/Jason Cain - I believe I have found the #CharlieKirk #Sniper shooting location usi... #1 [1965910149694140416].mp4	video	2214429	1760187924		/Users/bryan/BGit/Bryan_git/personal_large_files_bridge/_Mirror/Politics/Charlie_Kirk_Mi/Map/Jason Cain - I believe I have found the #CharlieKirk #Sniper shooting location usi... #1 [1965910149694140416].mp4.transcription	video	/Users/bryan/BGit/Bryan_git/personal_large_files_bridge/_Mirror/Politics/Charlie_Kirk_Mi/Map/Jason Cain - I believe I have found the #CharlieKirk #Sniper shooting location usi... #1 [1965910149694140416].mp4.ai_description	/Users/bryan/BGit/Bryan_git/personal_large_files_bridge/_Mirror/Politics/Charlie_Kirk_Mi/Map/Jason Cain - I believe I have found the #CharlieKirk #Sniper shooting location usi... #1 [1965910149694140416].mp4.ocr							local	mirror	Map	
mirror/Map/Jason Cain - I believe I have found the #CharlieKirk #Sniper shooting location usi... #2 [1965910195890171906]	Jason Cain - I believe I have found the #CharlieKirk #Sniper shooting location usi... #2 [1965910195890171906].mp4	/Users/bryan/_Mirror/Politics/Charlie_Kirk_Mi/Map/Jason Cain - I believe I have found the #CharlieKirk #Sniper shooting location usi... #2 [1965910195890171906].mp4	video	1855978	1760187925		/Users/bryan/BGit/Bryan_git/personal_large_files_bridge/_Mirror/Politics/Charlie_Kirk_Mi/Map/Jason Cain - I believe I have found the #CharlieKirk #Sniper shooting location usi... #2 [1965910195890171906].mp4.transcription	video	/Users/bryan/BGit/Bryan_git/personal_large_files_bridge/_Mirror/Politics/Charlie_Kirk_Mi/Map/Jason Cain - I believe I have found the #CharlieKirk #Sniper shooting location usi... #2 [1965910195890171906].mp4.ai_description	/Users/bryan/BGit/Bryan_git/personal_large_files_bridge/_Mirror/Politics/Charlie_Kirk_Mi/Map/Jason Cain - I believe I have found the #CharlieKirk #Sniper shooting location usi... #2 [1965910195890171906].mp4.ocr							local	mirror	Map	
mirror/Map/Mario Nawfal - 🚨🇺🇸 DRONE FOOTAGE SHOWS CHARLIE KIRK ASSASSINATION CRIME SCENE AT UVU... #2 [1965990309017300992]	Mario Nawfal - 🚨🇺🇸 DRONE FOOTAGE SHOWS CHARLIE KIRK ASSASSINATION CRIME SCENE AT UVU... #2 [1965990309017300992].mp4	/Users/bryan/_Mirror/Politics/Charlie_Kirk_Mi/Map/Mario Nawfal - 🚨🇺🇸 DRONE FOOTAGE SHOWS CHARLIE KIRK ASSASSINATION CRIME SCENE AT UVU... #2 [1965990309017300992].mp4	video	1405190	1760184242		/Users/bryan/BGit/Bryan_git/personal_large_files_bridge/_Mirror/Politics/Charlie_Kirk_Mi/Map/Mario Nawfal - 🚨🇺🇸 DRONE FOOTAGE SHOWS CHARLIE KIRK ASSASSINATION CRIME SCENE AT UVU... #2 [1965990309017300992].mp4.transcription	video	/Users/bryan/BGit/Bryan_git/personal_large_files_bridge/_Mirror/Politics/Charlie_Kirk_Mi/Map/Mario Nawfal - 🚨🇺🇸 DRONE FOOTAGE SHOWS CHARLIE KIRK ASSASSINATION CRIME SCENE AT UVU... #2 [1965990309017300992].mp4.ai_description	/Users/bryan/BGit/Bryan_git/personal_large_files_bridge/_Mirror/Politics/Charlie_Kirk_Mi/Map/Mario Nawfal - 🚨🇺🇸 DRONE FOOTAGE SHOWS CHARLIE KIRK ASSASSINATION CRIME SCENE AT UVU... #2 [1965990309017300992].mp4.ocr							local	mirror	Map	
mirror/Mic/AES_Interview	AES_Interview.mp4	/Users/bryan/_Mirror/Politics/Charlie_Kirk_Mi/Mic/AES_Interview.mp4	video	50984140	1782427350		/Users/bryan/BGit/Bryan_git/personal_large_files_bridge/_Mirror/Politics/Charlie_Kirk_Mi/Mic/AES_Interview.mp4.transcription	video	/Users/bryan/BGit/Bryan_git/personal_large_files_bridge/_Mirror/Politics/Charlie_Kirk_Mi/Mic/AES_Interview.mp4.ai_description	/Users/bryan/BGit/Bryan_git/personal_large_files_bridge/_Mirror/Politics/Charlie_Kirk_Mi/Mic/AES_Interview.mp4.ocr							local	mirror	Mic	
mirror/Mic/AES_Interview_compressed	AES_Interview_compressed.mp4	/Users/bryan/_Mirror/Politics/Charlie_Kirk_Mi/Mic/AES_Interview_compressed.mp4	video	38519695	1782428958		/Users/bryan/BGit/Bryan_git/personal_large_files_bridge/_Mirror/Politics/Charlie_Kirk_Mi/Mic/AES_Interview_compressed.mp4.transcription	video	/Users/bryan/BGit/Bryan_git/personal_large_files_bridge/_Mirror/Politics/Charlie_Kirk_Mi/Mic/AES_Interview_compressed.mp4.ai_description	/Users/bryan/BGit/Bryan_git/personal_large_files_bridge/_Mirror/Politics/Charlie_Kirk_Mi/Mic/AES_Interview_compressed.mp4.ocr							local	mirror	Mic	
mirror/Mic/Marissa - Absolute proof he was not shot! [2075401619152539648]	Marissa - Absolute proof he was not shot! [2075401619152539648].mp4	/Users/bryan/_Mirror/Politics/Charlie_Kirk_Mi/Mic/Marissa - Absolute proof he was not shot! [2075401619152539648].mp4	video	12119361	1783736821		/Users/bryan/BGit/Bryan_git/personal_large_files_bridge/_Mirror/Politics/Charlie_Kirk_Mi/Mic/Marissa - Absolute proof he was not shot! [2075401619152539648].mp4.transcription	video	/Users/bryan/BGit/Bryan_git/personal_large_files_bridge/_Mirror/Politics/Charlie_Kirk_Mi/Mic/Marissa - Absolute proof he was not shot! [2075401619152539648].mp4.ai_description	/Users/bryan/BGit/Bryan_git/personal_large_files_bridge/_Mirror/Politics/Charlie_Kirk_Mi/Mic/Marissa - Absolute proof he was not shot! [2075401619152539648].mp4.ocr							local	mirror	Mic	
mirror/Mic/Master Chief John James Urgayle - @BlakeBednarz @X The necklace and shirt are moving in multiple frames... [1985431564222599168]	Master Chief John James Urgayle - @BlakeBednarz @X The necklace and shirt are moving in multiple frames... [1985431564222599168].mp4	/Users/bryan/_Mirror/Politics/Charlie_Kirk_Mi/Mic/Master Chief John James Urgayle - @BlakeBednarz @X The necklace and shirt are moving in multiple frames... [1985431564222599168].mp4	video	1162830	1762213426		/Users/bryan/BGit/Bryan_git/personal_large_files_bridge/_Mirror/Politics/Charlie_Kirk_Mi/Mic/Master Chief John James Urgayle - @BlakeBednarz @X The necklace and shirt are moving in multiple frames... [1985431564222599168].mp4.transcription	video	/Users/bryan/BGit/Bryan_git/personal_large_files_bridge/_Mirror/Politics/Charlie_Kirk_Mi/Mic/Master Chief John James Urgayle - @BlakeBednarz @X The necklace and shirt are moving in multiple frames... [1985431564222599168].mp4.ai_description	/Users/bryan/BGit/Bryan_git/personal_large_files_bridge/_Mirror/Politics/Charlie_Kirk_Mi/Mic/Master Chief John James Urgayle - @BlakeBednarz @X The necklace and shirt are moving in multiple frames... [1985431564222599168].mp4.ocr							local	mirror	Mic	
mirror/Mic/Project Constitution - 🚨 MYSTERY SOLVED： What Really Pulled the Fabric Over His Shoulder.  W... [2039801819392868352]	Project Constitution - 🚨 MYSTERY SOLVED： What Really Pulled the Fabric Over His Shoulder.  W... [2039801819392868352].mp4	/Users/bryan/_Mirror/Politics/Charlie_Kirk_Mi/Mic/Project Constitution - 🚨 MYSTERY SOLVED： What Really Pulled the Fabric Over His Shoulder.  W... [2039801819392868352].mp4	video	3406804	1775162632		/Users/bryan/BGit/Bryan_git/personal_large_files_bridge/_Mirror/Politics/Charlie_Kirk_Mi/Mic/Project Constitution - 🚨 MYSTERY SOLVED： What Really Pulled the Fabric Over His Shoulder.  W... [2039801819392868352].mp4.transcription	video	/Users/bryan/BGit/Bryan_git/personal_large_files_bridge/_Mirror/Politics/Charlie_Kirk_Mi/Mic/Project Constitution - 🚨 MYSTERY SOLVED： What Really Pulled the Fabric Over His Shoulder.  W... [2039801819392868352].mp4.ai_description	/Users/bryan/BGit/Bryan_git/personal_large_files_bridge/_Mirror/Politics/Charlie_Kirk_Mi/Mic/Project Constitution - 🚨 MYSTERY SOLVED： What Really Pulled the Fabric Over His Shoulder.  W... [2039801819392868352].mp4.ocr							local	mirror	Mic	
mirror/Mic/US_did_ 911 - @jonaaronbray Okay, the official narrative is BS. That has been settl... [2027171669668683777]	US_did_ 911 - @jonaaronbray Okay, the official narrative is BS. That has been settl... [2027171669668683777].mp4	/Users/bryan/_Mirror/Politics/Charlie_Kirk_Mi/Mic/US_did_ 911 - @jonaaronbray Okay, the official narrative is BS. That has been settl... [2027171669668683777].mp4	video	5048870	1772159966		/Users/bryan/BGit/Bryan_git/personal_large_files_bridge/_Mirror/Politics/Charlie_Kirk_Mi/Mic/US_did_ 911 - @jonaaronbray Okay, the official narrative is BS. That has been settl... [2027171669668683777].mp4.transcription	video	/Users/bryan/BGit/Bryan_git/personal_large_files_bridge/_Mirror/Politics/Charlie_Kirk_Mi/Mic/US_did_ 911 - @jonaaronbray Okay, the official narrative is BS. That has been settl... [2027171669668683777].mp4.ai_description	/Users/bryan/BGit/Bryan_git/personal_large_files_bridge/_Mirror/Politics/Charlie_Kirk_Mi/Mic/US_did_ 911 - @jonaaronbray Okay, the official narrative is BS. That has been settl... [2027171669668683777].mp4.ocr							local	mirror	Mic	
mirror/Mic/y4iVm588Tf4kJH3A	y4iVm588Tf4kJH3A.mp4	/Users/bryan/_Mirror/Politics/Charlie_Kirk_Mi/Mic/y4iVm588Tf4kJH3A.mp4	video	12932539	1759916410		/Users/bryan/BGit/Bryan_git/personal_large_files_bridge/_Mirror/Politics/Charlie_Kirk_Mi/Mic/y4iVm588Tf4kJH3A.mp4.transcription	video	/Users/bryan/BGit/Bryan_git/personal_large_files_bridge/_Mirror/Politics/Charlie_Kirk_Mi/Mic/y4iVm588Tf4kJH3A.mp4.ai_description	/Users/bryan/BGit/Bryan_git/personal_large_files_bridge/_Mirror/Politics/Charlie_Kirk_Mi/Mic/y4iVm588Tf4kJH3A.mp4.ocr							local	mirror	Mic	
mirror/Other/Skyler_Baird/James Li - 🚨 Meet Skyler Baird — he is the “eyewitness” who： - appeared crying o... [1983327522109714432]	James Li - 🚨 Meet Skyler Baird — he is the “eyewitness” who： - appeared crying o... [1983327522109714432].mp4	/Users/bryan/_Mirror/Politics/Charlie_Kirk_Mi/Other/Skyler_Baird/James Li - 🚨 Meet Skyler Baird — he is the “eyewitness” who： - appeared crying o... [1983327522109714432].mp4	video	63426836	1761699095		/Users/bryan/BGit/Bryan_git/personal_large_files_bridge/_Mirror/Politics/Charlie_Kirk_Mi/Other/Skyler_Baird/James Li - 🚨 Meet Skyler Baird — he is the “eyewitness” who： - appeared crying o... [1983327522109714432].mp4.transcription	video	/Users/bryan/BGit/Bryan_git/personal_large_files_bridge/_Mirror/Politics/Charlie_Kirk_Mi/Other/Skyler_Baird/James Li - 🚨 Meet Skyler Baird — he is the “eyewitness” who： - appeared crying o... [1983327522109714432].mp4.ai_description	/Users/bryan/BGit/Bryan_git/personal_large_files_bridge/_Mirror/Politics/Charlie_Kirk_Mi/Other/Skyler_Baird/James Li - 🚨 Meet Skyler Baird — he is the “eyewitness” who： - appeared crying o... [1983327522109714432].mp4.ocr							local	mirror	Other/Skyler_Baird	
mirror/Patsy_Curly_Wave_Hands/John Basham - BREAKING： Newly Discovered Crowd Video Of A Man CELEBRATING IMMEDIATE... [1966008876668506112]	John Basham - BREAKING： Newly Discovered Crowd Video Of A Man CELEBRATING IMMEDIATE... [1966008876668506112].mp4	/Users/bryan/_Mirror/Politics/Charlie_Kirk_Mi/Patsy_Curly_Wave_Hands/John Basham - BREAKING： Newly Discovered Crowd Video Of A Man CELEBRATING IMMEDIATE... [1966008876668506112].mp4	video	2107535	1760348187		/Users/bryan/BGit/Bryan_git/personal_large_files_bridge/_Mirror/Politics/Charlie_Kirk_Mi/Patsy_Curly_Wave_Hands/John Basham - BREAKING： Newly Discovered Crowd Video Of A Man CELEBRATING IMMEDIATE... [1966008876668506112].mp4.transcription	video	/Users/bryan/BGit/Bryan_git/personal_large_files_bridge/_Mirror/Politics/Charlie_Kirk_Mi/Patsy_Curly_Wave_Hands/John Basham - BREAKING： Newly Discovered Crowd Video Of A Man CELEBRATING IMMEDIATE... [1966008876668506112].mp4.ai_description	/Users/bryan/BGit/Bryan_git/personal_large_files_bridge/_Mirror/Politics/Charlie_Kirk_Mi/Patsy_Curly_Wave_Hands/John Basham - BREAKING： Newly Discovered Crowd Video Of A Man CELEBRATING IMMEDIATE... [1966008876668506112].mp4.ocr							local	mirror	Patsy_Curly_Wave_Hands	
mirror/Patsy_Curly_Wave_Hands/Mr Commonsense - @shaunmmaguire Newly Discovered Crowd Video Of A Man CELEBRATING IMME... [1966324132607340544]	Mr Commonsense - @shaunmmaguire Newly Discovered Crowd Video Of A Man CELEBRATING IMME... [1966324132607340544].mp4	/Users/bryan/_Mirror/Politics/Charlie_Kirk_Mi/Patsy_Curly_Wave_Hands/Mr Commonsense - @shaunmmaguire Newly Discovered Crowd Video Of A Man CELEBRATING IMME... [1966324132607340544].mp4	video	2089650	1760348547		/Users/bryan/BGit/Bryan_git/personal_large_files_bridge/_Mirror/Politics/Charlie_Kirk_Mi/Patsy_Curly_Wave_Hands/Mr Commonsense - @shaunmmaguire Newly Discovered Crowd Video Of A Man CELEBRATING IMME... [1966324132607340544].mp4.transcription	video	/Users/bryan/BGit/Bryan_git/personal_large_files_bridge/_Mirror/Politics/Charlie_Kirk_Mi/Patsy_Curly_Wave_Hands/Mr Commonsense - @shaunmmaguire Newly Discovered Crowd Video Of A Man CELEBRATING IMME... [1966324132607340544].mp4.ai_description	/Users/bryan/BGit/Bryan_git/personal_large_files_bridge/_Mirror/Politics/Charlie_Kirk_Mi/Patsy_Curly_Wave_Hands/Mr Commonsense - @shaunmmaguire Newly Discovered Crowd Video Of A Man CELEBRATING IMME... [1966324132607340544].mp4.ocr							local	mirror	Patsy_Curly_Wave_Hands	
mirror/Patsy_Curly_Wave_Hands/Shaun Maguire - Of all the videos of people celebrating the assassination of Charlie ... [1965967158967676929]	Shaun Maguire - Of all the videos of people celebrating the assassination of Charlie ... [1965967158967676929].mp4	/Users/bryan/_Mirror/Politics/Charlie_Kirk_Mi/Patsy_Curly_Wave_Hands/Shaun Maguire - Of all the videos of people celebrating the assassination of Charlie ... [1965967158967676929].mp4	video	4206801	1760288266		/Users/bryan/BGit/Bryan_git/personal_large_files_bridge/_Mirror/Politics/Charlie_Kirk_Mi/Patsy_Curly_Wave_Hands/Shaun Maguire - Of all the videos of people celebrating the assassination of Charlie ... [1965967158967676929].mp4.transcription	video	/Users/bryan/BGit/Bryan_git/personal_large_files_bridge/_Mirror/Politics/Charlie_Kirk_Mi/Patsy_Curly_Wave_Hands/Shaun Maguire - Of all the videos of people celebrating the assassination of Charlie ... [1965967158967676929].mp4.ai_description	/Users/bryan/BGit/Bryan_git/personal_large_files_bridge/_Mirror/Politics/Charlie_Kirk_Mi/Patsy_Curly_Wave_Hands/Shaun Maguire - Of all the videos of people celebrating the assassination of Charlie ... [1965967158967676929].mp4.ocr							local	mirror	Patsy_Curly_Wave_Hands	
mirror/Patsy_George_Zinn/George_Zinn	George_Zinn.mp4	/Users/bryan/_Mirror/Politics/Charlie_Kirk_Mi/Patsy_George_Zinn/George_Zinn.mp4	video	3564869	1758744255		/Users/bryan/BGit/Bryan_git/personal_large_files_bridge/_Mirror/Politics/Charlie_Kirk_Mi/Patsy_George_Zinn/George_Zinn.mp4.transcription	video	/Users/bryan/BGit/Bryan_git/personal_large_files_bridge/_Mirror/Politics/Charlie_Kirk_Mi/Patsy_George_Zinn/George_Zinn.mp4.ai_description	/Users/bryan/BGit/Bryan_git/personal_large_files_bridge/_Mirror/Politics/Charlie_Kirk_Mi/Patsy_George_Zinn/George_Zinn.mp4.ocr							local	mirror	Patsy_George_Zinn	
mirror/Patsy_George_Zinn/HustleBitch - WATCH as George Zinn in the crowd appears to set something down…then ... [1971065129555951616]	HustleBitch - WATCH as George Zinn in the crowd appears to set something down…then ... [1971065129555951616].mp4	/Users/bryan/_Mirror/Politics/Charlie_Kirk_Mi/Patsy_George_Zinn/HustleBitch - WATCH as George Zinn in the crowd appears to set something down…then ... [1971065129555951616].mp4	video	3350214	1758791113		/Users/bryan/BGit/Bryan_git/personal_large_files_bridge/_Mirror/Politics/Charlie_Kirk_Mi/Patsy_George_Zinn/HustleBitch - WATCH as George Zinn in the crowd appears to set something down…then ... [1971065129555951616].mp4.transcription	video	/Users/bryan/BGit/Bryan_git/personal_large_files_bridge/_Mirror/Politics/Charlie_Kirk_Mi/Patsy_George_Zinn/HustleBitch - WATCH as George Zinn in the crowd appears to set something down…then ... [1971065129555951616].mp4.ai_description	/Users/bryan/BGit/Bryan_git/personal_large_files_bridge/_Mirror/Politics/Charlie_Kirk_Mi/Patsy_George_Zinn/HustleBitch - WATCH as George Zinn in the crowd appears to set something down…then ... [1971065129555951616].mp4.ocr							local	mirror	Patsy_George_Zinn	
mirror/Patsy_George_Zinn/Project Constitution - 🚨RAW VIDEO 2： Recorded From Under Walkway In The Tunnel. Video Of Pol... [1977615371675844608]	Project Constitution - 🚨RAW VIDEO 2： Recorded From Under Walkway In The Tunnel. Video Of Pol... [1977615371675844608].mp4	/Users/bryan/_Mirror/Politics/Charlie_Kirk_Mi/Patsy_George_Zinn/Project Constitution - 🚨RAW VIDEO 2： Recorded From Under Walkway In The Tunnel. Video Of Pol... [1977615371675844608].mp4	video	4620676	1760371063		/Users/bryan/BGit/Bryan_git/personal_large_files_bridge/_Mirror/Politics/Charlie_Kirk_Mi/Patsy_George_Zinn/Project Constitution - 🚨RAW VIDEO 2： Recorded From Under Walkway In The Tunnel. Video Of Pol... [1977615371675844608].mp4.transcription	video	/Users/bryan/BGit/Bryan_git/personal_large_files_bridge/_Mirror/Politics/Charlie_Kirk_Mi/Patsy_George_Zinn/Project Constitution - 🚨RAW VIDEO 2： Recorded From Under Walkway In The Tunnel. Video Of Pol... [1977615371675844608].mp4.ai_description	/Users/bryan/BGit/Bryan_git/personal_large_files_bridge/_Mirror/Politics/Charlie_Kirk_Mi/Patsy_George_Zinn/Project Constitution - 🚨RAW VIDEO 2： Recorded From Under Walkway In The Tunnel. Video Of Pol... [1977615371675844608].mp4.ocr							local	mirror	Patsy_George_Zinn	
mirror/Pellet_Gun_Guy/10_1_Min_30_sec_Video	10_1_Min_30_sec_Video.mp4	/Users/bryan/_Mirror/Politics/Charlie_Kirk_Mi/Pellet_Gun_Guy/10_1_Min_30_sec_Video.mp4	video	4090566	1758793372		/Users/bryan/BGit/Bryan_git/personal_large_files_bridge/_Mirror/Politics/Charlie_Kirk_Mi/Pellet_Gun_Guy/10_1_Min_30_sec_Video.mp4.transcription	video	/Users/bryan/BGit/Bryan_git/personal_large_files_bridge/_Mirror/Politics/Charlie_Kirk_Mi/Pellet_Gun_Guy/10_1_Min_30_sec_Video.mp4.ai_description	/Users/bryan/BGit/Bryan_git/personal_large_files_bridge/_Mirror/Politics/Charlie_Kirk_Mi/Pellet_Gun_Guy/10_1_Min_30_sec_Video.mp4.ocr							local	mirror	Pellet_Gun_Guy	
mirror/Pellet_Gun_Guy/10_Pellet_Gun	10_Pellet_Gun.mp4	/Users/bryan/_Mirror/Politics/Charlie_Kirk_Mi/Pellet_Gun_Guy/10_Pellet_Gun.mp4	video	7781019	1758792509		/Users/bryan/BGit/Bryan_git/personal_large_files_bridge/_Mirror/Politics/Charlie_Kirk_Mi/Pellet_Gun_Guy/10_Pellet_Gun.mp4.transcription	video	/Users/bryan/BGit/Bryan_git/personal_large_files_bridge/_Mirror/Politics/Charlie_Kirk_Mi/Pellet_Gun_Guy/10_Pellet_Gun.mp4.ai_description	/Users/bryan/BGit/Bryan_git/personal_large_files_bridge/_Mirror/Politics/Charlie_Kirk_Mi/Pellet_Gun_Guy/10_Pellet_Gun.mp4.ocr							local	mirror	Pellet_Gun_Guy	
mirror/Pellet_Gun_Guy/13_Pellet_Gun	13_Pellet_Gun.mp4	/Users/bryan/_Mirror/Politics/Charlie_Kirk_Mi/Pellet_Gun_Guy/13_Pellet_Gun.mp4	video	39547934	1758797134		/Users/bryan/BGit/Bryan_git/personal_large_files_bridge/_Mirror/Politics/Charlie_Kirk_Mi/Pellet_Gun_Guy/13_Pellet_Gun.mp4.transcription	video	/Users/bryan/BGit/Bryan_git/personal_large_files_bridge/_Mirror/Politics/Charlie_Kirk_Mi/Pellet_Gun_Guy/13_Pellet_Gun.mp4.ai_description	/Users/bryan/BGit/Bryan_git/personal_large_files_bridge/_Mirror/Politics/Charlie_Kirk_Mi/Pellet_Gun_Guy/13_Pellet_Gun.mp4.ocr							local	mirror	Pellet_Gun_Guy	
mirror/Pellet_Gun_Guy/5_Pellet_Gun_Guy	5_Pellet_Gun_Guy.mp4	/Users/bryan/_Mirror/Politics/Charlie_Kirk_Mi/Pellet_Gun_Guy/5_Pellet_Gun_Guy.mp4	video	4185425	1758338451		/Users/bryan/BGit/Bryan_git/personal_large_files_bridge/_Mirror/Politics/Charlie_Kirk_Mi/Pellet_Gun_Guy/5_Pellet_Gun_Guy.mp4.transcription	video	/Users/bryan/BGit/Bryan_git/personal_large_files_bridge/_Mirror/Politics/Charlie_Kirk_Mi/Pellet_Gun_Guy/5_Pellet_Gun_Guy.mp4.ai_description	/Users/bryan/BGit/Bryan_git/personal_large_files_bridge/_Mirror/Politics/Charlie_Kirk_Mi/Pellet_Gun_Guy/5_Pellet_Gun_Guy.mp4.ocr							local	mirror	Pellet_Gun_Guy	
mirror/Pellet_Gun_Guy/6_Pellet_Gun	6_Pellet_Gun.mp4	/Users/bryan/_Mirror/Politics/Charlie_Kirk_Mi/Pellet_Gun_Guy/6_Pellet_Gun.mp4	video	19718605	1758792566		/Users/bryan/BGit/Bryan_git/personal_large_files_bridge/_Mirror/Politics/Charlie_Kirk_Mi/Pellet_Gun_Guy/6_Pellet_Gun.mp4.transcription	video	/Users/bryan/BGit/Bryan_git/personal_large_files_bridge/_Mirror/Politics/Charlie_Kirk_Mi/Pellet_Gun_Guy/6_Pellet_Gun.mp4.ai_description	/Users/bryan/BGit/Bryan_git/personal_large_files_bridge/_Mirror/Politics/Charlie_Kirk_Mi/Pellet_Gun_Guy/6_Pellet_Gun.mp4.ocr							local	mirror	Pellet_Gun_Guy	
mirror/Pellet_Gun_Guy/8_Pellet_Gun_Guy	8_Pellet_Gun_Guy.mp4	/Users/bryan/_Mirror/Politics/Charlie_Kirk_Mi/Pellet_Gun_Guy/8_Pellet_Gun_Guy.mp4	video	15160220	1758792878		/Users/bryan/BGit/Bryan_git/personal_large_files_bridge/_Mirror/Politics/Charlie_Kirk_Mi/Pellet_Gun_Guy/8_Pellet_Gun_Guy.mp4.transcription	video	/Users/bryan/BGit/Bryan_git/personal_large_files_bridge/_Mirror/Politics/Charlie_Kirk_Mi/Pellet_Gun_Guy/8_Pellet_Gun_Guy.mp4.ai_description	/Users/bryan/BGit/Bryan_git/personal_large_files_bridge/_Mirror/Politics/Charlie_Kirk_Mi/Pellet_Gun_Guy/8_Pellet_Gun_Guy.mp4.ocr							local	mirror	Pellet_Gun_Guy	
mirror/Pellet_Gun_Guy/9_Pellet_Gun	9_Pellet_Gun.mp4	/Users/bryan/_Mirror/Politics/Charlie_Kirk_Mi/Pellet_Gun_Guy/9_Pellet_Gun.mp4	video	3935712	1758792718		/Users/bryan/BGit/Bryan_git/personal_large_files_bridge/_Mirror/Politics/Charlie_Kirk_Mi/Pellet_Gun_Guy/9_Pellet_Gun.mp4.transcription	video	/Users/bryan/BGit/Bryan_git/personal_large_files_bridge/_Mirror/Politics/Charlie_Kirk_Mi/Pellet_Gun_Guy/9_Pellet_Gun.mp4.ai_description	/Users/bryan/BGit/Bryan_git/personal_large_files_bridge/_Mirror/Politics/Charlie_Kirk_Mi/Pellet_Gun_Guy/9_Pellet_Gun.mp4.ocr							local	mirror	Pellet_Gun_Guy	
mirror/Pellet_Gun_Guy/Lower_Pri/12_Pellet_Gun	12_Pellet_Gun.mp4	/Users/bryan/_Mirror/Politics/Charlie_Kirk_Mi/Pellet_Gun_Guy/Lower_Pri/12_Pellet_Gun.mp4	video	14825417	1758793090		/Users/bryan/BGit/Bryan_git/personal_large_files_bridge/_Mirror/Politics/Charlie_Kirk_Mi/Pellet_Gun_Guy/Lower_Pri/12_Pellet_Gun.mp4.transcription	video	/Users/bryan/BGit/Bryan_git/personal_large_files_bridge/_Mirror/Politics/Charlie_Kirk_Mi/Pellet_Gun_Guy/Lower_Pri/12_Pellet_Gun.mp4.ai_description	/Users/bryan/BGit/Bryan_git/personal_large_files_bridge/_Mirror/Politics/Charlie_Kirk_Mi/Pellet_Gun_Guy/Lower_Pri/12_Pellet_Gun.mp4.ocr							local	mirror	Pellet_Gun_Guy/Lower_Pri	
mirror/Pellet_Gun_Guy/Lower_Pri/4_Pellet_Gun_Guy_	4_Pellet_Gun_Guy_.mp4	/Users/bryan/_Mirror/Politics/Charlie_Kirk_Mi/Pellet_Gun_Guy/Lower_Pri/4_Pellet_Gun_Guy_.mp4	video	11360840	1758793004		/Users/bryan/BGit/Bryan_git/personal_large_files_bridge/_Mirror/Politics/Charlie_Kirk_Mi/Pellet_Gun_Guy/Lower_Pri/4_Pellet_Gun_Guy_.mp4.transcription	video	/Users/bryan/BGit/Bryan_git/personal_large_files_bridge/_Mirror/Politics/Charlie_Kirk_Mi/Pellet_Gun_Guy/Lower_Pri/4_Pellet_Gun_Guy_.mp4.ai_description	/Users/bryan/BGit/Bryan_git/personal_large_files_bridge/_Mirror/Politics/Charlie_Kirk_Mi/Pellet_Gun_Guy/Lower_Pri/4_Pellet_Gun_Guy_.mp4.ocr							local	mirror	Pellet_Gun_Guy/Lower_Pri	
mirror/Pellet_Gun_Guy/War Reporter - 🚨 BREAKING： The alleged shooter of Charlie Kirk has been arrested. Th... [1966032196038279168]	War Reporter - 🚨 BREAKING： The alleged shooter of Charlie Kirk has been arrested. Th... [1966032196038279168].mp4	/Users/bryan/_Mirror/Politics/Charlie_Kirk_Mi/Pellet_Gun_Guy/War Reporter - 🚨 BREAKING： The alleged shooter of Charlie Kirk has been arrested. Th... [1966032196038279168].mp4	video	7781019	1762001168		/Users/bryan/BGit/Bryan_git/personal_large_files_bridge/_Mirror/Politics/Charlie_Kirk_Mi/Pellet_Gun_Guy/War Reporter - 🚨 BREAKING： The alleged shooter of Charlie Kirk has been arrested. Th... [1966032196038279168].mp4.transcription	video	/Users/bryan/BGit/Bryan_git/personal_large_files_bridge/_Mirror/Politics/Charlie_Kirk_Mi/Pellet_Gun_Guy/War Reporter - 🚨 BREAKING： The alleged shooter of Charlie Kirk has been arrested. Th... [1966032196038279168].mp4.ai_description	/Users/bryan/BGit/Bryan_git/personal_large_files_bridge/_Mirror/Politics/Charlie_Kirk_Mi/Pellet_Gun_Guy/War Reporter - 🚨 BREAKING： The alleged shooter of Charlie Kirk has been arrested. Th... [1966032196038279168].mp4.ocr							local	mirror	Pellet_Gun_Guy	
mirror/People/Blood_on_Hands_Black_Shirt_1	Blood_on_Hands_Black_Shirt_1.mp4	/Users/bryan/_Mirror/Politics/Charlie_Kirk_Mi/People/Blood_on_Hands_Black_Shirt_1.mp4	video	14892097	1775134485		/Users/bryan/BGit/Bryan_git/personal_large_files_bridge/_Mirror/Politics/Charlie_Kirk_Mi/People/Blood_on_Hands_Black_Shirt_1.mp4.transcription	video	/Users/bryan/BGit/Bryan_git/personal_large_files_bridge/_Mirror/Politics/Charlie_Kirk_Mi/People/Blood_on_Hands_Black_Shirt_1.mp4.ai_description	/Users/bryan/BGit/Bryan_git/personal_large_files_bridge/_Mirror/Politics/Charlie_Kirk_Mi/People/Blood_on_Hands_Black_Shirt_1.mp4.ocr							local	mirror	People	
mirror/People/Blood_on_Hands_Black_Shirt_2	Blood_on_Hands_Black_Shirt_2.mp4	/Users/bryan/_Mirror/Politics/Charlie_Kirk_Mi/People/Blood_on_Hands_Black_Shirt_2.mp4	video	3376138	1775134486		/Users/bryan/BGit/Bryan_git/personal_large_files_bridge/_Mirror/Politics/Charlie_Kirk_Mi/People/Blood_on_Hands_Black_Shirt_2.mp4.transcription	video	/Users/bryan/BGit/Bryan_git/personal_large_files_bridge/_Mirror/Politics/Charlie_Kirk_Mi/People/Blood_on_Hands_Black_Shirt_2.mp4.ai_description	/Users/bryan/BGit/Bryan_git/personal_large_files_bridge/_Mirror/Politics/Charlie_Kirk_Mi/People/Blood_on_Hands_Black_Shirt_2.mp4.ocr							local	mirror	People	
mirror/People/Candace_Owens/Damin Toell - oh no [2036081362869030912]	Damin Toell - oh no [2036081362869030912].mp4	/Users/bryan/_Mirror/Politics/Charlie_Kirk_Mi/People/Candace_Owens/Damin Toell - oh no [2036081362869030912].mp4	video	35887	1774288165		/Users/bryan/BGit/Bryan_git/personal_large_files_bridge/_Mirror/Politics/Charlie_Kirk_Mi/People/Candace_Owens/Damin Toell - oh no [2036081362869030912].mp4.transcription	video	/Users/bryan/BGit/Bryan_git/personal_large_files_bridge/_Mirror/Politics/Charlie_Kirk_Mi/People/Candace_Owens/Damin Toell - oh no [2036081362869030912].mp4.ai_description	/Users/bryan/BGit/Bryan_git/personal_large_files_bridge/_Mirror/Politics/Charlie_Kirk_Mi/People/Candace_Owens/Damin Toell - oh no [2036081362869030912].mp4.ocr							local	mirror	People/Candace_Owens	
mirror/People/Erika_Kirk/Sword Truth - https：⧸⧸t.co⧸LH8tl5X0BA  New allegations from Billionaires son agains... [2033545335293747200]	Sword Truth - https：⧸⧸t.co⧸LH8tl5X0BA  New allegations from Billionaires son agains... [2033545335293747200].mp4	/Users/bryan/_Mirror/Politics/Charlie_Kirk_Mi/People/Erika_Kirk/Sword Truth - https：⧸⧸t.co⧸LH8tl5X0BA  New allegations from Billionaires son agains... [2033545335293747200].mp4	video	120203684	1773675798		/Users/bryan/BGit/Bryan_git/personal_large_files_bridge/_Mirror/Politics/Charlie_Kirk_Mi/People/Erika_Kirk/Sword Truth - https：⧸⧸t.co⧸LH8tl5X0BA  New allegations from Billionaires son agains... [2033545335293747200].mp4.transcription	video	/Users/bryan/BGit/Bryan_git/personal_large_files_bridge/_Mirror/Politics/Charlie_Kirk_Mi/People/Erika_Kirk/Sword Truth - https：⧸⧸t.co⧸LH8tl5X0BA  New allegations from Billionaires son agains... [2033545335293747200].mp4.ai_description	/Users/bryan/BGit/Bryan_git/personal_large_files_bridge/_Mirror/Politics/Charlie_Kirk_Mi/People/Erika_Kirk/Sword Truth - https：⧸⧸t.co⧸LH8tl5X0BA  New allegations from Billionaires son agains... [2033545335293747200].mp4.ocr							local	mirror	People/Erika_Kirk	
mirror/People/Laissez Faire Lounge - I promised at Christmastime that I would be posting a chart with all ... [2014498482166321152]	Laissez Faire Lounge - I promised at Christmastime that I would be posting a chart with all ... [2014498482166321152].mp4	/Users/bryan/_Mirror/Politics/Charlie_Kirk_Mi/People/Laissez Faire Lounge - I promised at Christmastime that I would be posting a chart with all ... [2014498482166321152].mp4	video	7203267	1769180244		/Users/bryan/BGit/Bryan_git/personal_large_files_bridge/_Mirror/Politics/Charlie_Kirk_Mi/People/Laissez Faire Lounge - I promised at Christmastime that I would be posting a chart with all ... [2014498482166321152].mp4.transcription	video	/Users/bryan/BGit/Bryan_git/personal_large_files_bridge/_Mirror/Politics/Charlie_Kirk_Mi/People/Laissez Faire Lounge - I promised at Christmastime that I would be posting a chart with all ... [2014498482166321152].mp4.ai_description	/Users/bryan/BGit/Bryan_git/personal_large_files_bridge/_Mirror/Politics/Charlie_Kirk_Mi/People/Laissez Faire Lounge - I promised at Christmastime that I would be posting a chart with all ... [2014498482166321152].mp4.ocr							local	mirror	People	
mirror/People/Muppet Masher - I swear I didn't try to make it 3mins 33secs. It's just another stran... [2056741377577541633]	Muppet Masher - I swear I didn't try to make it 3mins 33secs. It's just another stran... [2056741377577541633].mp4	/Users/bryan/_Mirror/Politics/Charlie_Kirk_Mi/People/Muppet Masher - I swear I didn't try to make it 3mins 33secs. It's just another stran... [2056741377577541633].mp4	video	24150208	1779210743		/Users/bryan/BGit/Bryan_git/personal_large_files_bridge/_Mirror/Politics/Charlie_Kirk_Mi/People/Muppet Masher - I swear I didn't try to make it 3mins 33secs. It's just another stran... [2056741377577541633].mp4.transcription	video	/Users/bryan/BGit/Bryan_git/personal_large_files_bridge/_Mirror/Politics/Charlie_Kirk_Mi/People/Muppet Masher - I swear I didn't try to make it 3mins 33secs. It's just another stran... [2056741377577541633].mp4.ai_description	/Users/bryan/BGit/Bryan_git/personal_large_files_bridge/_Mirror/Politics/Charlie_Kirk_Mi/People/Muppet Masher - I swear I didn't try to make it 3mins 33secs. It's just another stran... [2056741377577541633].mp4.ocr							local	mirror	People	
mirror/People/Robbie_Dad/The Rubber Duck ™ - ‼️REMEMBER‼️ Robbie Parker's daughter Emilie was one of the ＂victims＂... [2032172809284206592]	The Rubber Duck ™ - ‼️REMEMBER‼️ Robbie Parker's daughter Emilie was one of the ＂victims＂... [2032172809284206592].mp4	/Users/bryan/_Mirror/Politics/Charlie_Kirk_Mi/People/Robbie_Dad/The Rubber Duck ™ - ‼️REMEMBER‼️ Robbie Parker's daughter Emilie was one of the ＂victims＂... [2032172809284206592].mp4	video	888230	1773345942		/Users/bryan/BGit/Bryan_git/personal_large_files_bridge/_Mirror/Politics/Charlie_Kirk_Mi/People/Robbie_Dad/The Rubber Duck ™ - ‼️REMEMBER‼️ Robbie Parker's daughter Emilie was one of the ＂victims＂... [2032172809284206592].mp4.transcription	video	/Users/bryan/BGit/Bryan_git/personal_large_files_bridge/_Mirror/Politics/Charlie_Kirk_Mi/People/Robbie_Dad/The Rubber Duck ™ - ‼️REMEMBER‼️ Robbie Parker's daughter Emilie was one of the ＂victims＂... [2032172809284206592].mp4.ai_description	/Users/bryan/BGit/Bryan_git/personal_large_files_bridge/_Mirror/Politics/Charlie_Kirk_Mi/People/Robbie_Dad/The Rubber Duck ™ - ‼️REMEMBER‼️ Robbie Parker's daughter Emilie was one of the ＂victims＂... [2032172809284206592].mp4.ocr							local	mirror	People/Robbie_Dad	
mirror/People/Skyler_Baird/James Li - 🚨 Meet Skyler Baird — he is the “eyewitness” who： - appeared crying o... [1983327522109714432]	James Li - 🚨 Meet Skyler Baird — he is the “eyewitness” who： - appeared crying o... [1983327522109714432].mp4	/Users/bryan/_Mirror/Politics/Charlie_Kirk_Mi/People/Skyler_Baird/James Li - 🚨 Meet Skyler Baird — he is the “eyewitness” who： - appeared crying o... [1983327522109714432].mp4	video	63426836	1761699095		/Users/bryan/BGit/Bryan_git/personal_large_files_bridge/_Mirror/Politics/Charlie_Kirk_Mi/People/Skyler_Baird/James Li - 🚨 Meet Skyler Baird — he is the “eyewitness” who： - appeared crying o... [1983327522109714432].mp4.transcription	video	/Users/bryan/BGit/Bryan_git/personal_large_files_bridge/_Mirror/Politics/Charlie_Kirk_Mi/People/Skyler_Baird/James Li - 🚨 Meet Skyler Baird — he is the “eyewitness” who： - appeared crying o... [1983327522109714432].mp4.ai_description	/Users/bryan/BGit/Bryan_git/personal_large_files_bridge/_Mirror/Politics/Charlie_Kirk_Mi/People/Skyler_Baird/James Li - 🚨 Meet Skyler Baird — he is the “eyewitness” who： - appeared crying o... [1983327522109714432].mp4.ocr							local	mirror	People/Skyler_Baird	
mirror/People/Skyler_Baird/Project Constitution - 🚨EXPOSED： Charlie Kirk ＂Witness＂ Caught Laughing And Smiling On ＂HOT ... #1 [2032617579194290176]	Project Constitution - 🚨EXPOSED： Charlie Kirk ＂Witness＂ Caught Laughing And Smiling On ＂HOT ... #1 [2032617579194290176].mp4	/Users/bryan/_Mirror/Politics/Charlie_Kirk_Mi/People/Skyler_Baird/Project Constitution - 🚨EXPOSED： Charlie Kirk ＂Witness＂ Caught Laughing And Smiling On ＂HOT ... #1 [2032617579194290176].mp4	video	4982067	1773592177		/Users/bryan/BGit/Bryan_git/personal_large_files_bridge/_Mirror/Politics/Charlie_Kirk_Mi/People/Skyler_Baird/Project Constitution - 🚨EXPOSED： Charlie Kirk ＂Witness＂ Caught Laughing And Smiling On ＂HOT ... #1 [2032617579194290176].mp4.transcription	video	/Users/bryan/BGit/Bryan_git/personal_large_files_bridge/_Mirror/Politics/Charlie_Kirk_Mi/People/Skyler_Baird/Project Constitution - 🚨EXPOSED： Charlie Kirk ＂Witness＂ Caught Laughing And Smiling On ＂HOT ... #1 [2032617579194290176].mp4.ai_description	/Users/bryan/BGit/Bryan_git/personal_large_files_bridge/_Mirror/Politics/Charlie_Kirk_Mi/People/Skyler_Baird/Project Constitution - 🚨EXPOSED： Charlie Kirk ＂Witness＂ Caught Laughing And Smiling On ＂HOT ... #1 [2032617579194290176].mp4.ocr							local	mirror	People/Skyler_Baird	
mirror/People/Skyler_Baird/Project Constitution - 🚨EXPOSED： Charlie Kirk ＂Witness＂ Caught Laughing And Smiling On ＂HOT ... #2 [1987224306460352512]	Project Constitution - 🚨EXPOSED： Charlie Kirk ＂Witness＂ Caught Laughing And Smiling On ＂HOT ... #2 [1987224306460352512].mp4	/Users/bryan/_Mirror/Politics/Charlie_Kirk_Mi/People/Skyler_Baird/Project Constitution - 🚨EXPOSED： Charlie Kirk ＂Witness＂ Caught Laughing And Smiling On ＂HOT ... #2 [1987224306460352512].mp4	video	191265655	1773592189		/Users/bryan/BGit/Bryan_git/personal_large_files_bridge/_Mirror/Politics/Charlie_Kirk_Mi/People/Skyler_Baird/Project Constitution - 🚨EXPOSED： Charlie Kirk ＂Witness＂ Caught Laughing And Smiling On ＂HOT ... #2 [1987224306460352512].mp4.transcription	video	/Users/bryan/BGit/Bryan_git/personal_large_files_bridge/_Mirror/Politics/Charlie_Kirk_Mi/People/Skyler_Baird/Project Constitution - 🚨EXPOSED： Charlie Kirk ＂Witness＂ Caught Laughing And Smiling On ＂HOT ... #2 [1987224306460352512].mp4.ai_description	/Users/bryan/BGit/Bryan_git/personal_large_files_bridge/_Mirror/Politics/Charlie_Kirk_Mi/People/Skyler_Baird/Project Constitution - 🚨EXPOSED： Charlie Kirk ＂Witness＂ Caught Laughing And Smiling On ＂HOT ... #2 [1987224306460352512].mp4.ocr							local	mirror	People/Skyler_Baird	
mirror/Plane_Egypt_SU_BTT/Candace Owens - 🚨BREAKING NEWS!🚨 On September 10th, after Charlie’s assasination, an ... [1977168206717472768]	Candace Owens - 🚨BREAKING NEWS!🚨 On September 10th, after Charlie’s assasination, an ... [1977168206717472768].mp4	/Users/bryan/_Mirror/Politics/Charlie_Kirk_Mi/Plane_Egypt_SU_BTT/Candace Owens - 🚨BREAKING NEWS!🚨 On September 10th, after Charlie’s assasination, an ... [1977168206717472768].mp4	video	1854492	1760531148		/Users/bryan/BGit/Bryan_git/personal_large_files_bridge/_Mirror/Politics/Charlie_Kirk_Mi/Plane_Egypt_SU_BTT/Candace Owens - 🚨BREAKING NEWS!🚨 On September 10th, after Charlie’s assasination, an ... [1977168206717472768].mp4.transcription	video	/Users/bryan/BGit/Bryan_git/personal_large_files_bridge/_Mirror/Politics/Charlie_Kirk_Mi/Plane_Egypt_SU_BTT/Candace Owens - 🚨BREAKING NEWS!🚨 On September 10th, after Charlie’s assasination, an ... [1977168206717472768].mp4.ai_description	/Users/bryan/BGit/Bryan_git/personal_large_files_bridge/_Mirror/Politics/Charlie_Kirk_Mi/Plane_Egypt_SU_BTT/Candace Owens - 🚨BREAKING NEWS!🚨 On September 10th, after Charlie’s assasination, an ... [1977168206717472768].mp4.ocr							local	mirror	Plane_Egypt_SU_BTT	
mirror/Plane_Egypt_SU_BTT/MJTruthUltra - UPDATE： Charlie Kirk  Candace Owens latest finding about the “Rental ... #1 [1990936479170695168]	MJTruthUltra - UPDATE： Charlie Kirk  Candace Owens latest finding about the “Rental ... #1 [1990936479170695168].mp4	/Users/bryan/_Mirror/Politics/Charlie_Kirk_Mi/Plane_Egypt_SU_BTT/MJTruthUltra - UPDATE： Charlie Kirk  Candace Owens latest finding about the “Rental ... #1 [1990936479170695168].mp4	video	7444191	1763519470		/Users/bryan/BGit/Bryan_git/personal_large_files_bridge/_Mirror/Politics/Charlie_Kirk_Mi/Plane_Egypt_SU_BTT/MJTruthUltra - UPDATE： Charlie Kirk  Candace Owens latest finding about the “Rental ... #1 [1990936479170695168].mp4.transcription	video	/Users/bryan/BGit/Bryan_git/personal_large_files_bridge/_Mirror/Politics/Charlie_Kirk_Mi/Plane_Egypt_SU_BTT/MJTruthUltra - UPDATE： Charlie Kirk  Candace Owens latest finding about the “Rental ... #1 [1990936479170695168].mp4.ai_description	/Users/bryan/BGit/Bryan_git/personal_large_files_bridge/_Mirror/Politics/Charlie_Kirk_Mi/Plane_Egypt_SU_BTT/MJTruthUltra - UPDATE： Charlie Kirk  Candace Owens latest finding about the “Rental ... #1 [1990936479170695168].mp4.ocr							local	mirror	Plane_Egypt_SU_BTT	
mirror/Plane_Egypt_SU_BTT/MJTruthUltra - UPDATE： Charlie Kirk  Candace Owens latest finding about the “Rental ... #2 [1990575224459350017]	MJTruthUltra - UPDATE： Charlie Kirk  Candace Owens latest finding about the “Rental ... #2 [1990575224459350017].mp4	/Users/bryan/_Mirror/Politics/Charlie_Kirk_Mi/Plane_Egypt_SU_BTT/MJTruthUltra - UPDATE： Charlie Kirk  Candace Owens latest finding about the “Rental ... #2 [1990575224459350017].mp4	video	7702833	1763519472		/Users/bryan/BGit/Bryan_git/personal_large_files_bridge/_Mirror/Politics/Charlie_Kirk_Mi/Plane_Egypt_SU_BTT/MJTruthUltra - UPDATE： Charlie Kirk  Candace Owens latest finding about the “Rental ... #2 [1990575224459350017].mp4.transcription	video	/Users/bryan/BGit/Bryan_git/personal_large_files_bridge/_Mirror/Politics/Charlie_Kirk_Mi/Plane_Egypt_SU_BTT/MJTruthUltra - UPDATE： Charlie Kirk  Candace Owens latest finding about the “Rental ... #2 [1990575224459350017].mp4.ai_description	/Users/bryan/BGit/Bryan_git/personal_large_files_bridge/_Mirror/Politics/Charlie_Kirk_Mi/Plane_Egypt_SU_BTT/MJTruthUltra - UPDATE： Charlie Kirk  Candace Owens latest finding about the “Rental ... #2 [1990575224459350017].mp4.ocr							local	mirror	Plane_Egypt_SU_BTT	
mirror/Plane_Piper_N59906/Project Constitution - 🚨ALERT： BREAKING Down The MYSTERY FLIGHT BEFORE CHARLIE KIRK SHOOTING... #1 [1986847154694930433]	Project Constitution - 🚨ALERT： BREAKING Down The MYSTERY FLIGHT BEFORE CHARLIE KIRK SHOOTING... #1 [1986847154694930433].mp4	/Users/bryan/_Mirror/Politics/Charlie_Kirk_Mi/Plane_Piper_N59906/Project Constitution - 🚨ALERT： BREAKING Down The MYSTERY FLIGHT BEFORE CHARLIE KIRK SHOOTING... #1 [1986847154694930433].mp4	video	20244899	1762537188		/Users/bryan/BGit/Bryan_git/personal_large_files_bridge/_Mirror/Politics/Charlie_Kirk_Mi/Plane_Piper_N59906/Project Constitution - 🚨ALERT： BREAKING Down The MYSTERY FLIGHT BEFORE CHARLIE KIRK SHOOTING... #1 [1986847154694930433].mp4.transcription	video	/Users/bryan/BGit/Bryan_git/personal_large_files_bridge/_Mirror/Politics/Charlie_Kirk_Mi/Plane_Piper_N59906/Project Constitution - 🚨ALERT： BREAKING Down The MYSTERY FLIGHT BEFORE CHARLIE KIRK SHOOTING... #1 [1986847154694930433].mp4.ai_description	/Users/bryan/BGit/Bryan_git/personal_large_files_bridge/_Mirror/Politics/Charlie_Kirk_Mi/Plane_Piper_N59906/Project Constitution - 🚨ALERT： BREAKING Down The MYSTERY FLIGHT BEFORE CHARLIE KIRK SHOOTING... #1 [1986847154694930433].mp4.ocr							local	mirror	Plane_Piper_N59906	
mirror/Plane_Piper_N59906/Project Constitution - 🚨ALERT： BREAKING Down The MYSTERY FLIGHT BEFORE CHARLIE KIRK SHOOTING... #2 [1986565434716381185]	Project Constitution - 🚨ALERT： BREAKING Down The MYSTERY FLIGHT BEFORE CHARLIE KIRK SHOOTING... #2 [1986565434716381185].mp4	/Users/bryan/_Mirror/Politics/Charlie_Kirk_Mi/Plane_Piper_N59906/Project Constitution - 🚨ALERT： BREAKING Down The MYSTERY FLIGHT BEFORE CHARLIE KIRK SHOOTING... #2 [1986565434716381185].mp4	video	73003981	1762537205		/Users/bryan/BGit/Bryan_git/personal_large_files_bridge/_Mirror/Politics/Charlie_Kirk_Mi/Plane_Piper_N59906/Project Constitution - 🚨ALERT： BREAKING Down The MYSTERY FLIGHT BEFORE CHARLIE KIRK SHOOTING... #2 [1986565434716381185].mp4.transcription	video	/Users/bryan/BGit/Bryan_git/personal_large_files_bridge/_Mirror/Politics/Charlie_Kirk_Mi/Plane_Piper_N59906/Project Constitution - 🚨ALERT： BREAKING Down The MYSTERY FLIGHT BEFORE CHARLIE KIRK SHOOTING... #2 [1986565434716381185].mp4.ai_description	/Users/bryan/BGit/Bryan_git/personal_large_files_bridge/_Mirror/Politics/Charlie_Kirk_Mi/Plane_Piper_N59906/Project Constitution - 🚨ALERT： BREAKING Down The MYSTERY FLIGHT BEFORE CHARLIE KIRK SHOOTING... #2 [1986565434716381185].mp4.ocr							local	mirror	Plane_Piper_N59906	
mirror/Security_Cameras/FromConvict2Conservative - Gary Melton with Paramount Tactical confirms that the camera behind t... [1978207442933514240]	FromConvict2Conservative - Gary Melton with Paramount Tactical confirms that the camera behind t... [1978207442933514240].mp4	/Users/bryan/_Mirror/Politics/Charlie_Kirk_Mi/Security_Cameras/FromConvict2Conservative - Gary Melton with Paramount Tactical confirms that the camera behind t... [1978207442933514240].mp4	video	63810533	1760825844		/Users/bryan/BGit/Bryan_git/personal_large_files_bridge/_Mirror/Politics/Charlie_Kirk_Mi/Security_Cameras/FromConvict2Conservative - Gary Melton with Paramount Tactical confirms that the camera behind t... [1978207442933514240].mp4.transcription	video	/Users/bryan/BGit/Bryan_git/personal_large_files_bridge/_Mirror/Politics/Charlie_Kirk_Mi/Security_Cameras/FromConvict2Conservative - Gary Melton with Paramount Tactical confirms that the camera behind t... [1978207442933514240].mp4.ai_description	/Users/bryan/BGit/Bryan_git/personal_large_files_bridge/_Mirror/Politics/Charlie_Kirk_Mi/Security_Cameras/FromConvict2Conservative - Gary Melton with Paramount Tactical confirms that the camera behind t... [1978207442933514240].mp4.ocr							local	mirror	Security_Cameras	
mirror/Security_Cameras/HustleBitch - 🚨 WALK-THROUGH OF UVU REVEALS A SEA OF CAMERAS  Nearly every corner. ... [1971954766637936640]	HustleBitch - 🚨 WALK-THROUGH OF UVU REVEALS A SEA OF CAMERAS  Nearly every corner. ... [1971954766637936640].mp4	/Users/bryan/_Mirror/Politics/Charlie_Kirk_Mi/Security_Cameras/HustleBitch - 🚨 WALK-THROUGH OF UVU REVEALS A SEA OF CAMERAS  Nearly every corner. ... [1971954766637936640].mp4	video	15556511	1759323394		/Users/bryan/BGit/Bryan_git/personal_large_files_bridge/_Mirror/Politics/Charlie_Kirk_Mi/Security_Cameras/HustleBitch - 🚨 WALK-THROUGH OF UVU REVEALS A SEA OF CAMERAS  Nearly every corner. ... [1971954766637936640].mp4.transcription	video	/Users/bryan/BGit/Bryan_git/personal_large_files_bridge/_Mirror/Politics/Charlie_Kirk_Mi/Security_Cameras/HustleBitch - 🚨 WALK-THROUGH OF UVU REVEALS A SEA OF CAMERAS  Nearly every corner. ... [1971954766637936640].mp4.ai_description	/Users/bryan/BGit/Bryan_git/personal_large_files_bridge/_Mirror/Politics/Charlie_Kirk_Mi/Security_Cameras/HustleBitch - 🚨 WALK-THROUGH OF UVU REVEALS A SEA OF CAMERAS  Nearly every corner. ... [1971954766637936640].mp4.ocr							local	mirror	Security_Cameras	
mirror/Sniper/Jason Cain - I believe I have found the #CharlieKirk #Sniper shooting location usi... #1 [1965910149694140416]	Jason Cain - I believe I have found the #CharlieKirk #Sniper shooting location usi... #1 [1965910149694140416].mp4	/Users/bryan/_Mirror/Politics/Charlie_Kirk_Mi/Sniper/Jason Cain - I believe I have found the #CharlieKirk #Sniper shooting location usi... #1 [1965910149694140416].mp4	video	2214429	1760187938		/Users/bryan/BGit/Bryan_git/personal_large_files_bridge/_Mirror/Politics/Charlie_Kirk_Mi/Sniper/Jason Cain - I believe I have found the #CharlieKirk #Sniper shooting location usi... #1 [1965910149694140416].mp4.transcription	video	/Users/bryan/BGit/Bryan_git/personal_large_files_bridge/_Mirror/Politics/Charlie_Kirk_Mi/Sniper/Jason Cain - I believe I have found the #CharlieKirk #Sniper shooting location usi... #1 [1965910149694140416].mp4.ai_description	/Users/bryan/BGit/Bryan_git/personal_large_files_bridge/_Mirror/Politics/Charlie_Kirk_Mi/Sniper/Jason Cain - I believe I have found the #CharlieKirk #Sniper shooting location usi... #1 [1965910149694140416].mp4.ocr							local	mirror	Sniper	
mirror/Sniper/Jason Cain - I believe I have found the #CharlieKirk #Sniper shooting location usi... #2 [1965910195890171906]	Jason Cain - I believe I have found the #CharlieKirk #Sniper shooting location usi... #2 [1965910195890171906].mp4	/Users/bryan/_Mirror/Politics/Charlie_Kirk_Mi/Sniper/Jason Cain - I believe I have found the #CharlieKirk #Sniper shooting location usi... #2 [1965910195890171906].mp4	video	1855978	1760187939		/Users/bryan/BGit/Bryan_git/personal_large_files_bridge/_Mirror/Politics/Charlie_Kirk_Mi/Sniper/Jason Cain - I believe I have found the #CharlieKirk #Sniper shooting location usi... #2 [1965910195890171906].mp4.transcription	video	/Users/bryan/BGit/Bryan_git/personal_large_files_bridge/_Mirror/Politics/Charlie_Kirk_Mi/Sniper/Jason Cain - I believe I have found the #CharlieKirk #Sniper shooting location usi... #2 [1965910195890171906].mp4.ai_description	/Users/bryan/BGit/Bryan_git/personal_large_files_bridge/_Mirror/Politics/Charlie_Kirk_Mi/Sniper/Jason Cain - I believe I have found the #CharlieKirk #Sniper shooting location usi... #2 [1965910195890171906].mp4.ocr							local	mirror	Sniper	
mirror/Sniper/Project Constitution - 🚨 NEW SUSPECT IN CHARLIE KIRK’S MURDER？？ 🚨  Why has the FBI been hidi... [1976304271726399488]	Project Constitution - 🚨 NEW SUSPECT IN CHARLIE KIRK’S MURDER？？ 🚨  Why has the FBI been hidi... [1976304271726399488].mp4	/Users/bryan/_Mirror/Politics/Charlie_Kirk_Mi/Sniper/Project Constitution - 🚨 NEW SUSPECT IN CHARLIE KIRK’S MURDER？？ 🚨  Why has the FBI been hidi... [1976304271726399488].mp4	video	1532153	1783646174		/Users/bryan/BGit/Bryan_git/personal_large_files_bridge/_Mirror/Politics/Charlie_Kirk_Mi/Sniper/Project Constitution - 🚨 NEW SUSPECT IN CHARLIE KIRK’S MURDER？？ 🚨  Why has the FBI been hidi... [1976304271726399488].mp4.transcription	video	/Users/bryan/BGit/Bryan_git/personal_large_files_bridge/_Mirror/Politics/Charlie_Kirk_Mi/Sniper/Project Constitution - 🚨 NEW SUSPECT IN CHARLIE KIRK’S MURDER？？ 🚨  Why has the FBI been hidi... [1976304271726399488].mp4.ai_description	/Users/bryan/BGit/Bryan_git/personal_large_files_bridge/_Mirror/Politics/Charlie_Kirk_Mi/Sniper/Project Constitution - 🚨 NEW SUSPECT IN CHARLIE KIRK’S MURDER？？ 🚨  Why has the FBI been hidi... [1976304271726399488].mp4.ocr							local	mirror	Sniper	
mirror/Sniper/Rosy - @shaunmmaguire @elonmusk Suspect Spotted on Rooftop before Charlie Ki... [1966152954500743168]	Rosy - @shaunmmaguire @elonmusk Suspect Spotted on Rooftop before Charlie Ki... [1966152954500743168].mp4	/Users/bryan/_Mirror/Politics/Charlie_Kirk_Mi/Sniper/Rosy - @shaunmmaguire @elonmusk Suspect Spotted on Rooftop before Charlie Ki... [1966152954500743168].mp4	video	2006949	1760288344		/Users/bryan/BGit/Bryan_git/personal_large_files_bridge/_Mirror/Politics/Charlie_Kirk_Mi/Sniper/Rosy - @shaunmmaguire @elonmusk Suspect Spotted on Rooftop before Charlie Ki... [1966152954500743168].mp4.transcription	video	/Users/bryan/BGit/Bryan_git/personal_large_files_bridge/_Mirror/Politics/Charlie_Kirk_Mi/Sniper/Rosy - @shaunmmaguire @elonmusk Suspect Spotted on Rooftop before Charlie Ki... [1966152954500743168].mp4.ai_description	/Users/bryan/BGit/Bryan_git/personal_large_files_bridge/_Mirror/Politics/Charlie_Kirk_Mi/Sniper/Rosy - @shaunmmaguire @elonmusk Suspect Spotted on Rooftop before Charlie Ki... [1966152954500743168].mp4.ocr							local	mirror	Sniper	
mirror/Sniper/Sam Parker 🇺🇸🧯 - NEW CHARLIE KIRK BREAKTHROUGH？ Two separate cameras show something⧸so... [2017283552438812672]	Sam Parker 🇺🇸🧯 - NEW CHARLIE KIRK BREAKTHROUGH？ Two separate cameras show something⧸so... [2017283552438812672].mp4	/Users/bryan/_Mirror/Politics/Charlie_Kirk_Mi/Sniper/Sam Parker 🇺🇸🧯 - NEW CHARLIE KIRK BREAKTHROUGH？ Two separate cameras show something⧸so... [2017283552438812672].mp4	video	13008381	1769801797		/Users/bryan/BGit/Bryan_git/personal_large_files_bridge/_Mirror/Politics/Charlie_Kirk_Mi/Sniper/Sam Parker 🇺🇸🧯 - NEW CHARLIE KIRK BREAKTHROUGH？ Two separate cameras show something⧸so... [2017283552438812672].mp4.transcription	video	/Users/bryan/BGit/Bryan_git/personal_large_files_bridge/_Mirror/Politics/Charlie_Kirk_Mi/Sniper/Sam Parker 🇺🇸🧯 - NEW CHARLIE KIRK BREAKTHROUGH？ Two separate cameras show something⧸so... [2017283552438812672].mp4.ai_description	/Users/bryan/BGit/Bryan_git/personal_large_files_bridge/_Mirror/Politics/Charlie_Kirk_Mi/Sniper/Sam Parker 🇺🇸🧯 - NEW CHARLIE KIRK BREAKTHROUGH？ Two separate cameras show something⧸so... [2017283552438812672].mp4.ocr							local	mirror	Sniper	
mirror/South_Side_Shot/Building_Behind/Project Constitution - 🚨BREAKING NEWS： The REAL Charlie Kirk Killer CAUGHT on Camera Running... [1976730443878719488]	Project Constitution - 🚨BREAKING NEWS： The REAL Charlie Kirk Killer CAUGHT on Camera Running... [1976730443878719488].mp4	/Users/bryan/_Mirror/Politics/Charlie_Kirk_Mi/South_Side_Shot/Building_Behind/Project Constitution - 🚨BREAKING NEWS： The REAL Charlie Kirk Killer CAUGHT on Camera Running... [1976730443878719488].mp4	video	116331395	1760129633		/Users/bryan/BGit/Bryan_git/personal_large_files_bridge/_Mirror/Politics/Charlie_Kirk_Mi/South_Side_Shot/Building_Behind/Project Constitution - 🚨BREAKING NEWS： The REAL Charlie Kirk Killer CAUGHT on Camera Running... [1976730443878719488].mp4.transcription	video	/Users/bryan/BGit/Bryan_git/personal_large_files_bridge/_Mirror/Politics/Charlie_Kirk_Mi/South_Side_Shot/Building_Behind/Project Constitution - 🚨BREAKING NEWS： The REAL Charlie Kirk Killer CAUGHT on Camera Running... [1976730443878719488].mp4.ai_description	/Users/bryan/BGit/Bryan_git/personal_large_files_bridge/_Mirror/Politics/Charlie_Kirk_Mi/South_Side_Shot/Building_Behind/Project Constitution - 🚨BREAKING NEWS： The REAL Charlie Kirk Killer CAUGHT on Camera Running... [1976730443878719488].mp4.ocr							local	mirror	South_Side_Shot/Building_Behind	
mirror/South_Side_Shot/Funneral	Funneral.mp4	/Users/bryan/_Mirror/Politics/Charlie_Kirk_Mi/South_Side_Shot/Funneral.mp4	video	5912282	1758492906		/Users/bryan/BGit/Bryan_git/personal_large_files_bridge/_Mirror/Politics/Charlie_Kirk_Mi/South_Side_Shot/Funneral.mp4.transcription	video	/Users/bryan/BGit/Bryan_git/personal_large_files_bridge/_Mirror/Politics/Charlie_Kirk_Mi/South_Side_Shot/Funneral.mp4.ai_description	/Users/bryan/BGit/Bryan_git/personal_large_files_bridge/_Mirror/Politics/Charlie_Kirk_Mi/South_Side_Shot/Funneral.mp4.ocr							local	mirror	South_Side_Shot	
mirror/South_Side_Shot/Inside_Vents	Inside_Vents.mp4	/Users/bryan/_Mirror/Politics/Charlie_Kirk_Mi/South_Side_Shot/Inside_Vents.mp4	video	16567597	1758977241		/Users/bryan/BGit/Bryan_git/personal_large_files_bridge/_Mirror/Politics/Charlie_Kirk_Mi/South_Side_Shot/Inside_Vents.mp4.transcription	video	/Users/bryan/BGit/Bryan_git/personal_large_files_bridge/_Mirror/Politics/Charlie_Kirk_Mi/South_Side_Shot/Inside_Vents.mp4.ai_description	/Users/bryan/BGit/Bryan_git/personal_large_files_bridge/_Mirror/Politics/Charlie_Kirk_Mi/South_Side_Shot/Inside_Vents.mp4.ocr							local	mirror	South_Side_Shot	
mirror/South_Side_Shot/Mile Kovačević ☦🇺🇸🦅 - @HustleBitch_ Between newer white campus tours bldg and the older Bro... [1971989417129594880]	Mile Kovačević ☦🇺🇸🦅 - @HustleBitch_ Between newer white campus tours bldg and the older Bro... [1971989417129594880].mp4	/Users/bryan/_Mirror/Politics/Charlie_Kirk_Mi/South_Side_Shot/Mile Kovačević ☦🇺🇸🦅 - @HustleBitch_ Between newer white campus tours bldg and the older Bro... [1971989417129594880].mp4	video	7409966	1759323534		/Users/bryan/BGit/Bryan_git/personal_large_files_bridge/_Mirror/Politics/Charlie_Kirk_Mi/South_Side_Shot/Mile Kovačević ☦🇺🇸🦅 - @HustleBitch_ Between newer white campus tours bldg and the older Bro... [1971989417129594880].mp4.transcription	video	/Users/bryan/BGit/Bryan_git/personal_large_files_bridge/_Mirror/Politics/Charlie_Kirk_Mi/South_Side_Shot/Mile Kovačević ☦🇺🇸🦅 - @HustleBitch_ Between newer white campus tours bldg and the older Bro... [1971989417129594880].mp4.ai_description	/Users/bryan/BGit/Bryan_git/personal_large_files_bridge/_Mirror/Politics/Charlie_Kirk_Mi/South_Side_Shot/Mile Kovačević ☦🇺🇸🦅 - @HustleBitch_ Between newer white campus tours bldg and the older Bro... [1971989417129594880].mp4.ocr							local	mirror	South_Side_Shot	
mirror/South_Side_Shot/Project Constitution - 🚨 MIND-BLOWING EXPOSÉ： THIS IS EXACTLY HOW THE DEEP STATE ASSASSINATE... #1 [1978201039363837952]	Project Constitution - 🚨 MIND-BLOWING EXPOSÉ： THIS IS EXACTLY HOW THE DEEP STATE ASSASSINATE... #1 [1978201039363837952].mp4	/Users/bryan/_Mirror/Politics/Charlie_Kirk_Mi/South_Side_Shot/Project Constitution - 🚨 MIND-BLOWING EXPOSÉ： THIS IS EXACTLY HOW THE DEEP STATE ASSASSINATE... #1 [1978201039363837952].mp4	video	8880764	1760477285		/Users/bryan/BGit/Bryan_git/personal_large_files_bridge/_Mirror/Politics/Charlie_Kirk_Mi/South_Side_Shot/Project Constitution - 🚨 MIND-BLOWING EXPOSÉ： THIS IS EXACTLY HOW THE DEEP STATE ASSASSINATE... #1 [1978201039363837952].mp4.transcription	video	/Users/bryan/BGit/Bryan_git/personal_large_files_bridge/_Mirror/Politics/Charlie_Kirk_Mi/South_Side_Shot/Project Constitution - 🚨 MIND-BLOWING EXPOSÉ： THIS IS EXACTLY HOW THE DEEP STATE ASSASSINATE... #1 [1978201039363837952].mp4.ai_description	/Users/bryan/BGit/Bryan_git/personal_large_files_bridge/_Mirror/Politics/Charlie_Kirk_Mi/South_Side_Shot/Project Constitution - 🚨 MIND-BLOWING EXPOSÉ： THIS IS EXACTLY HOW THE DEEP STATE ASSASSINATE... #1 [1978201039363837952].mp4.ocr							local	mirror	South_Side_Shot	
mirror/South_Side_Shot/Project Constitution - 🚨 MIND-BLOWING EXPOSÉ： THIS IS EXACTLY HOW THE DEEP STATE ASSASSINATE... #2 [1976730443878719488]	Project Constitution - 🚨 MIND-BLOWING EXPOSÉ： THIS IS EXACTLY HOW THE DEEP STATE ASSASSINATE... #2 [1976730443878719488].mp4	/Users/bryan/_Mirror/Politics/Charlie_Kirk_Mi/South_Side_Shot/Project Constitution - 🚨 MIND-BLOWING EXPOSÉ： THIS IS EXACTLY HOW THE DEEP STATE ASSASSINATE... #2 [1976730443878719488].mp4	video	116331395	1760477307		/Users/bryan/BGit/Bryan_git/personal_large_files_bridge/_Mirror/Politics/Charlie_Kirk_Mi/South_Side_Shot/Project Constitution - 🚨 MIND-BLOWING EXPOSÉ： THIS IS EXACTLY HOW THE DEEP STATE ASSASSINATE... #2 [1976730443878719488].mp4.transcription	video	/Users/bryan/BGit/Bryan_git/personal_large_files_bridge/_Mirror/Politics/Charlie_Kirk_Mi/South_Side_Shot/Project Constitution - 🚨 MIND-BLOWING EXPOSÉ： THIS IS EXACTLY HOW THE DEEP STATE ASSASSINATE... #2 [1976730443878719488].mp4.ai_description	/Users/bryan/BGit/Bryan_git/personal_large_files_bridge/_Mirror/Politics/Charlie_Kirk_Mi/South_Side_Shot/Project Constitution - 🚨 MIND-BLOWING EXPOSÉ： THIS IS EXACTLY HOW THE DEEP STATE ASSASSINATE... #2 [1976730443878719488].mp4.ocr							local	mirror	South_Side_Shot	
mirror/South_Side_Shot/Shot_Angle	Shot_Angle.mp4	/Users/bryan/_Mirror/Politics/Charlie_Kirk_Mi/South_Side_Shot/Shot_Angle.mp4	video	21451364	1758379505		/Users/bryan/BGit/Bryan_git/personal_large_files_bridge/_Mirror/Politics/Charlie_Kirk_Mi/South_Side_Shot/Shot_Angle.mp4.transcription	video	/Users/bryan/BGit/Bryan_git/personal_large_files_bridge/_Mirror/Politics/Charlie_Kirk_Mi/South_Side_Shot/Shot_Angle.mp4.ai_description	/Users/bryan/BGit/Bryan_git/personal_large_files_bridge/_Mirror/Politics/Charlie_Kirk_Mi/South_Side_Shot/Shot_Angle.mp4.ocr							local	mirror	South_Side_Shot	
mirror/South_Side_Shot/Side_Shot	Side_Shot.mp4	/Users/bryan/_Mirror/Politics/Charlie_Kirk_Mi/South_Side_Shot/Side_Shot.mp4	video	19826133	1757815232		/Users/bryan/BGit/Bryan_git/personal_large_files_bridge/_Mirror/Politics/Charlie_Kirk_Mi/South_Side_Shot/Side_Shot.mp4.transcription	video	/Users/bryan/BGit/Bryan_git/personal_large_files_bridge/_Mirror/Politics/Charlie_Kirk_Mi/South_Side_Shot/Side_Shot.mp4.ai_description	/Users/bryan/BGit/Bryan_git/personal_large_files_bridge/_Mirror/Politics/Charlie_Kirk_Mi/South_Side_Shot/Side_Shot.mp4.ocr							local	mirror	South_Side_Shot	
mirror/South_Side_Shot/Side_Shot_2	Side_Shot_2.mp4	/Users/bryan/_Mirror/Politics/Charlie_Kirk_Mi/South_Side_Shot/Side_Shot_2.mp4	video	110474970	1757815352		/Users/bryan/BGit/Bryan_git/personal_large_files_bridge/_Mirror/Politics/Charlie_Kirk_Mi/South_Side_Shot/Side_Shot_2.mp4.transcription	video	/Users/bryan/BGit/Bryan_git/personal_large_files_bridge/_Mirror/Politics/Charlie_Kirk_Mi/South_Side_Shot/Side_Shot_2.mp4.ai_description	/Users/bryan/BGit/Bryan_git/personal_large_files_bridge/_Mirror/Politics/Charlie_Kirk_Mi/South_Side_Shot/Side_Shot_2.mp4.ocr							local	mirror	South_Side_Shot	
mirror/South_Side_Shot/South_Side	South_Side.mp4	/Users/bryan/_Mirror/Politics/Charlie_Kirk_Mi/South_Side_Shot/South_Side.mp4	video	4103508	1758977134		/Users/bryan/BGit/Bryan_git/personal_large_files_bridge/_Mirror/Politics/Charlie_Kirk_Mi/South_Side_Shot/South_Side.mp4.transcription	video	/Users/bryan/BGit/Bryan_git/personal_large_files_bridge/_Mirror/Politics/Charlie_Kirk_Mi/South_Side_Shot/South_Side.mp4.ai_description	/Users/bryan/BGit/Bryan_git/personal_large_files_bridge/_Mirror/Politics/Charlie_Kirk_Mi/South_Side_Shot/South_Side.mp4.ocr							local	mirror	South_Side_Shot	
mirror/South_Side_Shot/South_Side_Stairs	South_Side_Stairs.mp4	/Users/bryan/_Mirror/Politics/Charlie_Kirk_Mi/South_Side_Shot/South_Side_Stairs.mp4	video	6350996	1758629655		/Users/bryan/BGit/Bryan_git/personal_large_files_bridge/_Mirror/Politics/Charlie_Kirk_Mi/South_Side_Shot/South_Side_Stairs.mp4.transcription	video	/Users/bryan/BGit/Bryan_git/personal_large_files_bridge/_Mirror/Politics/Charlie_Kirk_Mi/South_Side_Shot/South_Side_Stairs.mp4.ai_description	/Users/bryan/BGit/Bryan_git/personal_large_files_bridge/_Mirror/Politics/Charlie_Kirk_Mi/South_Side_Shot/South_Side_Stairs.mp4.ocr							local	mirror	South_Side_Shot	
mirror/South_Side_Shot/TBD	TBD.mp4	/Users/bryan/_Mirror/Politics/Charlie_Kirk_Mi/South_Side_Shot/TBD.mp4	video	6494987	1758492308		/Users/bryan/BGit/Bryan_git/personal_large_files_bridge/_Mirror/Politics/Charlie_Kirk_Mi/South_Side_Shot/TBD.mp4.transcription	video	/Users/bryan/BGit/Bryan_git/personal_large_files_bridge/_Mirror/Politics/Charlie_Kirk_Mi/South_Side_Shot/TBD.mp4.ai_description	/Users/bryan/BGit/Bryan_git/personal_large_files_bridge/_Mirror/Politics/Charlie_Kirk_Mi/South_Side_Shot/TBD.mp4.ocr							local	mirror	South_Side_Shot	
mirror/South_Side_Shot/Yard_1	Yard_1.mp4	/Users/bryan/_Mirror/Politics/Charlie_Kirk_Mi/South_Side_Shot/Yard_1.mp4	video	4526076	1758629863		/Users/bryan/BGit/Bryan_git/personal_large_files_bridge/_Mirror/Politics/Charlie_Kirk_Mi/South_Side_Shot/Yard_1.mp4.transcription	video	/Users/bryan/BGit/Bryan_git/personal_large_files_bridge/_Mirror/Politics/Charlie_Kirk_Mi/South_Side_Shot/Yard_1.mp4.ai_description	/Users/bryan/BGit/Bryan_git/personal_large_files_bridge/_Mirror/Politics/Charlie_Kirk_Mi/South_Side_Shot/Yard_1.mp4.ocr							local	mirror	South_Side_Shot	
mirror/Spy_Plane/Blake Bednarz - From my original post on September 14, 2025. [1978553224488460288]	Blake Bednarz - From my original post on September 14, 2025. [1978553224488460288].mp4	/Users/bryan/_Mirror/Politics/Charlie_Kirk_Mi/Spy_Plane/Blake Bednarz - From my original post on September 14, 2025. [1978553224488460288].mp4	video	43826651	1760640403		/Users/bryan/BGit/Bryan_git/personal_large_files_bridge/_Mirror/Politics/Charlie_Kirk_Mi/Spy_Plane/Blake Bednarz - From my original post on September 14, 2025. [1978553224488460288].mp4.transcription	video	/Users/bryan/BGit/Bryan_git/personal_large_files_bridge/_Mirror/Politics/Charlie_Kirk_Mi/Spy_Plane/Blake Bednarz - From my original post on September 14, 2025. [1978553224488460288].mp4.ai_description	/Users/bryan/BGit/Bryan_git/personal_large_files_bridge/_Mirror/Politics/Charlie_Kirk_Mi/Spy_Plane/Blake Bednarz - From my original post on September 14, 2025. [1978553224488460288].mp4.ocr							local	mirror	Spy_Plane	
mirror/Spy_Plane/Hades_Spy_Plane	Hades_Spy_Plane.mp4	/Users/bryan/_Mirror/Politics/Charlie_Kirk_Mi/Spy_Plane/Hades_Spy_Plane.mp4	video	7604771	1758396731		/Users/bryan/BGit/Bryan_git/personal_large_files_bridge/_Mirror/Politics/Charlie_Kirk_Mi/Spy_Plane/Hades_Spy_Plane.mp4.transcription	video	/Users/bryan/BGit/Bryan_git/personal_large_files_bridge/_Mirror/Politics/Charlie_Kirk_Mi/Spy_Plane/Hades_Spy_Plane.mp4.ai_description	/Users/bryan/BGit/Bryan_git/personal_large_files_bridge/_Mirror/Politics/Charlie_Kirk_Mi/Spy_Plane/Hades_Spy_Plane.mp4.ocr							local	mirror	Spy_Plane	
mirror/Spy_Plane/John Cullen 🐓 - @BenSwann_ I thought the HADES spy plane and the four UAVs were what ... [1969719868892291072]	John Cullen 🐓 - @BenSwann_ I thought the HADES spy plane and the four UAVs were what ... [1969719868892291072].mp4	/Users/bryan/_Mirror/Politics/Charlie_Kirk_Mi/Spy_Plane/John Cullen 🐓 - @BenSwann_ I thought the HADES spy plane and the four UAVs were what ... [1969719868892291072].mp4	video	16000910	1760187760		/Users/bryan/BGit/Bryan_git/personal_large_files_bridge/_Mirror/Politics/Charlie_Kirk_Mi/Spy_Plane/John Cullen 🐓 - @BenSwann_ I thought the HADES spy plane and the four UAVs were what ... [1969719868892291072].mp4.transcription	video	/Users/bryan/BGit/Bryan_git/personal_large_files_bridge/_Mirror/Politics/Charlie_Kirk_Mi/Spy_Plane/John Cullen 🐓 - @BenSwann_ I thought the HADES spy plane and the four UAVs were what ... [1969719868892291072].mp4.ai_description	/Users/bryan/BGit/Bryan_git/personal_large_files_bridge/_Mirror/Politics/Charlie_Kirk_Mi/Spy_Plane/John Cullen 🐓 - @BenSwann_ I thought the HADES spy plane and the four UAVs were what ... [1969719868892291072].mp4.ocr							local	mirror	Spy_Plane	
mirror/Spy_Plane/John Cullen 🐓 - @SharylAttkisson 4 of them onsite, plus a CIA spyplane. The HADES G65... [1969372782472658944]	John Cullen 🐓 - @SharylAttkisson 4 of them onsite, plus a CIA spyplane. The HADES G65... [1969372782472658944].mp4	/Users/bryan/_Mirror/Politics/Charlie_Kirk_Mi/Spy_Plane/John Cullen 🐓 - @SharylAttkisson 4 of them onsite, plus a CIA spyplane. The HADES G65... [1969372782472658944].mp4	video	3496148	1760288878		/Users/bryan/BGit/Bryan_git/personal_large_files_bridge/_Mirror/Politics/Charlie_Kirk_Mi/Spy_Plane/John Cullen 🐓 - @SharylAttkisson 4 of them onsite, plus a CIA spyplane. The HADES G65... [1969372782472658944].mp4.transcription	video	/Users/bryan/BGit/Bryan_git/personal_large_files_bridge/_Mirror/Politics/Charlie_Kirk_Mi/Spy_Plane/John Cullen 🐓 - @SharylAttkisson 4 of them onsite, plus a CIA spyplane. The HADES G65... [1969372782472658944].mp4.ai_description	/Users/bryan/BGit/Bryan_git/personal_large_files_bridge/_Mirror/Politics/Charlie_Kirk_Mi/Spy_Plane/John Cullen 🐓 - @SharylAttkisson 4 of them onsite, plus a CIA spyplane. The HADES G65... [1969372782472658944].mp4.ocr							local	mirror	Spy_Plane	
mirror/Spy_Plane/More/Charo - @BlakeBednarz Grok：)  - attached ~ “drone retrieval training occurred... [1978846458779459585]	Charo - @BlakeBednarz Grok：)  - attached ~ “drone retrieval training occurred... [1978846458779459585].mp4	/Users/bryan/_Mirror/Politics/Charlie_Kirk_Mi/Spy_Plane/More/Charo - @BlakeBednarz Grok：)  - attached ~ “drone retrieval training occurred... [1978846458779459585].mp4	video	12870705	1760641430		/Users/bryan/BGit/Bryan_git/personal_large_files_bridge/_Mirror/Politics/Charlie_Kirk_Mi/Spy_Plane/More/Charo - @BlakeBednarz Grok：)  - attached ~ “drone retrieval training occurred... [1978846458779459585].mp4.transcription	video	/Users/bryan/BGit/Bryan_git/personal_large_files_bridge/_Mirror/Politics/Charlie_Kirk_Mi/Spy_Plane/More/Charo - @BlakeBednarz Grok：)  - attached ~ “drone retrieval training occurred... [1978846458779459585].mp4.ai_description	/Users/bryan/BGit/Bryan_git/personal_large_files_bridge/_Mirror/Politics/Charlie_Kirk_Mi/Spy_Plane/More/Charo - @BlakeBednarz Grok：)  - attached ~ “drone retrieval training occurred... [1978846458779459585].mp4.ocr							local	mirror	Spy_Plane/More	
mirror/Spy_Plane/More/John Cullen 🐓 - Friday night, October 10th, I broke the story of an Egyptian governme... #1 [1977319734136758272]	John Cullen 🐓 - Friday night, October 10th, I broke the story of an Egyptian governme... #1 [1977319734136758272].mp4	/Users/bryan/_Mirror/Politics/Charlie_Kirk_Mi/Spy_Plane/More/John Cullen 🐓 - Friday night, October 10th, I broke the story of an Egyptian governme... #1 [1977319734136758272].mp4	video	1329416	1760272580		/Users/bryan/BGit/Bryan_git/personal_large_files_bridge/_Mirror/Politics/Charlie_Kirk_Mi/Spy_Plane/More/John Cullen 🐓 - Friday night, October 10th, I broke the story of an Egyptian governme... #1 [1977319734136758272].mp4.transcription	video	/Users/bryan/BGit/Bryan_git/personal_large_files_bridge/_Mirror/Politics/Charlie_Kirk_Mi/Spy_Plane/More/John Cullen 🐓 - Friday night, October 10th, I broke the story of an Egyptian governme... #1 [1977319734136758272].mp4.ai_description	/Users/bryan/BGit/Bryan_git/personal_large_files_bridge/_Mirror/Politics/Charlie_Kirk_Mi/Spy_Plane/More/John Cullen 🐓 - Friday night, October 10th, I broke the story of an Egyptian governme... #1 [1977319734136758272].mp4.ocr							local	mirror	Spy_Plane/More	
mirror/Spy_Plane/Oliver Janich - 🔥The mysterious spy plane spottet above the Utah lake during the assa... [1969702949996855296]	Oliver Janich - 🔥The mysterious spy plane spottet above the Utah lake during the assa... [1969702949996855296].mp4	/Users/bryan/_Mirror/Politics/Charlie_Kirk_Mi/Spy_Plane/Oliver Janich - 🔥The mysterious spy plane spottet above the Utah lake during the assa... [1969702949996855296].mp4	video	15925106	1761741916		/Users/bryan/BGit/Bryan_git/personal_large_files_bridge/_Mirror/Politics/Charlie_Kirk_Mi/Spy_Plane/Oliver Janich - 🔥The mysterious spy plane spottet above the Utah lake during the assa... [1969702949996855296].mp4.transcription	video	/Users/bryan/BGit/Bryan_git/personal_large_files_bridge/_Mirror/Politics/Charlie_Kirk_Mi/Spy_Plane/Oliver Janich - 🔥The mysterious spy plane spottet above the Utah lake during the assa... [1969702949996855296].mp4.ai_description	/Users/bryan/BGit/Bryan_git/personal_large_files_bridge/_Mirror/Politics/Charlie_Kirk_Mi/Spy_Plane/Oliver Janich - 🔥The mysterious spy plane spottet above the Utah lake during the assa... [1969702949996855296].mp4.ocr							local	mirror	Spy_Plane	
mirror/Spy_Plane/SU-BTT/SU_BBT	SU_BBT.mp4	/Users/bryan/_Mirror/Politics/Charlie_Kirk_Mi/Spy_Plane/SU-BTT/SU_BBT.mp4	video	1854492	1760272581		/Users/bryan/BGit/Bryan_git/personal_large_files_bridge/_Mirror/Politics/Charlie_Kirk_Mi/Spy_Plane/SU-BTT/SU_BBT.mp4.transcription	video	/Users/bryan/BGit/Bryan_git/personal_large_files_bridge/_Mirror/Politics/Charlie_Kirk_Mi/Spy_Plane/SU-BTT/SU_BBT.mp4.ai_description	/Users/bryan/BGit/Bryan_git/personal_large_files_bridge/_Mirror/Politics/Charlie_Kirk_Mi/Spy_Plane/SU-BTT/SU_BBT.mp4.ocr							local	mirror	Spy_Plane/SU-BTT	
mirror/Spy_Plane/Spy_Plane_Analysis	Spy_Plane_Analysis.mp4	/Users/bryan/_Mirror/Politics/Charlie_Kirk_Mi/Spy_Plane/Spy_Plane_Analysis.mp4	video	44906917	1758396082		/Users/bryan/BGit/Bryan_git/personal_large_files_bridge/_Mirror/Politics/Charlie_Kirk_Mi/Spy_Plane/Spy_Plane_Analysis.mp4.transcription	video	/Users/bryan/BGit/Bryan_git/personal_large_files_bridge/_Mirror/Politics/Charlie_Kirk_Mi/Spy_Plane/Spy_Plane_Analysis.mp4.ai_description	/Users/bryan/BGit/Bryan_git/personal_large_files_bridge/_Mirror/Politics/Charlie_Kirk_Mi/Spy_Plane/Spy_Plane_Analysis.mp4.ocr							local	mirror	Spy_Plane	
mirror/Suspects/Honest Ash - It just keeps getting better…. [2075689955058151424]	Honest Ash - It just keeps getting better…. [2075689955058151424].mp4	/Users/bryan/_Mirror/Politics/Charlie_Kirk_Mi/Suspects/Honest Ash - It just keeps getting better…. [2075689955058151424].mp4	video	9257710	1783739835		/Users/bryan/BGit/Bryan_git/personal_large_files_bridge/_Mirror/Politics/Charlie_Kirk_Mi/Suspects/Honest Ash - It just keeps getting better…. [2075689955058151424].mp4.transcription	video	/Users/bryan/BGit/Bryan_git/personal_large_files_bridge/_Mirror/Politics/Charlie_Kirk_Mi/Suspects/Honest Ash - It just keeps getting better…. [2075689955058151424].mp4.ai_description	/Users/bryan/BGit/Bryan_git/personal_large_files_bridge/_Mirror/Politics/Charlie_Kirk_Mi/Suspects/Honest Ash - It just keeps getting better…. [2075689955058151424].mp4.ocr							local	mirror	Suspects	
mirror/TO_TRANSCRIBE/TPV Sean - TPUSA Insider Reveals Erika Kirk Gave Security Stand Down Order at UV... [1982809966877519872]	TPV Sean - TPUSA Insider Reveals Erika Kirk Gave Security Stand Down Order at UV... [1982809966877519872].mp4	/Users/bryan/_Mirror/Politics/Charlie_Kirk_Mi/TO_TRANSCRIBE/TPV Sean - TPUSA Insider Reveals Erika Kirk Gave Security Stand Down Order at UV... [1982809966877519872].mp4	video	354314058	1761929540		/Users/bryan/BGit/Bryan_git/personal_large_files_bridge/_Mirror/Politics/Charlie_Kirk_Mi/TO_TRANSCRIBE/TPV Sean - TPUSA Insider Reveals Erika Kirk Gave Security Stand Down Order at UV... [1982809966877519872].mp4.transcription	video	/Users/bryan/BGit/Bryan_git/personal_large_files_bridge/_Mirror/Politics/Charlie_Kirk_Mi/TO_TRANSCRIBE/TPV Sean - TPUSA Insider Reveals Erika Kirk Gave Security Stand Down Order at UV... [1982809966877519872].mp4.ai_description	/Users/bryan/BGit/Bryan_git/personal_large_files_bridge/_Mirror/Politics/Charlie_Kirk_Mi/TO_TRANSCRIBE/TPV Sean - TPUSA Insider Reveals Erika Kirk Gave Security Stand Down Order at UV... [1982809966877519872].mp4.ocr							local	mirror	TO_TRANSCRIBE	
mirror/TPUSA/Wolf 🐺 - Erika Kirk reveals that at a meeting with donors in August (the Zioni... [2004882519955587072]	Wolf 🐺 - Erika Kirk reveals that at a meeting with donors in August (the Zioni... [2004882519955587072].mp4	/Users/bryan/_Mirror/Politics/Charlie_Kirk_Mi/TPUSA/Wolf 🐺 - Erika Kirk reveals that at a meeting with donors in August (the Zioni... [2004882519955587072].mp4	video	2433987	1766858817		/Users/bryan/BGit/Bryan_git/personal_large_files_bridge/_Mirror/Politics/Charlie_Kirk_Mi/TPUSA/Wolf 🐺 - Erika Kirk reveals that at a meeting with donors in August (the Zioni... [2004882519955587072].mp4.transcription	video	/Users/bryan/BGit/Bryan_git/personal_large_files_bridge/_Mirror/Politics/Charlie_Kirk_Mi/TPUSA/Wolf 🐺 - Erika Kirk reveals that at a meeting with donors in August (the Zioni... [2004882519955587072].mp4.ai_description	/Users/bryan/BGit/Bryan_git/personal_large_files_bridge/_Mirror/Politics/Charlie_Kirk_Mi/TPUSA/Wolf 🐺 - Erika Kirk reveals that at a meeting with donors in August (the Zioni... [2004882519955587072].mp4.ocr							local	mirror	TPUSA	
mirror/Table_Hand_off/10_Full_Video	10_Full_Video.mp4	/Users/bryan/_Mirror/Politics/Charlie_Kirk_Mi/Table_Hand_off/10_Full_Video.mp4	video	5087416	1759163276		/Users/bryan/BGit/Bryan_git/personal_large_files_bridge/_Mirror/Politics/Charlie_Kirk_Mi/Table_Hand_off/10_Full_Video.mp4.transcription	video	/Users/bryan/BGit/Bryan_git/personal_large_files_bridge/_Mirror/Politics/Charlie_Kirk_Mi/Table_Hand_off/10_Full_Video.mp4.ai_description	/Users/bryan/BGit/Bryan_git/personal_large_files_bridge/_Mirror/Politics/Charlie_Kirk_Mi/Table_Hand_off/10_Full_Video.mp4.ocr							local	mirror	Table_Hand_off	
mirror/Table_Hand_off/Brown_Shirt_Puller/Brown_Shirt	Brown_Shirt.mp4	/Users/bryan/_Mirror/Politics/Charlie_Kirk_Mi/Table_Hand_off/Brown_Shirt_Puller/Brown_Shirt.mp4	video	12695502	1757959486		/Users/bryan/BGit/Bryan_git/personal_large_files_bridge/_Mirror/Politics/Charlie_Kirk_Mi/Table_Hand_off/Brown_Shirt_Puller/Brown_Shirt.mp4.transcription	video	/Users/bryan/BGit/Bryan_git/personal_large_files_bridge/_Mirror/Politics/Charlie_Kirk_Mi/Table_Hand_off/Brown_Shirt_Puller/Brown_Shirt.mp4.ai_description	/Users/bryan/BGit/Bryan_git/personal_large_files_bridge/_Mirror/Politics/Charlie_Kirk_Mi/Table_Hand_off/Brown_Shirt_Puller/Brown_Shirt.mp4.ocr							local	mirror	Table_Hand_off/Brown_Shirt_Puller	
mirror/Table_Hand_off/Brown_Shirt_Puller/Full_Brown_Shirt_1	Full_Brown_Shirt_1.mp4	/Users/bryan/_Mirror/Politics/Charlie_Kirk_Mi/Table_Hand_off/Brown_Shirt_Puller/Full_Brown_Shirt_1.mp4	video	128689419	1759150446		/Users/bryan/BGit/Bryan_git/personal_large_files_bridge/_Mirror/Politics/Charlie_Kirk_Mi/Table_Hand_off/Brown_Shirt_Puller/Full_Brown_Shirt_1.mp4.transcription	video	/Users/bryan/BGit/Bryan_git/personal_large_files_bridge/_Mirror/Politics/Charlie_Kirk_Mi/Table_Hand_off/Brown_Shirt_Puller/Full_Brown_Shirt_1.mp4.ai_description	/Users/bryan/BGit/Bryan_git/personal_large_files_bridge/_Mirror/Politics/Charlie_Kirk_Mi/Table_Hand_off/Brown_Shirt_Puller/Full_Brown_Shirt_1.mp4.ocr							local	mirror	Table_Hand_off/Brown_Shirt_Puller	
mirror/Table_Hand_off/Brown_Shirt_Puller/Full_Brown_Shirt_2	Full_Brown_Shirt_2.mp4	/Users/bryan/_Mirror/Politics/Charlie_Kirk_Mi/Table_Hand_off/Brown_Shirt_Puller/Full_Brown_Shirt_2.mp4	video	2800861	1759150471		/Users/bryan/BGit/Bryan_git/personal_large_files_bridge/_Mirror/Politics/Charlie_Kirk_Mi/Table_Hand_off/Brown_Shirt_Puller/Full_Brown_Shirt_2.mp4.transcription	video	/Users/bryan/BGit/Bryan_git/personal_large_files_bridge/_Mirror/Politics/Charlie_Kirk_Mi/Table_Hand_off/Brown_Shirt_Puller/Full_Brown_Shirt_2.mp4.ai_description	/Users/bryan/BGit/Bryan_git/personal_large_files_bridge/_Mirror/Politics/Charlie_Kirk_Mi/Table_Hand_off/Brown_Shirt_Puller/Full_Brown_Shirt_2.mp4.ocr							local	mirror	Table_Hand_off/Brown_Shirt_Puller	
mirror/Table_Hand_off/Brown_Shirt_Puller/HustleBitch - LISTEN CLOSELY.  🚨 CONSTRUCTION CREW SPOKE FACE-TO-FACE WITH CHARLIE ... [1979029842113810432]	HustleBitch - LISTEN CLOSELY.  🚨 CONSTRUCTION CREW SPOKE FACE-TO-FACE WITH CHARLIE ... [1979029842113810432].mp4	/Users/bryan/_Mirror/Politics/Charlie_Kirk_Mi/Table_Hand_off/Brown_Shirt_Puller/HustleBitch - LISTEN CLOSELY.  🚨 CONSTRUCTION CREW SPOKE FACE-TO-FACE WITH CHARLIE ... [1979029842113810432].mp4	video	1532153	1783646551		/Users/bryan/BGit/Bryan_git/personal_large_files_bridge/_Mirror/Politics/Charlie_Kirk_Mi/Table_Hand_off/Brown_Shirt_Puller/HustleBitch - LISTEN CLOSELY.  🚨 CONSTRUCTION CREW SPOKE FACE-TO-FACE WITH CHARLIE ... [1979029842113810432].mp4.transcription	video	/Users/bryan/BGit/Bryan_git/personal_large_files_bridge/_Mirror/Politics/Charlie_Kirk_Mi/Table_Hand_off/Brown_Shirt_Puller/HustleBitch - LISTEN CLOSELY.  🚨 CONSTRUCTION CREW SPOKE FACE-TO-FACE WITH CHARLIE ... [1979029842113810432].mp4.ai_description	/Users/bryan/BGit/Bryan_git/personal_large_files_bridge/_Mirror/Politics/Charlie_Kirk_Mi/Table_Hand_off/Brown_Shirt_Puller/HustleBitch - LISTEN CLOSELY.  🚨 CONSTRUCTION CREW SPOKE FACE-TO-FACE WITH CHARLIE ... [1979029842113810432].mp4.ocr							local	mirror	Table_Hand_off/Brown_Shirt_Puller	
mirror/Table_Hand_off/Brown_Shirt_Puller/Project Constitution - 🚨 BREAKING： UNDENIABLE PROOF OF MULTIPLE SHOOTERS IN CHARLIE KIRK ASS... #1 [1978095714174439425]	Project Constitution - 🚨 BREAKING： UNDENIABLE PROOF OF MULTIPLE SHOOTERS IN CHARLIE KIRK ASS... #1 [1978095714174439425].mp4	/Users/bryan/_Mirror/Politics/Charlie_Kirk_Mi/Table_Hand_off/Brown_Shirt_Puller/Project Constitution - 🚨 BREAKING： UNDENIABLE PROOF OF MULTIPLE SHOOTERS IN CHARLIE KIRK ASS... #1 [1978095714174439425].mp4	video	55328736	1760530003		/Users/bryan/BGit/Bryan_git/personal_large_files_bridge/_Mirror/Politics/Charlie_Kirk_Mi/Table_Hand_off/Brown_Shirt_Puller/Project Constitution - 🚨 BREAKING： UNDENIABLE PROOF OF MULTIPLE SHOOTERS IN CHARLIE KIRK ASS... #1 [1978095714174439425].mp4.transcription	video	/Users/bryan/BGit/Bryan_git/personal_large_files_bridge/_Mirror/Politics/Charlie_Kirk_Mi/Table_Hand_off/Brown_Shirt_Puller/Project Constitution - 🚨 BREAKING： UNDENIABLE PROOF OF MULTIPLE SHOOTERS IN CHARLIE KIRK ASS... #1 [1978095714174439425].mp4.ai_description	/Users/bryan/BGit/Bryan_git/personal_large_files_bridge/_Mirror/Politics/Charlie_Kirk_Mi/Table_Hand_off/Brown_Shirt_Puller/Project Constitution - 🚨 BREAKING： UNDENIABLE PROOF OF MULTIPLE SHOOTERS IN CHARLIE KIRK ASS... #1 [1978095714174439425].mp4.ocr							local	mirror	Table_Hand_off/Brown_Shirt_Puller	
mirror/Table_Hand_off/Brown_Shirt_Puller/Project Constitution - 🚨 BREAKING： UNDENIABLE PROOF OF MULTIPLE SHOOTERS IN CHARLIE KIRK ASS... #2 [1977953710438305792]	Project Constitution - 🚨 BREAKING： UNDENIABLE PROOF OF MULTIPLE SHOOTERS IN CHARLIE KIRK ASS... #2 [1977953710438305792].mp4	/Users/bryan/_Mirror/Politics/Charlie_Kirk_Mi/Table_Hand_off/Brown_Shirt_Puller/Project Constitution - 🚨 BREAKING： UNDENIABLE PROOF OF MULTIPLE SHOOTERS IN CHARLIE KIRK ASS... #2 [1977953710438305792].mp4	video	953078407	1760530191		/Users/bryan/BGit/Bryan_git/personal_large_files_bridge/_Mirror/Politics/Charlie_Kirk_Mi/Table_Hand_off/Brown_Shirt_Puller/Project Constitution - 🚨 BREAKING： UNDENIABLE PROOF OF MULTIPLE SHOOTERS IN CHARLIE KIRK ASS... #2 [1977953710438305792].mp4.transcription	video		/Users/bryan/BGit/Bryan_git/personal_large_files_bridge/_Mirror/Politics/Charlie_Kirk_Mi/Table_Hand_off/Brown_Shirt_Puller/Project Constitution - 🚨 BREAKING： UNDENIABLE PROOF OF MULTIPLE SHOOTERS IN CHARLIE KIRK ASS... #2 [1977953710438305792].mp4.ocr							local	mirror	Table_Hand_off/Brown_Shirt_Puller	
mirror/Table_Hand_off/Brown_Shirt_Puller/Val Venis™ (The Big Valbowski™) - 🚨 𝗪𝗔𝗡𝗧𝗘𝗗 𝗙𝗢𝗥 𝗗𝗨𝗘 𝗣𝗥𝗢𝗖𝗘𝗦𝗦! 🚨  🚨 𝗣𝗔𝗟𝗠 𝗣𝗜𝗦𝗧𝗢𝗟 𝗥𝗜𝗖𝗞𝗬! 🚨  #justiceforcharl... [1978346219392143360]	Val Venis™ (The Big Valbowski™) - 🚨 𝗪𝗔𝗡𝗧𝗘𝗗 𝗙𝗢𝗥 𝗗𝗨𝗘 𝗣𝗥𝗢𝗖𝗘𝗦𝗦! 🚨  🚨 𝗣𝗔𝗟𝗠 𝗣𝗜𝗦𝗧𝗢𝗟 𝗥𝗜𝗖𝗞𝗬! 🚨  #justiceforcharl... [1978346219392143360].mp4	/Users/bryan/_Mirror/Politics/Charlie_Kirk_Mi/Table_Hand_off/Brown_Shirt_Puller/Val Venis™ (The Big Valbowski™) - 🚨 𝗪𝗔𝗡𝗧𝗘𝗗 𝗙𝗢𝗥 𝗗𝗨𝗘 𝗣𝗥𝗢𝗖𝗘𝗦𝗦! 🚨  🚨 𝗣𝗔𝗟𝗠 𝗣𝗜𝗦𝗧𝗢𝗟 𝗥𝗜𝗖𝗞𝗬! 🚨  #justiceforcharl... [1978346219392143360].mp4	video	10166061	1760555115		/Users/bryan/BGit/Bryan_git/personal_large_files_bridge/_Mirror/Politics/Charlie_Kirk_Mi/Table_Hand_off/Brown_Shirt_Puller/Val Venis™ (The Big Valbowski™) - 🚨 𝗪𝗔𝗡𝗧𝗘𝗗 𝗙𝗢𝗥 𝗗𝗨𝗘 𝗣𝗥𝗢𝗖𝗘𝗦𝗦! 🚨  🚨 𝗣𝗔𝗟𝗠 𝗣𝗜𝗦𝗧𝗢𝗟 𝗥𝗜𝗖𝗞𝗬! 🚨  #justiceforcharl... [1978346219392143360].mp4.transcription	video	/Users/bryan/BGit/Bryan_git/personal_large_files_bridge/_Mirror/Politics/Charlie_Kirk_Mi/Table_Hand_off/Brown_Shirt_Puller/Val Venis™ (The Big Valbowski™) - 🚨 𝗪𝗔𝗡𝗧𝗘𝗗 𝗙𝗢𝗥 𝗗𝗨𝗘 𝗣𝗥𝗢𝗖𝗘𝗦𝗦! 🚨  🚨 𝗣𝗔𝗟𝗠 𝗣𝗜𝗦𝗧𝗢𝗟 𝗥𝗜𝗖𝗞𝗬! 🚨  #justiceforcharl... [1978346219392143360].mp4.ai_description	/Users/bryan/BGit/Bryan_git/personal_large_files_bridge/_Mirror/Politics/Charlie_Kirk_Mi/Table_Hand_off/Brown_Shirt_Puller/Val Venis™ (The Big Valbowski™) - 🚨 𝗪𝗔𝗡𝗧𝗘𝗗 𝗙𝗢𝗥 𝗗𝗨𝗘 𝗣𝗥𝗢𝗖𝗘𝗦𝗦! 🚨  🚨 𝗣𝗔𝗟𝗠 𝗣𝗜𝗦𝗧𝗢𝗟 𝗥𝗜𝗖𝗞𝗬! 🚨  #justiceforcharl... [1978346219392143360].mp4.ocr							local	mirror	Table_Hand_off/Brown_Shirt_Puller	
mirror/Table_Hand_off/Hand_off	Hand_off.mp4	/Users/bryan/_Mirror/Politics/Charlie_Kirk_Mi/Table_Hand_off/Hand_off.mp4	video	11662474	1758730011		/Users/bryan/BGit/Bryan_git/personal_large_files_bridge/_Mirror/Politics/Charlie_Kirk_Mi/Table_Hand_off/Hand_off.mp4.transcription	video	/Users/bryan/BGit/Bryan_git/personal_large_files_bridge/_Mirror/Politics/Charlie_Kirk_Mi/Table_Hand_off/Hand_off.mp4.ai_description	/Users/bryan/BGit/Bryan_git/personal_large_files_bridge/_Mirror/Politics/Charlie_Kirk_Mi/Table_Hand_off/Hand_off.mp4.ocr							local	mirror	Table_Hand_off	
mirror/Table_Hand_off/High_Res_Table_Item_Grab	High_Res_Table_Item_Grab.mp4	/Users/bryan/_Mirror/Politics/Charlie_Kirk_Mi/Table_Hand_off/High_Res_Table_Item_Grab.mp4	video	42753067	1758796373		/Users/bryan/BGit/Bryan_git/personal_large_files_bridge/_Mirror/Politics/Charlie_Kirk_Mi/Table_Hand_off/High_Res_Table_Item_Grab.mp4.transcription	video	/Users/bryan/BGit/Bryan_git/personal_large_files_bridge/_Mirror/Politics/Charlie_Kirk_Mi/Table_Hand_off/High_Res_Table_Item_Grab.mp4.ai_description	/Users/bryan/BGit/Bryan_git/personal_large_files_bridge/_Mirror/Politics/Charlie_Kirk_Mi/Table_Hand_off/High_Res_Table_Item_Grab.mp4.ocr							local	mirror	Table_Hand_off	
mirror/Table_Hand_off/In2ThinAir - WATCH Charlie Kirks hand and ARM while he's already on the ground aft... [1972341978328141824]	In2ThinAir - WATCH Charlie Kirks hand and ARM while he's already on the ground aft... [1972341978328141824].mp4	/Users/bryan/_Mirror/Politics/Charlie_Kirk_Mi/Table_Hand_off/In2ThinAir - WATCH Charlie Kirks hand and ARM while he's already on the ground aft... [1972341978328141824].mp4	video	6124001	1759081505		/Users/bryan/BGit/Bryan_git/personal_large_files_bridge/_Mirror/Politics/Charlie_Kirk_Mi/Table_Hand_off/In2ThinAir - WATCH Charlie Kirks hand and ARM while he's already on the ground aft... [1972341978328141824].mp4.transcription	video	/Users/bryan/BGit/Bryan_git/personal_large_files_bridge/_Mirror/Politics/Charlie_Kirk_Mi/Table_Hand_off/In2ThinAir - WATCH Charlie Kirks hand and ARM while he's already on the ground aft... [1972341978328141824].mp4.ai_description	/Users/bryan/BGit/Bryan_git/personal_large_files_bridge/_Mirror/Politics/Charlie_Kirk_Mi/Table_Hand_off/In2ThinAir - WATCH Charlie Kirks hand and ARM while he's already on the ground aft... [1972341978328141824].mp4.ocr							local	mirror	Table_Hand_off	
mirror/Table_Hand_off/Laine_Schoneberger/Video/YREFY Laine Schoneberger	YREFY Laine Schoneberger.mp4	/Users/bryan/_Mirror/Politics/Charlie_Kirk_Mi/Table_Hand_off/Laine_Schoneberger/Video/YREFY Laine Schoneberger.mp4	video	3114067	1783646716		/Users/bryan/BGit/Bryan_git/personal_large_files_bridge/_Mirror/Politics/Charlie_Kirk_Mi/Table_Hand_off/Laine_Schoneberger/Video/YREFY Laine Schoneberger.mp4.transcription	video	/Users/bryan/BGit/Bryan_git/personal_large_files_bridge/_Mirror/Politics/Charlie_Kirk_Mi/Table_Hand_off/Laine_Schoneberger/Video/YREFY Laine Schoneberger.mp4.ai_description	/Users/bryan/BGit/Bryan_git/personal_large_files_bridge/_Mirror/Politics/Charlie_Kirk_Mi/Table_Hand_off/Laine_Schoneberger/Video/YREFY Laine Schoneberger.mp4.ocr							local	mirror	Table_Hand_off/Laine_Schoneberger/Video	
mirror/Table_Hand_off/Pierce_Beck/Summary	Summary.mp4	/Users/bryan/_Mirror/Politics/Charlie_Kirk_Mi/Table_Hand_off/Pierce_Beck/Summary.mp4	video	25545340	1762222541		/Users/bryan/BGit/Bryan_git/personal_large_files_bridge/_Mirror/Politics/Charlie_Kirk_Mi/Table_Hand_off/Pierce_Beck/Summary.mp4.transcription	video	/Users/bryan/BGit/Bryan_git/personal_large_files_bridge/_Mirror/Politics/Charlie_Kirk_Mi/Table_Hand_off/Pierce_Beck/Summary.mp4.ai_description	/Users/bryan/BGit/Bryan_git/personal_large_files_bridge/_Mirror/Politics/Charlie_Kirk_Mi/Table_Hand_off/Pierce_Beck/Summary.mp4.ocr							local	mirror	Table_Hand_off/Pierce_Beck	
mirror/Table_Hand_off/videos/Tate Helmuth - @BlakeBednarz Here is a jam packed video with Mikey McCoy and some ot... [1981181402381975552]	Tate Helmuth - @BlakeBednarz Here is a jam packed video with Mikey McCoy and some ot... [1981181402381975552].mp4	/Users/bryan/_Mirror/Politics/Charlie_Kirk_Mi/Table_Hand_off/videos/Tate Helmuth - @BlakeBednarz Here is a jam packed video with Mikey McCoy and some ot... [1981181402381975552].mp4	video	8752543	1761229012		/Users/bryan/BGit/Bryan_git/personal_large_files_bridge/_Mirror/Politics/Charlie_Kirk_Mi/Table_Hand_off/videos/Tate Helmuth - @BlakeBednarz Here is a jam packed video with Mikey McCoy and some ot... [1981181402381975552].mp4.transcription	video	/Users/bryan/BGit/Bryan_git/personal_large_files_bridge/_Mirror/Politics/Charlie_Kirk_Mi/Table_Hand_off/videos/Tate Helmuth - @BlakeBednarz Here is a jam packed video with Mikey McCoy and some ot... [1981181402381975552].mp4.ai_description	/Users/bryan/BGit/Bryan_git/personal_large_files_bridge/_Mirror/Politics/Charlie_Kirk_Mi/Table_Hand_off/videos/Tate Helmuth - @BlakeBednarz Here is a jam packed video with Mikey McCoy and some ot... [1981181402381975552].mp4.ocr							local	mirror	Table_Hand_off/videos	
mirror/Table_Hand_off/videos/Vide_222	Vide_222.mp4	/Users/bryan/_Mirror/Politics/Charlie_Kirk_Mi/Table_Hand_off/videos/Vide_222.mp4	video	3336655	1759162867		/Users/bryan/BGit/Bryan_git/personal_large_files_bridge/_Mirror/Politics/Charlie_Kirk_Mi/Table_Hand_off/videos/Vide_222.mp4.transcription	video	/Users/bryan/BGit/Bryan_git/personal_large_files_bridge/_Mirror/Politics/Charlie_Kirk_Mi/Table_Hand_off/videos/Vide_222.mp4.ai_description	/Users/bryan/BGit/Bryan_git/personal_large_files_bridge/_Mirror/Politics/Charlie_Kirk_Mi/Table_Hand_off/videos/Vide_222.mp4.ocr							local	mirror	Table_Hand_off/videos	
mirror/Table_Hand_off/videos/Vide_35	Vide_35.mp4	/Users/bryan/_Mirror/Politics/Charlie_Kirk_Mi/Table_Hand_off/videos/Vide_35.mp4	video	8518748	1759162943		/Users/bryan/BGit/Bryan_git/personal_large_files_bridge/_Mirror/Politics/Charlie_Kirk_Mi/Table_Hand_off/videos/Vide_35.mp4.transcription	video	/Users/bryan/BGit/Bryan_git/personal_large_files_bridge/_Mirror/Politics/Charlie_Kirk_Mi/Table_Hand_off/videos/Vide_35.mp4.ai_description	/Users/bryan/BGit/Bryan_git/personal_large_files_bridge/_Mirror/Politics/Charlie_Kirk_Mi/Table_Hand_off/videos/Vide_35.mp4.ocr							local	mirror	Table_Hand_off/videos	
mirror/Table_Hand_off/videos/Vide_353	Vide_353.mp4	/Users/bryan/_Mirror/Politics/Charlie_Kirk_Mi/Table_Hand_off/videos/Vide_353.mp4	video	2150417	1759163201		/Users/bryan/BGit/Bryan_git/personal_large_files_bridge/_Mirror/Politics/Charlie_Kirk_Mi/Table_Hand_off/videos/Vide_353.mp4.transcription	video	/Users/bryan/BGit/Bryan_git/personal_large_files_bridge/_Mirror/Politics/Charlie_Kirk_Mi/Table_Hand_off/videos/Vide_353.mp4.ai_description	/Users/bryan/BGit/Bryan_git/personal_large_files_bridge/_Mirror/Politics/Charlie_Kirk_Mi/Table_Hand_off/videos/Vide_353.mp4.ocr							local	mirror	Table_Hand_off/videos	
mirror/Teachers_Lounge/Teacher_Lounge_Shooter	Teacher_Lounge_Shooter.mp4	/Users/bryan/_Mirror/Politics/Charlie_Kirk_Mi/Teachers_Lounge/Teacher_Lounge_Shooter.mp4	video	393138986	1783647390		/Users/bryan/BGit/Bryan_git/personal_large_files_bridge/_Mirror/Politics/Charlie_Kirk_Mi/Teachers_Lounge/Teacher_Lounge_Shooter.mp4.transcription	video		/Users/bryan/BGit/Bryan_git/personal_large_files_bridge/_Mirror/Politics/Charlie_Kirk_Mi/Teachers_Lounge/Teacher_Lounge_Shooter.mp4.ocr							local	mirror	Teachers_Lounge	
mirror/Truck_and_Back_of_Tent/Big_Great_Truck_Back_Shooter	Big_Great_Truck_Back_Shooter.mp4	/Users/bryan/_Mirror/Politics/Charlie_Kirk_Mi/Truck_and_Back_of_Tent/Big_Great_Truck_Back_Shooter.mp4	video	74141160	1760272334		/Users/bryan/BGit/Bryan_git/personal_large_files_bridge/_Mirror/Politics/Charlie_Kirk_Mi/Truck_and_Back_of_Tent/Big_Great_Truck_Back_Shooter.mp4.transcription	video	/Users/bryan/BGit/Bryan_git/personal_large_files_bridge/_Mirror/Politics/Charlie_Kirk_Mi/Truck_and_Back_of_Tent/Big_Great_Truck_Back_Shooter.mp4.ai_description	/Users/bryan/BGit/Bryan_git/personal_large_files_bridge/_Mirror/Politics/Charlie_Kirk_Mi/Truck_and_Back_of_Tent/Big_Great_Truck_Back_Shooter.mp4.ocr							local	mirror	Truck_and_Back_of_Tent	
mirror/Truck_and_Back_of_Tent/Blake Bednarz - ‘cool as a cucumber’ (idiom) - very calm or very calmly, especially w... [1981093172072632320]	Blake Bednarz - ‘cool as a cucumber’ (idiom) - very calm or very calmly, especially w... [1981093172072632320].mp4	/Users/bryan/_Mirror/Politics/Charlie_Kirk_Mi/Truck_and_Back_of_Tent/Blake Bednarz - ‘cool as a cucumber’ (idiom) - very calm or very calmly, especially w... [1981093172072632320].mp4	video	12656039	1761228784		/Users/bryan/BGit/Bryan_git/personal_large_files_bridge/_Mirror/Politics/Charlie_Kirk_Mi/Truck_and_Back_of_Tent/Blake Bednarz - ‘cool as a cucumber’ (idiom) - very calm or very calmly, especially w... [1981093172072632320].mp4.transcription	video	/Users/bryan/BGit/Bryan_git/personal_large_files_bridge/_Mirror/Politics/Charlie_Kirk_Mi/Truck_and_Back_of_Tent/Blake Bednarz - ‘cool as a cucumber’ (idiom) - very calm or very calmly, especially w... [1981093172072632320].mp4.ai_description	/Users/bryan/BGit/Bryan_git/personal_large_files_bridge/_Mirror/Politics/Charlie_Kirk_Mi/Truck_and_Back_of_Tent/Blake Bednarz - ‘cool as a cucumber’ (idiom) - very calm or very calmly, especially w... [1981093172072632320].mp4.ocr							local	mirror	Truck_and_Back_of_Tent	
mirror/Truck_and_Back_of_Tent/Sarah_Fields	Sarah_Fields.mp4	/Users/bryan/_Mirror/Politics/Charlie_Kirk_Mi/Truck_and_Back_of_Tent/Sarah_Fields.mp4	video	10515785	1761004153		/Users/bryan/BGit/Bryan_git/personal_large_files_bridge/_Mirror/Politics/Charlie_Kirk_Mi/Truck_and_Back_of_Tent/Sarah_Fields.mp4.transcription	video	/Users/bryan/BGit/Bryan_git/personal_large_files_bridge/_Mirror/Politics/Charlie_Kirk_Mi/Truck_and_Back_of_Tent/Sarah_Fields.mp4.ai_description	/Users/bryan/BGit/Bryan_git/personal_large_files_bridge/_Mirror/Politics/Charlie_Kirk_Mi/Truck_and_Back_of_Tent/Sarah_Fields.mp4.ocr							local	mirror	Truck_and_Back_of_Tent	
mirror/Truck_and_Back_of_Tent/Truck_Inside/Blake - Frank was NOT on a F⧸T call • Frank was NOT watching an attack drone ... [2062655855531597824]	Blake - Frank was NOT on a F⧸T call • Frank was NOT watching an attack drone ... [2062655855531597824].mp4	/Users/bryan/_Mirror/Politics/Charlie_Kirk_Mi/Truck_and_Back_of_Tent/Truck_Inside/Blake - Frank was NOT on a F⧸T call • Frank was NOT watching an attack drone ... [2062655855531597824].mp4	video	189761651	1780612440		/Users/bryan/BGit/Bryan_git/personal_large_files_bridge/_Mirror/Politics/Charlie_Kirk_Mi/Truck_and_Back_of_Tent/Truck_Inside/Blake - Frank was NOT on a F⧸T call • Frank was NOT watching an attack drone ... [2062655855531597824].mp4.transcription	video	/Users/bryan/BGit/Bryan_git/personal_large_files_bridge/_Mirror/Politics/Charlie_Kirk_Mi/Truck_and_Back_of_Tent/Truck_Inside/Blake - Frank was NOT on a F⧸T call • Frank was NOT watching an attack drone ... [2062655855531597824].mp4.ai_description	/Users/bryan/BGit/Bryan_git/personal_large_files_bridge/_Mirror/Politics/Charlie_Kirk_Mi/Truck_and_Back_of_Tent/Truck_Inside/Blake - Frank was NOT on a F⧸T call • Frank was NOT watching an attack drone ... [2062655855531597824].mp4.ocr							local	mirror	Truck_and_Back_of_Tent/Truck_Inside	
mirror/Truck_and_Back_of_Tent/Truck_Inside/Blake Bednarz - Source. [1984320522914582528]	Blake Bednarz - Source. [1984320522914582528].mp4	/Users/bryan/_Mirror/Politics/Charlie_Kirk_Mi/Truck_and_Back_of_Tent/Truck_Inside/Blake Bednarz - Source. [1984320522914582528].mp4	video	56988791	1761937481		/Users/bryan/BGit/Bryan_git/personal_large_files_bridge/_Mirror/Politics/Charlie_Kirk_Mi/Truck_and_Back_of_Tent/Truck_Inside/Blake Bednarz - Source. [1984320522914582528].mp4.transcription	video	/Users/bryan/BGit/Bryan_git/personal_large_files_bridge/_Mirror/Politics/Charlie_Kirk_Mi/Truck_and_Back_of_Tent/Truck_Inside/Blake Bednarz - Source. [1984320522914582528].mp4.ai_description	/Users/bryan/BGit/Bryan_git/personal_large_files_bridge/_Mirror/Politics/Charlie_Kirk_Mi/Truck_and_Back_of_Tent/Truck_Inside/Blake Bednarz - Source. [1984320522914582528].mp4.ocr							local	mirror	Truck_and_Back_of_Tent/Truck_Inside	
mirror/Truck_and_Back_of_Tent/Truck_Inside/Carrie Quinn @ PBI - Who⧸what is Jason Behunin intentionally covering up with his fingers？ [2062597666610008064]	Carrie Quinn @ PBI - Who⧸what is Jason Behunin intentionally covering up with his fingers？ [2062597666610008064].mp4	/Users/bryan/_Mirror/Politics/Charlie_Kirk_Mi/Truck_and_Back_of_Tent/Truck_Inside/Carrie Quinn @ PBI - Who⧸what is Jason Behunin intentionally covering up with his fingers？ [2062597666610008064].mp4	video	6209194	1780603207		/Users/bryan/BGit/Bryan_git/personal_large_files_bridge/_Mirror/Politics/Charlie_Kirk_Mi/Truck_and_Back_of_Tent/Truck_Inside/Carrie Quinn @ PBI - Who⧸what is Jason Behunin intentionally covering up with his fingers？ [2062597666610008064].mp4.transcription	video	/Users/bryan/BGit/Bryan_git/personal_large_files_bridge/_Mirror/Politics/Charlie_Kirk_Mi/Truck_and_Back_of_Tent/Truck_Inside/Carrie Quinn @ PBI - Who⧸what is Jason Behunin intentionally covering up with his fingers？ [2062597666610008064].mp4.ai_description	/Users/bryan/BGit/Bryan_git/personal_large_files_bridge/_Mirror/Politics/Charlie_Kirk_Mi/Truck_and_Back_of_Tent/Truck_Inside/Carrie Quinn @ PBI - Who⧸what is Jason Behunin intentionally covering up with his fingers？ [2062597666610008064].mp4.ocr							local	mirror	Truck_and_Back_of_Tent/Truck_Inside	
mirror/Truck_and_Back_of_Tent/Truck_Inside/ZEayucmsJ3z5W_gU [ZEayucmsJ3z5W_gU]	ZEayucmsJ3z5W_gU [ZEayucmsJ3z5W_gU].mp4	/Users/bryan/_Mirror/Politics/Charlie_Kirk_Mi/Truck_and_Back_of_Tent/Truck_Inside/ZEayucmsJ3z5W_gU [ZEayucmsJ3z5W_gU].mp4	video	184434336	1761937267		/Users/bryan/BGit/Bryan_git/personal_large_files_bridge/_Mirror/Politics/Charlie_Kirk_Mi/Truck_and_Back_of_Tent/Truck_Inside/ZEayucmsJ3z5W_gU [ZEayucmsJ3z5W_gU].mp4.transcription	video	/Users/bryan/BGit/Bryan_git/personal_large_files_bridge/_Mirror/Politics/Charlie_Kirk_Mi/Truck_and_Back_of_Tent/Truck_Inside/ZEayucmsJ3z5W_gU [ZEayucmsJ3z5W_gU].mp4.ai_description	/Users/bryan/BGit/Bryan_git/personal_large_files_bridge/_Mirror/Politics/Charlie_Kirk_Mi/Truck_and_Back_of_Tent/Truck_Inside/ZEayucmsJ3z5W_gU [ZEayucmsJ3z5W_gU].mp4.ocr							local	mirror	Truck_and_Back_of_Tent/Truck_Inside	
mirror/Truck_and_Back_of_Tent/Video_X	Video_X.mp4	/Users/bryan/_Mirror/Politics/Charlie_Kirk_Mi/Truck_and_Back_of_Tent/Video_X.mp4	video	10376306	1761235431		/Users/bryan/BGit/Bryan_git/personal_large_files_bridge/_Mirror/Politics/Charlie_Kirk_Mi/Truck_and_Back_of_Tent/Video_X.mp4.transcription	video	/Users/bryan/BGit/Bryan_git/personal_large_files_bridge/_Mirror/Politics/Charlie_Kirk_Mi/Truck_and_Back_of_Tent/Video_X.mp4.ai_description	/Users/bryan/BGit/Bryan_git/personal_large_files_bridge/_Mirror/Politics/Charlie_Kirk_Mi/Truck_and_Back_of_Tent/Video_X.mp4.ocr							local	mirror	Truck_and_Back_of_Tent	
mirror/Tyler_Robinson/0HOUR - Hey @jimmy_rustlin @Sentinel2NO @SafetyNotorious   We have him runnin... [1965902976460967936]	0HOUR - Hey @jimmy_rustlin @Sentinel2NO @SafetyNotorious   We have him runnin... [1965902976460967936].mp4	/Users/bryan/_Mirror/Politics/Charlie_Kirk_Mi/Tyler_Robinson/0HOUR - Hey @jimmy_rustlin @Sentinel2NO @SafetyNotorious   We have him runnin... [1965902976460967936].mp4	video	745133	1760388572		/Users/bryan/BGit/Bryan_git/personal_large_files_bridge/_Mirror/Politics/Charlie_Kirk_Mi/Tyler_Robinson/0HOUR - Hey @jimmy_rustlin @Sentinel2NO @SafetyNotorious   We have him runnin... [1965902976460967936].mp4.transcription	video	/Users/bryan/BGit/Bryan_git/personal_large_files_bridge/_Mirror/Politics/Charlie_Kirk_Mi/Tyler_Robinson/0HOUR - Hey @jimmy_rustlin @Sentinel2NO @SafetyNotorious   We have him runnin... [1965902976460967936].mp4.ai_description	/Users/bryan/BGit/Bryan_git/personal_large_files_bridge/_Mirror/Politics/Charlie_Kirk_Mi/Tyler_Robinson/0HOUR - Hey @jimmy_rustlin @Sentinel2NO @SafetyNotorious   We have him runnin... [1965902976460967936].mp4.ocr							local	mirror	Tyler_Robinson	
mirror/Tyler_Robinson/Arrest/CBS_6_25pm_Sept/Steve Cameron🌎 - @HolonCitizen @Mzandthropic @BopItTwistItBob People in Robinson's tow... #1 [2051567611016794112]	Steve Cameron🌎 - @HolonCitizen @Mzandthropic @BopItTwistItBob People in Robinson's tow... #1 [2051567611016794112].mp4	/Users/bryan/_Mirror/Politics/Charlie_Kirk_Mi/Tyler_Robinson/Arrest/CBS_6_25pm_Sept/Steve Cameron🌎 - @HolonCitizen @Mzandthropic @BopItTwistItBob People in Robinson's tow... #1 [2051567611016794112].mp4	video	7045186	1777981240		/Users/bryan/BGit/Bryan_git/personal_large_files_bridge/_Mirror/Politics/Charlie_Kirk_Mi/Tyler_Robinson/Arrest/CBS_6_25pm_Sept/Steve Cameron🌎 - @HolonCitizen @Mzandthropic @BopItTwistItBob People in Robinson's tow... #1 [2051567611016794112].mp4.transcription	video	/Users/bryan/BGit/Bryan_git/personal_large_files_bridge/_Mirror/Politics/Charlie_Kirk_Mi/Tyler_Robinson/Arrest/CBS_6_25pm_Sept/Steve Cameron🌎 - @HolonCitizen @Mzandthropic @BopItTwistItBob People in Robinson's tow... #1 [2051567611016794112].mp4.ai_description	/Users/bryan/BGit/Bryan_git/personal_large_files_bridge/_Mirror/Politics/Charlie_Kirk_Mi/Tyler_Robinson/Arrest/CBS_6_25pm_Sept/Steve Cameron🌎 - @HolonCitizen @Mzandthropic @BopItTwistItBob People in Robinson's tow... #1 [2051567611016794112].mp4.ocr							local	mirror	Tyler_Robinson/Arrest/CBS_6_25pm_Sept	
mirror/Tyler_Robinson/Arrest/CBS_6_25pm_Sept/Steve Cameron🌎 - @HolonCitizen @Mzandthropic @BopItTwistItBob People in Robinson's tow... #2 [2051568125657944064]	Steve Cameron🌎 - @HolonCitizen @Mzandthropic @BopItTwistItBob People in Robinson's tow... #2 [2051568125657944064].mp4	/Users/bryan/_Mirror/Politics/Charlie_Kirk_Mi/Tyler_Robinson/Arrest/CBS_6_25pm_Sept/Steve Cameron🌎 - @HolonCitizen @Mzandthropic @BopItTwistItBob People in Robinson's tow... #2 [2051568125657944064].mp4	video	4032682	1777981253		/Users/bryan/BGit/Bryan_git/personal_large_files_bridge/_Mirror/Politics/Charlie_Kirk_Mi/Tyler_Robinson/Arrest/CBS_6_25pm_Sept/Steve Cameron🌎 - @HolonCitizen @Mzandthropic @BopItTwistItBob People in Robinson's tow... #2 [2051568125657944064].mp4.transcription	video	/Users/bryan/BGit/Bryan_git/personal_large_files_bridge/_Mirror/Politics/Charlie_Kirk_Mi/Tyler_Robinson/Arrest/CBS_6_25pm_Sept/Steve Cameron🌎 - @HolonCitizen @Mzandthropic @BopItTwistItBob People in Robinson's tow... #2 [2051568125657944064].mp4.ai_description	/Users/bryan/BGit/Bryan_git/personal_large_files_bridge/_Mirror/Politics/Charlie_Kirk_Mi/Tyler_Robinson/Arrest/CBS_6_25pm_Sept/Steve Cameron🌎 - @HolonCitizen @Mzandthropic @BopItTwistItBob People in Robinson's tow... #2 [2051568125657944064].mp4.ocr							local	mirror	Tyler_Robinson/Arrest/CBS_6_25pm_Sept	
mirror/Tyler_Robinson/Arrest/CBS_6_25pm_Sept/Steve Cameron🌎 - @HolonCitizen @Mzandthropic @BopItTwistItBob People in Robinson's tow... #3 [2051568242880389120]	Steve Cameron🌎 - @HolonCitizen @Mzandthropic @BopItTwistItBob People in Robinson's tow... #3 [2051568242880389120].mp4	/Users/bryan/_Mirror/Politics/Charlie_Kirk_Mi/Tyler_Robinson/Arrest/CBS_6_25pm_Sept/Steve Cameron🌎 - @HolonCitizen @Mzandthropic @BopItTwistItBob People in Robinson's tow... #3 [2051568242880389120].mp4	video	923844	1777981259		/Users/bryan/BGit/Bryan_git/personal_large_files_bridge/_Mirror/Politics/Charlie_Kirk_Mi/Tyler_Robinson/Arrest/CBS_6_25pm_Sept/Steve Cameron🌎 - @HolonCitizen @Mzandthropic @BopItTwistItBob People in Robinson's tow... #3 [2051568242880389120].mp4.transcription	video	/Users/bryan/BGit/Bryan_git/personal_large_files_bridge/_Mirror/Politics/Charlie_Kirk_Mi/Tyler_Robinson/Arrest/CBS_6_25pm_Sept/Steve Cameron🌎 - @HolonCitizen @Mzandthropic @BopItTwistItBob People in Robinson's tow... #3 [2051568242880389120].mp4.ai_description	/Users/bryan/BGit/Bryan_git/personal_large_files_bridge/_Mirror/Politics/Charlie_Kirk_Mi/Tyler_Robinson/Arrest/CBS_6_25pm_Sept/Steve Cameron🌎 - @HolonCitizen @Mzandthropic @BopItTwistItBob People in Robinson's tow... #3 [2051568242880389120].mp4.ocr							local	mirror	Tyler_Robinson/Arrest/CBS_6_25pm_Sept	
mirror/Tyler_Robinson/Clothing_Change	Clothing_Change.mp4	/Users/bryan/_Mirror/Politics/Charlie_Kirk_Mi/Tyler_Robinson/Clothing_Change.mp4	video	4357596	1757851556		/Users/bryan/BGit/Bryan_git/personal_large_files_bridge/_Mirror/Politics/Charlie_Kirk_Mi/Tyler_Robinson/Clothing_Change.mp4.transcription	video	/Users/bryan/BGit/Bryan_git/personal_large_files_bridge/_Mirror/Politics/Charlie_Kirk_Mi/Tyler_Robinson/Clothing_Change.mp4.ai_description	/Users/bryan/BGit/Bryan_git/personal_large_files_bridge/_Mirror/Politics/Charlie_Kirk_Mi/Tyler_Robinson/Clothing_Change.mp4.ocr							local	mirror	Tyler_Robinson	
mirror/Tyler_Robinson/Clothing_Change copy	Clothing_Change copy.mp4	/Users/bryan/_Mirror/Politics/Charlie_Kirk_Mi/Tyler_Robinson/Clothing_Change copy.mp4	video	2411191	1758023242		/Users/bryan/BGit/Bryan_git/personal_large_files_bridge/_Mirror/Politics/Charlie_Kirk_Mi/Tyler_Robinson/Clothing_Change copy.mp4.transcription	video	/Users/bryan/BGit/Bryan_git/personal_large_files_bridge/_Mirror/Politics/Charlie_Kirk_Mi/Tyler_Robinson/Clothing_Change copy.mp4.ai_description	/Users/bryan/BGit/Bryan_git/personal_large_files_bridge/_Mirror/Politics/Charlie_Kirk_Mi/Tyler_Robinson/Clothing_Change copy.mp4.ocr							local	mirror	Tyler_Robinson	
mirror/Tyler_Robinson/Lance/Project Constitution - 🚨 TYLER ROBINSON DISCORD LEAK： The INSANE Discord Chats &amp; Behind-... [1982459984387465216]	Project Constitution - 🚨 TYLER ROBINSON DISCORD LEAK： The INSANE Discord Chats &amp; Behind-... [1982459984387465216].mp4	/Users/bryan/_Mirror/Politics/Charlie_Kirk_Mi/Tyler_Robinson/Lance/Project Constitution - 🚨 TYLER ROBINSON DISCORD LEAK： The INSANE Discord Chats &amp; Behind-... [1982459984387465216].mp4	video	104566036	1761496283		/Users/bryan/BGit/Bryan_git/personal_large_files_bridge/_Mirror/Politics/Charlie_Kirk_Mi/Tyler_Robinson/Lance/Project Constitution - 🚨 TYLER ROBINSON DISCORD LEAK： The INSANE Discord Chats &amp; Behind-... [1982459984387465216].mp4.transcription	video	/Users/bryan/BGit/Bryan_git/personal_large_files_bridge/_Mirror/Politics/Charlie_Kirk_Mi/Tyler_Robinson/Lance/Project Constitution - 🚨 TYLER ROBINSON DISCORD LEAK： The INSANE Discord Chats &amp; Behind-... [1982459984387465216].mp4.ai_description	/Users/bryan/BGit/Bryan_git/personal_large_files_bridge/_Mirror/Politics/Charlie_Kirk_Mi/Tyler_Robinson/Lance/Project Constitution - 🚨 TYLER ROBINSON DISCORD LEAK： The INSANE Discord Chats &amp; Behind-... [1982459984387465216].mp4.ocr							local	mirror	Tyler_Robinson/Lance	
mirror/Tyler_Robinson/Muppet Masher - @TommyLaRussoLLC [2075684389695180800]	Muppet Masher - @TommyLaRussoLLC [2075684389695180800].mp4	/Users/bryan/_Mirror/Politics/Charlie_Kirk_Mi/Tyler_Robinson/Muppet Masher - @TommyLaRussoLLC [2075684389695180800].mp4	video	20472577	1783739807		/Users/bryan/BGit/Bryan_git/personal_large_files_bridge/_Mirror/Politics/Charlie_Kirk_Mi/Tyler_Robinson/Muppet Masher - @TommyLaRussoLLC [2075684389695180800].mp4.transcription	video	/Users/bryan/BGit/Bryan_git/personal_large_files_bridge/_Mirror/Politics/Charlie_Kirk_Mi/Tyler_Robinson/Muppet Masher - @TommyLaRussoLLC [2075684389695180800].mp4.ai_description	/Users/bryan/BGit/Bryan_git/personal_large_files_bridge/_Mirror/Politics/Charlie_Kirk_Mi/Tyler_Robinson/Muppet Masher - @TommyLaRussoLLC [2075684389695180800].mp4.ocr							local	mirror	Tyler_Robinson	
mirror/Tyler_Robinson/Tyler_Running	Tyler_Running.mp4	/Users/bryan/_Mirror/Politics/Charlie_Kirk_Mi/Tyler_Robinson/Tyler_Running.mp4	video	1373621	1760394102		/Users/bryan/BGit/Bryan_git/personal_large_files_bridge/_Mirror/Politics/Charlie_Kirk_Mi/Tyler_Robinson/Tyler_Running.mp4.transcription	video	/Users/bryan/BGit/Bryan_git/personal_large_files_bridge/_Mirror/Politics/Charlie_Kirk_Mi/Tyler_Robinson/Tyler_Running.mp4.ai_description	/Users/bryan/BGit/Bryan_git/personal_large_files_bridge/_Mirror/Politics/Charlie_Kirk_Mi/Tyler_Robinson/Tyler_Running.mp4.ocr							local	mirror	Tyler_Robinson	
mirror/Tyler_Robinson/Walking/Project Constitution - 🚨MUST WATCH： Detailed Visual Timeline Of Charlie Kirk Assassin's ROUT... [2001569932966760448]	Project Constitution - 🚨MUST WATCH： Detailed Visual Timeline Of Charlie Kirk Assassin's ROUT... [2001569932966760448].mp4	/Users/bryan/_Mirror/Politics/Charlie_Kirk_Mi/Tyler_Robinson/Walking/Project Constitution - 🚨MUST WATCH： Detailed Visual Timeline Of Charlie Kirk Assassin's ROUT... [2001569932966760448].mp4	video	149997241	1766167561		/Users/bryan/BGit/Bryan_git/personal_large_files_bridge/_Mirror/Politics/Charlie_Kirk_Mi/Tyler_Robinson/Walking/Project Constitution - 🚨MUST WATCH： Detailed Visual Timeline Of Charlie Kirk Assassin's ROUT... [2001569932966760448].mp4.transcription	video	/Users/bryan/BGit/Bryan_git/personal_large_files_bridge/_Mirror/Politics/Charlie_Kirk_Mi/Tyler_Robinson/Walking/Project Constitution - 🚨MUST WATCH： Detailed Visual Timeline Of Charlie Kirk Assassin's ROUT... [2001569932966760448].mp4.ai_description	/Users/bryan/BGit/Bryan_git/personal_large_files_bridge/_Mirror/Politics/Charlie_Kirk_Mi/Tyler_Robinson/Walking/Project Constitution - 🚨MUST WATCH： Detailed Visual Timeline Of Charlie Kirk Assassin's ROUT... [2001569932966760448].mp4.ocr							local	mirror	Tyler_Robinson/Walking	
mirror/Tyler_Robinson/videos/EddieSpaghetti🤨 - @HolonCitizen @JOKAQARMY1 Yeah, DA Gray claims the suspect walked wit... [2025172068526866432]	EddieSpaghetti🤨 - @HolonCitizen @JOKAQARMY1 Yeah, DA Gray claims the suspect walked wit... [2025172068526866432].mp4	/Users/bryan/_Mirror/Politics/Charlie_Kirk_Mi/Tyler_Robinson/videos/EddieSpaghetti🤨 - @HolonCitizen @JOKAQARMY1 Yeah, DA Gray claims the suspect walked wit... [2025172068526866432].mp4	video	2939652	1771689314		/Users/bryan/BGit/Bryan_git/personal_large_files_bridge/_Mirror/Politics/Charlie_Kirk_Mi/Tyler_Robinson/videos/EddieSpaghetti🤨 - @HolonCitizen @JOKAQARMY1 Yeah, DA Gray claims the suspect walked wit... [2025172068526866432].mp4.transcription	video	/Users/bryan/BGit/Bryan_git/personal_large_files_bridge/_Mirror/Politics/Charlie_Kirk_Mi/Tyler_Robinson/videos/EddieSpaghetti🤨 - @HolonCitizen @JOKAQARMY1 Yeah, DA Gray claims the suspect walked wit... [2025172068526866432].mp4.ai_description	/Users/bryan/BGit/Bryan_git/personal_large_files_bridge/_Mirror/Politics/Charlie_Kirk_Mi/Tyler_Robinson/videos/EddieSpaghetti🤨 - @HolonCitizen @JOKAQARMY1 Yeah, DA Gray claims the suspect walked wit... [2025172068526866432].mp4.ocr							local	mirror	Tyler_Robinson/videos	
mirror/Tyler_Robinson/videos/Project Constitution - 🚨Breaking： Newly Uncovered Footage Appears to Show Tyler Robinson’s G... [1979071169794846720]	Project Constitution - 🚨Breaking： Newly Uncovered Footage Appears to Show Tyler Robinson’s G... [1979071169794846720].mp4	/Users/bryan/_Mirror/Politics/Charlie_Kirk_Mi/Tyler_Robinson/videos/Project Constitution - 🚨Breaking： Newly Uncovered Footage Appears to Show Tyler Robinson’s G... [1979071169794846720].mp4	video	49899529	1760696951		/Users/bryan/BGit/Bryan_git/personal_large_files_bridge/_Mirror/Politics/Charlie_Kirk_Mi/Tyler_Robinson/videos/Project Constitution - 🚨Breaking： Newly Uncovered Footage Appears to Show Tyler Robinson’s G... [1979071169794846720].mp4.transcription	video	/Users/bryan/BGit/Bryan_git/personal_large_files_bridge/_Mirror/Politics/Charlie_Kirk_Mi/Tyler_Robinson/videos/Project Constitution - 🚨Breaking： Newly Uncovered Footage Appears to Show Tyler Robinson’s G... [1979071169794846720].mp4.ai_description	/Users/bryan/BGit/Bryan_git/personal_large_files_bridge/_Mirror/Politics/Charlie_Kirk_Mi/Tyler_Robinson/videos/Project Constitution - 🚨Breaking： Newly Uncovered Footage Appears to Show Tyler Robinson’s G... [1979071169794846720].mp4.ocr							local	mirror	Tyler_Robinson/videos	
mirror/Witnesses/Project Constitution - 🚨 EYEWITNESS DROPS NUCLEAR CONFIRMATION： Charlie Kirk SHOT POINT-BLAN... [1977638568190214144]	Project Constitution - 🚨 EYEWITNESS DROPS NUCLEAR CONFIRMATION： Charlie Kirk SHOT POINT-BLAN... [1977638568190214144].mp4	/Users/bryan/_Mirror/Politics/Charlie_Kirk_Mi/Witnesses/Project Constitution - 🚨 EYEWITNESS DROPS NUCLEAR CONFIRMATION： Charlie Kirk SHOT POINT-BLAN... [1977638568190214144].mp4	video	12508120	1760367845		/Users/bryan/BGit/Bryan_git/personal_large_files_bridge/_Mirror/Politics/Charlie_Kirk_Mi/Witnesses/Project Constitution - 🚨 EYEWITNESS DROPS NUCLEAR CONFIRMATION： Charlie Kirk SHOT POINT-BLAN... [1977638568190214144].mp4.transcription	video	/Users/bryan/BGit/Bryan_git/personal_large_files_bridge/_Mirror/Politics/Charlie_Kirk_Mi/Witnesses/Project Constitution - 🚨 EYEWITNESS DROPS NUCLEAR CONFIRMATION： Charlie Kirk SHOT POINT-BLAN... [1977638568190214144].mp4.ai_description	/Users/bryan/BGit/Bryan_git/personal_large_files_bridge/_Mirror/Politics/Charlie_Kirk_Mi/Witnesses/Project Constitution - 🚨 EYEWITNESS DROPS NUCLEAR CONFIRMATION： Charlie Kirk SHOT POINT-BLAN... [1977638568190214144].mp4.ocr							local	mirror	Witnesses	
mirror/X_Shooter/Project Constitution - 🚨BREAKING： CHARLIE KIRK SHOOTER IDENTIFIED — MORE COMING SOON🚨  We’ve... [1976506741958352896]	Project Constitution - 🚨BREAKING： CHARLIE KIRK SHOOTER IDENTIFIED — MORE COMING SOON🚨  We’ve... [1976506741958352896].mp4	/Users/bryan/_Mirror/Politics/Charlie_Kirk_Mi/X_Shooter/Project Constitution - 🚨BREAKING： CHARLIE KIRK SHOOTER IDENTIFIED — MORE COMING SOON🚨  We’ve... [1976506741958352896].mp4	video	6245292	1760099691		/Users/bryan/BGit/Bryan_git/personal_large_files_bridge/_Mirror/Politics/Charlie_Kirk_Mi/X_Shooter/Project Constitution - 🚨BREAKING： CHARLIE KIRK SHOOTER IDENTIFIED — MORE COMING SOON🚨  We’ve... [1976506741958352896].mp4.transcription	video	/Users/bryan/BGit/Bryan_git/personal_large_files_bridge/_Mirror/Politics/Charlie_Kirk_Mi/X_Shooter/Project Constitution - 🚨BREAKING： CHARLIE KIRK SHOOTER IDENTIFIED — MORE COMING SOON🚨  We’ve... [1976506741958352896].mp4.ai_description	/Users/bryan/BGit/Bryan_git/personal_large_files_bridge/_Mirror/Politics/Charlie_Kirk_Mi/X_Shooter/Project Constitution - 🚨BREAKING： CHARLIE KIRK SHOOTER IDENTIFIED — MORE COMING SOON🚨  We’ve... [1976506741958352896].mp4.ocr							local	mirror	X_Shooter	
mirror/video/1	1.mp4	/Users/bryan/_Mirror/Politics/Charlie_Kirk_Mi/video/1.mp4	video	2192336	1760963574		/Users/bryan/BGit/Bryan_git/personal_large_files_bridge/_Mirror/Politics/Charlie_Kirk_Mi/video/1.mp4.transcription	video	/Users/bryan/BGit/Bryan_git/personal_large_files_bridge/_Mirror/Politics/Charlie_Kirk_Mi/video/1.mp4.ai_description	/Users/bryan/BGit/Bryan_git/personal_large_files_bridge/_Mirror/Politics/Charlie_Kirk_Mi/video/1.mp4.ocr							local	mirror	video	
mirror/video/10 (not visible, skip to 19 minutes)	10 (not visible, skip to 19 minutes).mp4	/Users/bryan/_Mirror/Politics/Charlie_Kirk_Mi/video/10 (not visible, skip to 19 minutes).mp4	video	1918549224	1760963891		/Users/bryan/BGit/Bryan_git/personal_large_files_bridge/_Mirror/Politics/Charlie_Kirk_Mi/video/10 (not visible, skip to 19 minutes).mp4.transcription	video	/Users/bryan/BGit/Bryan_git/personal_large_files_bridge/_Mirror/Politics/Charlie_Kirk_Mi/video/10 (not visible, skip to 19 minutes).mp4.ai_description	/Users/bryan/BGit/Bryan_git/personal_large_files_bridge/_Mirror/Politics/Charlie_Kirk_Mi/video/10 (not visible, skip to 19 minutes).mp4.ocr							local	mirror	video	
mirror/video/11	11.mp4	/Users/bryan/_Mirror/Politics/Charlie_Kirk_Mi/video/11.mp4	video	11698357	1760963894		/Users/bryan/BGit/Bryan_git/personal_large_files_bridge/_Mirror/Politics/Charlie_Kirk_Mi/video/11.mp4.transcription	video	/Users/bryan/BGit/Bryan_git/personal_large_files_bridge/_Mirror/Politics/Charlie_Kirk_Mi/video/11.mp4.ai_description	/Users/bryan/BGit/Bryan_git/personal_large_files_bridge/_Mirror/Politics/Charlie_Kirk_Mi/video/11.mp4.ocr							local	mirror	video	
mirror/video/11_Minutes_Full	11_Minutes_Full.mp4	/Users/bryan/_Mirror/Politics/Charlie_Kirk_Mi/video/11_Minutes_Full.mp4	video	660580168	1762386383		/Users/bryan/BGit/Bryan_git/personal_large_files_bridge/_Mirror/Politics/Charlie_Kirk_Mi/video/11_Minutes_Full.mp4.transcription	video	/Users/bryan/BGit/Bryan_git/personal_large_files_bridge/_Mirror/Politics/Charlie_Kirk_Mi/video/11_Minutes_Full.mp4.ai_description	/Users/bryan/BGit/Bryan_git/personal_large_files_bridge/_Mirror/Politics/Charlie_Kirk_Mi/video/11_Minutes_Full.mp4.ocr							local	mirror	video	
mirror/video/12	12.mp4	/Users/bryan/_Mirror/Politics/Charlie_Kirk_Mi/video/12.mp4	video	8965430	1760963906		/Users/bryan/BGit/Bryan_git/personal_large_files_bridge/_Mirror/Politics/Charlie_Kirk_Mi/video/12.mp4.transcription	video	/Users/bryan/BGit/Bryan_git/personal_large_files_bridge/_Mirror/Politics/Charlie_Kirk_Mi/video/12.mp4.ai_description	/Users/bryan/BGit/Bryan_git/personal_large_files_bridge/_Mirror/Politics/Charlie_Kirk_Mi/video/12.mp4.ocr							local	mirror	video	
mirror/video/12 even more hq but ai slop	12 even more hq but ai slop.mp4	/Users/bryan/_Mirror/Politics/Charlie_Kirk_Mi/video/12 even more hq but ai slop.mp4	video	15635534	1760963897		/Users/bryan/BGit/Bryan_git/personal_large_files_bridge/_Mirror/Politics/Charlie_Kirk_Mi/video/12 even more hq but ai slop.mp4.transcription	video	/Users/bryan/BGit/Bryan_git/personal_large_files_bridge/_Mirror/Politics/Charlie_Kirk_Mi/video/12 even more hq but ai slop.mp4.ai_description	/Users/bryan/BGit/Bryan_git/personal_large_files_bridge/_Mirror/Politics/Charlie_Kirk_Mi/video/12 even more hq but ai slop.mp4.ocr							local	mirror	video	
mirror/video/12 hq with dumb music	12 hq with dumb music.mp4	/Users/bryan/_Mirror/Politics/Charlie_Kirk_Mi/video/12 hq with dumb music.mp4	video	12044514	1760963900		/Users/bryan/BGit/Bryan_git/personal_large_files_bridge/_Mirror/Politics/Charlie_Kirk_Mi/video/12 hq with dumb music.mp4.transcription	video	/Users/bryan/BGit/Bryan_git/personal_large_files_bridge/_Mirror/Politics/Charlie_Kirk_Mi/video/12 hq with dumb music.mp4.ai_description	/Users/bryan/BGit/Bryan_git/personal_large_files_bridge/_Mirror/Politics/Charlie_Kirk_Mi/video/12 hq with dumb music.mp4.ocr							local	mirror	video	
mirror/video/12.ia	12.ia.mp4	/Users/bryan/_Mirror/Politics/Charlie_Kirk_Mi/video/12.ia.mp4	video	8965430	1760963903		/Users/bryan/BGit/Bryan_git/personal_large_files_bridge/_Mirror/Politics/Charlie_Kirk_Mi/video/12.ia.mp4.transcription	video	/Users/bryan/BGit/Bryan_git/personal_large_files_bridge/_Mirror/Politics/Charlie_Kirk_Mi/video/12.ia.mp4.ai_description	/Users/bryan/BGit/Bryan_git/personal_large_files_bridge/_Mirror/Politics/Charlie_Kirk_Mi/video/12.ia.mp4.ocr							local	mirror	video	
mirror/video/12_Min_High_Res	12_Min_High_Res.mp4	/Users/bryan/_Mirror/Politics/Charlie_Kirk_Mi/video/12_Min_High_Res.mp4	video	349117280	1759973466		/Users/bryan/BGit/Bryan_git/personal_large_files_bridge/_Mirror/Politics/Charlie_Kirk_Mi/video/12_Min_High_Res.mp4.transcription	video	/Users/bryan/BGit/Bryan_git/personal_large_files_bridge/_Mirror/Politics/Charlie_Kirk_Mi/video/12_Min_High_Res.mp4.ai_description	/Users/bryan/BGit/Bryan_git/personal_large_files_bridge/_Mirror/Politics/Charlie_Kirk_Mi/video/12_Min_High_Res.mp4.ocr							local	mirror	video	
mirror/video/13	13.mp4	/Users/bryan/_Mirror/Politics/Charlie_Kirk_Mi/video/13.mp4	video	2988387	1760963911		/Users/bryan/BGit/Bryan_git/personal_large_files_bridge/_Mirror/Politics/Charlie_Kirk_Mi/video/13.mp4.transcription	video	/Users/bryan/BGit/Bryan_git/personal_large_files_bridge/_Mirror/Politics/Charlie_Kirk_Mi/video/13.mp4.ai_description	/Users/bryan/BGit/Bryan_git/personal_large_files_bridge/_Mirror/Politics/Charlie_Kirk_Mi/video/13.mp4.ocr							local	mirror	video	
mirror/video/13.ia	13.ia.mp4	/Users/bryan/_Mirror/Politics/Charlie_Kirk_Mi/video/13.ia.mp4	video	8965430	1760963909		/Users/bryan/BGit/Bryan_git/personal_large_files_bridge/_Mirror/Politics/Charlie_Kirk_Mi/video/13.ia.mp4.transcription	video	/Users/bryan/BGit/Bryan_git/personal_large_files_bridge/_Mirror/Politics/Charlie_Kirk_Mi/video/13.ia.mp4.ai_description	/Users/bryan/BGit/Bryan_git/personal_large_files_bridge/_Mirror/Politics/Charlie_Kirk_Mi/video/13.ia.mp4.ocr							local	mirror	video	
mirror/video/14 (not visible)	14 (not visible).mp4	/Users/bryan/_Mirror/Politics/Charlie_Kirk_Mi/video/14 (not visible).mp4	video	210486362	1760963947		/Users/bryan/BGit/Bryan_git/personal_large_files_bridge/_Mirror/Politics/Charlie_Kirk_Mi/video/14 (not visible).mp4.transcription	video	/Users/bryan/BGit/Bryan_git/personal_large_files_bridge/_Mirror/Politics/Charlie_Kirk_Mi/video/14 (not visible).mp4.ai_description	/Users/bryan/BGit/Bryan_git/personal_large_files_bridge/_Mirror/Politics/Charlie_Kirk_Mi/video/14 (not visible).mp4.ocr							local	mirror	video	
mirror/video/14 (not visible).ia	14 (not visible).ia.mp4	/Users/bryan/_Mirror/Politics/Charlie_Kirk_Mi/video/14 (not visible).ia.mp4	video	10939391	1760963914		/Users/bryan/BGit/Bryan_git/personal_large_files_bridge/_Mirror/Politics/Charlie_Kirk_Mi/video/14 (not visible).ia.mp4.transcription	video	/Users/bryan/BGit/Bryan_git/personal_large_files_bridge/_Mirror/Politics/Charlie_Kirk_Mi/video/14 (not visible).ia.mp4.ai_description	/Users/bryan/BGit/Bryan_git/personal_large_files_bridge/_Mirror/Politics/Charlie_Kirk_Mi/video/14 (not visible).ia.mp4.ocr							local	mirror	video	
mirror/video/15 (at the very end)	15 (at the very end).mp4	/Users/bryan/_Mirror/Politics/Charlie_Kirk_Mi/video/15 (at the very end).mp4	video	193878383	1760963977		/Users/bryan/BGit/Bryan_git/personal_large_files_bridge/_Mirror/Politics/Charlie_Kirk_Mi/video/15 (at the very end).mp4.transcription	video	/Users/bryan/BGit/Bryan_git/personal_large_files_bridge/_Mirror/Politics/Charlie_Kirk_Mi/video/15 (at the very end).mp4.ai_description	/Users/bryan/BGit/Bryan_git/personal_large_files_bridge/_Mirror/Politics/Charlie_Kirk_Mi/video/15 (at the very end).mp4.ocr							local	mirror	video	
mirror/video/16	16.mp4	/Users/bryan/_Mirror/Politics/Charlie_Kirk_Mi/video/16.mp4	video	1943085	1760963979		/Users/bryan/BGit/Bryan_git/personal_large_files_bridge/_Mirror/Politics/Charlie_Kirk_Mi/video/16.mp4.transcription	video	/Users/bryan/BGit/Bryan_git/personal_large_files_bridge/_Mirror/Politics/Charlie_Kirk_Mi/video/16.mp4.ai_description	/Users/bryan/BGit/Bryan_git/personal_large_files_bridge/_Mirror/Politics/Charlie_Kirk_Mi/video/16.mp4.ocr							local	mirror	video	
mirror/video/17	17.mp4	/Users/bryan/_Mirror/Politics/Charlie_Kirk_Mi/video/17.mp4	video	1602526	1760963980		/Users/bryan/BGit/Bryan_git/personal_large_files_bridge/_Mirror/Politics/Charlie_Kirk_Mi/video/17.mp4.transcription	video	/Users/bryan/BGit/Bryan_git/personal_large_files_bridge/_Mirror/Politics/Charlie_Kirk_Mi/video/17.mp4.ai_description	/Users/bryan/BGit/Bryan_git/personal_large_files_bridge/_Mirror/Politics/Charlie_Kirk_Mi/video/17.mp4.ocr							local	mirror	video	
mirror/video/2	2.mp4	/Users/bryan/_Mirror/Politics/Charlie_Kirk_Mi/video/2.mp4	video	9339817	1760963986		/Users/bryan/BGit/Bryan_git/personal_large_files_bridge/_Mirror/Politics/Charlie_Kirk_Mi/video/2.mp4.transcription	video	/Users/bryan/BGit/Bryan_git/personal_large_files_bridge/_Mirror/Politics/Charlie_Kirk_Mi/video/2.mp4.ai_description	/Users/bryan/BGit/Bryan_git/personal_large_files_bridge/_Mirror/Politics/Charlie_Kirk_Mi/video/2.mp4.ocr							local	mirror	video	
mirror/video/2.ia	2.ia.mp4	/Users/bryan/_Mirror/Politics/Charlie_Kirk_Mi/video/2.ia.mp4	video	9339817	1760963983		/Users/bryan/BGit/Bryan_git/personal_large_files_bridge/_Mirror/Politics/Charlie_Kirk_Mi/video/2.ia.mp4.transcription	video	/Users/bryan/BGit/Bryan_git/personal_large_files_bridge/_Mirror/Politics/Charlie_Kirk_Mi/video/2.ia.mp4.ai_description	/Users/bryan/BGit/Bryan_git/personal_large_files_bridge/_Mirror/Politics/Charlie_Kirk_Mi/video/2.ia.mp4.ocr							local	mirror	video	
mirror/video/3	3.mp4	/Users/bryan/_Mirror/Politics/Charlie_Kirk_Mi/video/3.mp4	video	2785805	1760963988		/Users/bryan/BGit/Bryan_git/personal_large_files_bridge/_Mirror/Politics/Charlie_Kirk_Mi/video/3.mp4.transcription	video	/Users/bryan/BGit/Bryan_git/personal_large_files_bridge/_Mirror/Politics/Charlie_Kirk_Mi/video/3.mp4.ai_description	/Users/bryan/BGit/Bryan_git/personal_large_files_bridge/_Mirror/Politics/Charlie_Kirk_Mi/video/3.mp4.ocr							local	mirror	video	
mirror/video/4	4.mp4	/Users/bryan/_Mirror/Politics/Charlie_Kirk_Mi/video/4.mp4	video	3277377	1760963989		/Users/bryan/BGit/Bryan_git/personal_large_files_bridge/_Mirror/Politics/Charlie_Kirk_Mi/video/4.mp4.transcription	video	/Users/bryan/BGit/Bryan_git/personal_large_files_bridge/_Mirror/Politics/Charlie_Kirk_Mi/video/4.mp4.ai_description	/Users/bryan/BGit/Bryan_git/personal_large_files_bridge/_Mirror/Politics/Charlie_Kirk_Mi/video/4.mp4.ocr							local	mirror	video	
mirror/video/4K_South_High_Res_Close_60fps	4K_South_High_Res_Close_60fps.mp4	/Users/bryan/_Mirror/Politics/Charlie_Kirk_Mi/video/4K_South_High_Res_Close_60fps.mp4	video	101605114	1761242976		/Users/bryan/BGit/Bryan_git/personal_large_files_bridge/_Mirror/Politics/Charlie_Kirk_Mi/video/4K_South_High_Res_Close_60fps.mp4.transcription	video	/Users/bryan/BGit/Bryan_git/personal_large_files_bridge/_Mirror/Politics/Charlie_Kirk_Mi/video/4K_South_High_Res_Close_60fps.mp4.ai_description	/Users/bryan/BGit/Bryan_git/personal_large_files_bridge/_Mirror/Politics/Charlie_Kirk_Mi/video/4K_South_High_Res_Close_60fps.mp4.ocr							local	mirror	video	
mirror/video/4k_60fps_from_South	4k_60fps_from_South.mp4	/Users/bryan/_Mirror/Politics/Charlie_Kirk_Mi/video/4k_60fps_from_South.mp4	video	101605114	1761420549		/Users/bryan/BGit/Bryan_git/personal_large_files_bridge/_Mirror/Politics/Charlie_Kirk_Mi/video/4k_60fps_from_South.mp4.transcription	video	/Users/bryan/BGit/Bryan_git/personal_large_files_bridge/_Mirror/Politics/Charlie_Kirk_Mi/video/4k_60fps_from_South.mp4.ai_description	/Users/bryan/BGit/Bryan_git/personal_large_files_bridge/_Mirror/Politics/Charlie_Kirk_Mi/video/4k_60fps_from_South.mp4.ocr							local	mirror	video	
mirror/video/4k_Full	4k_Full.mp4	/Users/bryan/_Mirror/Politics/Charlie_Kirk_Mi/video/4k_Full.mp4	video	530941338	1749044864		/Users/bryan/BGit/Bryan_git/personal_large_files_bridge/_Mirror/Politics/Charlie_Kirk_Mi/video/4k_Full.mp4.transcription	video	/Users/bryan/BGit/Bryan_git/personal_large_files_bridge/_Mirror/Politics/Charlie_Kirk_Mi/video/4k_Full.mp4.ai_description	/Users/bryan/BGit/Bryan_git/personal_large_files_bridge/_Mirror/Politics/Charlie_Kirk_Mi/video/4k_Full.mp4.ocr							local	mirror	video	
mirror/video/5	5.mp4	/Users/bryan/_Mirror/Politics/Charlie_Kirk_Mi/video/5.mp4	video	883450	1760963992		/Users/bryan/BGit/Bryan_git/personal_large_files_bridge/_Mirror/Politics/Charlie_Kirk_Mi/video/5.mp4.transcription	video	/Users/bryan/BGit/Bryan_git/personal_large_files_bridge/_Mirror/Politics/Charlie_Kirk_Mi/video/5.mp4.ai_description	/Users/bryan/BGit/Bryan_git/personal_large_files_bridge/_Mirror/Politics/Charlie_Kirk_Mi/video/5.mp4.ocr							local	mirror	video	
mirror/video/5 lq no wm	5 lq no wm.mp4	/Users/bryan/_Mirror/Politics/Charlie_Kirk_Mi/video/5 lq no wm.mp4	video	938536	1760963990		/Users/bryan/BGit/Bryan_git/personal_large_files_bridge/_Mirror/Politics/Charlie_Kirk_Mi/video/5 lq no wm.mp4.transcription	video	/Users/bryan/BGit/Bryan_git/personal_large_files_bridge/_Mirror/Politics/Charlie_Kirk_Mi/video/5 lq no wm.mp4.ai_description	/Users/bryan/BGit/Bryan_git/personal_large_files_bridge/_Mirror/Politics/Charlie_Kirk_Mi/video/5 lq no wm.mp4.ocr							local	mirror	video	
mirror/video/6	6.mp4	/Users/bryan/_Mirror/Politics/Charlie_Kirk_Mi/video/6.mp4	video	2108043	1760963993		/Users/bryan/BGit/Bryan_git/personal_large_files_bridge/_Mirror/Politics/Charlie_Kirk_Mi/video/6.mp4.transcription	video	/Users/bryan/BGit/Bryan_git/personal_large_files_bridge/_Mirror/Politics/Charlie_Kirk_Mi/video/6.mp4.ai_description	/Users/bryan/BGit/Bryan_git/personal_large_files_bridge/_Mirror/Politics/Charlie_Kirk_Mi/video/6.mp4.ocr							local	mirror	video	
mirror/video/7	7.mp4	/Users/bryan/_Mirror/Politics/Charlie_Kirk_Mi/video/7.mp4	video	47923489	1760964004		/Users/bryan/BGit/Bryan_git/personal_large_files_bridge/_Mirror/Politics/Charlie_Kirk_Mi/video/7.mp4.transcription	video	/Users/bryan/BGit/Bryan_git/personal_large_files_bridge/_Mirror/Politics/Charlie_Kirk_Mi/video/7.mp4.ai_description	/Users/bryan/BGit/Bryan_git/personal_large_files_bridge/_Mirror/Politics/Charlie_Kirk_Mi/video/7.mp4.ocr							local	mirror	video	
mirror/video/7.ia	7.ia.mp4	/Users/bryan/_Mirror/Politics/Charlie_Kirk_Mi/video/7.ia.mp4	video	4014938	1760963995		/Users/bryan/BGit/Bryan_git/personal_large_files_bridge/_Mirror/Politics/Charlie_Kirk_Mi/video/7.ia.mp4.transcription	video	/Users/bryan/BGit/Bryan_git/personal_large_files_bridge/_Mirror/Politics/Charlie_Kirk_Mi/video/7.ia.mp4.ai_description	/Users/bryan/BGit/Bryan_git/personal_large_files_bridge/_Mirror/Politics/Charlie_Kirk_Mi/video/7.ia.mp4.ocr							local	mirror	video	
mirror/video/8	8.mp4	/Users/bryan/_Mirror/Politics/Charlie_Kirk_Mi/video/8.mp4	video	1701417	1760964005		/Users/bryan/BGit/Bryan_git/personal_large_files_bridge/_Mirror/Politics/Charlie_Kirk_Mi/video/8.mp4.transcription	video	/Users/bryan/BGit/Bryan_git/personal_large_files_bridge/_Mirror/Politics/Charlie_Kirk_Mi/video/8.mp4.ai_description	/Users/bryan/BGit/Bryan_git/personal_large_files_bridge/_Mirror/Politics/Charlie_Kirk_Mi/video/8.mp4.ocr							local	mirror	video	
mirror/video/9 (not visible)	9 (not visible).mp4	/Users/bryan/_Mirror/Politics/Charlie_Kirk_Mi/video/9 (not visible).mp4	video	8993004	1760964008		/Users/bryan/BGit/Bryan_git/personal_large_files_bridge/_Mirror/Politics/Charlie_Kirk_Mi/video/9 (not visible).mp4.transcription	video	/Users/bryan/BGit/Bryan_git/personal_large_files_bridge/_Mirror/Politics/Charlie_Kirk_Mi/video/9 (not visible).mp4.ai_description	/Users/bryan/BGit/Bryan_git/personal_large_files_bridge/_Mirror/Politics/Charlie_Kirk_Mi/video/9 (not visible).mp4.ocr							local	mirror	video	
mirror/video/AES Alerte - La vidéo UVU Review originale non modifiée , divulguée dans son intég... [2043962458151206912]	AES Alerte - La vidéo UVU Review originale non modifiée , divulguée dans son intég... [2043962458151206912].mp4	/Users/bryan/_Mirror/Politics/Charlie_Kirk_Mi/video/AES Alerte - La vidéo UVU Review originale non modifiée , divulguée dans son intég... [2043962458151206912].mp4	video	53980473	1776205198		/Users/bryan/BGit/Bryan_git/personal_large_files_bridge/_Mirror/Politics/Charlie_Kirk_Mi/video/AES Alerte - La vidéo UVU Review originale non modifiée , divulguée dans son intég... [2043962458151206912].mp4.transcription	video	/Users/bryan/BGit/Bryan_git/personal_large_files_bridge/_Mirror/Politics/Charlie_Kirk_Mi/video/AES Alerte - La vidéo UVU Review originale non modifiée , divulguée dans son intég... [2043962458151206912].mp4.ai_description	/Users/bryan/BGit/Bryan_git/personal_large_files_bridge/_Mirror/Politics/Charlie_Kirk_Mi/video/AES Alerte - La vidéo UVU Review originale non modifiée , divulguée dans son intég... [2043962458151206912].mp4.ocr							local	mirror	video	
mirror/video/Alley Files - Another video  This sound sure doesn’t make sense. Sounds like a pain... [2033665784506150912]	Alley Files - Another video  This sound sure doesn’t make sense. Sounds like a pain... [2033665784506150912].mp4	/Users/bryan/_Mirror/Politics/Charlie_Kirk_Mi/video/Alley Files - Another video  This sound sure doesn’t make sense. Sounds like a pain... [2033665784506150912].mp4	video	20643395	1773703793		/Users/bryan/BGit/Bryan_git/personal_large_files_bridge/_Mirror/Politics/Charlie_Kirk_Mi/video/Alley Files - Another video  This sound sure doesn’t make sense. Sounds like a pain... [2033665784506150912].mp4.transcription	video	/Users/bryan/BGit/Bryan_git/personal_large_files_bridge/_Mirror/Politics/Charlie_Kirk_Mi/video/Alley Files - Another video  This sound sure doesn’t make sense. Sounds like a pain... [2033665784506150912].mp4.ai_description	/Users/bryan/BGit/Bryan_git/personal_large_files_bridge/_Mirror/Politics/Charlie_Kirk_Mi/video/Alley Files - Another video  This sound sure doesn’t make sense. Sounds like a pain... [2033665784506150912].mp4.ocr							local	mirror	video	
mirror/video/Alley Files - Here’s a short video from the shot to them carrying CK out.  “Stay Do... [2044122250719182848]	Alley Files - Here’s a short video from the shot to them carrying CK out.  “Stay Do... [2044122250719182848].mp4	/Users/bryan/_Mirror/Politics/Charlie_Kirk_Mi/video/Alley Files - Here’s a short video from the shot to them carrying CK out.  “Stay Do... [2044122250719182848].mp4	video	26551891	1776196159		/Users/bryan/BGit/Bryan_git/personal_large_files_bridge/_Mirror/Politics/Charlie_Kirk_Mi/video/Alley Files - Here’s a short video from the shot to them carrying CK out.  “Stay Do... [2044122250719182848].mp4.transcription	video	/Users/bryan/BGit/Bryan_git/personal_large_files_bridge/_Mirror/Politics/Charlie_Kirk_Mi/video/Alley Files - Here’s a short video from the shot to them carrying CK out.  “Stay Do... [2044122250719182848].mp4.ai_description	/Users/bryan/BGit/Bryan_git/personal_large_files_bridge/_Mirror/Politics/Charlie_Kirk_Mi/video/Alley Files - Here’s a short video from the shot to them carrying CK out.  “Stay Do... [2044122250719182848].mp4.ocr							local	mirror	video	
mirror/video/Alley Files - Oh wow @RealCandaceO live today omg ! Feeling so many things. Are you... [2032224578999664640]	Alley Files - Oh wow @RealCandaceO live today omg ! Feeling so many things. Are you... [2032224578999664640].mp4	/Users/bryan/_Mirror/Politics/Charlie_Kirk_Mi/video/Alley Files - Oh wow @RealCandaceO live today omg ! Feeling so many things. Are you... [2032224578999664640].mp4	video	33867060	1773357523		/Users/bryan/BGit/Bryan_git/personal_large_files_bridge/_Mirror/Politics/Charlie_Kirk_Mi/video/Alley Files - Oh wow @RealCandaceO live today omg ! Feeling so many things. Are you... [2032224578999664640].mp4.transcription	video	/Users/bryan/BGit/Bryan_git/personal_large_files_bridge/_Mirror/Politics/Charlie_Kirk_Mi/video/Alley Files - Oh wow @RealCandaceO live today omg ! Feeling so many things. Are you... [2032224578999664640].mp4.ai_description	/Users/bryan/BGit/Bryan_git/personal_large_files_bridge/_Mirror/Politics/Charlie_Kirk_Mi/video/Alley Files - Oh wow @RealCandaceO live today omg ! Feeling so many things. Are you... [2032224578999664640].mp4.ocr							local	mirror	video	
mirror/video/Alley Files - 🫆Ok long time ago everyone said this girl holding a gun was nothing？ ... #1 [2039549668401774592]	Alley Files - 🫆Ok long time ago everyone said this girl holding a gun was nothing？ ... #1 [2039549668401774592].mp4	/Users/bryan/_Mirror/Politics/Charlie_Kirk_Mi/video/Alley Files - 🫆Ok long time ago everyone said this girl holding a gun was nothing？ ... #1 [2039549668401774592].mp4	video	14892097	1775134617		/Users/bryan/BGit/Bryan_git/personal_large_files_bridge/_Mirror/Politics/Charlie_Kirk_Mi/video/Alley Files - 🫆Ok long time ago everyone said this girl holding a gun was nothing？ ... #1 [2039549668401774592].mp4.transcription	video	/Users/bryan/BGit/Bryan_git/personal_large_files_bridge/_Mirror/Politics/Charlie_Kirk_Mi/video/Alley Files - 🫆Ok long time ago everyone said this girl holding a gun was nothing？ ... #1 [2039549668401774592].mp4.ai_description	/Users/bryan/BGit/Bryan_git/personal_large_files_bridge/_Mirror/Politics/Charlie_Kirk_Mi/video/Alley Files - 🫆Ok long time ago everyone said this girl holding a gun was nothing？ ... #1 [2039549668401774592].mp4.ocr							local	mirror	video	
mirror/video/Alley Files - 🫆Ok long time ago everyone said this girl holding a gun was nothing？ ... #2 [2039549668401803264]	Alley Files - 🫆Ok long time ago everyone said this girl holding a gun was nothing？ ... #2 [2039549668401803264].mp4	/Users/bryan/_Mirror/Politics/Charlie_Kirk_Mi/video/Alley Files - 🫆Ok long time ago everyone said this girl holding a gun was nothing？ ... #2 [2039549668401803264].mp4	video	3376138	1775134617		/Users/bryan/BGit/Bryan_git/personal_large_files_bridge/_Mirror/Politics/Charlie_Kirk_Mi/video/Alley Files - 🫆Ok long time ago everyone said this girl holding a gun was nothing？ ... #2 [2039549668401803264].mp4.transcription	video	/Users/bryan/BGit/Bryan_git/personal_large_files_bridge/_Mirror/Politics/Charlie_Kirk_Mi/video/Alley Files - 🫆Ok long time ago everyone said this girl holding a gun was nothing？ ... #2 [2039549668401803264].mp4.ai_description	/Users/bryan/BGit/Bryan_git/personal_large_files_bridge/_Mirror/Politics/Charlie_Kirk_Mi/video/Alley Files - 🫆Ok long time ago everyone said this girl holding a gun was nothing？ ... #2 [2039549668401803264].mp4.ocr							local	mirror	video	
mirror/video/Blake Bednarz - @heavydcountry, instead of talking mad shit to a camera, how about yo... [1980123427382951937]	Blake Bednarz - @heavydcountry, instead of talking mad shit to a camera, how about yo... [1980123427382951937].mp4	/Users/bryan/_Mirror/Politics/Charlie_Kirk_Mi/video/Blake Bednarz - @heavydcountry, instead of talking mad shit to a camera, how about yo... [1980123427382951937].mp4	video	3598453	1760988678		/Users/bryan/BGit/Bryan_git/personal_large_files_bridge/_Mirror/Politics/Charlie_Kirk_Mi/video/Blake Bednarz - @heavydcountry, instead of talking mad shit to a camera, how about yo... [1980123427382951937].mp4.transcription	video	/Users/bryan/BGit/Bryan_git/personal_large_files_bridge/_Mirror/Politics/Charlie_Kirk_Mi/video/Blake Bednarz - @heavydcountry, instead of talking mad shit to a camera, how about yo... [1980123427382951937].mp4.ai_description	/Users/bryan/BGit/Bryan_git/personal_large_files_bridge/_Mirror/Politics/Charlie_Kirk_Mi/video/Blake Bednarz - @heavydcountry, instead of talking mad shit to a camera, how about yo... [1980123427382951937].mp4.ocr							local	mirror	video	
mirror/video/Blake Bednarz - Share it &amp; Bookmark it! Here are 2 videos, combined, for a contin... [1989437504945057792]	Blake Bednarz - Share it &amp; Bookmark it! Here are 2 videos, combined, for a contin... [1989437504945057792].mp4	/Users/bryan/_Mirror/Politics/Charlie_Kirk_Mi/video/Blake Bednarz - Share it &amp; Bookmark it! Here are 2 videos, combined, for a contin... [1989437504945057792].mp4	video	1903446022	1763160711		/Users/bryan/BGit/Bryan_git/personal_large_files_bridge/_Mirror/Politics/Charlie_Kirk_Mi/video/Blake Bednarz - Share it &amp; Bookmark it! Here are 2 videos, combined, for a contin... [1989437504945057792].mp4.transcription	video	/Users/bryan/BGit/Bryan_git/personal_large_files_bridge/_Mirror/Politics/Charlie_Kirk_Mi/video/Blake Bednarz - Share it &amp; Bookmark it! Here are 2 videos, combined, for a contin... [1989437504945057792].mp4.ai_description	/Users/bryan/BGit/Bryan_git/personal_large_files_bridge/_Mirror/Politics/Charlie_Kirk_Mi/video/Blake Bednarz - Share it &amp; Bookmark it! Here are 2 videos, combined, for a contin... [1989437504945057792].mp4.ocr							local	mirror	video	
mirror/video/Blake Bednarz - UVU Review’s YouTube video in sync with their original file. @BasedSa... #1 [1981078145190055936]	Blake Bednarz - UVU Review’s YouTube video in sync with their original file. @BasedSa... #1 [1981078145190055936].mp4	/Users/bryan/_Mirror/Politics/Charlie_Kirk_Mi/video/Blake Bednarz - UVU Review’s YouTube video in sync with their original file. @BasedSa... #1 [1981078145190055936].mp4	video	25581046	1761229328		/Users/bryan/BGit/Bryan_git/personal_large_files_bridge/_Mirror/Politics/Charlie_Kirk_Mi/video/Blake Bednarz - UVU Review’s YouTube video in sync with their original file. @BasedSa... #1 [1981078145190055936].mp4.transcription	video	/Users/bryan/BGit/Bryan_git/personal_large_files_bridge/_Mirror/Politics/Charlie_Kirk_Mi/video/Blake Bednarz - UVU Review’s YouTube video in sync with their original file. @BasedSa... #1 [1981078145190055936].mp4.ai_description	/Users/bryan/BGit/Bryan_git/personal_large_files_bridge/_Mirror/Politics/Charlie_Kirk_Mi/video/Blake Bednarz - UVU Review’s YouTube video in sync with their original file. @BasedSa... #1 [1981078145190055936].mp4.ocr							local	mirror	video	
mirror/video/Blake Bednarz - UVU Review’s YouTube video in sync with their original file. @BasedSa... #2 [1981078145169072128]	Blake Bednarz - UVU Review’s YouTube video in sync with their original file. @BasedSa... #2 [1981078145169072128].mp4	/Users/bryan/_Mirror/Politics/Charlie_Kirk_Mi/video/Blake Bednarz - UVU Review’s YouTube video in sync with their original file. @BasedSa... #2 [1981078145169072128].mp4	video	23051932	1761229331		/Users/bryan/BGit/Bryan_git/personal_large_files_bridge/_Mirror/Politics/Charlie_Kirk_Mi/video/Blake Bednarz - UVU Review’s YouTube video in sync with their original file. @BasedSa... #2 [1981078145169072128].mp4.transcription	video	/Users/bryan/BGit/Bryan_git/personal_large_files_bridge/_Mirror/Politics/Charlie_Kirk_Mi/video/Blake Bednarz - UVU Review’s YouTube video in sync with their original file. @BasedSa... #2 [1981078145169072128].mp4.ai_description	/Users/bryan/BGit/Bryan_git/personal_large_files_bridge/_Mirror/Politics/Charlie_Kirk_Mi/video/Blake Bednarz - UVU Review’s YouTube video in sync with their original file. @BasedSa... #2 [1981078145169072128].mp4.ocr							local	mirror	video	
mirror/video/Blake Bednarz - Who is this guy？ ‘Made for More’ man. Standing side by side to Mini V... [1985423139640111104]	Blake Bednarz - Who is this guy？ ‘Made for More’ man. Standing side by side to Mini V... [1985423139640111104].mp4	/Users/bryan/_Mirror/Politics/Charlie_Kirk_Mi/video/Blake Bednarz - Who is this guy？ ‘Made for More’ man. Standing side by side to Mini V... [1985423139640111104].mp4	video	48685429	1762197997		/Users/bryan/BGit/Bryan_git/personal_large_files_bridge/_Mirror/Politics/Charlie_Kirk_Mi/video/Blake Bednarz - Who is this guy？ ‘Made for More’ man. Standing side by side to Mini V... [1985423139640111104].mp4.transcription	video	/Users/bryan/BGit/Bryan_git/personal_large_files_bridge/_Mirror/Politics/Charlie_Kirk_Mi/video/Blake Bednarz - Who is this guy？ ‘Made for More’ man. Standing side by side to Mini V... [1985423139640111104].mp4.ai_description	/Users/bryan/BGit/Bryan_git/personal_large_files_bridge/_Mirror/Politics/Charlie_Kirk_Mi/video/Blake Bednarz - Who is this guy？ ‘Made for More’ man. Standing side by side to Mini V... [1985423139640111104].mp4.ocr							local	mirror	video	
mirror/video/Blake Bednarz - ＊Reward＊ Current pot is $61,000 for anyone who can recreate Charlie’s... [1978863594709082112]	Blake Bednarz - ＊Reward＊ Current pot is $61,000 for anyone who can recreate Charlie’s... [1978863594709082112].mp4	/Users/bryan/_Mirror/Politics/Charlie_Kirk_Mi/video/Blake Bednarz - ＊Reward＊ Current pot is $61,000 for anyone who can recreate Charlie’s... [1978863594709082112].mp4	video	78867020	1760988010		/Users/bryan/BGit/Bryan_git/personal_large_files_bridge/_Mirror/Politics/Charlie_Kirk_Mi/video/Blake Bednarz - ＊Reward＊ Current pot is $61,000 for anyone who can recreate Charlie’s... [1978863594709082112].mp4.transcription	video	/Users/bryan/BGit/Bryan_git/personal_large_files_bridge/_Mirror/Politics/Charlie_Kirk_Mi/video/Blake Bednarz - ＊Reward＊ Current pot is $61,000 for anyone who can recreate Charlie’s... [1978863594709082112].mp4.ai_description	/Users/bryan/BGit/Bryan_git/personal_large_files_bridge/_Mirror/Politics/Charlie_Kirk_Mi/video/Blake Bednarz - ＊Reward＊ Current pot is $61,000 for anyone who can recreate Charlie’s... [1978863594709082112].mp4.ocr							local	mirror	video	
mirror/video/Censored Humans - 🇺🇸🇮🇱 Charlie Kirk identified Jeffrey Epstein as an Israeli agent.  Ru... [2019832727533760512]	Censored Humans - 🇺🇸🇮🇱 Charlie Kirk identified Jeffrey Epstein as an Israeli agent.  Ru... [2019832727533760512].mp4	/Users/bryan/_Mirror/Politics/Charlie_Kirk_Mi/video/Censored Humans - 🇺🇸🇮🇱 Charlie Kirk identified Jeffrey Epstein as an Israeli agent.  Ru... [2019832727533760512].mp4	video	7180035	1773114555		/Users/bryan/BGit/Bryan_git/personal_large_files_bridge/_Mirror/Politics/Charlie_Kirk_Mi/video/Censored Humans - 🇺🇸🇮🇱 Charlie Kirk identified Jeffrey Epstein as an Israeli agent.  Ru... [2019832727533760512].mp4.transcription	video	/Users/bryan/BGit/Bryan_git/personal_large_files_bridge/_Mirror/Politics/Charlie_Kirk_Mi/video/Censored Humans - 🇺🇸🇮🇱 Charlie Kirk identified Jeffrey Epstein as an Israeli agent.  Ru... [2019832727533760512].mp4.ai_description	/Users/bryan/BGit/Bryan_git/personal_large_files_bridge/_Mirror/Politics/Charlie_Kirk_Mi/video/Censored Humans - 🇺🇸🇮🇱 Charlie Kirk identified Jeffrey Epstein as an Israeli agent.  Ru... [2019832727533760512].mp4.ocr							local	mirror	video	
mirror/video/FeelingThePain - @HolonCitizen @stelzner_n1150 ＂People think he never had time to shoo... [2027989276735234048]	FeelingThePain - @HolonCitizen @stelzner_n1150 ＂People think he never had time to shoo... [2027989276735234048].mp4	/Users/bryan/_Mirror/Politics/Charlie_Kirk_Mi/video/FeelingThePain - @HolonCitizen @stelzner_n1150 ＂People think he never had time to shoo... [2027989276735234048].mp4	video	1843762	1772378514		/Users/bryan/BGit/Bryan_git/personal_large_files_bridge/_Mirror/Politics/Charlie_Kirk_Mi/video/FeelingThePain - @HolonCitizen @stelzner_n1150 ＂People think he never had time to shoo... [2027989276735234048].mp4.transcription	video	/Users/bryan/BGit/Bryan_git/personal_large_files_bridge/_Mirror/Politics/Charlie_Kirk_Mi/video/FeelingThePain - @HolonCitizen @stelzner_n1150 ＂People think he never had time to shoo... [2027989276735234048].mp4.ai_description	/Users/bryan/BGit/Bryan_git/personal_large_files_bridge/_Mirror/Politics/Charlie_Kirk_Mi/video/FeelingThePain - @HolonCitizen @stelzner_n1150 ＂People think he never had time to shoo... [2027989276735234048].mp4.ocr							local	mirror	video	
mirror/video/Final Cut Tile 🇺🇸 - This is why they killed him. [2033216836188180480]	Final Cut Tile 🇺🇸 - This is why they killed him. [2033216836188180480].mp4	/Users/bryan/_Mirror/Politics/Charlie_Kirk_Mi/video/Final Cut Tile 🇺🇸 - This is why they killed him. [2033216836188180480].mp4	video	3757856	1773625014		/Users/bryan/BGit/Bryan_git/personal_large_files_bridge/_Mirror/Politics/Charlie_Kirk_Mi/video/Final Cut Tile 🇺🇸 - This is why they killed him. [2033216836188180480].mp4.transcription	video	/Users/bryan/BGit/Bryan_git/personal_large_files_bridge/_Mirror/Politics/Charlie_Kirk_Mi/video/Final Cut Tile 🇺🇸 - This is why they killed him. [2033216836188180480].mp4.ai_description	/Users/bryan/BGit/Bryan_git/personal_large_files_bridge/_Mirror/Politics/Charlie_Kirk_Mi/video/Final Cut Tile 🇺🇸 - This is why they killed him. [2033216836188180480].mp4.ocr							local	mirror	video	
mirror/video/FqnNxEdIKfPXgAlj [FqnNxEdIKfPXgAlj]	FqnNxEdIKfPXgAlj [FqnNxEdIKfPXgAlj].mp4	/Users/bryan/_Mirror/Politics/Charlie_Kirk_Mi/video/FqnNxEdIKfPXgAlj [FqnNxEdIKfPXgAlj].mp4	video	1873201640	1763333123		/Users/bryan/BGit/Bryan_git/personal_large_files_bridge/_Mirror/Politics/Charlie_Kirk_Mi/video/FqnNxEdIKfPXgAlj [FqnNxEdIKfPXgAlj].mp4.transcription	video	/Users/bryan/BGit/Bryan_git/personal_large_files_bridge/_Mirror/Politics/Charlie_Kirk_Mi/video/FqnNxEdIKfPXgAlj [FqnNxEdIKfPXgAlj].mp4.ai_description	/Users/bryan/BGit/Bryan_git/personal_large_files_bridge/_Mirror/Politics/Charlie_Kirk_Mi/video/FqnNxEdIKfPXgAlj [FqnNxEdIKfPXgAlj].mp4.ocr							local	mirror	video	
mirror/video/GoPro_Ring radiates upward	GoPro_Ring radiates upward.mp4	/Users/bryan/_Mirror/Politics/Charlie_Kirk_Mi/video/GoPro_Ring radiates upward.mp4	video	6629483	1760886588		/Users/bryan/BGit/Bryan_git/personal_large_files_bridge/_Mirror/Politics/Charlie_Kirk_Mi/video/GoPro_Ring radiates upward.mp4.transcription	video	/Users/bryan/BGit/Bryan_git/personal_large_files_bridge/_Mirror/Politics/Charlie_Kirk_Mi/video/GoPro_Ring radiates upward.mp4.ai_description	/Users/bryan/BGit/Bryan_git/personal_large_files_bridge/_Mirror/Politics/Charlie_Kirk_Mi/video/GoPro_Ring radiates upward.mp4.ocr							local	mirror	video	
mirror/video/In2ThinAir_LEFT side	In2ThinAir_LEFT side.mp4	/Users/bryan/_Mirror/Politics/Charlie_Kirk_Mi/video/In2ThinAir_LEFT side.mp4	video	10339980	1760439109		/Users/bryan/BGit/Bryan_git/personal_large_files_bridge/_Mirror/Politics/Charlie_Kirk_Mi/video/In2ThinAir_LEFT side.mp4.transcription	video	/Users/bryan/BGit/Bryan_git/personal_large_files_bridge/_Mirror/Politics/Charlie_Kirk_Mi/video/In2ThinAir_LEFT side.mp4.ai_description	/Users/bryan/BGit/Bryan_git/personal_large_files_bridge/_Mirror/Politics/Charlie_Kirk_Mi/video/In2ThinAir_LEFT side.mp4.ocr							local	mirror	video	
mirror/video/Johnny Midnight ⚡️ - Sensitive material, it doesn’t show, but is that 1 shot or 2？ Do you ... [1967771554202148864]	Johnny Midnight ⚡️ - Sensitive material, it doesn’t show, but is that 1 shot or 2？ Do you ... [1967771554202148864].mp4	/Users/bryan/_Mirror/Politics/Charlie_Kirk_Mi/video/Johnny Midnight ⚡️ - Sensitive material, it doesn’t show, but is that 1 shot or 2？ Do you ... [1967771554202148864].mp4	video	13616545	1772893916		/Users/bryan/BGit/Bryan_git/personal_large_files_bridge/_Mirror/Politics/Charlie_Kirk_Mi/video/Johnny Midnight ⚡️ - Sensitive material, it doesn’t show, but is that 1 shot or 2？ Do you ... [1967771554202148864].mp4.transcription	video	/Users/bryan/BGit/Bryan_git/personal_large_files_bridge/_Mirror/Politics/Charlie_Kirk_Mi/video/Johnny Midnight ⚡️ - Sensitive material, it doesn’t show, but is that 1 shot or 2？ Do you ... [1967771554202148864].mp4.ai_description	/Users/bryan/BGit/Bryan_git/personal_large_files_bridge/_Mirror/Politics/Charlie_Kirk_Mi/video/Johnny Midnight ⚡️ - Sensitive material, it doesn’t show, but is that 1 shot or 2？ Do you ... [1967771554202148864].mp4.ocr							local	mirror	video	
mirror/video/MJTruthUltra - UPDATE： Charlie Kirk  Candace Owens latest finding about the “Rental ... #1 [1990936479170695168]	MJTruthUltra - UPDATE： Charlie Kirk  Candace Owens latest finding about the “Rental ... #1 [1990936479170695168].mp4	/Users/bryan/_Mirror/Politics/Charlie_Kirk_Mi/video/MJTruthUltra - UPDATE： Charlie Kirk  Candace Owens latest finding about the “Rental ... #1 [1990936479170695168].mp4	video	7444191	1772893694		/Users/bryan/BGit/Bryan_git/personal_large_files_bridge/_Mirror/Politics/Charlie_Kirk_Mi/video/MJTruthUltra - UPDATE： Charlie Kirk  Candace Owens latest finding about the “Rental ... #1 [1990936479170695168].mp4.transcription	video	/Users/bryan/BGit/Bryan_git/personal_large_files_bridge/_Mirror/Politics/Charlie_Kirk_Mi/video/MJTruthUltra - UPDATE： Charlie Kirk  Candace Owens latest finding about the “Rental ... #1 [1990936479170695168].mp4.ai_description	/Users/bryan/BGit/Bryan_git/personal_large_files_bridge/_Mirror/Politics/Charlie_Kirk_Mi/video/MJTruthUltra - UPDATE： Charlie Kirk  Candace Owens latest finding about the “Rental ... #1 [1990936479170695168].mp4.ocr							local	mirror	video	
mirror/video/MJTruthUltra - UPDATE： Charlie Kirk  Candace Owens latest finding about the “Rental ... #2 [1990575224459350017]	MJTruthUltra - UPDATE： Charlie Kirk  Candace Owens latest finding about the “Rental ... #2 [1990575224459350017].mp4	/Users/bryan/_Mirror/Politics/Charlie_Kirk_Mi/video/MJTruthUltra - UPDATE： Charlie Kirk  Candace Owens latest finding about the “Rental ... #2 [1990575224459350017].mp4	video	7702833	1772893710		/Users/bryan/BGit/Bryan_git/personal_large_files_bridge/_Mirror/Politics/Charlie_Kirk_Mi/video/MJTruthUltra - UPDATE： Charlie Kirk  Candace Owens latest finding about the “Rental ... #2 [1990575224459350017].mp4.transcription	video	/Users/bryan/BGit/Bryan_git/personal_large_files_bridge/_Mirror/Politics/Charlie_Kirk_Mi/video/MJTruthUltra - UPDATE： Charlie Kirk  Candace Owens latest finding about the “Rental ... #2 [1990575224459350017].mp4.ai_description	/Users/bryan/BGit/Bryan_git/personal_large_files_bridge/_Mirror/Politics/Charlie_Kirk_Mi/video/MJTruthUltra - UPDATE： Charlie Kirk  Candace Owens latest finding about the “Rental ... #2 [1990575224459350017].mp4.ocr							local	mirror	video	
mirror/video/Meidas_Charise Lee - 🚨 🚨 🚨 🚨 🚨 MONEY TRAIL  #CHARLIEKIRK [2029848130456539138]	Meidas_Charise Lee - 🚨 🚨 🚨 🚨 🚨 MONEY TRAIL  #CHARLIEKIRK [2029848130456539138].mp4	/Users/bryan/_Mirror/Politics/Charlie_Kirk_Mi/video/Meidas_Charise Lee - 🚨 🚨 🚨 🚨 🚨 MONEY TRAIL  #CHARLIEKIRK [2029848130456539138].mp4	video	12102999	1772822214		/Users/bryan/BGit/Bryan_git/personal_large_files_bridge/_Mirror/Politics/Charlie_Kirk_Mi/video/Meidas_Charise Lee - 🚨 🚨 🚨 🚨 🚨 MONEY TRAIL  #CHARLIEKIRK [2029848130456539138].mp4.transcription	video	/Users/bryan/BGit/Bryan_git/personal_large_files_bridge/_Mirror/Politics/Charlie_Kirk_Mi/video/Meidas_Charise Lee - 🚨 🚨 🚨 🚨 🚨 MONEY TRAIL  #CHARLIEKIRK [2029848130456539138].mp4.ai_description	/Users/bryan/BGit/Bryan_git/personal_large_files_bridge/_Mirror/Politics/Charlie_Kirk_Mi/video/Meidas_Charise Lee - 🚨 🚨 🚨 🚨 🚨 MONEY TRAIL  #CHARLIEKIRK [2029848130456539138].mp4.ocr							local	mirror	video	
mirror/video/Muppet Masher - It comes from under his shirt. I don't know what else to say. [2066468514530283520]	Muppet Masher - It comes from under his shirt. I don't know what else to say. [2066468514530283520].mp4	/Users/bryan/_Mirror/Politics/Charlie_Kirk_Mi/video/Muppet Masher - It comes from under his shirt. I don't know what else to say. [2066468514530283520].mp4	video	7448514	1781542818		/Users/bryan/BGit/Bryan_git/personal_large_files_bridge/_Mirror/Politics/Charlie_Kirk_Mi/video/Muppet Masher - It comes from under his shirt. I don't know what else to say. [2066468514530283520].mp4.transcription	video	/Users/bryan/BGit/Bryan_git/personal_large_files_bridge/_Mirror/Politics/Charlie_Kirk_Mi/video/Muppet Masher - It comes from under his shirt. I don't know what else to say. [2066468514530283520].mp4.ai_description	/Users/bryan/BGit/Bryan_git/personal_large_files_bridge/_Mirror/Politics/Charlie_Kirk_Mi/video/Muppet Masher - It comes from under his shirt. I don't know what else to say. [2066468514530283520].mp4.ocr							local	mirror	video	
mirror/video/NerdPolitic23 - @BopItTwistItBob @HolonCitizen @f1dlerontheroof Three booms： [2043492911262621696]	NerdPolitic23 - @BopItTwistItBob @HolonCitizen @f1dlerontheroof Three booms： [2043492911262621696].mp4	/Users/bryan/_Mirror/Politics/Charlie_Kirk_Mi/video/NerdPolitic23 - @BopItTwistItBob @HolonCitizen @f1dlerontheroof Three booms： [2043492911262621696].mp4	video	16519331	1776344820		/Users/bryan/BGit/Bryan_git/personal_large_files_bridge/_Mirror/Politics/Charlie_Kirk_Mi/video/NerdPolitic23 - @BopItTwistItBob @HolonCitizen @f1dlerontheroof Three booms： [2043492911262621696].mp4.transcription	video	/Users/bryan/BGit/Bryan_git/personal_large_files_bridge/_Mirror/Politics/Charlie_Kirk_Mi/video/NerdPolitic23 - @BopItTwistItBob @HolonCitizen @f1dlerontheroof Three booms： [2043492911262621696].mp4.ai_description	/Users/bryan/BGit/Bryan_git/personal_large_files_bridge/_Mirror/Politics/Charlie_Kirk_Mi/video/NerdPolitic23 - @BopItTwistItBob @HolonCitizen @f1dlerontheroof Three booms： [2043492911262621696].mp4.ocr							local	mirror	video	
mirror/video/Project Constitution - 🚨 SHOCKING： Unreleased Footage From The Charlie Kirk Assassination At... [2041881221064425472]	Project Constitution - 🚨 SHOCKING： Unreleased Footage From The Charlie Kirk Assassination At... [2041881221064425472].mp4	/Users/bryan/_Mirror/Politics/Charlie_Kirk_Mi/video/Project Constitution - 🚨 SHOCKING： Unreleased Footage From The Charlie Kirk Assassination At... [2041881221064425472].mp4	video	9630131	1775658389		/Users/bryan/BGit/Bryan_git/personal_large_files_bridge/_Mirror/Politics/Charlie_Kirk_Mi/video/Project Constitution - 🚨 SHOCKING： Unreleased Footage From The Charlie Kirk Assassination At... [2041881221064425472].mp4.transcription	video	/Users/bryan/BGit/Bryan_git/personal_large_files_bridge/_Mirror/Politics/Charlie_Kirk_Mi/video/Project Constitution - 🚨 SHOCKING： Unreleased Footage From The Charlie Kirk Assassination At... [2041881221064425472].mp4.ai_description	/Users/bryan/BGit/Bryan_git/personal_large_files_bridge/_Mirror/Politics/Charlie_Kirk_Mi/video/Project Constitution - 🚨 SHOCKING： Unreleased Footage From The Charlie Kirk Assassination At... [2041881221064425472].mp4.ocr							local	mirror	video	
mirror/video/Project Constitution - 🚨 URGENT CALL： HELP US TRACK THIS INTRIGUING FIGURE FROM THE UVU EVEN... [1981171726185607168]	Project Constitution - 🚨 URGENT CALL： HELP US TRACK THIS INTRIGUING FIGURE FROM THE UVU EVEN... [1981171726185607168].mp4	/Users/bryan/_Mirror/Politics/Charlie_Kirk_Mi/video/Project Constitution - 🚨 URGENT CALL： HELP US TRACK THIS INTRIGUING FIGURE FROM THE UVU EVEN... [1981171726185607168].mp4	video	3243391	1761186219		/Users/bryan/BGit/Bryan_git/personal_large_files_bridge/_Mirror/Politics/Charlie_Kirk_Mi/video/Project Constitution - 🚨 URGENT CALL： HELP US TRACK THIS INTRIGUING FIGURE FROM THE UVU EVEN... [1981171726185607168].mp4.transcription	video	/Users/bryan/BGit/Bryan_git/personal_large_files_bridge/_Mirror/Politics/Charlie_Kirk_Mi/video/Project Constitution - 🚨 URGENT CALL： HELP US TRACK THIS INTRIGUING FIGURE FROM THE UVU EVEN... [1981171726185607168].mp4.ai_description	/Users/bryan/BGit/Bryan_git/personal_large_files_bridge/_Mirror/Politics/Charlie_Kirk_Mi/video/Project Constitution - 🚨 URGENT CALL： HELP US TRACK THIS INTRIGUING FIGURE FROM THE UVU EVEN... [1981171726185607168].mp4.ocr							local	mirror	video	
mirror/video/Project Constitution - 🚨BOMBSHELL： New UVU Eyewitness SHATTERS Official Charlie Kirk Assassi... [1988723195713585152]	Project Constitution - 🚨BOMBSHELL： New UVU Eyewitness SHATTERS Official Charlie Kirk Assassi... [1988723195713585152].mp4	/Users/bryan/_Mirror/Politics/Charlie_Kirk_Mi/video/Project Constitution - 🚨BOMBSHELL： New UVU Eyewitness SHATTERS Official Charlie Kirk Assassi... [1988723195713585152].mp4	video	54621441	1762988415		/Users/bryan/BGit/Bryan_git/personal_large_files_bridge/_Mirror/Politics/Charlie_Kirk_Mi/video/Project Constitution - 🚨BOMBSHELL： New UVU Eyewitness SHATTERS Official Charlie Kirk Assassi... [1988723195713585152].mp4.transcription	video	/Users/bryan/BGit/Bryan_git/personal_large_files_bridge/_Mirror/Politics/Charlie_Kirk_Mi/video/Project Constitution - 🚨BOMBSHELL： New UVU Eyewitness SHATTERS Official Charlie Kirk Assassi... [1988723195713585152].mp4.ai_description	/Users/bryan/BGit/Bryan_git/personal_large_files_bridge/_Mirror/Politics/Charlie_Kirk_Mi/video/Project Constitution - 🚨BOMBSHELL： New UVU Eyewitness SHATTERS Official Charlie Kirk Assassi... [1988723195713585152].mp4.ocr							local	mirror	video	
mirror/video/Project Constitution - 🚨CHARLIE KIRK INVESTIGATION： Complete Archive Now Available Under Hig... [1982917399880847360]	Project Constitution - 🚨CHARLIE KIRK INVESTIGATION： Complete Archive Now Available Under Hig... [1982917399880847360].mp4	/Users/bryan/_Mirror/Politics/Charlie_Kirk_Mi/video/Project Constitution - 🚨CHARLIE KIRK INVESTIGATION： Complete Archive Now Available Under Hig... [1982917399880847360].mp4	video	10996612	1761622830		/Users/bryan/BGit/Bryan_git/personal_large_files_bridge/_Mirror/Politics/Charlie_Kirk_Mi/video/Project Constitution - 🚨CHARLIE KIRK INVESTIGATION： Complete Archive Now Available Under Hig... [1982917399880847360].mp4.transcription	video	/Users/bryan/BGit/Bryan_git/personal_large_files_bridge/_Mirror/Politics/Charlie_Kirk_Mi/video/Project Constitution - 🚨CHARLIE KIRK INVESTIGATION： Complete Archive Now Available Under Hig... [1982917399880847360].mp4.ai_description	/Users/bryan/BGit/Bryan_git/personal_large_files_bridge/_Mirror/Politics/Charlie_Kirk_Mi/video/Project Constitution - 🚨CHARLIE KIRK INVESTIGATION： Complete Archive Now Available Under Hig... [1982917399880847360].mp4.ocr							local	mirror	video	
mirror/video/Project Constitution - 🚨NEW： @AndrewKolvet just confirmed the text messages @RealCandaceO  O... [1975655093924982784]	Project Constitution - 🚨NEW： @AndrewKolvet just confirmed the text messages @RealCandaceO  O... [1975655093924982784].mp4	/Users/bryan/_Mirror/Politics/Charlie_Kirk_Mi/video/Project Constitution - 🚨NEW： @AndrewKolvet just confirmed the text messages @RealCandaceO  O... [1975655093924982784].mp4	video	68425247	1773114460		/Users/bryan/BGit/Bryan_git/personal_large_files_bridge/_Mirror/Politics/Charlie_Kirk_Mi/video/Project Constitution - 🚨NEW： @AndrewKolvet just confirmed the text messages @RealCandaceO  O... [1975655093924982784].mp4.transcription	video	/Users/bryan/BGit/Bryan_git/personal_large_files_bridge/_Mirror/Politics/Charlie_Kirk_Mi/video/Project Constitution - 🚨NEW： @AndrewKolvet just confirmed the text messages @RealCandaceO  O... [1975655093924982784].mp4.ai_description	/Users/bryan/BGit/Bryan_git/personal_large_files_bridge/_Mirror/Politics/Charlie_Kirk_Mi/video/Project Constitution - 🚨NEW： @AndrewKolvet just confirmed the text messages @RealCandaceO  O... [1975655093924982784].mp4.ocr							local	mirror	video	
mirror/video/Public Bureau of Investigation - @realjesseonfire @RealCandaceO @baroncoleman @BasedSamParker @alleyto... [2039944645028069376]	Public Bureau of Investigation - @realjesseonfire @RealCandaceO @baroncoleman @BasedSamParker @alleyto... [2039944645028069376].mp4	/Users/bryan/_Mirror/Politics/Charlie_Kirk_Mi/video/Public Bureau of Investigation - @realjesseonfire @RealCandaceO @baroncoleman @BasedSamParker @alleyto... [2039944645028069376].mp4	video	26683068	1775271259		/Users/bryan/BGit/Bryan_git/personal_large_files_bridge/_Mirror/Politics/Charlie_Kirk_Mi/video/Public Bureau of Investigation - @realjesseonfire @RealCandaceO @baroncoleman @BasedSamParker @alleyto... [2039944645028069376].mp4.transcription	video	/Users/bryan/BGit/Bryan_git/personal_large_files_bridge/_Mirror/Politics/Charlie_Kirk_Mi/video/Public Bureau of Investigation - @realjesseonfire @RealCandaceO @baroncoleman @BasedSamParker @alleyto... [2039944645028069376].mp4.ai_description	/Users/bryan/BGit/Bryan_git/personal_large_files_bridge/_Mirror/Politics/Charlie_Kirk_Mi/video/Public Bureau of Investigation - @realjesseonfire @RealCandaceO @baroncoleman @BasedSamParker @alleyto... [2039944645028069376].mp4.ocr							local	mirror	video	
mirror/video/Rob Hild and Shaner Brodderick	Rob Hild and Shaner Brodderick.mp4	/Users/bryan/_Mirror/Politics/Charlie_Kirk_Mi/video/Rob Hild and Shaner Brodderick.mp4	video	5980631	1760477774		/Users/bryan/BGit/Bryan_git/personal_large_files_bridge/_Mirror/Politics/Charlie_Kirk_Mi/video/Rob Hild and Shaner Brodderick.mp4.transcription	video	/Users/bryan/BGit/Bryan_git/personal_large_files_bridge/_Mirror/Politics/Charlie_Kirk_Mi/video/Rob Hild and Shaner Brodderick.mp4.ai_description	/Users/bryan/BGit/Bryan_git/personal_large_files_bridge/_Mirror/Politics/Charlie_Kirk_Mi/video/Rob Hild and Shaner Brodderick.mp4.ocr							local	mirror	video	
mirror/video/Rob Hild and Shaner Brodderick_2	Rob Hild and Shaner Brodderick_2.mp4	/Users/bryan/_Mirror/Politics/Charlie_Kirk_Mi/video/Rob Hild and Shaner Brodderick_2.mp4	video	41701044	1760477765		/Users/bryan/BGit/Bryan_git/personal_large_files_bridge/_Mirror/Politics/Charlie_Kirk_Mi/video/Rob Hild and Shaner Brodderick_2.mp4.transcription	video	/Users/bryan/BGit/Bryan_git/personal_large_files_bridge/_Mirror/Politics/Charlie_Kirk_Mi/video/Rob Hild and Shaner Brodderick_2.mp4.ai_description	/Users/bryan/BGit/Bryan_git/personal_large_files_bridge/_Mirror/Politics/Charlie_Kirk_Mi/video/Rob Hild and Shaner Brodderick_2.mp4.ocr							local	mirror	video	
mirror/video/Rob Hild and Shaner Brodderick_3	Rob Hild and Shaner Brodderick_3.mp4	/Users/bryan/_Mirror/Politics/Charlie_Kirk_Mi/video/Rob Hild and Shaner Brodderick_3.mp4	video	207214291	1760477728		/Users/bryan/BGit/Bryan_git/personal_large_files_bridge/_Mirror/Politics/Charlie_Kirk_Mi/video/Rob Hild and Shaner Brodderick_3.mp4.transcription	video	/Users/bryan/BGit/Bryan_git/personal_large_files_bridge/_Mirror/Politics/Charlie_Kirk_Mi/video/Rob Hild and Shaner Brodderick_3.mp4.ai_description	/Users/bryan/BGit/Bryan_git/personal_large_files_bridge/_Mirror/Politics/Charlie_Kirk_Mi/video/Rob Hild and Shaner Brodderick_3.mp4.ocr							local	mirror	video	
mirror/video/Roof	Roof.webm	/Users/bryan/_Mirror/Politics/Charlie_Kirk_Mi/video/Roof.webm	video	1096020471	1760289482		/Users/bryan/BGit/Bryan_git/personal_large_files_bridge/_Mirror/Politics/Charlie_Kirk_Mi/video/Roof.webm.transcription	video	/Users/bryan/BGit/Bryan_git/personal_large_files_bridge/_Mirror/Politics/Charlie_Kirk_Mi/video/Roof.webm.ai_description	/Users/bryan/BGit/Bryan_git/personal_large_files_bridge/_Mirror/Politics/Charlie_Kirk_Mi/video/Roof.webm.ocr							local	mirror	video	
mirror/video/RyanMatta 🇺🇸 🦅 - @BlakeBednarz @RealCandaceO @IanCarrollShow @ShadowofEzra @WallStreet... [1968566411304849408]	RyanMatta 🇺🇸 🦅 - @BlakeBednarz @RealCandaceO @IanCarrollShow @ShadowofEzra @WallStreet... [1968566411304849408].mp4	/Users/bryan/_Mirror/Politics/Charlie_Kirk_Mi/video/RyanMatta 🇺🇸 🦅 - @BlakeBednarz @RealCandaceO @IanCarrollShow @ShadowofEzra @WallStreet... [1968566411304849408].mp4	video	12956063	1772894310		/Users/bryan/BGit/Bryan_git/personal_large_files_bridge/_Mirror/Politics/Charlie_Kirk_Mi/video/RyanMatta 🇺🇸 🦅 - @BlakeBednarz @RealCandaceO @IanCarrollShow @ShadowofEzra @WallStreet... [1968566411304849408].mp4.transcription	video	/Users/bryan/BGit/Bryan_git/personal_large_files_bridge/_Mirror/Politics/Charlie_Kirk_Mi/video/RyanMatta 🇺🇸 🦅 - @BlakeBednarz @RealCandaceO @IanCarrollShow @ShadowofEzra @WallStreet... [1968566411304849408].mp4.ai_description	/Users/bryan/BGit/Bryan_git/personal_large_files_bridge/_Mirror/Politics/Charlie_Kirk_Mi/video/RyanMatta 🇺🇸 🦅 - @BlakeBednarz @RealCandaceO @IanCarrollShow @ShadowofEzra @WallStreet... [1968566411304849408].mp4.ocr							local	mirror	video	
mirror/video/RyanMatta 🇺🇸 🦅 - The FBI needs to immediately explain why Egyptian military subcontrac... #1 [1984014200964796416]	RyanMatta 🇺🇸 🦅 - The FBI needs to immediately explain why Egyptian military subcontrac... #1 [1984014200964796416].mp4	/Users/bryan/_Mirror/Politics/Charlie_Kirk_Mi/video/RyanMatta 🇺🇸 🦅 - The FBI needs to immediately explain why Egyptian military subcontrac... #1 [1984014200964796416].mp4	video	43032885	1772893766		/Users/bryan/BGit/Bryan_git/personal_large_files_bridge/_Mirror/Politics/Charlie_Kirk_Mi/video/RyanMatta 🇺🇸 🦅 - The FBI needs to immediately explain why Egyptian military subcontrac... #1 [1984014200964796416].mp4.transcription	video	/Users/bryan/BGit/Bryan_git/personal_large_files_bridge/_Mirror/Politics/Charlie_Kirk_Mi/video/RyanMatta 🇺🇸 🦅 - The FBI needs to immediately explain why Egyptian military subcontrac... #1 [1984014200964796416].mp4.ai_description	/Users/bryan/BGit/Bryan_git/personal_large_files_bridge/_Mirror/Politics/Charlie_Kirk_Mi/video/RyanMatta 🇺🇸 🦅 - The FBI needs to immediately explain why Egyptian military subcontrac... #1 [1984014200964796416].mp4.ocr							local	mirror	video	
mirror/video/RyanMatta 🇺🇸 🦅 - The FBI needs to immediately explain why Egyptian military subcontrac... #2 [1984001908483211264]	RyanMatta 🇺🇸 🦅 - The FBI needs to immediately explain why Egyptian military subcontrac... #2 [1984001908483211264].mp4	/Users/bryan/_Mirror/Politics/Charlie_Kirk_Mi/video/RyanMatta 🇺🇸 🦅 - The FBI needs to immediately explain why Egyptian military subcontrac... #2 [1984001908483211264].mp4	video	23570238	1772893781		/Users/bryan/BGit/Bryan_git/personal_large_files_bridge/_Mirror/Politics/Charlie_Kirk_Mi/video/RyanMatta 🇺🇸 🦅 - The FBI needs to immediately explain why Egyptian military subcontrac... #2 [1984001908483211264].mp4.transcription	video	/Users/bryan/BGit/Bryan_git/personal_large_files_bridge/_Mirror/Politics/Charlie_Kirk_Mi/video/RyanMatta 🇺🇸 🦅 - The FBI needs to immediately explain why Egyptian military subcontrac... #2 [1984001908483211264].mp4.ai_description	/Users/bryan/BGit/Bryan_git/personal_large_files_bridge/_Mirror/Politics/Charlie_Kirk_Mi/video/RyanMatta 🇺🇸 🦅 - The FBI needs to immediately explain why Egyptian military subcontrac... #2 [1984001908483211264].mp4.ocr							local	mirror	video	
mirror/video/Ryan_Matta_1	Ryan_Matta_1.mp4	/Users/bryan/_Mirror/Politics/Charlie_Kirk_Mi/video/Ryan_Matta_1.mp4	video	7681032	1760287737		/Users/bryan/BGit/Bryan_git/personal_large_files_bridge/_Mirror/Politics/Charlie_Kirk_Mi/video/Ryan_Matta_1.mp4.transcription	video	/Users/bryan/BGit/Bryan_git/personal_large_files_bridge/_Mirror/Politics/Charlie_Kirk_Mi/video/Ryan_Matta_1.mp4.ai_description	/Users/bryan/BGit/Bryan_git/personal_large_files_bridge/_Mirror/Politics/Charlie_Kirk_Mi/video/Ryan_Matta_1.mp4.ocr							local	mirror	video	
mirror/video/Ryan_Matta_2	Ryan_Matta_2.mp4	/Users/bryan/_Mirror/Politics/Charlie_Kirk_Mi/video/Ryan_Matta_2.mp4	video	3803747	1760287738		/Users/bryan/BGit/Bryan_git/personal_large_files_bridge/_Mirror/Politics/Charlie_Kirk_Mi/video/Ryan_Matta_2.mp4.transcription	video	/Users/bryan/BGit/Bryan_git/personal_large_files_bridge/_Mirror/Politics/Charlie_Kirk_Mi/video/Ryan_Matta_2.mp4.ai_description	/Users/bryan/BGit/Bryan_git/personal_large_files_bridge/_Mirror/Politics/Charlie_Kirk_Mi/video/Ryan_Matta_2.mp4.ocr							local	mirror	video	
mirror/video/Ryan_Matta_3	Ryan_Matta_3.mp4	/Users/bryan/_Mirror/Politics/Charlie_Kirk_Mi/video/Ryan_Matta_3.mp4	video	74672512	1760287750		/Users/bryan/BGit/Bryan_git/personal_large_files_bridge/_Mirror/Politics/Charlie_Kirk_Mi/video/Ryan_Matta_3.mp4.transcription	video	/Users/bryan/BGit/Bryan_git/personal_large_files_bridge/_Mirror/Politics/Charlie_Kirk_Mi/video/Ryan_Matta_3.mp4.ai_description	/Users/bryan/BGit/Bryan_git/personal_large_files_bridge/_Mirror/Politics/Charlie_Kirk_Mi/video/Ryan_Matta_3.mp4.ocr							local	mirror	video	
mirror/video/Ryan_Matta_4	Ryan_Matta_4.mp4	/Users/bryan/_Mirror/Politics/Charlie_Kirk_Mi/video/Ryan_Matta_4.mp4	video	28727570	1760287763		/Users/bryan/BGit/Bryan_git/personal_large_files_bridge/_Mirror/Politics/Charlie_Kirk_Mi/video/Ryan_Matta_4.mp4.transcription	video	/Users/bryan/BGit/Bryan_git/personal_large_files_bridge/_Mirror/Politics/Charlie_Kirk_Mi/video/Ryan_Matta_4.mp4.ai_description	/Users/bryan/BGit/Bryan_git/personal_large_files_bridge/_Mirror/Politics/Charlie_Kirk_Mi/video/Ryan_Matta_4.mp4.ocr							local	mirror	video	
mirror/video/SECURITY TEAM	SECURITY TEAM.webm	/Users/bryan/_Mirror/Politics/Charlie_Kirk_Mi/video/SECURITY TEAM.webm	video	171837718	1760290615		/Users/bryan/BGit/Bryan_git/personal_large_files_bridge/_Mirror/Politics/Charlie_Kirk_Mi/video/SECURITY TEAM.webm.transcription	video	/Users/bryan/BGit/Bryan_git/personal_large_files_bridge/_Mirror/Politics/Charlie_Kirk_Mi/video/SECURITY TEAM.webm.ai_description	/Users/bryan/BGit/Bryan_git/personal_large_files_bridge/_Mirror/Politics/Charlie_Kirk_Mi/video/SECURITY TEAM.webm.ocr							local	mirror	video	
mirror/video/Sam Parker 🇺🇸🧯 - COMPLETE CHARLIE KIRK EVACUATION TIMELINE @IanCarrollShow @RealCandac... [1995640530768928768]	Sam Parker 🇺🇸🧯 - COMPLETE CHARLIE KIRK EVACUATION TIMELINE @IanCarrollShow @RealCandac... [1995640530768928768].mp4	/Users/bryan/_Mirror/Politics/Charlie_Kirk_Mi/video/Sam Parker 🇺🇸🧯 - COMPLETE CHARLIE KIRK EVACUATION TIMELINE @IanCarrollShow @RealCandac... [1995640530768928768].mp4	video	31403992	1764990848		/Users/bryan/BGit/Bryan_git/personal_large_files_bridge/_Mirror/Politics/Charlie_Kirk_Mi/video/Sam Parker 🇺🇸🧯 - COMPLETE CHARLIE KIRK EVACUATION TIMELINE @IanCarrollShow @RealCandac... [1995640530768928768].mp4.transcription	video	/Users/bryan/BGit/Bryan_git/personal_large_files_bridge/_Mirror/Politics/Charlie_Kirk_Mi/video/Sam Parker 🇺🇸🧯 - COMPLETE CHARLIE KIRK EVACUATION TIMELINE @IanCarrollShow @RealCandac... [1995640530768928768].mp4.ai_description	/Users/bryan/BGit/Bryan_git/personal_large_files_bridge/_Mirror/Politics/Charlie_Kirk_Mi/video/Sam Parker 🇺🇸🧯 - COMPLETE CHARLIE KIRK EVACUATION TIMELINE @IanCarrollShow @RealCandac... [1995640530768928768].mp4.ocr							local	mirror	video	
mirror/video/Steve Cameron🌎 - What ever became of this story of a Ring camera capturing footage of ... #1 [2060791762323656705]	Steve Cameron🌎 - What ever became of this story of a Ring camera capturing footage of ... #1 [2060791762323656705].mp4	/Users/bryan/_Mirror/Politics/Charlie_Kirk_Mi/video/Steve Cameron🌎 - What ever became of this story of a Ring camera capturing footage of ... #1 [2060791762323656705].mp4	video	14236839	1780354991		/Users/bryan/BGit/Bryan_git/personal_large_files_bridge/_Mirror/Politics/Charlie_Kirk_Mi/video/Steve Cameron🌎 - What ever became of this story of a Ring camera capturing footage of ... #1 [2060791762323656705].mp4.transcription	video	/Users/bryan/BGit/Bryan_git/personal_large_files_bridge/_Mirror/Politics/Charlie_Kirk_Mi/video/Steve Cameron🌎 - What ever became of this story of a Ring camera capturing footage of ... #1 [2060791762323656705].mp4.ai_description	/Users/bryan/BGit/Bryan_git/personal_large_files_bridge/_Mirror/Politics/Charlie_Kirk_Mi/video/Steve Cameron🌎 - What ever became of this story of a Ring camera capturing footage of ... #1 [2060791762323656705].mp4.ocr							local	mirror	video	
mirror/video/Steve Cameron🌎 - What ever became of this story of a Ring camera capturing footage of ... #2 [2060792409202835456]	Steve Cameron🌎 - What ever became of this story of a Ring camera capturing footage of ... #2 [2060792409202835456].mp4	/Users/bryan/_Mirror/Politics/Charlie_Kirk_Mi/video/Steve Cameron🌎 - What ever became of this story of a Ring camera capturing footage of ... #2 [2060792409202835456].mp4	video	3209267	1780354998		/Users/bryan/BGit/Bryan_git/personal_large_files_bridge/_Mirror/Politics/Charlie_Kirk_Mi/video/Steve Cameron🌎 - What ever became of this story of a Ring camera capturing footage of ... #2 [2060792409202835456].mp4.transcription	video	/Users/bryan/BGit/Bryan_git/personal_large_files_bridge/_Mirror/Politics/Charlie_Kirk_Mi/video/Steve Cameron🌎 - What ever became of this story of a Ring camera capturing footage of ... #2 [2060792409202835456].mp4.ai_description	/Users/bryan/BGit/Bryan_git/personal_large_files_bridge/_Mirror/Politics/Charlie_Kirk_Mi/video/Steve Cameron🌎 - What ever became of this story of a Ring camera capturing footage of ... #2 [2060792409202835456].mp4.ocr							local	mirror	video	
mirror/video/The Force - @ViKu1111 @MrsErikaKirk 🚨🇮🇱 Legend of Legends anti-Zionist Jews Max B... [2031298460381532160]	The Force - @ViKu1111 @MrsErikaKirk 🚨🇮🇱 Legend of Legends anti-Zionist Jews Max B... [2031298460381532160].mp4	/Users/bryan/_Mirror/Politics/Charlie_Kirk_Mi/video/The Force - @ViKu1111 @MrsErikaKirk 🚨🇮🇱 Legend of Legends anti-Zionist Jews Max B... [2031298460381532160].mp4	video	13271008	1773252714		/Users/bryan/BGit/Bryan_git/personal_large_files_bridge/_Mirror/Politics/Charlie_Kirk_Mi/video/The Force - @ViKu1111 @MrsErikaKirk 🚨🇮🇱 Legend of Legends anti-Zionist Jews Max B... [2031298460381532160].mp4.transcription	video	/Users/bryan/BGit/Bryan_git/personal_large_files_bridge/_Mirror/Politics/Charlie_Kirk_Mi/video/The Force - @ViKu1111 @MrsErikaKirk 🚨🇮🇱 Legend of Legends anti-Zionist Jews Max B... [2031298460381532160].mp4.ai_description	/Users/bryan/BGit/Bryan_git/personal_large_files_bridge/_Mirror/Politics/Charlie_Kirk_Mi/video/The Force - @ViKu1111 @MrsErikaKirk 🚨🇮🇱 Legend of Legends anti-Zionist Jews Max B... [2031298460381532160].mp4.ocr							local	mirror	video	
mirror/video/Tim_Ballard_Not_Lone_Wolf	Tim_Ballard_Not_Lone_Wolf.mp4	/Users/bryan/_Mirror/Politics/Charlie_Kirk_Mi/video/Tim_Ballard_Not_Lone_Wolf.mp4	video	2266432	1764990670		/Users/bryan/BGit/Bryan_git/personal_large_files_bridge/_Mirror/Politics/Charlie_Kirk_Mi/video/Tim_Ballard_Not_Lone_Wolf.mp4.transcription	video	/Users/bryan/BGit/Bryan_git/personal_large_files_bridge/_Mirror/Politics/Charlie_Kirk_Mi/video/Tim_Ballard_Not_Lone_Wolf.mp4.ai_description	/Users/bryan/BGit/Bryan_git/personal_large_files_bridge/_Mirror/Politics/Charlie_Kirk_Mi/video/Tim_Ballard_Not_Lone_Wolf.mp4.ocr							local	mirror	video	
mirror/video/Timing	Timing.mp4	/Users/bryan/_Mirror/Politics/Charlie_Kirk_Mi/video/Timing.mp4	video	23579624	1764760958		/Users/bryan/BGit/Bryan_git/personal_large_files_bridge/_Mirror/Politics/Charlie_Kirk_Mi/video/Timing.mp4.transcription	video	/Users/bryan/BGit/Bryan_git/personal_large_files_bridge/_Mirror/Politics/Charlie_Kirk_Mi/video/Timing.mp4.ai_description	/Users/bryan/BGit/Bryan_git/personal_large_files_bridge/_Mirror/Politics/Charlie_Kirk_Mi/video/Timing.mp4.ocr							local	mirror	video	
mirror/video/Video_3	Video_3.mp4	/Users/bryan/_Mirror/Politics/Charlie_Kirk_Mi/video/Video_3.mp4	video	12961659	1760326364		/Users/bryan/BGit/Bryan_git/personal_large_files_bridge/_Mirror/Politics/Charlie_Kirk_Mi/video/Video_3.mp4.transcription	video	/Users/bryan/BGit/Bryan_git/personal_large_files_bridge/_Mirror/Politics/Charlie_Kirk_Mi/video/Video_3.mp4.ai_description	/Users/bryan/BGit/Bryan_git/personal_large_files_bridge/_Mirror/Politics/Charlie_Kirk_Mi/video/Video_3.mp4.ocr							local	mirror	video	
mirror/video/Watch for the	Watch for the.mp4	/Users/bryan/_Mirror/Politics/Charlie_Kirk_Mi/video/Watch for the.mp4	video	12607652	1760381871		/Users/bryan/BGit/Bryan_git/personal_large_files_bridge/_Mirror/Politics/Charlie_Kirk_Mi/video/Watch for the.mp4.transcription	video	/Users/bryan/BGit/Bryan_git/personal_large_files_bridge/_Mirror/Politics/Charlie_Kirk_Mi/video/Watch for the.mp4.ai_description	/Users/bryan/BGit/Bryan_git/personal_large_files_bridge/_Mirror/Politics/Charlie_Kirk_Mi/video/Watch for the.mp4.ocr							local	mirror	video	
mirror/video/_MvCUbhcVsUi8L9G [_MvCUbhcVsUi8L9G]	_MvCUbhcVsUi8L9G [_MvCUbhcVsUi8L9G].mp4	/Users/bryan/_Mirror/Politics/Charlie_Kirk_Mi/video/_MvCUbhcVsUi8L9G [_MvCUbhcVsUi8L9G].mp4	video	12225993	1765421439		/Users/bryan/BGit/Bryan_git/personal_large_files_bridge/_Mirror/Politics/Charlie_Kirk_Mi/video/_MvCUbhcVsUi8L9G [_MvCUbhcVsUi8L9G].mp4.transcription	video	/Users/bryan/BGit/Bryan_git/personal_large_files_bridge/_Mirror/Politics/Charlie_Kirk_Mi/video/_MvCUbhcVsUi8L9G [_MvCUbhcVsUi8L9G].mp4.ai_description	/Users/bryan/BGit/Bryan_git/personal_large_files_bridge/_Mirror/Politics/Charlie_Kirk_Mi/video/_MvCUbhcVsUi8L9G [_MvCUbhcVsUi8L9G].mp4.ocr							local	mirror	video	
mirror/video/after1	after1.mp4	/Users/bryan/_Mirror/Politics/Charlie_Kirk_Mi/video/after1.mp4	video	19183078	1760964014		/Users/bryan/BGit/Bryan_git/personal_large_files_bridge/_Mirror/Politics/Charlie_Kirk_Mi/video/after1.mp4.transcription	video	/Users/bryan/BGit/Bryan_git/personal_large_files_bridge/_Mirror/Politics/Charlie_Kirk_Mi/video/after1.mp4.ai_description	/Users/bryan/BGit/Bryan_git/personal_large_files_bridge/_Mirror/Politics/Charlie_Kirk_Mi/video/after1.mp4.ocr							local	mirror	video	
mirror/video/after2	after2.mp4	/Users/bryan/_Mirror/Politics/Charlie_Kirk_Mi/video/after2.mp4	video	1770505	1760964015		/Users/bryan/BGit/Bryan_git/personal_large_files_bridge/_Mirror/Politics/Charlie_Kirk_Mi/video/after2.mp4.transcription	video	/Users/bryan/BGit/Bryan_git/personal_large_files_bridge/_Mirror/Politics/Charlie_Kirk_Mi/video/after2.mp4.ai_description	/Users/bryan/BGit/Bryan_git/personal_large_files_bridge/_Mirror/Politics/Charlie_Kirk_Mi/video/after2.mp4.ocr							local	mirror	video	
mirror/video/after3	after3.mp4	/Users/bryan/_Mirror/Politics/Charlie_Kirk_Mi/video/after3.mp4	video	22935564	1760964020		/Users/bryan/BGit/Bryan_git/personal_large_files_bridge/_Mirror/Politics/Charlie_Kirk_Mi/video/after3.mp4.transcription	video	/Users/bryan/BGit/Bryan_git/personal_large_files_bridge/_Mirror/Politics/Charlie_Kirk_Mi/video/after3.mp4.ai_description	/Users/bryan/BGit/Bryan_git/personal_large_files_bridge/_Mirror/Politics/Charlie_Kirk_Mi/video/after3.mp4.ocr							local	mirror	video	
mirror/video/after4	after4.mp4	/Users/bryan/_Mirror/Politics/Charlie_Kirk_Mi/video/after4.mp4	video	4746585	1760964022		/Users/bryan/BGit/Bryan_git/personal_large_files_bridge/_Mirror/Politics/Charlie_Kirk_Mi/video/after4.mp4.transcription	video	/Users/bryan/BGit/Bryan_git/personal_large_files_bridge/_Mirror/Politics/Charlie_Kirk_Mi/video/after4.mp4.ai_description	/Users/bryan/BGit/Bryan_git/personal_large_files_bridge/_Mirror/Politics/Charlie_Kirk_Mi/video/after4.mp4.ocr							local	mirror	video	
mirror/video/after5	after5.mp4	/Users/bryan/_Mirror/Politics/Charlie_Kirk_Mi/video/after5.mp4	video	914782	1760964023		/Users/bryan/BGit/Bryan_git/personal_large_files_bridge/_Mirror/Politics/Charlie_Kirk_Mi/video/after5.mp4.transcription	video	/Users/bryan/BGit/Bryan_git/personal_large_files_bridge/_Mirror/Politics/Charlie_Kirk_Mi/video/after5.mp4.ai_description	/Users/bryan/BGit/Bryan_git/personal_large_files_bridge/_Mirror/Politics/Charlie_Kirk_Mi/video/after5.mp4.ocr							local	mirror	video	
mirror/video/afternongraphic8	afternongraphic8.mp4	/Users/bryan/_Mirror/Politics/Charlie_Kirk_Mi/video/afternongraphic8.mp4	video	150654239	1760964071		/Users/bryan/BGit/Bryan_git/personal_large_files_bridge/_Mirror/Politics/Charlie_Kirk_Mi/video/afternongraphic8.mp4.transcription	video	/Users/bryan/BGit/Bryan_git/personal_large_files_bridge/_Mirror/Politics/Charlie_Kirk_Mi/video/afternongraphic8.mp4.ai_description	/Users/bryan/BGit/Bryan_git/personal_large_files_bridge/_Mirror/Politics/Charlie_Kirk_Mi/video/afternongraphic8.mp4.ocr							local	mirror	video	
mirror/video/afternongraphic8.ia	afternongraphic8.ia.mp4	/Users/bryan/_Mirror/Politics/Charlie_Kirk_Mi/video/afternongraphic8.ia.mp4	video	150654239	1760964044		/Users/bryan/BGit/Bryan_git/personal_large_files_bridge/_Mirror/Politics/Charlie_Kirk_Mi/video/afternongraphic8.ia.mp4.transcription	video	/Users/bryan/BGit/Bryan_git/personal_large_files_bridge/_Mirror/Politics/Charlie_Kirk_Mi/video/afternongraphic8.ia.mp4.ai_description	/Users/bryan/BGit/Bryan_git/personal_large_files_bridge/_Mirror/Politics/Charlie_Kirk_Mi/video/afternongraphic8.ia.mp4.ocr							local	mirror	video	
mirror/video/conspiracybot - ＂If you’re seeing this I’m probably dead＂ Charlie Kirk -2011 RIP [2031633728947036160]	conspiracybot - ＂If you’re seeing this I’m probably dead＂ Charlie Kirk -2011 RIP [2031633728947036160].mp4	/Users/bryan/_Mirror/Politics/Charlie_Kirk_Mi/video/conspiracybot - ＂If you’re seeing this I’m probably dead＂ Charlie Kirk -2011 RIP [2031633728947036160].mp4	video	844370	1773252574		/Users/bryan/BGit/Bryan_git/personal_large_files_bridge/_Mirror/Politics/Charlie_Kirk_Mi/video/conspiracybot - ＂If you’re seeing this I’m probably dead＂ Charlie Kirk -2011 RIP [2031633728947036160].mp4.transcription	video	/Users/bryan/BGit/Bryan_git/personal_large_files_bridge/_Mirror/Politics/Charlie_Kirk_Mi/video/conspiracybot - ＂If you’re seeing this I’m probably dead＂ Charlie Kirk -2011 RIP [2031633728947036160].mp4.ai_description	/Users/bryan/BGit/Bryan_git/personal_large_files_bridge/_Mirror/Politics/Charlie_Kirk_Mi/video/conspiracybot - ＂If you’re seeing this I’m probably dead＂ Charlie Kirk -2011 RIP [2031633728947036160].mp4.ocr							local	mirror	video	
mirror/video/dguzChVxdJ3Fq5m2 [dguzChVxdJ3Fq5m2]	dguzChVxdJ3Fq5m2 [dguzChVxdJ3Fq5m2].mp4	/Users/bryan/_Mirror/Politics/Charlie_Kirk_Mi/video/dguzChVxdJ3Fq5m2 [dguzChVxdJ3Fq5m2].mp4	video	111676511	1763908267		/Users/bryan/BGit/Bryan_git/personal_large_files_bridge/_Mirror/Politics/Charlie_Kirk_Mi/video/dguzChVxdJ3Fq5m2 [dguzChVxdJ3Fq5m2].mp4.transcription	video	/Users/bryan/BGit/Bryan_git/personal_large_files_bridge/_Mirror/Politics/Charlie_Kirk_Mi/video/dguzChVxdJ3Fq5m2 [dguzChVxdJ3Fq5m2].mp4.ai_description	/Users/bryan/BGit/Bryan_git/personal_large_files_bridge/_Mirror/Politics/Charlie_Kirk_Mi/video/dguzChVxdJ3Fq5m2 [dguzChVxdJ3Fq5m2].mp4.ocr							local	mirror	video	
mirror/video/https%3A%2F%2Fx.com%2FProjectConstitu%2Fstatus%2F1999947478901088281	https%3A%2F%2Fx.com%2FProjectConstitu%2Fstatus%2F1999947478901088281.mp4	/Users/bryan/_Mirror/Politics/Charlie_Kirk_Mi/video/https%3A%2F%2Fx.com%2FProjectConstitu%2Fstatus%2F1999947478901088281.mp4	video	8268470	1783651401		/Users/bryan/BGit/Bryan_git/personal_large_files_bridge/_Mirror/Politics/Charlie_Kirk_Mi/video/https%3A%2F%2Fx.com%2FProjectConstitu%2Fstatus%2F1999947478901088281.mp4.transcription	video	/Users/bryan/BGit/Bryan_git/personal_large_files_bridge/_Mirror/Politics/Charlie_Kirk_Mi/video/https%3A%2F%2Fx.com%2FProjectConstitu%2Fstatus%2F1999947478901088281.mp4.ai_description	/Users/bryan/BGit/Bryan_git/personal_large_files_bridge/_Mirror/Politics/Charlie_Kirk_Mi/video/https%3A%2F%2Fx.com%2FProjectConstitu%2Fstatus%2F1999947478901088281.mp4.ocr							local	mirror	video	
mirror/video/lwvUJMASIMHL_eqs [lwvUJMASIMHL_eqs]	lwvUJMASIMHL_eqs [lwvUJMASIMHL_eqs].mp4	/Users/bryan/_Mirror/Politics/Charlie_Kirk_Mi/video/lwvUJMASIMHL_eqs [lwvUJMASIMHL_eqs].mp4	video	1443199	1765421613		/Users/bryan/BGit/Bryan_git/personal_large_files_bridge/_Mirror/Politics/Charlie_Kirk_Mi/video/lwvUJMASIMHL_eqs [lwvUJMASIMHL_eqs].mp4.transcription	video	/Users/bryan/BGit/Bryan_git/personal_large_files_bridge/_Mirror/Politics/Charlie_Kirk_Mi/video/lwvUJMASIMHL_eqs [lwvUJMASIMHL_eqs].mp4.ai_description	/Users/bryan/BGit/Bryan_git/personal_large_files_bridge/_Mirror/Politics/Charlie_Kirk_Mi/video/lwvUJMASIMHL_eqs [lwvUJMASIMHL_eqs].mp4.ocr							local	mirror	video	
mirror/video/roofshooter1	roofshooter1.mp4	/Users/bryan/_Mirror/Politics/Charlie_Kirk_Mi/video/roofshooter1.mp4	video	777336	1760964072		/Users/bryan/BGit/Bryan_git/personal_large_files_bridge/_Mirror/Politics/Charlie_Kirk_Mi/video/roofshooter1.mp4.transcription	video	/Users/bryan/BGit/Bryan_git/personal_large_files_bridge/_Mirror/Politics/Charlie_Kirk_Mi/video/roofshooter1.mp4.ai_description	/Users/bryan/BGit/Bryan_git/personal_large_files_bridge/_Mirror/Politics/Charlie_Kirk_Mi/video/roofshooter1.mp4.ocr							local	mirror	video	
mirror/video/roofshooter2	roofshooter2.mp4	/Users/bryan/_Mirror/Politics/Charlie_Kirk_Mi/video/roofshooter2.mp4	video	1423135	1760964074		/Users/bryan/BGit/Bryan_git/personal_large_files_bridge/_Mirror/Politics/Charlie_Kirk_Mi/video/roofshooter2.mp4.transcription	video	/Users/bryan/BGit/Bryan_git/personal_large_files_bridge/_Mirror/Politics/Charlie_Kirk_Mi/video/roofshooter2.mp4.ai_description	/Users/bryan/BGit/Bryan_git/personal_large_files_bridge/_Mirror/Politics/Charlie_Kirk_Mi/video/roofshooter2.mp4.ocr							local	mirror	video	
mirror/video/roofshooter3	roofshooter3.mp4	/Users/bryan/_Mirror/Politics/Charlie_Kirk_Mi/video/roofshooter3.mp4	video	29364715	1760964084		/Users/bryan/BGit/Bryan_git/personal_large_files_bridge/_Mirror/Politics/Charlie_Kirk_Mi/video/roofshooter3.mp4.transcription	video	/Users/bryan/BGit/Bryan_git/personal_large_files_bridge/_Mirror/Politics/Charlie_Kirk_Mi/video/roofshooter3.mp4.ai_description	/Users/bryan/BGit/Bryan_git/personal_large_files_bridge/_Mirror/Politics/Charlie_Kirk_Mi/video/roofshooter3.mp4.ocr							local	mirror	video	
mirror/video/roofshooter3.ia	roofshooter3.ia.mp4	/Users/bryan/_Mirror/Politics/Charlie_Kirk_Mi/video/roofshooter3.ia.mp4	video	29364715	1760964079		/Users/bryan/BGit/Bryan_git/personal_large_files_bridge/_Mirror/Politics/Charlie_Kirk_Mi/video/roofshooter3.ia.mp4.transcription	video	/Users/bryan/BGit/Bryan_git/personal_large_files_bridge/_Mirror/Politics/Charlie_Kirk_Mi/video/roofshooter3.ia.mp4.ai_description	/Users/bryan/BGit/Bryan_git/personal_large_files_bridge/_Mirror/Politics/Charlie_Kirk_Mi/video/roofshooter3.ia.mp4.ocr							local	mirror	video	
mirror/video/running1	running1.mp4	/Users/bryan/_Mirror/Politics/Charlie_Kirk_Mi/video/running1.mp4	video	3310368	1760964086		/Users/bryan/BGit/Bryan_git/personal_large_files_bridge/_Mirror/Politics/Charlie_Kirk_Mi/video/running1.mp4.transcription	video	/Users/bryan/BGit/Bryan_git/personal_large_files_bridge/_Mirror/Politics/Charlie_Kirk_Mi/video/running1.mp4.ai_description	/Users/bryan/BGit/Bryan_git/personal_large_files_bridge/_Mirror/Politics/Charlie_Kirk_Mi/video/running1.mp4.ocr							local	mirror	video	
mirror/video/running2	running2.mp4	/Users/bryan/_Mirror/Politics/Charlie_Kirk_Mi/video/running2.mp4	video	786939	1760964087		/Users/bryan/BGit/Bryan_git/personal_large_files_bridge/_Mirror/Politics/Charlie_Kirk_Mi/video/running2.mp4.transcription	video	/Users/bryan/BGit/Bryan_git/personal_large_files_bridge/_Mirror/Politics/Charlie_Kirk_Mi/video/running2.mp4.ai_description	/Users/bryan/BGit/Bryan_git/personal_large_files_bridge/_Mirror/Politics/Charlie_Kirk_Mi/video/running2.mp4.ocr							local	mirror	video	
mirror/video/xBHHgwl_EZFACOKB [xBHHgwl_EZFACOKB]	xBHHgwl_EZFACOKB [xBHHgwl_EZFACOKB].mp4	/Users/bryan/_Mirror/Politics/Charlie_Kirk_Mi/video/xBHHgwl_EZFACOKB [xBHHgwl_EZFACOKB].mp4	video	162538999	1761929945		/Users/bryan/BGit/Bryan_git/personal_large_files_bridge/_Mirror/Politics/Charlie_Kirk_Mi/video/xBHHgwl_EZFACOKB [xBHHgwl_EZFACOKB].mp4.transcription	video	/Users/bryan/BGit/Bryan_git/personal_large_files_bridge/_Mirror/Politics/Charlie_Kirk_Mi/video/xBHHgwl_EZFACOKB [xBHHgwl_EZFACOKB].mp4.ai_description	/Users/bryan/BGit/Bryan_git/personal_large_files_bridge/_Mirror/Politics/Charlie_Kirk_Mi/video/xBHHgwl_EZFACOKB [xBHHgwl_EZFACOKB].mp4.ocr							local	mirror	video	
site/QmQjb72pZ79ajbXCHBh8T4swaC1EzXXgMFBWwnb4FqVcwY	QmQjb72pZ79ajbXCHBh8T4swaC1EzXXgMFBWwnb4FqVcwY		none	0							QmQjb72pZ79ajbXCHBh8T4swaC1EzXXgMFBWwnb4FqVcwY					Embedded on 2 site page(s)	ipfs	site_embed		
site/QmQu4bLUV17fGV6D2aynbKmNiAj4qgBnFmCBHrypw3BVwU	QmQu4bLUV17fGV6D2aynbKmNiAj4qgBnFmCBHrypw3BVwU		none	0							QmQu4bLUV17fGV6D2aynbKmNiAj4qgBnFmCBHrypw3BVwU					Embedded on 8 site page(s)	ipfs	site_embed		
site/QmR3iEdnCZsFpfP1cbPWSg8U1sx9mx3ajPmuz97h4JEHc4	QmR3iEdnCZsFpfP1cbPWSg8U1sx9mx3ajPmuz97h4JEHc4		none	0							QmR3iEdnCZsFpfP1cbPWSg8U1sx9mx3ajPmuz97h4JEHc4					Embedded on 4 site page(s)	ipfs	site_embed		
site/QmRep38JyvpsSEa8Hxq8utNgZw8dc9u3ckGnza825gZAQz	QmRep38JyvpsSEa8Hxq8utNgZw8dc9u3ckGnza825gZAQz		none	0							QmRep38JyvpsSEa8Hxq8utNgZw8dc9u3ckGnza825gZAQz					Embedded on 4 site page(s)	ipfs	site_embed		
site/QmSjNMnZFgdCLvHw9EaG1cYqmp6pWwFqLY8UdKb4Kp5Ssu	QmSjNMnZFgdCLvHw9EaG1cYqmp6pWwFqLY8UdKb4Kp5Ssu		none	0							QmSjNMnZFgdCLvHw9EaG1cYqmp6pWwFqLY8UdKb4Kp5Ssu					Embedded on 24 site page(s)	ipfs	site_embed		
site/QmTFprBjLNkUV6w3JM1aK4A6LU5Bn4vCHZW5GFp4B8vHHr	QmTFprBjLNkUV6w3JM1aK4A6LU5Bn4vCHZW5GFp4B8vHHr		none	0							QmTFprBjLNkUV6w3JM1aK4A6LU5Bn4vCHZW5GFp4B8vHHr					Embedded on 4 site page(s)	ipfs	site_embed		
site/QmTjhHGBMZEfeWNwuDjnNs4SaLwP9QX61ixY2DFgmFrtwP	QmTjhHGBMZEfeWNwuDjnNs4SaLwP9QX61ixY2DFgmFrtwP		none	0							QmTjhHGBMZEfeWNwuDjnNs4SaLwP9QX61ixY2DFgmFrtwP					Embedded on 2 site page(s)	ipfs	site_embed		
site/QmU9B1qyPkmKXBBcrf8tvQWifkpyMAGKNTv7erDMUvCWas	QmU9B1qyPkmKXBBcrf8tvQWifkpyMAGKNTv7erDMUvCWas		none	0							QmU9B1qyPkmKXBBcrf8tvQWifkpyMAGKNTv7erDMUvCWas					Embedded on 2 site page(s)	ipfs	site_embed		
site/QmUT3UWsXgKzXEptuDpD1irPcamL9s5y4AX461vgo1VVEC	QmUT3UWsXgKzXEptuDpD1irPcamL9s5y4AX461vgo1VVEC		none	0							QmUT3UWsXgKzXEptuDpD1irPcamL9s5y4AX461vgo1VVEC					Embedded on 4 site page(s)	ipfs	site_embed		
site/QmWjUuiVWDwThM7DCkPAyAoEYx6LfoF9CpFBk7fTQnTvJw	QmWjUuiVWDwThM7DCkPAyAoEYx6LfoF9CpFBk7fTQnTvJw		none	0							QmWjUuiVWDwThM7DCkPAyAoEYx6LfoF9CpFBk7fTQnTvJw					Embedded on 3 site page(s)	ipfs	site_embed		
site/QmZ11VfaamgKa8tpsWthVBig64YZbeZJcEWSqtHmyi6myp	QmZ11VfaamgKa8tpsWthVBig64YZbeZJcEWSqtHmyi6myp		none	0							QmZ11VfaamgKa8tpsWthVBig64YZbeZJcEWSqtHmyi6myp					Embedded on 4 site page(s)	ipfs	site_embed		
site/QmZUEorkAvGJLvYRVWD167cJgtRLHua3VNYcHTN2YcknbN	QmZUEorkAvGJLvYRVWD167cJgtRLHua3VNYcHTN2YcknbN		none	0							QmZUEorkAvGJLvYRVWD167cJgtRLHua3VNYcHTN2YcknbN					Embedded on 2 site page(s)	ipfs	site_embed		
site/QmaAFCFJyMgTxXA8YMrjBYrmwydzxmwVwyRus2MfQTafYc	QmaAFCFJyMgTxXA8YMrjBYrmwydzxmwVwyRus2MfQTafYc		none	0							QmaAFCFJyMgTxXA8YMrjBYrmwydzxmwVwyRus2MfQTafYc					Embedded on 2 site page(s)	ipfs	site_embed		
site/QmaHqNqy3CdhtQZ6pYeVnZP3pQaPHHPKs8GGitx2zoVSfE	QmaHqNqy3CdhtQZ6pYeVnZP3pQaPHHPKs8GGitx2zoVSfE		none	0							QmaHqNqy3CdhtQZ6pYeVnZP3pQaPHHPKs8GGitx2zoVSfE					Embedded on 4 site page(s)	ipfs	site_embed		
site/QmafHo4Szu56hSxaDGPavDQJQiaVa7VpkypDY3goTTRJ57	QmafHo4Szu56hSxaDGPavDQJQiaVa7VpkypDY3goTTRJ57		none	0							QmafHo4Szu56hSxaDGPavDQJQiaVa7VpkypDY3goTTRJ57					Embedded on 24 site page(s)	ipfs	site_embed		
site/QmcqbMcpckXL9rpg3o7thScS74VKeqMb14pUwUMk8BtBRo	QmcqbMcpckXL9rpg3o7thScS74VKeqMb14pUwUMk8BtBRo		none	0							QmcqbMcpckXL9rpg3o7thScS74VKeqMb14pUwUMk8BtBRo					Embedded on 58 site page(s)	ipfs	site_embed		
site/QmcszYkD8H5B9ZJbigeoWdoG2uLkKAtq2zMzfKtjRzEHCk	QmcszYkD8H5B9ZJbigeoWdoG2uLkKAtq2zMzfKtjRzEHCk		none	0							QmcszYkD8H5B9ZJbigeoWdoG2uLkKAtq2zMzfKtjRzEHCk					Embedded on 2 site page(s)	ipfs	site_embed		
site/QmeodGR9KobeVVaS9V35aDrZJTHnLUfrqkm5APtWwVqiox	QmeodGR9KobeVVaS9V35aDrZJTHnLUfrqkm5APtWwVqiox		none	0							QmeodGR9KobeVVaS9V35aDrZJTHnLUfrqkm5APtWwVqiox					Embedded on 2 site page(s)	ipfs	site_embed		
site/Qmf73VuTpkMeiHWvyKvQrxFZFtu8mzehfVC8u2E8mWEmAR	Qmf73VuTpkMeiHWvyKvQrxFZFtu8mzehfVC8u2E8mWEmAR		none	0							Qmf73VuTpkMeiHWvyKvQrxFZFtu8mzehfVC8u2E8mWEmAR					Embedded on 4 site page(s)	ipfs	site_embed		
site/QmfFxNN3oVYUQcajPLUjBZ73TG4vTTUy7MSUWF2JRrtMCF	QmfFxNN3oVYUQcajPLUjBZ73TG4vTTUy7MSUWF2JRrtMCF		none	0							QmfFxNN3oVYUQcajPLUjBZ73TG4vTTUy7MSUWF2JRrtMCF					Embedded on 2 site page(s)	ipfs	site_embed		
site/QmfWXGeCvjbMupMerWV8QPjcmwXLFprXiPnx5GiPZ2fQra	QmfWXGeCvjbMupMerWV8QPjcmwXLFprXiPnx5GiPZ2fQra		none	0							QmfWXGeCvjbMupMerWV8QPjcmwXLFprXiPnx5GiPZ2fQra					Embedded on 2 site page(s)	ipfs	site_embed		
site/bafybeiag72yt6hh5qku7nv72j2h2yvs3etq42q6hdldydgyfjbxviqxeru	bafybeiag72yt6hh5qku7nv72j2h2yvs3etq42q6hdldydgyfjbxviqxeru		none	0							bafybeiag72yt6hh5qku7nv72j2h2yvs3etq42q6hdldydgyfjbxviqxeru					Embedded on 4 site page(s)	ipfs	site_embed		
site/bafybeiapq3cdvxtxx44gqvwsldtfuk26ajyo5frq4ynjy37utda4gtrjsi	bafybeiapq3cdvxtxx44gqvwsldtfuk26ajyo5frq4ynjy37utda4gtrjsi		none	0							bafybeiapq3cdvxtxx44gqvwsldtfuk26ajyo5frq4ynjy37utda4gtrjsi					Embedded on 4 site page(s)	ipfs	site_embed		
site/bafybeiasgwxjaqxb5q4oa6w7pkgtwzu43dd2h3eczp6uwg54izy54qbifu	bafybeiasgwxjaqxb5q4oa6w7pkgtwzu43dd2h3eczp6uwg54izy54qbifu		none	0							bafybeiasgwxjaqxb5q4oa6w7pkgtwzu43dd2h3eczp6uwg54izy54qbifu					Embedded on 4 site page(s)	ipfs	site_embed		
site/bafybeib5zog72ii76nbfxohz5hzo7ejy2o2v6mt6apxgsqgakhuzprctre	bafybeib5zog72ii76nbfxohz5hzo7ejy2o2v6mt6apxgsqgakhuzprctre		none	0							bafybeib5zog72ii76nbfxohz5hzo7ejy2o2v6mt6apxgsqgakhuzprctre					Embedded on 28 site page(s)	ipfs	site_embed		
site/bafybeib7p7rllumsl4zzgeywn46lsu7r5fmjabbdk4gkk7d5srfoxh3loi	bafybeib7p7rllumsl4zzgeywn46lsu7r5fmjabbdk4gkk7d5srfoxh3loi		none	0							bafybeib7p7rllumsl4zzgeywn46lsu7r5fmjabbdk4gkk7d5srfoxh3loi					Embedded on 4 site page(s)	ipfs	site_embed		
site/bafybeibds6ublaln73nwhfwolxrjuk3n2lbdibnoltzlvb3wwykxoqx3e4	bafybeibds6ublaln73nwhfwolxrjuk3n2lbdibnoltzlvb3wwykxoqx3e4		none	0							bafybeibds6ublaln73nwhfwolxrjuk3n2lbdibnoltzlvb3wwykxoqx3e4					Embedded on 4 site page(s)	ipfs	site_embed		
site/bafybeibfqonljymirjaqd6l634lssbybm6odj4v3reagopq6o2axypre3q	bafybeibfqonljymirjaqd6l634lssbybm6odj4v3reagopq6o2axypre3q		none	0							bafybeibfqonljymirjaqd6l634lssbybm6odj4v3reagopq6o2axypre3q					Embedded on 8 site page(s)	ipfs	site_embed		
site/bafybeibiqf2qyvfgrn5wrxiqhyfqlzvidlbognkm2ys3amfhyun6e4zq5m	bafybeibiqf2qyvfgrn5wrxiqhyfqlzvidlbognkm2ys3amfhyun6e4zq5m		none	0							bafybeibiqf2qyvfgrn5wrxiqhyfqlzvidlbognkm2ys3amfhyun6e4zq5m					Embedded on 4 site page(s)	ipfs	site_embed		
site/bafybeibmsy3p7im5g4r56qqck6trc3gahd6fzotsrv6p6cfazafr3n4z4i	bafybeibmsy3p7im5g4r56qqck6trc3gahd6fzotsrv6p6cfazafr3n4z4i		none	0							bafybeibmsy3p7im5g4r56qqck6trc3gahd6fzotsrv6p6cfazafr3n4z4i					Embedded on 8 site page(s)	ipfs	site_embed		
site/bafybeiboy47drrym44y6gr4ruah4o3iniqkvtf6dr46vyydezs4sglp24q	bafybeiboy47drrym44y6gr4ruah4o3iniqkvtf6dr46vyydezs4sglp24q		none	0							bafybeiboy47drrym44y6gr4ruah4o3iniqkvtf6dr46vyydezs4sglp24q					Embedded on 4 site page(s)	ipfs	site_embed		
site/bafybeibrqmjdrigftjuoeuvulnu2dfy6ameulg5pjqn5pcifinmapkld5i	bafybeibrqmjdrigftjuoeuvulnu2dfy6ameulg5pjqn5pcifinmapkld5i		none	0							bafybeibrqmjdrigftjuoeuvulnu2dfy6ameulg5pjqn5pcifinmapkld5i					Embedded on 8 site page(s)	ipfs	site_embed		
site/bafybeibv5nnpvomqytw53wkpocwlayxnnfvdixcaoqtvbdsoce5tnyfndy	bafybeibv5nnpvomqytw53wkpocwlayxnnfvdixcaoqtvbdsoce5tnyfndy		none	0							bafybeibv5nnpvomqytw53wkpocwlayxnnfvdixcaoqtvbdsoce5tnyfndy					Embedded on 4 site page(s)	ipfs	site_embed		
site/bafybeic2zfmp6nwvwjex4mqso7zzawgrgflyiihad77h7p7enwhf2sqaju	bafybeic2zfmp6nwvwjex4mqso7zzawgrgflyiihad77h7p7enwhf2sqaju		none	0							bafybeic2zfmp6nwvwjex4mqso7zzawgrgflyiihad77h7p7enwhf2sqaju					Embedded on 8 site page(s)	ipfs	site_embed		
site/bafybeicbicphcfju7xabn5ghc7xrtdsne3nuxt4443z6iau2gfacw7mntq	bafybeicbicphcfju7xabn5ghc7xrtdsne3nuxt4443z6iau2gfacw7mntq		none	0							bafybeicbicphcfju7xabn5ghc7xrtdsne3nuxt4443z6iau2gfacw7mntq					Embedded on 48 site page(s)	ipfs	site_embed		
site/bafybeicqggzxlz3e7xlocjysympkkwa6dtgex3vs64tllgruybqwymnliy	bafybeicqggzxlz3e7xlocjysympkkwa6dtgex3vs64tllgruybqwymnliy		none	0							bafybeicqggzxlz3e7xlocjysympkkwa6dtgex3vs64tllgruybqwymnliy					Embedded on 3 site page(s)	ipfs	site_embed		
site/bafybeictf7nql7co5y6uc7vntirvtnwxwfhfrjm7rtbxxvm3wk25oq7avm	bafybeictf7nql7co5y6uc7vntirvtnwxwfhfrjm7rtbxxvm3wk25oq7avm		none	0							bafybeictf7nql7co5y6uc7vntirvtnwxwfhfrjm7rtbxxvm3wk25oq7avm					Embedded on 4 site page(s)	ipfs	site_embed		
site/bafybeicwgvvtiyefk37eijbegjbho45d2hkbvz4lfpk52wujrusmo5aova	bafybeicwgvvtiyefk37eijbegjbho45d2hkbvz4lfpk52wujrusmo5aova		none	0							bafybeicwgvvtiyefk37eijbegjbho45d2hkbvz4lfpk52wujrusmo5aova					Embedded on 4 site page(s)	ipfs	site_embed		
site/bafybeid4rhwk5tlupl3x6t2xn3x3a43uuhi54jxnjw5h7hvfv4ch4zsdvi	bafybeid4rhwk5tlupl3x6t2xn3x3a43uuhi54jxnjw5h7hvfv4ch4zsdvi		none	0							bafybeid4rhwk5tlupl3x6t2xn3x3a43uuhi54jxnjw5h7hvfv4ch4zsdvi					Embedded on 112 site page(s)	ipfs	site_embed		
site/bafybeid4w3c7pkrlhknmkge7ek4lce3ofqjzv4rxxjzjfmo6x3tqk5z7iq	bafybeid4w3c7pkrlhknmkge7ek4lce3ofqjzv4rxxjzjfmo6x3tqk5z7iq		none	0							bafybeid4w3c7pkrlhknmkge7ek4lce3ofqjzv4rxxjzjfmo6x3tqk5z7iq					Embedded on 4 site page(s)	ipfs	site_embed		
site/bafybeidrqrkofp3lsegdnqujj27edtcpymqa3w47brp6pxt37n2an2rqoq	bafybeidrqrkofp3lsegdnqujj27edtcpymqa3w47brp6pxt37n2an2rqoq		none	0							bafybeidrqrkofp3lsegdnqujj27edtcpymqa3w47brp6pxt37n2an2rqoq					Embedded on 4 site page(s)	ipfs	site_embed		
site/bafybeie4fgxeu2qi4ujttcz5n2t2lzasg6t2ffztamthw6t5eewetui33y	bafybeie4fgxeu2qi4ujttcz5n2t2lzasg6t2ffztamthw6t5eewetui33y		none	0							bafybeie4fgxeu2qi4ujttcz5n2t2lzasg6t2ffztamthw6t5eewetui33y					Embedded on 1 site page(s)	ipfs	site_embed		
site/bafybeie6nbytpgjdpt7dyxu6jbs34necoxwb2npdb24p3vem4t6ugzkom4	bafybeie6nbytpgjdpt7dyxu6jbs34necoxwb2npdb24p3vem4t6ugzkom4		none	0							bafybeie6nbytpgjdpt7dyxu6jbs34necoxwb2npdb24p3vem4t6ugzkom4					Embedded on 12 site page(s)	ipfs	site_embed		
site/bafybeiejwqqsizosspgpaoyizy2pod7qq6fznqq2mgfmvm4qfs2sm7iz6u	bafybeiejwqqsizosspgpaoyizy2pod7qq6fznqq2mgfmvm4qfs2sm7iz6u		none	0							bafybeiejwqqsizosspgpaoyizy2pod7qq6fznqq2mgfmvm4qfs2sm7iz6u					Embedded on 4 site page(s)	ipfs	site_embed		
site/bafybeienn4qi7o2lq4u6xk3qbiyoifqrtkhl7kvhj7udxvnuk4znz3fh7a	bafybeienn4qi7o2lq4u6xk3qbiyoifqrtkhl7kvhj7udxvnuk4znz3fh7a		none	0							bafybeienn4qi7o2lq4u6xk3qbiyoifqrtkhl7kvhj7udxvnuk4znz3fh7a					Embedded on 4 site page(s)	ipfs	site_embed		
site/bafybeieowrtkvwc5vlkabkumftvnnwmjvzdvfwde367jrtdyzsanakv54i	bafybeieowrtkvwc5vlkabkumftvnnwmjvzdvfwde367jrtdyzsanakv54i		none	0							bafybeieowrtkvwc5vlkabkumftvnnwmjvzdvfwde367jrtdyzsanakv54i					Embedded on 4 site page(s)	ipfs	site_embed		
site/bafybeiexu3jthiduqd6ooaccezhmmsnqevtdvi5bvcgawatdm7mfmdjwnu	bafybeiexu3jthiduqd6ooaccezhmmsnqevtdvi5bvcgawatdm7mfmdjwnu		none	0							bafybeiexu3jthiduqd6ooaccezhmmsnqevtdvi5bvcgawatdm7mfmdjwnu					Embedded on 4 site page(s)	ipfs	site_embed		
site/bafybeif53wezynlgyysbmrapdjc4frikovy6px7gro6hofyiohfjwdqomu	bafybeif53wezynlgyysbmrapdjc4frikovy6px7gro6hofyiohfjwdqomu		none	0							bafybeif53wezynlgyysbmrapdjc4frikovy6px7gro6hofyiohfjwdqomu					Embedded on 8 site page(s)	ipfs	site_embed		
site/bafybeifdpfcoiaxaubze3vkwnwgwyfpvdstuaoxd2tgndr74fmzb6vfbl4	bafybeifdpfcoiaxaubze3vkwnwgwyfpvdstuaoxd2tgndr74fmzb6vfbl4		none	0							bafybeifdpfcoiaxaubze3vkwnwgwyfpvdstuaoxd2tgndr74fmzb6vfbl4					Embedded on 4 site page(s)	ipfs	site_embed		
site/bafybeiffmiwywvvshkw2iyimhdchephnnizs5zlhv4fbqlchxrdg5b5ueu	bafybeiffmiwywvvshkw2iyimhdchephnnizs5zlhv4fbqlchxrdg5b5ueu		none	0							bafybeiffmiwywvvshkw2iyimhdchephnnizs5zlhv4fbqlchxrdg5b5ueu					Embedded on 8 site page(s)	ipfs	site_embed		
site/bafybeifhi4sbtbfq747rplwdbgipogt72r4lm5zmm6osgvovajq4wxhlf4	bafybeifhi4sbtbfq747rplwdbgipogt72r4lm5zmm6osgvovajq4wxhlf4		none	0							bafybeifhi4sbtbfq747rplwdbgipogt72r4lm5zmm6osgvovajq4wxhlf4					Embedded on 4 site page(s)	ipfs	site_embed		
site/bafybeifpuhmmiieonoga6la5evjvmktxlrxj36oloml2b6qbk5r2gkldfe	bafybeifpuhmmiieonoga6la5evjvmktxlrxj36oloml2b6qbk5r2gkldfe		none	0							bafybeifpuhmmiieonoga6la5evjvmktxlrxj36oloml2b6qbk5r2gkldfe					Embedded on 2 site page(s)	ipfs	site_embed		
site/bafybeifq6q6jmo7bsozfwvomerotu56kczc6bppsdpof5ldpxz7jo4ajle	bafybeifq6q6jmo7bsozfwvomerotu56kczc6bppsdpof5ldpxz7jo4ajle		none	0							bafybeifq6q6jmo7bsozfwvomerotu56kczc6bppsdpof5ldpxz7jo4ajle					Embedded on 4 site page(s)	ipfs	site_embed		
site/bafybeigcg7g7yiqhnuyffcbus3mv2wplnjz3gcli3ch3ldxfa6rrhdqeuy	bafybeigcg7g7yiqhnuyffcbus3mv2wplnjz3gcli3ch3ldxfa6rrhdqeuy		none	0							bafybeigcg7g7yiqhnuyffcbus3mv2wplnjz3gcli3ch3ldxfa6rrhdqeuy					Embedded on 4 site page(s)	ipfs	site_embed		
site/bafybeigcrhhx5aghmeaoxetb6op4peiqcplb6vnh7t3mkvbnpk3prjydti	bafybeigcrhhx5aghmeaoxetb6op4peiqcplb6vnh7t3mkvbnpk3prjydti		none	0							bafybeigcrhhx5aghmeaoxetb6op4peiqcplb6vnh7t3mkvbnpk3prjydti					Embedded on 4 site page(s)	ipfs	site_embed		
site/bafybeigxnwvt2zzsuij3xpzzubtqhkm76b2waxxs26caz4vx3r7ui5dcxy	bafybeigxnwvt2zzsuij3xpzzubtqhkm76b2waxxs26caz4vx3r7ui5dcxy		none	0							bafybeigxnwvt2zzsuij3xpzzubtqhkm76b2waxxs26caz4vx3r7ui5dcxy					Embedded on 120 site page(s)	ipfs	site_embed		
site/bafybeigybmg3v4p5qve56m6zzfapdgimc7pwvee2dyzxptevjo3sqkayqe	bafybeigybmg3v4p5qve56m6zzfapdgimc7pwvee2dyzxptevjo3sqkayqe		none	0							bafybeigybmg3v4p5qve56m6zzfapdgimc7pwvee2dyzxptevjo3sqkayqe					Embedded on 8 site page(s)	ipfs	site_embed		
site/bafybeih2zx4i5lfwsd7gxmjuve4bu6rzr4oahqecfuqmeteisue4p3hn4u	bafybeih2zx4i5lfwsd7gxmjuve4bu6rzr4oahqecfuqmeteisue4p3hn4u		none	0							bafybeih2zx4i5lfwsd7gxmjuve4bu6rzr4oahqecfuqmeteisue4p3hn4u					Embedded on 4 site page(s)	ipfs	site_embed		
site/bafybeih3mk65doojns4tyx7xks7gq2cqzuexapmw4plhjzjlik6bimupeq	bafybeih3mk65doojns4tyx7xks7gq2cqzuexapmw4plhjzjlik6bimupeq		none	0							bafybeih3mk65doojns4tyx7xks7gq2cqzuexapmw4plhjzjlik6bimupeq					Embedded on 8 site page(s)	ipfs	site_embed		
site/bafybeih7dyjrdm5rhqgy2xqz2pqt47ok3tlr76omo2tt3r5yhpa5sixpo4	bafybeih7dyjrdm5rhqgy2xqz2pqt47ok3tlr76omo2tt3r5yhpa5sixpo4		none	0							bafybeih7dyjrdm5rhqgy2xqz2pqt47ok3tlr76omo2tt3r5yhpa5sixpo4					Embedded on 2 site page(s)	ipfs	site_embed		
site/bafybeih7zvim3cjxk3wmtm4qctat3qgx3ididvugrfjetlyppvaisalr3a	bafybeih7zvim3cjxk3wmtm4qctat3qgx3ididvugrfjetlyppvaisalr3a		none	0							bafybeih7zvim3cjxk3wmtm4qctat3qgx3ididvugrfjetlyppvaisalr3a					Embedded on 8 site page(s)	ipfs	site_embed		
site/bafybeihidtest72jb6mumoxmpbjog3iywgmzeqi7peksg5rmnr327oszpy	bafybeihidtest72jb6mumoxmpbjog3iywgmzeqi7peksg5rmnr327oszpy		none	0							bafybeihidtest72jb6mumoxmpbjog3iywgmzeqi7peksg5rmnr327oszpy					Embedded on 2 site page(s)	ipfs	site_embed		
site/bafybeihuuqfirlf7c5biq32hclvwwxztmxg4ofewf7evouz7e4jngeixe4	bafybeihuuqfirlf7c5biq32hclvwwxztmxg4ofewf7evouz7e4jngeixe4		none	0							bafybeihuuqfirlf7c5biq32hclvwwxztmxg4ofewf7evouz7e4jngeixe4					Embedded on 8 site page(s)	ipfs	site_embed		
yt/0pvEGO4W85k	0pvEGO4W85k		none										https://www.youtube.com/watch?v=0pvEGO4W85k			Event at Virginia Tech.	youtube	video_list_csv		September 4, 2025: Megyn Kelly & Charlie Kirk on TPUSA event (@ Virginia Tech)
yt/0ykbt_WGOZE	0ykbt_WGOZE		none	0									https://www.youtube.com/watch?v=0ykbt_WGOZE			Embedded on 1 site page(s)	youtube	site_embed		Dave Smith podcast episode
yt/1RbDMiEReys	1RbDMiEReys		none	0									https://www.youtube.com/watch?v=1RbDMiEReys			Embedded on 2 site page(s)	youtube	site_embed		Who Assassinated Charlie Kirk (site film)
yt/1xTpQ9RHkvk	1xTpQ9RHkvk		none	0									https://www.youtube.com/watch?v=1xTpQ9RHkvk			Embedded on 1 site page(s)	youtube	site_embed		Tucker Carlson podcast episode
yt/2exo7iJ-qdc	2exo7iJ-qdc		none	0									https://www.youtube.com/watch?v=2exo7iJ-qdc			Embedded on 1 site page(s)	youtube	site_embed		Project Constitution podcast episode
yt/8HkNMTNHsa8	8HkNMTNHsa8		none										https://www.youtube.com/watch?v=8HkNMTNHsa8			Podcast episode on TPUSA fallout.	youtube	video_list_csv		July 16, 2025: Ami's House Podcast: Inside the Turning Point USA Fallout
yt/J2DKRfwSt94	J2DKRfwSt94		none	0									https://www.youtube.com/watch?v=J2DKRfwSt94			Embedded on 1 site page(s)	youtube	site_embed		Hodgetwins podcast episode
yt/PLnZT7Gz_VSN520UilgmZqikvi3n1MsuZR	PLnZT7Gz_VSN520UilgmZqikvi3n1MsuZR		none										https://www.youtube.com/playlist?list=PLnZT7Gz_VSN520UilgmZqikvi3n1MsuZR			Tucker Carlson discussed Epstein blackmail; speakers included Tucker Carlson, Donald J. Trump, Ben Shapiro, Glenn Beck, Patrick Bet-David, Donald Trump Jr., Dr. Ben Carson, Steve Bannon, Rob Schneider, and others.	youtube	video_list_csv		Dec 19-24, 2024: AmericaFest 2024 (Turning Point USA) - Playlist
yt/PLuXXbBFpPc0lhc6PfJae8Rav-gMNpmeuL	PLuXXbBFpPc0lhc6PfJae8Rav-gMNpmeuL		none										https://www.youtube.com/playlist?list=PLuXXbBFpPc0lhc6PfJae8Rav-gMNpmeuL			Tucker Carlson discussed Epstein blackmail; speakers included Tucker Carlson, Donald J. Trump, Ben Shapiro, Glenn Beck, Patrick Bet-David, Donald Trump Jr., Dr. Ben Carson, Steve Bannon, Rob Schneider, and others.	youtube	video_list_csv		Dec 19-24, 2024: AmericaFest 2024 (Turning Point USA) - Playlist
yt/X8UKjN5cjvw	X8UKjN5cjvw		none	0									https://www.youtube.com/watch?v=X8UKjN5cjvw			Embedded on 3 site page(s)	youtube	site_embed		Ian Carroll podcast episode
yt/ccRNaLGavf8	ccRNaLGavf8		none										https://www.youtube.com/watch?v=ccRNaLGavf8			TPUSA's Student Action Summit (SAS), Tampa, Florida.	youtube	video_list_csv		July 11-13, 2025: Megyn Kelly & Charlie Kirk on TPUSA event (Student Action Summit, Tampa, Florida)
yt/qpGPZHdil1E	qpGPZHdil1E		none										https://www.youtube.com/watch?v=qpGPZHdil1E			Podcast episode with former Mossad chief Yossi Cohen.	youtube	video_list_csv		September 19, 2025: Demystifying the Mossad with Ex-Mossad Chief Yossi Cohen
yt/v6yrnyo	v6yrnyo		none	0									https://rumble.com/embed/v6yrnyo			Embedded on 1 site page(s)	rumble	site_embed		Steve Bannon podcast episode
yt/v705uyi	v705uyi		none	0									https://rumble.com/embed/v705uyi			Embedded on 1 site page(s)	rumble	site_embed		Jimmy Dore podcast episode
yt/w-ng95XlQb4	w-ng95XlQb4		none										https://www.youtube.com/watch?v=w-ng95XlQb4			TPUSA's Student Action Summit (SAS), Tampa, Florida.	youtube	video_list_csv		July 11-13, 2025: Dave Smith debated Josh Hammer (US / Israel / Epstein / Mossad)
yt/wcD2khO3rOA	wcD2khO3rOA		none	0									https://www.youtube.com/watch?v=wcD2khO3rOA			Embedded on 1 site page(s)	youtube	site_embed		Candace Owens podcast episode
